Step,Time,Population
0,0,1
1,0.001,1.007
2,0.002,1.014027853
3,0.003,1.02108337407002
4,0.004,1.02816637404031
5,0.005,1.0352766595026
6,0.006,1.04241403281249
7,0.007,1.0495782920932
8,0.008,1.05676923124043
9,0.009,1.06398663992855
10,0.01,1.07123030361799
11,0.011,1.07850000356401
12,0.012,1.08579551682658
13,0.013,1.09311661628177
14,0.014,1.10046307063421
15,0.015,1.10783464443106
16,0.016,1.11523109807717
17,0.017,1.12265218785159
18,0.018,1.13009766592544
19,0.019,1.1375672803811
20,0.02,1.14506077523273
21,0.021,1.15257789044813
22,0.022,1.16011836197196
23,0.023,1.16768192175033
24,0.024,1.17526829775668
25,0.025,1.18287721401911
26,0.026,1.19050839064897
27,0.027,1.19816154387084
28,0.028,1.20583638605392
29,0.029,1.21353262574466
30,0.03,1.22124996770087
31,0.031,1.22898811292705
32,0.032,1.23674675871117
33,0.033,1.24452559866273
34,0.034,1.25232432275218
35,0.035,1.26014261735163
36,0.036,1.26798016527695
37,0.037,1.27583664583111
38,0.038,1.28371173484889
39,0.039,1.29160510474281
40,0.04,1.29951642455045
41,0.041,1.30744535998292
42,0.042,1.31539157347473
43,0.043,1.32335472423477
44,0.044,1.33133446829865
45,0.045,1.3393304585822
46,0.046,1.34734234493617
47,0.047,1.35536977420215
48,0.048,1.36341239026971
49,0.049,1.37146983413459
50,0.05,1.37954174395811
51,0.051,1.38762775512772
52,0.052,1.3957275003186
53,0.053,1.40384060955634
54,0.054,1.41196671028079
55,0.055,1.42010542741077
56,0.056,1.42825638341
57,0.057,1.43641919835384
58,0.058,1.44459348999718
59,0.059,1.45277887384313
60,0.06,1.4609749632127
61,0.061,1.46918136931543
62,0.062,1.47739770132075
63,0.063,1.48562356643036
64,0.064,1.49385856995126
65,0.065,1.50210231536972
66,0.066,1.5103544044259
67,0.067,1.51861443718926
68,0.068,1.52688201213463
69,0.069,1.53515672621903
70,0.07,1.54343817495906
71,0.071,1.55172595250889
72,0.0720000000000001,1.56001965173891
73,0.0730000000000001,1.56831886431486
74,0.0740000000000001,1.57662318077751
75,0.0750000000000001,1.58493219062279
76,0.0760000000000001,1.5932454823824
77,0.0770000000000001,1.60156264370483
78,0.0780000000000001,1.60988326143675
79,0.0790000000000001,1.61820692170475
80,0.0800000000000001,1.62653320999744
81,0.0810000000000001,1.63486171124774
82,0.0820000000000001,1.64319200991551
83,0.0830000000000001,1.65152369007031
84,0.0840000000000001,1.65985633547442
85,0.0850000000000001,1.66818952966592
86,0.0860000000000001,1.67652285604192
87,0.0870000000000001,1.68485589794185
88,0.0880000000000001,1.69318823873078
89,0.0890000000000001,1.70151946188276
90,0.0900000000000001,1.70984915106409
91,0.0910000000000001,1.71817689021654
92,0.0920000000000001,1.72650226364049
93,0.0930000000000001,1.73482485607783
94,0.0940000000000001,1.74314425279481
95,0.0950000000000001,1.7514600396646
96,0.0960000000000001,1.75977180324962
97,0.0970000000000001,1.76807913088358
98,0.0980000000000001,1.77638161075322
99,0.0990000000000001,1.78467883197968
100,0.1,1.79297038469953
101,0.101,1.8012558601453
102,0.102,1.80953485072563
103,0.103,1.81780695010491
104,0.104,1.82607175328241
105,0.105,1.83432885667083
106,0.106,1.84257785817429
107,0.107,1.85081835726573
108,0.108,1.85904995506361
109,0.109,1.86727225440798
110,0.11,1.87548485993582
111,0.111,1.88368737815563
112,0.112,1.89187941752132
113,0.113,1.90006058850521
114,0.114,1.90823050367029
115,0.115,1.91638877774158
116,0.116,1.92453502767663
117,0.117,1.93266887273513
118,0.118,1.94078993454757
119,0.119,1.94889783718292
120,0.12,1.95699220721542
121,0.121,1.96507267379027
122,0.122,1.97313886868834
123,0.123,1.98119042638984
124,0.124,1.98922698413688
125,0.125,1.99724818199499
126,0.126,2.0052536629135
127,0.127,2.01324307278475
128,0.128,2.02121606050225
129,0.129,2.02917227801757
130,0.13,2.03711138039612
131,0.131,2.04503302587167
132,0.132,2.05293687589967
133,0.133,2.06082259520938
134,0.134,2.06868985185469
135,0.135,2.07653831726374
136,0.136,2.08436766628719
137,0.137,2.09217757724527
138,0.138,2.09996773197354
139,0.139,2.10773781586728
140,0.14,2.11548751792464
141,0.141,2.1232165307884
142,0.142,2.13092455078645
143,0.143,2.13861127797088
144,0.144,2.1462764161558
145,0.145,2.15391967295371
146,0.146,2.16154075981064
147,0.147,2.16913939203978
148,0.148,2.17671528885388
149,0.149,2.18426817339623
150,0.15,2.19179777277026
151,0.151,2.1993038180678
152,0.152,2.20678604439597
153,0.153,2.21424419090271
154,0.154,2.2216780008009
155,0.155,2.22908722139118
156,0.156,2.23647160408338
157,0.157,2.2438309044166
158,0.158,2.25116488207792
159,0.159,2.2584733009198
160,0.16,2.26575592897609
161,0.161,2.27301253847678
162,0.162,2.28024290586133
163,0.163,2.28744681179075
164,0.164,2.29462404115835
165,0.165,2.30177438309914
166,0.166,2.30889763099806
167,0.167,2.31599358249676
168,0.168,2.32306203949923
169,0.169,2.33010280817613
170,0.17,2.33711569896788
171,0.171,2.34410052658647
172,0.172,2.35105711001611
173,0.173,2.3579852725126
174,0.174,2.36488484160156
175,0.175,2.37175564907547
176,0.176,2.37859753098946
177,0.177,2.38541032765607
178,0.178,2.39219388363876
179,0.179,2.3989480477444
180,0.18,2.40567267301451
181,0.181,2.41236761671559
182,0.182,2.41903274032821
183,0.183,2.42566790953515
184,0.184,2.43227299420846
185,0.185,2.43884786839548
186,0.186,2.4453924103039
187,0.187,2.45190650228582
188,0.188,2.45839003082083
189,0.189,2.46484288649812
190,0.19,2.47126496399774
191,0.191,2.47765616207087
192,0.192,2.48401638351923
193,0.193,2.49034553517365
194,0.194,2.49664352787171
195,0.195,2.50291027643463
196,0.196,2.50914569964333
197,0.197,2.51534972021365
198,0.198,2.52152226477085
199,0.199,2.52766326382335
200,0.2,2.53377265173574
201,0.201,2.53985036670104
202,0.202,2.54589635071236
203,0.203,2.55191054953377
204,0.204,2.55789291267065
205,0.205,2.56384339333928
206,0.206,2.56976194843596
207,0.207,2.57564853850544
208,0.208,2.58150312770877
209,0.209,2.58732568379075
210,0.21,2.59311617804665
211,0.211,2.59887458528857
212,0.212,2.60460088381128
213,0.213,2.61029505535754
214,0.214,2.61595708508305
215,0.215,2.62158696152089
216,0.216,2.62718467654565
217,0.217,2.63275022533708
218,0.218,2.63828360634341
219,0.219,2.64378482124434
220,0.22,2.64925387491366
221,0.221,2.65469077538156
222,0.222,2.66009553379669
223,0.223,2.66546816438788
224,0.224,2.67080868442566
225,0.225,2.67611711418351
226,0.226,2.68139347689887
227,0.227,2.68663779873399
228,0.228,2.69185010873657
229,0.229,2.69703043880022
230,0.23,2.70217882362478
231,0.231,2.70729530067649
232,0.232,2.71237991014806
233,0.233,2.71743269491861
234,0.234,2.72245370051356
235,0.235,2.72744297506438
236,0.236,2.73240056926834
237,0.237,2.73732653634821
238,0.238,2.7422209320119
239,0.239,2.74708381441213
240,0.24,2.75191524410603
241,0.241,2.75671528401486
242,0.242,2.76148399938365
243,0.243,2.76622145774093
244,0.244,2.77092772885854
245,0.245,2.77560288471145
246,0.246,2.78024699943771
247,0.247,2.78486014929844
248,0.248,2.78944241263798
249,0.249,2.79399386984409
250,0.25,2.79851460330835
251,0.251,2.80300469738664
252,0.252,2.80746423835979
253,0.253,2.81189331439438
254,0.254,2.81629201550372
255,0.255,2.82066043350899
256,0.256,2.82499866200059
257,0.257,2.82930679629968
258,0.258,2.83358493341991
259,0.259,2.8378331720294
260,0.26,2.84205161241288
261,0.261,2.84624035643415
262,0.262,2.85039950749871
263,0.263,2.85452917051665
264,0.264,2.85862945186583
265,0.265,2.86270045935526
266,0.266,2.86674230218884
267,0.267,2.87075509092925
268,0.268,2.87473893746225
269,0.269,2.87869395496119
270,0.27,2.88262025785181
271,0.271,2.8865179617774
272,0.272,2.89038718356418
273,0.273,2.89422804118708
274,0.274,2.89804065373577
275,0.275,2.90182514138102
276,0.276,2.90558162534137
277,0.277,2.90931022785022
278,0.278,2.9130110721231
279,0.279,2.9166842823254
280,0.28,2.92032998354036
281,0.281,2.92394830173747
282,0.282,2.92753936374114
283,0.283,2.93110329719979
284,0.284,2.93464023055523
285,0.285,2.9381502930124
286,0.286,2.94163361450954
287,0.287,2.94509032568859
288,0.288,2.94852055786609
289,0.289,2.95192444300427
290,0.29,2.95530211368269
291,0.291,2.95865370307011
292,0.292,2.96197934489674
293,0.293,2.96527917342692
294,0.294,2.96855332343211
295,0.295,2.97180193016425
296,0.296,2.97502512932951
297,0.297,2.97822305706238
298,0.298,2.98139584990015
299,0.299,2.98454364475775
300,0.3,2.98766657890293
301,0.301,2.99076478993188
302,0.302,2.99383841574511
303,0.303,2.99688759452379
304,0.304,2.9999124647064
305,0.305,3.00291316496576
306,0.306,3.00588983418644
307,0.307,3.00884261144251
308,0.308,3.01177163597564
309,0.309,3.01467704717359
310,0.31,3.01755898454906
311,0.311,3.02041758771885
312,0.312,3.02325299638344
313,0.313,3.02606535030685
314,0.314,3.02885478929693
315,0.315,3.03162145318596
316,0.316,3.03436548181157
317,0.317,3.03708701499806
318,0.318,3.03978619253803
319,0.319,3.04246315417437
320,0.32,3.04511803958259
321,0.321,3.04775098835344
322,0.322,3.05036213997595
323,0.323,3.05295163382071
324,0.324,3.05551960912358
325,0.325,3.05806620496959
326,0.326,3.06059156027736
327,0.327,3.06309581378361
328,0.328,3.06557910402819
329,0.329,3.06804156933931
330,0.33,3.07048334781912
331,0.331,3.07290457732961
332,0.332,3.07530539547878
333,0.333,3.07768593960719
334,0.334,3.08004634677469
335,0.335,3.0823867537476
336,0.336,3.08470729698604
337,0.337,3.08700811263166
338,0.338,3.08928933649562
339,0.339,3.09155110404682
340,0.34,3.09379355040049
341,0.341,3.09601681030699
342,0.342,3.09822101814095
343,0.343,3.10040630789061
344,0.344,3.10257281314749
345,0.345,3.10472066709632
346,0.346,3.1068500025052
347,0.347,3.10896095171605
348,0.348,3.11105364663533
349,0.349,3.11312821872495
350,0.35,3.11518479899354
351,0.351,3.11722351798783
352,0.352,3.11924450578442
353,0.353,3.12124789198167
354,0.354,3.12323380569188
355,0.355,3.12520237553375
356,0.356,3.12715372962496
357,0.357,3.12908799557509
358,0.358,3.13100530047869
359,0.359,3.1329057709086
360,0.36,3.1347895329095
361,0.361,3.13665671199168
362,0.362,3.13850743312495
363,0.363,3.14034182073286
364,0.364,3.14215999868706
365,0.365,3.14396209030188
366,0.366,3.14574821832913
367,0.367,3.14751850495306
368,0.368,3.14927307178553
369,0.369,3.15101203986136
370,0.37,3.15273552963392
371,0.371,3.15444366097081
372,0.372,3.1561365531498
373,0.373,3.15781432485492
374,0.374,3.15947709417269
375,0.375,3.16112497858861
376,0.376,3.16275809498373
377,0.377,3.16437655963141
378,0.378,3.16598048819429
379,0.379,3.16756999572135
380,0.38,3.16914519664518
381,0.381,3.17070620477938
382,0.382,3.17225313331609
383,0.383,3.17378609482375
384,0.384,3.1753052012449
385,0.385,3.17681056389419
386,0.386,3.17830229345652
387,0.387,3.17978049998531
388,0.388,3.18124529290091
389,0.389,3.1826967809891
390,0.39,3.18413507239984
391,0.391,3.18556027464598
392,0.392,3.18697249460223
393,0.393,3.1883718385042
394,0.394,3.18975841194754
395,0.395,3.19113231988725
396,0.396,3.19249366663703
397,0.397,3.19384255586885
398,0.398,3.1951790906125
399,0.399,3.19650337325536
400,0.4,3.19781550554222
401,0.401,3.19911558857518
402,0.402,3.20040372281374
403,0.403,3.20168000807488
404,0.404,3.20294454353331
405,0.405,3.20419742772179
406,0.406,3.20543875853155
407,0.407,3.20666863321278
408,0.408,3.20788714837521
409,0.409,3.20909439998883
410,0.41,3.2102904833846
411,0.411,3.21147549325532
412,0.412,3.21264952365653
413,0.413,3.21381266800755
414,0.414,3.21496501909249
415,0.415,3.21610666906145
416,0.416,3.21723770943172
417,0.417,3.21835823108906
418,0.418,3.2194683242891
419,0.419,3.22056807865869
420,0.42,3.22165758319745
421,0.421,3.2227369262793
422,0.422,3.22380619565408
423,0.423,3.22486547844921
424,0.424,3.22591486117142
425,0.425,3.22695442970856
426,0.426,3.22798426933139
427,0.427,3.22900446469556
428,0.428,3.23001509984344
429,0.429,3.23101625820622
430,0.43,3.23200802260591
431,0.431,3.2329904752574
432,0.432,3.23396369777066
433,0.433,3.23492777115287
434,0.434,3.23588277581067
435,0.435,3.23682879155241
436,0.436,3.23776589759047
437,0.437,3.23869417254357
438,0.438,3.23961369443921
439,0.439,3.240524540716
440,0.44,3.24142678822622
441,0.441,3.24232051323819
442,0.442,3.24320579143887
443,0.443,3.24408269793639
444,0.444,3.24495130726261
445,0.445,3.24581169337572
446,0.446,3.24666392966291
447,0.447,3.24750808894302
448,0.448,3.2483442434692
449,0.449,3.24917246493165
450,0.45,3.24999282446036
451,0.451,3.25080539262783
452,0.452,3.25161023945189
453,0.453,3.25240743439849
454,0.454,3.25319704638448
455,0.455,3.25397914378051
456,0.456,3.25475379441384
457,0.457,3.25552106557122
458,0.458,3.2562810240018
459,0.459,3.25703373592
460,0.46,3.25777926700843
461,0.461,3.25851768242087
462,0.462,3.25924904678513
463,0.463,3.25997342420607
464,0.464,3.26069087826854
465,0.465,3.26140147204036
466,0.466,3.26210526807528
467,0.467,3.26280232841602
468,0.468,3.26349271459723
469,0.469,3.26417648764851
470,0.47,3.26485370809745
471,0.471,3.26552443597259
472,0.472,3.26618873080651
473,0.473,3.26684665163883
474,0.474,3.26749825701925
475,0.475,3.26814360501057
476,0.476,3.26878275319176
477,0.477,3.26941575866099
478,0.478,3.27004267803866
479,0.479,3.27066356747046
480,0.48,3.27127848263043
481,0.481,3.27188747872397
482,0.482,3.27249061049092
483,0.483,3.27308793220857
484,0.484,3.27367949769475
485,0.485,3.27426536031082
486,0.486,3.27484557296473
487,0.487,3.27542018811408
488,0.488,3.2759892577691
489,0.489,3.27655283349574
490,0.49,3.27711096641863
491,0.491,3.27766370722415
492,0.492,3.27821110616343
493,0.493,3.27875321305535
494,0.494,3.27929007728954
495,0.495,3.2798217478294
496,0.496,3.28034827321509
497,0.497,3.28086970156649
498,0.498,3.28138608058618
499,0.499,3.28189745756245
500,0.5,3.28240387937221
501,0.501,3.28290539248398
502,0.502,3.28340204296082
503,0.503,3.28389387646327
504,0.504,3.28438093825228
505,0.505,3.28486327319214
506,0.506,3.28534092575336
507,0.507,3.2858139400156
508,0.508,3.28628235967056
509,0.509,3.28674622802482
510,0.51,3.28720558800276
511,0.511,3.2876604821494
512,0.512,3.28811095263323
513,0.513,3.28855704124908
514,0.514,3.28899878942093
515,0.515,3.2894362382047
516,0.516,3.2898694282911
517,0.517,3.2902984000084
518,0.518,3.29072319332519
519,0.519,3.29114384785318
520,0.52,3.29156040284993
521,0.521,3.2919728972216
522,0.522,3.29238136952569
523,0.523,3.29278585797374
524,0.524,3.29318640043407
525,0.525,3.2935830344344
526,0.526,3.2939757971646
527,0.527,3.29436472547932
528,0.528,3.29474985590067
529,0.529,3.2951312246208
530,0.53,3.2955088675046
531,0.531,3.29588282009224
532,0.532,3.29625311760183
533,0.533,3.29661979493195
534,0.534,3.29698288666425
535,0.535,3.29734242706603
536,0.536,3.2976984500927
537,0.537,3.29805098939039
538,0.538,3.29840007829844
539,0.539,3.29874574985187
540,0.54,3.29908803678389
541,0.541,3.29942697152838
542,0.542,3.29976258622231
543,0.543,3.30009491270824
544,0.544,3.30042398253667
545,0.545,3.30074982696853
546,0.546,3.30107247697752
547,0.547,3.30139196325251
548,0.548,3.30170831619996
549,0.549,3.30202156594616
550,0.55,3.3023317423397
551,0.551,3.30263887495371
552,0.552,3.30294299308818
553,0.553,3.30324412577229
554,0.554,3.30354230176666
555,0.555,3.30383754956565
556,0.556,3.30412989739954
557,0.557,3.30441937323687
558,0.558,3.30470600478657
559,0.559,3.30498981950022
560,0.56,3.30527084457422
561,0.561,3.30554910695198
562,0.562,3.30582463332609
563,0.563,3.30609745014043
564,0.564,3.30636758359236
565,0.565,3.3066350596348
566,0.566,3.30689990397833
567,0.567,3.30716214209331
568,0.568,3.30742179921196
569,0.569,3.30767890033037
570,0.57,3.3079334702106
571,0.571,3.30818553338269
572,0.572,3.30843511414667
573,0.573,3.30868223657458
574,0.574,3.30892692451246
575,0.575,3.30916920158229
576,0.576,3.30940909118401
577,0.577,3.30964661649742
578,0.578,3.30988180048411
579,0.579,3.31011466588942
580,0.58,3.31034523524431
581,0.581,3.31057353086724
582,0.582,3.31079957486608
583,0.583,3.31102338913994
584,0.584,3.31124499538104
585,0.585,3.31146441507654
586,0.586,3.31168166951035
587,0.587,3.31189677976494
588,0.588,3.31210976672314
589,0.589,3.3123206510699
590,0.59,3.31252945329409
591,0.591,3.31273619369021
592,0.592,3.31294089236016
593,0.593,3.31314356921494
594,0.594,3.3133442439764
595,0.595,3.31354293617889
596,0.596,3.31373966517097
597,0.597,3.3139344501171
598,0.598,3.31412730999925
599,0.599,3.3143182636186
600,0.6,3.31450732959712
601,0.601,3.31469452637923
602,0.602,3.3148798722334
603,0.603,3.31506338525372
604,0.604,3.3152450833615
605,0.605,3.31542498430686
606,0.606,3.31560310567023
607,0.607,3.31577946486394
608,0.608,3.31595407913374
609,0.609,3.31612696556031
610,0.61,3.31629814106076
611,0.611,3.31646762239016
612,0.612,3.31663542614298
613,0.613,3.31680156875457
614,0.614,3.31696606650263
615,0.615,3.31712893550867
616,0.616,3.31729019173939
617,0.617,3.31744985100815
618,0.618,3.31760792897637
619,0.619,3.31776444115492
620,0.62,3.31791940290549
621,0.621,3.31807282944201
622,0.622,3.31822473583199
623,0.623,3.31837513699785
624,0.624,3.31852404771829
625,0.625,3.31867148262962
626,0.626,3.31881745622706
627,0.627,3.31896198286606
628,0.628,3.31910507676359
629,0.629,3.31924675199943
630,0.63,3.31938702251745
631,0.631,3.31952590212685
632,0.632,3.31966340450345
633,0.633,3.31979954319088
634,0.634,3.31993433160188
635,0.635,3.32006778301945
636,0.636,3.32019991059811
637,0.637,3.32033072736509
638,0.638,3.32046024622148
639,0.639,3.32058847994349
640,0.64,3.32071544118352
641,0.641,3.32084114247141
642,0.642,3.32096559621553
643,0.643,3.32108881470395
644,0.644,3.32121081010553
645,0.645,3.3213315944711
646,0.646,3.32145117973452
647,0.647,3.32156957771378
648,0.648,3.32168680011214
649,0.649,3.32180285851914
650,0.65,3.32191776441174
651,0.651,3.32203152915531
652,0.652,3.32214416400476
653,0.653,3.32225568010551
654,0.654,3.32236608849459
655,0.655,3.3224754001016
656,0.656,3.32258362574977
657,0.657,3.32269077615697
658,0.658,3.32279686193666
659,0.659,3.32290189359894
660,0.66,3.32300588155148
661,0.661,3.32310883610052
662,0.662,3.32321076745182
663,0.663,3.32331168571161
664,0.664,3.32341160088757
665,0.665,3.3235105228897
666,0.666,3.32360846153132
667,0.667,3.32370542652995
668,0.668,3.32380142750821
669,0.669,3.32389647399478
670,0.67,3.32399057542522
671,0.671,3.32408374114293
672,0.672,3.32417598039996
673,0.673,3.32426730235796
674,0.674,3.32435771608896
675,0.675,3.32444723057629
676,0.676,3.32453585471539
677,0.677,3.32462359731468
678,0.678,3.32471046709636
679,0.679,3.32479647269727
680,0.68,3.32488162266966
681,0.681,3.32496592548206
682,0.682,3.32504938952003
683,0.683000000000001,3.32513202308698
684,0.684000000000001,3.32521383440498
685,0.685000000000001,3.32529483161547
686,0.686000000000001,3.32537502278012
687,0.687000000000001,3.32545441588153
688,0.688000000000001,3.32553301882403
689,0.689000000000001,3.3256108394344
690,0.690000000000001,3.32568788546266
691,0.691000000000001,3.32576416458275
692,0.692000000000001,3.3258396843933
693,0.693000000000001,3.32591445241838
694,0.694000000000001,3.32598847610815
695,0.695000000000001,3.32606176283962
696,0.696000000000001,3.32613431991734
697,0.697000000000001,3.32620615457412
698,0.698000000000001,3.32627727397168
699,0.699000000000001,3.32634768520138
700,0.700000000000001,3.32641739528486
701,0.701000000000001,3.32648641117474
702,0.702000000000001,3.3265547397553
703,0.703000000000001,3.32662238784309
704,0.704000000000001,3.32668936218762
705,0.705000000000001,3.32675566947202
706,0.706000000000001,3.32682131631365
707,0.707000000000001,3.32688630926475
708,0.708000000000001,3.32695065481308
709,0.709000000000001,3.32701435938252
710,0.710000000000001,3.32707742933374
711,0.711000000000001,3.32713987096473
712,0.712000000000001,3.32720169051149
713,0.713000000000001,3.32726289414857
714,0.714000000000001,3.32732348798972
715,0.715000000000001,3.32738347808844
716,0.716000000000001,3.32744287043855
717,0.717000000000001,3.32750167097484
718,0.718000000000001,3.32755988557357
719,0.719000000000001,3.32761752005307
720,0.720000000000001,3.32767458017431
721,0.721000000000001,3.32773107164144
722,0.722000000000001,3.32778700010235
723,0.723000000000001,3.32784237114922
724,0.724000000000001,3.32789719031906
725,0.725000000000001,3.32795146309425
726,0.726000000000001,3.32800519490306
727,0.727000000000001,3.32805839112019
728,0.728000000000001,3.32811105706727
729,0.729000000000001,3.32816319801343
730,0.730000000000001,3.32821481917573
731,0.731000000000001,3.32826592571974
732,0.732000000000001,3.32831652276002
733,0.733000000000001,3.32836661536059
734,0.734000000000001,3.32841620853545
735,0.735000000000001,3.32846530724908
736,0.736000000000001,3.32851391641689
737,0.737000000000001,3.32856204090572
738,0.738000000000001,3.3286096855343
739,0.739000000000001,3.32865685507374
740,0.740000000000001,3.32870355424799
741,0.741000000000001,3.32874978773428
742,0.742000000000001,3.3287955601636
743,0.743000000000001,3.32884087612114
744,0.744000000000001,3.32888574014675
745,0.745000000000001,3.32893015673536
746,0.746000000000001,3.32897413033745
747,0.747000000000001,3.32901766535945
748,0.748000000000001,3.32906076616422
749,0.749000000000001,3.32910343707142
750,0.750000000000001,3.32914568235798
751,0.751000000000001,3.32918750625847
752,0.752000000000001,3.32922891296557
753,0.753000000000001,3.32926990663045
754,0.754000000000001,3.32931049136317
755,0.755000000000001,3.32935067123309
756,0.756000000000001,3.32939045026931
757,0.757000000000001,3.32942983246096
758,0.758000000000001,3.32946882175773
759,0.759000000000001,3.32950742207014
760,0.760000000000001,3.32954563726998
761,0.761000000000001,3.32958347119069
762,0.762000000000001,3.32962092762772
763,0.763000000000001,3.3296580103389
764,0.764000000000001,3.32969472304485
765,0.765000000000001,3.32973106942928
766,0.766000000000001,3.32976705313941
767,0.767000000000001,3.32980267778628
768,0.768000000000001,3.32983794694517
769,0.769000000000001,3.32987286415587
770,0.770000000000001,3.3299074329231
771,0.771000000000001,3.32994165671683
772,0.772000000000001,3.32997553897258
773,0.773000000000001,3.33000908309184
774,0.774000000000001,3.33004229244234
775,0.775000000000001,3.33007517035839
776,0.776000000000001,3.33010772014127
777,0.777000000000001,3.33013994505944
778,0.778000000000001,3.330171848349
779,0.779000000000001,3.33020343321388
780,0.780000000000001,3.33023470282625
781,0.781000000000001,3.33026566032679
782,0.782000000000001,3.330296308825
783,0.783000000000001,3.33032665139953
784,0.784000000000001,3.33035669109846
785,0.785000000000001,3.33038643093961
786,0.786000000000001,3.33041587391085
787,0.787000000000001,3.33044502297036
788,0.788000000000001,3.33047388104698
789,0.789000000000001,3.33050245104044
790,0.790000000000001,3.33053073582169
791,0.791000000000001,3.33055873823315
792,0.792000000000001,3.33058646108901
793,0.793000000000001,3.33061390717554
794,0.794000000000001,3.33064107925128
795,0.795000000000001,3.3306679800474
796,0.796000000000001,3.33069461226794
797,0.797000000000001,3.33072097859004
798,0.798000000000001,3.33074708166429
799,0.799000000000001,3.33077292411488
800,0.800000000000001,3.33079850853998
801,0.801000000000001,3.3308238375119
802,0.802000000000001,3.33084891357741
803,0.803000000000001,3.33087373925795
804,0.804000000000001,3.33089831704989
805,0.805000000000001,3.33092264942481
806,0.806000000000001,3.33094673882971
807,0.807000000000001,3.33097058768724
808,0.808000000000001,3.330994198396
809,0.809000000000001,3.33101757333072
810,0.810000000000001,3.33104071484251
811,0.811000000000001,3.33106362525912
812,0.812000000000001,3.33108630688514
813,0.813000000000001,3.33110876200224
814,0.814000000000001,3.3311309928694
815,0.815000000000001,3.33115300172313
816,0.816000000000001,3.33117479077769
817,0.817000000000001,3.33119636222533
818,0.818000000000001,3.33121771823647
819,0.819000000000001,3.33123886095996
820,0.820000000000001,3.33125979252325
821,0.821000000000001,3.33128051503264
822,0.822000000000001,3.33130103057345
823,0.823000000000001,3.33132134121029
824,0.824000000000001,3.33134144898718
825,0.825000000000001,3.33136135592783
826,0.826000000000001,3.3313810640358
827,0.827000000000001,3.33140057529471
828,0.828000000000001,3.33141989166844
829,0.829000000000001,3.33143901510131
830,0.830000000000001,3.33145794751831
831,0.831000000000001,3.33147669082524
832,0.832000000000001,3.33149524690896
833,0.833000000000001,3.33151361763752
834,0.834000000000001,3.33153180486038
835,0.835000000000001,3.33154981040859
836,0.836000000000001,3.33156763609498
837,0.837000000000001,3.3315852837143
838,0.838000000000001,3.33160275504346
839,0.839000000000001,3.33162005184166
840,0.840000000000001,3.33163717585057
841,0.841000000000001,3.33165412879455
842,0.842000000000001,3.33167091238075
843,0.843000000000001,3.33168752829935
844,0.844000000000001,3.33170397822367
845,0.845000000000001,3.33172026381037
846,0.846000000000001,3.33173638669962
847,0.847000000000001,3.33175234851524
848,0.848000000000001,3.33176815086488
849,0.849000000000001,3.33178379534018
850,0.850000000000001,3.33179928351691
851,0.851000000000001,3.33181461695514
852,0.852000000000001,3.33182979719943
853,0.853000000000001,3.3318448257789
854,0.854000000000001,3.33185970420748
855,0.855000000000001,3.33187443398399
856,0.856000000000001,3.33188901659233
857,0.857000000000001,3.33190345350158
858,0.858000000000001,3.33191774616623
859,0.859000000000001,3.33193189602624
860,0.860000000000001,3.33194590450723
861,0.861000000000001,3.33195977302062
862,0.862000000000001,3.33197350296374
863,0.863000000000001,3.33198709572002
864,0.864000000000001,3.33200055265909
865,0.865000000000001,3.33201387513692
866,0.866000000000001,3.33202706449597
867,0.867000000000001,3.33204012206533
868,0.868000000000001,3.33205304916082
869,0.869000000000001,3.33206584708517
870,0.870000000000001,3.33207851712808
871,0.871000000000001,3.33209106056644
872,0.872000000000001,3.33210347866439
873,0.873000000000001,3.33211577267345
874,0.874000000000001,3.33212794383269
875,0.875000000000001,3.3321399933688
876,0.876000000000001,3.33215192249627
877,0.877000000000001,3.33216373241744
878,0.878000000000001,3.3321754243227
879,0.879000000000001,3.33218699939055
880,0.880000000000001,3.33219845878773
881,0.881000000000001,3.33220980366937
882,0.882000000000001,3.33222103517905
883,0.883000000000001,3.33223215444897
884,0.884000000000001,3.33224316260003
885,0.885000000000001,3.33225406074195
886,0.886000000000001,3.33226484997337
887,0.887000000000001,3.332275531382
888,0.888000000000001,3.33228610604468
889,0.889000000000001,3.33229657502751
890,0.890000000000001,3.33230693938597
891,0.891000000000001,3.33231720016499
892,0.892000000000001,3.33232735839909
893,0.893000000000001,3.33233741511248
894,0.894000000000001,3.33234737131913
895,0.895000000000001,3.33235722802291
896,0.896000000000001,3.33236698621767
897,0.897000000000001,3.33237664688734
898,0.898000000000001,3.33238621100605
899,0.899000000000001,3.33239567953821
900,0.900000000000001,3.33240505343857
901,0.901000000000001,3.33241433365241
902,0.902000000000001,3.33242352111554
903,0.903000000000001,3.33243261675444
904,0.904000000000001,3.33244162148636
905,0.905000000000001,3.33245053621938
906,0.906000000000001,3.33245936185253
907,0.907000000000001,3.33246809927586
908,0.908000000000001,3.33247674937054
909,0.909000000000001,3.33248531300896
910,0.910000000000001,3.33249379105479
911,0.911000000000001,3.33250218436308
912,0.912000000000001,3.33251049378036
913,0.913000000000001,3.33251872014469
914,0.914000000000001,3.3325268642858
915,0.915000000000001,3.33253492702509
916,0.916000000000001,3.33254290917582
917,0.917000000000001,3.33255081154308
918,0.918000000000001,3.33255863492396
919,0.919000000000001,3.33256638010758
920,0.920000000000001,3.33257404787519
921,0.921000000000001,3.33258163900023
922,0.922000000000001,3.33258915424843
923,0.923000000000001,3.33259659437787
924,0.924000000000001,3.33260396013907
925,0.925000000000001,3.33261125227506
926,0.926000000000001,3.33261847152144
927,0.927000000000001,3.33262561860647
928,0.928000000000001,3.33263269425116
929,0.929000000000001,3.3326396991693
930,0.930000000000001,3.33264663406755
931,0.931000000000001,3.33265349964554
932,0.932000000000001,3.3326602965959
933,0.933000000000001,3.33266702560434
934,0.934000000000001,3.33267368734973
935,0.935000000000001,3.33268028250417
936,0.936000000000001,3.33268681173303
937,0.937000000000001,3.33269327569507
938,0.938000000000001,3.33269967504243
939,0.939000000000001,3.33270601042077
940,0.940000000000001,3.33271228246929
941,0.941000000000001,3.33271849182082
942,0.942000000000001,3.33272463910185
943,0.943000000000001,3.33273072493264
944,0.944000000000001,3.33273674992724
945,0.945000000000001,3.33274271469356
946,0.946000000000001,3.33274861983347
947,0.947000000000001,3.3327544659428
948,0.948000000000001,3.33276025361144
949,0.949000000000001,3.3327659834234
950,0.950000000000001,3.33277165595684
951,0.951000000000001,3.33277727178416
952,0.952000000000001,3.33278283147204
953,0.953000000000001,3.3327883355815
954,0.954000000000001,3.33279378466795
955,0.955000000000001,3.33279917928126
956,0.956000000000001,3.33280451996582
957,0.957000000000001,3.33280980726057
958,0.958000000000001,3.33281504169906
959,0.959000000000001,3.33282022380952
960,0.960000000000001,3.33282535411491
961,0.961000000000001,3.33283043313297
962,0.962000000000001,3.33283546137625
963,0.963000000000001,3.33284043935219
964,0.964000000000001,3.33284536756317
965,0.965000000000001,3.33285024650654
966,0.966000000000001,3.33285507667469
967,0.967000000000001,3.33285985855508
968,0.968000000000001,3.33286459263033
969,0.969000000000001,3.33286927937821
970,0.970000000000001,3.33287391927172
971,0.971000000000001,3.33287851277915
972,0.972000000000001,3.33288306036411
973,0.973000000000001,3.33288756248556
974,0.974000000000001,3.33289201959791
975,0.975000000000001,3.33289643215099
976,0.976000000000001,3.33290080059016
977,0.977000000000001,3.33290512535634
978,0.978000000000001,3.33290940688603
979,0.979000000000001,3.33291364561136
980,0.980000000000001,3.33291784196016
981,0.981000000000001,3.332921996356
982,0.982000000000001,3.33292610921818
983,0.983000000000001,3.33293018096183
984,0.984000000000001,3.33293421199795
985,0.985000000000001,3.33293820273341
986,0.986000000000001,3.33294215357103
987,0.987000000000001,3.33294606490959
988,0.988000000000001,3.33294993714389
989,0.989000000000001,3.33295377066481
990,0.990000000000001,3.33295756585929
991,0.991000000000001,3.33296132311043
992,0.992000000000001,3.33296504279748
993,0.993000000000001,3.33296872529593
994,0.994000000000001,3.33297237097748
995,0.995000000000001,3.33297598021016
996,0.996000000000001,3.33297955335829
997,0.997000000000001,3.33298309078256
998,0.998000000000001,3.33298659284006
999,0.999000000000001,3.3329900598843
1000,1,3.33299349226528
1001,1.001,3.33299689032949
1002,1.002,3.33300025441994
1003,1.003,3.33300358487625
1004,1.004,3.33300688203462
1005,1.005,3.3330101462279
1006,1.006,3.3330133777856
1007,1.007,3.33301657703397
1008,1.008,3.33301974429596
1009,1.009,3.33302287989132
1010,1.01,3.33302598413659
1011,1.011,3.33302905734517
1012,1.012,3.3330320998273
1013,1.013,3.33303511189013
1014,1.014,3.33303809383776
1015,1.015,3.33304104597122
1016,1.016,3.33304396858854
1017,1.017,3.33304686198479
1018,1.018,3.33304972645208
1019,1.019,3.33305256227959
1020,1.02,3.33305536975363
1021,1.021,3.33305814915764
1022,1.022,3.33306090077222
1023,1.023,3.33306362487517
1024,1.024,3.33306632174152
1025,1.025,3.33306899164356
1026,1.026,3.33307163485083
1027,1.027,3.33307425163019
1028,1.028,3.33307684224585
1029,1.029,3.33307940695937
1030,1.03,3.33308194602967
1031,1.031,3.33308445971312
1032,1.032,3.33308694826351
1033,1.033,3.33308941193209
1034,1.034,3.33309185096761
1035,1.035,3.33309426561632
1036,1.036,3.33309665612203
1037,1.037,3.3330990227261
1038,1.038,3.33310136566747
1039,1.039,3.3331036851827
1040,1.04,3.33310598150599
1041,1.041,3.3331082548692
1042,1.042,3.33311050550186
1043,1.043,3.33311273363122
1044,1.044,3.33311493948224
1045,1.045,3.33311712327767
1046,1.046,3.33311928523798
1047,1.047,3.33312142558149
1048,1.048,3.33312354452429
1049,1.049,3.33312564228035
1050,1.05,3.33312771906147
1051,1.051,3.33312977507736
1052,1.05199999999999,3.33313181053561
1053,1.05299999999999,3.33313382564175
1054,1.05399999999999,3.33313582059926
1055,1.05499999999999,3.33313779560956
1056,1.05599999999999,3.3331397508721
1057,1.05699999999999,3.33314168658429
1058,1.05799999999999,3.33314360294159
1059,1.05899999999999,3.33314550013752
1060,1.05999999999999,3.33314737836363
1061,1.06099999999999,3.33314923780959
1062,1.06199999999999,3.33315107866315
1063,1.06299999999999,3.3331529011102
1064,1.06399999999999,3.33315470533477
1065,1.06499999999999,3.33315649151903
1066,1.06599999999999,3.33315825984335
1067,1.06699999999999,3.3331600104863
1068,1.06799999999999,3.33316174362465
1069,1.06899999999999,3.33316345943341
1070,1.06999999999999,3.33316515808584
1071,1.07099999999999,3.33316683975346
1072,1.07199999999999,3.3331685046061
1073,1.07299999999999,3.33317015281187
1074,1.07399999999999,3.3331717845372
1075,1.07499999999999,3.33317339994687
1076,1.07599999999999,3.33317499920399
1077,1.07699999999999,3.33317658247008
1078,1.07799999999999,3.333178149905
1079,1.07899999999999,3.33317970166704
1080,1.07999999999999,3.33318123791289
1081,1.08099999999999,3.3331827587977
1082,1.08199999999999,3.33318426447503
1083,1.08299999999999,3.33318575509695
1084,1.08399999999999,3.33318723081398
1085,1.08499999999999,3.33318869177513
1086,1.08599999999999,3.33319013812795
1087,1.08699999999999,3.33319157001849
1088,1.08799999999999,3.33319298759135
1089,1.08899999999999,3.33319439098968
1090,1.08999999999999,3.3331957803552
1091,1.09099999999999,3.33319715582822
1092,1.09199999999999,3.33319851754764
1093,1.09299999999999,3.33319986565097
1094,1.09399999999999,3.33320120027435
1095,1.09499999999999,3.33320252155256
1096,1.09599999999999,3.33320382961904
1097,1.09699999999999,3.33320512460587
1098,1.09799999999999,3.33320640664383
1099,1.09899999999999,3.33320767586239
1100,1.09999999999999,3.33320893238973
1101,1.10099999999999,3.33321017635274
1102,1.10199999999999,3.33321140787704
1103,1.10299999999999,3.33321262708701
1104,1.10399999999999,3.33321383410576
1105,1.10499999999999,3.3332150290552
1106,1.10599999999999,3.33321621205599
1107,1.10699999999999,3.33321738322761
1108,1.10799999999999,3.33321854268834
1109,1.10899999999999,3.33321969055526
1110,1.10999999999999,3.33322082694429
1111,1.11099999999999,3.33322195197021
1112,1.11199999999999,3.33322306574662
1113,1.11299999999999,3.33322416838601
1114,1.11399999999999,3.33322525999974
1115,1.11499999999999,3.33322634069803
1116,1.11599999999999,3.33322741059004
1117,1.11699999999999,3.33322846978382
1118,1.11799999999999,3.33322951838632
1119,1.11899999999999,3.33323055650346
1120,1.11999999999999,3.33323158424007
1121,1.12099999999999,3.33323260169995
1122,1.12199999999999,3.33323360898584
1123,1.12299999999999,3.33323460619948
1124,1.12399999999999,3.33323559344158
1125,1.12499999999999,3.33323657081183
1126,1.12599999999999,3.33323753840896
1127,1.12699999999999,3.33323849633067
1128,1.12799999999999,3.33323944467372
1129,1.12899999999999,3.33324038353387
1130,1.12999999999999,3.33324131300595
1131,1.13099999999999,3.33324223318382
1132,1.13199999999999,3.33324314416041
1133,1.13299999999999,3.33324404602774
1134,1.13399999999999,3.33324493887688
1135,1.13499999999999,3.333245822798
1136,1.13599999999999,3.33324669788038
1137,1.13699999999999,3.33324756421239
1138,1.13799999999999,3.33324842188153
1139,1.13899999999999,3.33324927097442
1140,1.13999999999999,3.33325011157681
1141,1.14099999999999,3.3332509437736
1142,1.14199999999999,3.33325176764883
1143,1.14299999999998,3.33325258328572
1144,1.14399999999998,3.33325339076663
1145,1.14499999999998,3.33325419017313
1146,1.14599999999998,3.33325498158594
1147,1.14699999999998,3.333255765085
1148,1.14799999999998,3.33325654074943
1149,1.14899999999998,3.33325730865758
1150,1.14999999999998,3.333258068887
1151,1.15099999999998,3.33325882151446
1152,1.15199999999998,3.333259566616
1153,1.15299999999998,3.33326030426685
1154,1.15399999999998,3.33326103454151
1155,1.15499999999998,3.33326175751375
1156,1.15599999999998,3.33326247325657
1157,1.15699999999998,3.33326318184228
1158,1.15799999999998,3.33326388334243
1159,1.15899999999998,3.33326457782786
1160,1.15999999999998,3.33326526536874
1161,1.16099999999998,3.33326594603448
1162,1.16199999999998,3.33326661989385
1163,1.16299999999998,3.33326728701489
1164,1.16399999999998,3.33326794746499
1165,1.16499999999998,3.33326860131085
1166,1.16599999999998,3.3332692486185
1167,1.16699999999998,3.33326988945333
1168,1.16799999999998,3.33327052388005
1169,1.16899999999998,3.33327115196275
1170,1.16999999999998,3.33327177376486
1171,1.17099999999998,3.33327238934917
1172,1.17199999999998,3.33327299877787
1173,1.17299999999998,3.33327360211251
1174,1.17399999999998,3.33327419941401
1175,1.17499999999998,3.33327479074271
1176,1.17599999999998,3.33327537615834
1177,1.17699999999998,3.33327595572001
1178,1.17799999999998,3.33327652948627
1179,1.17899999999998,3.33327709751506
1180,1.17999999999998,3.33327765986375
1181,1.18099999999998,3.33327821658915
1182,1.18199999999998,3.33327876774748
1183,1.18299999999998,3.33327931339441
1184,1.18399999999998,3.33327985358504
1185,1.18499999999998,3.33328038837394
1186,1.18599999999998,3.33328091781513
1187,1.18699999999998,3.33328144196207
1188,1.18799999999998,3.3332819608677
1189,1.18899999999998,3.33328247458444
1190,1.18999999999998,3.33328298316417
1191,1.19099999999998,3.33328348665826
1192,1.19199999999998,3.33328398511755
1193,1.19299999999998,3.33328447859241
1194,1.19399999999998,3.33328496713265
1195,1.19499999999998,3.33328545078764
1196,1.19599999999998,3.33328592960622
1197,1.19699999999998,3.33328640363675
1198,1.19799999999998,3.33328687292711
1199,1.19899999999998,3.3332873375247
1200,1.19999999999998,3.33328779747644
1201,1.20099999999998,3.33328825282878
1202,1.20199999999998,3.33328870362773
1203,1.20299999999998,3.33328914991881
1204,1.20399999999998,3.3332895917471
1205,1.20499999999998,3.33329002915722
1206,1.20599999999998,3.33329046219336
1207,1.20699999999998,3.33329089089925
1208,1.20799999999998,3.33329131531818
1209,1.20899999999998,3.33329173549304
1210,1.20999999999998,3.33329215146625
1211,1.21099999999998,3.33329256327983
1212,1.21199999999998,3.33329297097538
1213,1.21299999999998,3.33329337459407
1214,1.21399999999998,3.33329377417668
1215,1.21499999999998,3.33329416976355
1216,1.21599999999998,3.33329456139464
1217,1.21699999999998,3.33329494910952
1218,1.21799999999998,3.33329533294734
1219,1.21899999999998,3.33329571294687
1220,1.21999999999998,3.33329608914649
1221,1.22099999999998,3.33329646158419
1222,1.22199999999998,3.33329683029761
1223,1.22299999999998,3.33329719532397
1224,1.22399999999998,3.33329755670014
1225,1.22499999999998,3.33329791446263
1226,1.22599999999998,3.33329826864758
1227,1.22699999999998,3.33329861929075
1228,1.22799999999998,3.33329896642756
1229,1.22899999999998,3.33329931009307
1230,1.22999999999998,3.333299650322
1231,1.23099999999998,3.33329998714871
1232,1.23199999999998,3.33330032060722
1233,1.23299999999998,3.33330065073121
1234,1.23399999999997,3.33330097755403
1235,1.23499999999997,3.33330130110868
1236,1.23599999999997,3.33330162142785
1237,1.23699999999997,3.33330193854389
1238,1.23799999999997,3.33330225248883
1239,1.23899999999997,3.33330256329437
1240,1.23999999999997,3.33330287099192
1241,1.24099999999997,3.33330317561255
1242,1.24199999999997,3.33330347718703
1243,1.24299999999997,3.33330377574582
1244,1.24399999999997,3.33330407131907
1245,1.24499999999997,3.33330436393665
1246,1.24599999999997,3.3333046536281
1247,1.24699999999997,3.33330494042268
1248,1.24799999999997,3.33330522434937
1249,1.24899999999997,3.33330550543684
1250,1.24999999999997,3.33330578371348
1251,1.25099999999997,3.3333060592074
1252,1.25199999999997,3.33330633194643
1253,1.25299999999997,3.33330660195811
1254,1.25399999999997,3.33330686926972
1255,1.25499999999997,3.33330713390826
1256,1.25599999999997,3.33330739590045
1257,1.25699999999997,3.33330765527276
1258,1.25799999999997,3.33330791205139
1259,1.25899999999997,3.33330816626227
1260,1.25999999999997,3.33330841793108
1261,1.26099999999997,3.33330866708324
1262,1.26199999999997,3.33330891374391
1263,1.26299999999997,3.33330915793802
1264,1.26399999999997,3.33330939969022
1265,1.26499999999997,3.33330963902493
1266,1.26599999999997,3.33330987596633
1267,1.26699999999997,3.33331011053835
1268,1.26799999999997,3.33331034276468
1269,1.26899999999997,3.33331057266878
1270,1.26999999999997,3.33331080027387
1271,1.27099999999997,3.33331102560294
1272,1.27199999999997,3.33331124867876
1273,1.27299999999997,3.33331146952384
1274,1.27399999999997,3.3333116881605
1275,1.27499999999997,3.33331190461082
1276,1.27599999999997,3.33331211889667
1277,1.27699999999997,3.33331233103969
1278,1.27799999999997,3.3333125410613
1279,1.27899999999997,3.33331274898272
1280,1.27999999999997,3.33331295482496
1281,1.28099999999997,3.3333131586088
1282,1.28199999999997,3.33331336035482
1283,1.28299999999997,3.33331356008341
1284,1.28399999999997,3.33331375781473
1285,1.28499999999997,3.33331395356877
1286,1.28599999999997,3.33331414736529
1287,1.28699999999997,3.33331433922387
1288,1.28799999999997,3.33331452916388
1289,1.28899999999997,3.33331471720451
1290,1.28999999999997,3.33331490336476
1291,1.29099999999997,3.33331508766343
1292,1.29199999999997,3.33331527011913
1293,1.29299999999997,3.33331545075029
1294,1.29399999999997,3.33331562957516
1295,1.29499999999997,3.3333158066118
1296,1.29599999999997,3.3333159818781
1297,1.29699999999997,3.33331615539175
1298,1.29799999999997,3.33331632717028
1299,1.29899999999997,3.33331649723104
1300,1.29999999999997,3.33331666559121
1301,1.30099999999997,3.3333168322678
1302,1.30199999999997,3.33331699727764
1303,1.30299999999997,3.33331716063739
1304,1.30399999999997,3.33331732236357
1305,1.30499999999997,3.3333174824725
1306,1.30599999999997,3.33331764098035
1307,1.30699999999997,3.33331779790314
1308,1.30799999999997,3.33331795325672
1309,1.30899999999997,3.33331810705678
1310,1.30999999999997,3.33331825931885
1311,1.31099999999997,3.33331841005831
1312,1.31199999999997,3.33331855929039
1313,1.31299999999997,3.33331870703017
1314,1.31399999999997,3.33331885329256
1315,1.31499999999997,3.33331899809234
1316,1.31599999999997,3.33331914144413
1317,1.31699999999997,3.33331928336242
1318,1.31799999999997,3.33331942386154
1319,1.31899999999997,3.33331956295567
1320,1.31999999999997,3.33331970065888
1321,1.32099999999997,3.33331983698507
1322,1.32199999999997,3.333319971948
1323,1.32299999999997,3.33332010556132
1324,1.32399999999996,3.33332023783852
1325,1.32499999999996,3.33332036879295
1326,1.32599999999996,3.33332049843785
1327,1.32699999999996,3.33332062678631
1328,1.32799999999996,3.3333207538513
1329,1.32899999999996,3.33332087964564
1330,1.32999999999996,3.33332100418205
1331,1.33099999999996,3.33332112747311
1332,1.33199999999996,3.33332124953127
1333,1.33299999999996,3.33332137036885
1334,1.33399999999996,3.33332148999806
1335,1.33499999999996,3.333321608431
1336,1.33599999999996,3.33332172567961
1337,1.33699999999996,3.33332184175574
1338,1.33799999999996,3.33332195667112
1339,1.33899999999996,3.33332207043735
1340,1.33999999999996,3.33332218306593
1341,1.34099999999996,3.33332229456823
1342,1.34199999999996,3.33332240495552
1343,1.34299999999996,3.33332251423894
1344,1.34399999999996,3.33332262242953
1345,1.34499999999996,3.33332272953823
1346,1.34599999999996,3.33332283557584
1347,1.34699999999996,3.33332294055308
1348,1.34799999999996,3.33332304448056
1349,1.34899999999996,3.33332314736877
1350,1.34999999999996,3.33332324922811
1351,1.35099999999996,3.33332335006885
1352,1.35199999999996,3.3333234499012
1353,1.35299999999996,3.33332354873523
1354,1.35399999999996,3.33332364658092
1355,1.35499999999996,3.33332374344816
1356,1.35599999999996,3.33332383934674
1357,1.35699999999996,3.33332393428634
1358,1.35799999999996,3.33332402827654
1359,1.35899999999996,3.33332412132685
1360,1.35999999999996,3.33332421344666
1361,1.36099999999996,3.33332430464528
1362,1.36199999999996,3.33332439493191
1363,1.36299999999996,3.33332448431569
1364,1.36399999999996,3.33332457280563
1365,1.36499999999996,3.33332466041068
1366,1.36599999999996,3.33332474713968
1367,1.36699999999996,3.33332483300139
1368,1.36799999999996,3.33332491800449
1369,1.36899999999996,3.33332500215757
1370,1.36999999999996,3.33332508546912
1371,1.37099999999996,3.33332516794756
1372,1.37199999999996,3.33332524960122
1373,1.37299999999996,3.33332533043834
1374,1.37399999999996,3.3333254104671
1375,1.37499999999996,3.33332548969557
1376,1.37599999999996,3.33332556813177
1377,1.37699999999996,3.3333256457836
1378,1.37799999999996,3.33332572265892
1379,1.37899999999996,3.33332579876549
1380,1.37999999999996,3.333325874111
1381,1.38099999999996,3.33332594870306
1382,1.38199999999996,3.33332602254919
1383,1.38299999999996,3.33332609565688
1384,1.38399999999996,3.33332616803348
1385,1.38499999999996,3.33332623968633
1386,1.38599999999996,3.33332631062265
1387,1.38699999999996,3.33332638084961
1388,1.38799999999996,3.3333264503743
1389,1.38899999999996,3.33332651920375
1390,1.38999999999996,3.3333265873449
1391,1.39099999999996,3.33332665480465
1392,1.39199999999996,3.3333267215898
1393,1.39299999999996,3.33332678770711
1394,1.39399999999996,3.33332685316324
1395,1.39499999999996,3.33332691796482
1396,1.39599999999996,3.33332698211838
1397,1.39699999999996,3.33332704563041
1398,1.39799999999996,3.33332710850732
1399,1.39899999999996,3.33332717075546
1400,1.39999999999996,3.33332723238113
1401,1.40099999999996,3.33332729339054
1402,1.40199999999996,3.33332735378985
1403,1.40299999999996,3.33332741358518
1404,1.40399999999996,3.33332747278256
1405,1.40499999999996,3.33332753138796
1406,1.40599999999996,3.33332758940732
1407,1.40699999999996,3.33332764684648
1408,1.40799999999996,3.33332770371125
1409,1.40899999999996,3.33332776000737
1410,1.40999999999996,3.33332781574054
1411,1.41099999999996,3.33332787091638
1412,1.41199999999996,3.33332792554046
1413,1.41299999999996,3.3333279796183
1414,1.41399999999996,3.33332803315536
1415,1.41499999999995,3.33332808615706
1416,1.41599999999995,3.33332813862874
1417,1.41699999999995,3.3333281905757
1418,1.41799999999995,3.3333282420032
1419,1.41899999999995,3.33332829291642
1420,1.41999999999995,3.33332834332052
1421,1.42099999999995,3.33332839322057
1422,1.42199999999995,3.33332844262162
1423,1.42299999999995,3.33332849152867
1424,1.42399999999995,3.33332853994665
1425,1.42499999999995,3.33332858788044
1426,1.42599999999995,3.33332863533491
1427,1.42699999999995,3.33332868231482
1428,1.42799999999995,3.33332872882494
1429,1.42899999999995,3.33332877486996
1430,1.42999999999995,3.33332882045454
1431,1.43099999999995,3.33332886558326
1432,1.43199999999995,3.3333289102607
1433,1.43299999999995,3.33332895449137
1434,1.43399999999995,3.33332899827973
1435,1.43499999999995,3.33332904163021
1436,1.43599999999995,3.33332908454719
1437,1.43699999999995,3.333329127035
1438,1.43799999999995,3.33332916909793
1439,1.43899999999995,3.33332921074023
1440,1.43999999999995,3.33332925196611
1441,1.44099999999995,3.33332929277973
1442,1.44199999999995,3.33332933318522
1443,1.44299999999995,3.33332937318665
1444,1.44399999999995,3.33332941278807
1445,1.44499999999995,3.33332945199348
1446,1.44599999999995,3.33332949080683
1447,1.44699999999995,3.33332952923205
1448,1.44799999999995,3.33332956727302
1449,1.44899999999995,3.33332960493358
1450,1.44999999999995,3.33332964221754
1451,1.45099999999995,3.33332967912865
1452,1.45199999999995,3.33332971567066
1453,1.45299999999995,3.33332975184725
1454,1.45399999999995,3.33332978766207
1455,1.45499999999995,3.33332982311875
1456,1.45599999999995,3.33332985822085
1457,1.45699999999995,3.33332989297194
1458,1.45799999999995,3.33332992737552
1459,1.45899999999995,3.33332996143506
1460,1.45999999999995,3.33332999515401
1461,1.46099999999995,3.33333002853577
1462,1.46199999999995,3.33333006158372
1463,1.46299999999995,3.33333009430118
1464,1.46399999999995,3.33333012669147
1465,1.46499999999995,3.33333015875786
1466,1.46599999999995,3.33333019050358
1467,1.46699999999995,3.33333022193185
1468,1.46799999999995,3.33333025304584
1469,1.46899999999995,3.33333028384868
1470,1.46999999999995,3.3333303143435
1471,1.47099999999995,3.33333034453337
1472,1.47199999999995,3.33333037442135
1473,1.47299999999995,3.33333040401044
1474,1.47399999999995,3.33333043330364
1475,1.47499999999995,3.33333046230391
1476,1.47599999999995,3.33333049101418
1477,1.47699999999995,3.33333051943735
1478,1.47799999999995,3.33333054757629
1479,1.47899999999995,3.33333057543383
1480,1.47999999999995,3.33333060301281
1481,1.48099999999995,3.33333063031599
1482,1.48199999999995,3.33333065734614
1483,1.48299999999995,3.33333068410599
1484,1.48399999999995,3.33333071059824
1485,1.48499999999995,3.33333073682557
1486,1.48599999999995,3.33333076279063
1487,1.48699999999995,3.33333078849604
1488,1.48799999999995,3.33333081394439
1489,1.48899999999995,3.33333083913826
1490,1.48999999999995,3.33333086408019
1491,1.49099999999995,3.33333088877271
1492,1.49199999999995,3.33333091321829
1493,1.49299999999995,3.33333093741943
1494,1.49399999999995,3.33333096137855
1495,1.49499999999995,3.33333098509808
1496,1.49599999999995,3.33333100858042
1497,1.49699999999995,3.33333103182793
1498,1.49799999999995,3.33333105484297
1499,1.49899999999995,3.33333107762786
1500,1.49999999999995,3.33333110018489
1501,1.50099999999995,3.33333112251636
1502,1.50199999999995,3.33333114462452
1503,1.50299999999995,3.33333116651159
1504,1.50399999999995,3.3333311881798
1505,1.50499999999995,3.33333120963132
1506,1.50599999999994,3.33333123086832
1507,1.50699999999994,3.33333125189296
1508,1.50799999999994,3.33333127270735
1509,1.50899999999994,3.3333312933136
1510,1.50999999999994,3.33333131371378
1511,1.51099999999994,3.33333133390997
1512,1.51199999999994,3.33333135390419
1513,1.51299999999994,3.33333137369847
1514,1.51399999999994,3.33333139329481
1515,1.51499999999994,3.33333141269518
1516,1.51599999999994,3.33333143190155
1517,1.51699999999994,3.33333145091586
1518,1.51799999999994,3.33333146974002
1519,1.51899999999994,3.33333148837594
1520,1.51999999999994,3.33333150682551
1521,1.52099999999994,3.33333152509058
1522,1.52199999999994,3.33333154317299
1523,1.52299999999994,3.33333156107459
1524,1.52399999999994,3.33333157879717
1525,1.52499999999994,3.33333159634252
1526,1.52599999999994,3.33333161371242
1527,1.52699999999994,3.33333163090862
1528,1.52799999999994,3.33333164793286
1529,1.52899999999994,3.33333166478685
1530,1.52999999999994,3.33333168147231
1531,1.53099999999994,3.33333169799091
1532,1.53199999999994,3.33333171434433
1533,1.53299999999994,3.33333173053421
1534,1.53399999999994,3.33333174656219
1535,1.53499999999994,3.3333317624299
1536,1.53599999999994,3.33333177813892
1537,1.53699999999994,3.33333179369086
1538,1.53799999999994,3.33333180908728
1539,1.53899999999994,3.33333182432973
1540,1.53999999999994,3.33333183941976
1541,1.54099999999994,3.33333185435889
1542,1.54199999999994,3.33333186914863
1543,1.54299999999994,3.33333188379047
1544,1.54399999999994,3.33333189828589
1545,1.54499999999994,3.33333191263636
1546,1.54599999999994,3.33333192684332
1547,1.54699999999994,3.33333194090822
1548,1.54799999999994,3.33333195483246
1549,1.54899999999994,3.33333196861746
1550,1.54999999999994,3.33333198226462
1551,1.55099999999994,3.3333319957753
1552,1.55199999999994,3.33333200915087
1553,1.55299999999994,3.33333202239269
1554,1.55399999999994,3.33333203550209
1555,1.55499999999994,3.3333320484804
1556,1.55599999999994,3.33333206132893
1557,1.55699999999994,3.33333207404897
1558,1.55799999999994,3.3333320866418
1559,1.55899999999994,3.33333209910872
1560,1.55999999999994,3.33333211145096
1561,1.56099999999994,3.33333212366978
1562,1.56199999999994,3.33333213576641
1563,1.56299999999994,3.33333214774207
1564,1.56399999999994,3.33333215959798
1565,1.56499999999994,3.33333217133533
1566,1.56599999999994,3.33333218295531
1567,1.56699999999994,3.33333219445908
1568,1.56799999999994,3.33333220584782
1569,1.56899999999994,3.33333221712267
1570,1.56999999999994,3.33333222828477
1571,1.57099999999994,3.33333223933526
1572,1.57199999999994,3.33333225027523
1573,1.57299999999994,3.33333226110581
1574,1.57399999999994,3.33333227182808
1575,1.57499999999994,3.33333228244313
1576,1.57599999999994,3.33333229295203
1577,1.57699999999994,3.33333230335584
1578,1.57799999999994,3.33333231365561
1579,1.57899999999994,3.33333232385239
1580,1.57999999999994,3.33333233394719
1581,1.58099999999994,3.33333234394105
1582,1.58199999999994,3.33333235383497
1583,1.58299999999994,3.33333236362995
1584,1.58399999999994,3.33333237332698
1585,1.58499999999994,3.33333238292704
1586,1.58599999999994,3.3333323924311
1587,1.58699999999994,3.33333240184012
1588,1.58799999999994,3.33333241115505
1589,1.58899999999994,3.33333242037683
1590,1.58999999999994,3.3333324295064
1591,1.59099999999994,3.33333243854466
1592,1.59199999999994,3.33333244749255
1593,1.59299999999994,3.33333245635095
1594,1.59399999999994,3.33333246512077
1595,1.59499999999994,3.3333324738029
1596,1.59599999999994,3.3333324823982
1597,1.59699999999993,3.33333249090755
1598,1.59799999999993,3.3333324993318
1599,1.59899999999993,3.33333250767182
1600,1.59999999999993,3.33333251592843
1601,1.60099999999993,3.33333252410248
1602,1.60199999999993,3.33333253219478
1603,1.60299999999993,3.33333254020617
1604,1.60399999999993,3.33333254813744
1605,1.60499999999993,3.3333325559894
1606,1.60599999999993,3.33333256376283
1607,1.60699999999993,3.33333257145854
1608,1.60799999999993,3.33333257907728
1609,1.60899999999993,3.33333258661984
1610,1.60999999999993,3.33333259408697
1611,1.61099999999993,3.33333260147944
1612,1.61199999999993,3.33333260879797
1613,1.61299999999993,3.33333261604333
1614,1.61399999999993,3.33333262321622
1615,1.61499999999993,3.33333263031739
1616,1.61599999999993,3.33333263734755
1617,1.61699999999993,3.33333264430741
1618,1.61799999999993,3.33333265119767
1619,1.61899999999993,3.33333265801902
1620,1.61999999999993,3.33333266477216
1621,1.62099999999993,3.33333267145777
1622,1.62199999999993,3.33333267807653
1623,1.62299999999993,3.33333268462909
1624,1.62399999999993,3.33333269111613
1625,1.62499999999993,3.33333269753831
1626,1.62599999999993,3.33333270389626
1627,1.62699999999993,3.33333271019062
1628,1.62799999999993,3.33333271642205
1629,1.62899999999993,3.33333272259116
1630,1.62999999999993,3.33333272869858
1631,1.63099999999993,3.33333273474493
1632,1.63199999999993,3.33333274073081
1633,1.63299999999993,3.33333274665684
1634,1.63399999999993,3.3333327525236
1635,1.63499999999993,3.3333327583317
1636,1.63599999999993,3.33333276408171
1637,1.63699999999993,3.33333276977423
1638,1.63799999999993,3.33333277540982
1639,1.63899999999993,3.33333278098905
1640,1.63999999999993,3.33333278651249
1641,1.64099999999993,3.3333327919807
1642,1.64199999999993,3.33333279739423
1643,1.64299999999993,3.33333280275362
1644,1.64399999999993,3.33333280805941
1645,1.64499999999993,3.33333281331215
1646,1.64599999999993,3.33333281851236
1647,1.64699999999993,3.33333282366057
1648,1.64799999999993,3.3333328287573
1649,1.64899999999993,3.33333283380306
1650,1.64999999999993,3.33333283879836
1651,1.65099999999993,3.33333284374371
1652,1.65199999999993,3.33333284863961
1653,1.65299999999993,3.33333285348654
1654,1.65399999999993,3.33333285828501
1655,1.65499999999993,3.33333286303549
1656,1.65599999999993,3.33333286773847
1657,1.65699999999993,3.33333287239442
1658,1.65799999999993,3.33333287700381
1659,1.65899999999993,3.3333328815671
1660,1.65999999999993,3.33333288608476
1661,1.66099999999993,3.33333289055725
1662,1.66199999999993,3.33333289498501
1663,1.66299999999993,3.33333289936849
1664,1.66399999999993,3.33333290370814
1665,1.66499999999993,3.33333290800439
1666,1.66599999999993,3.33333291225768
1667,1.66699999999993,3.33333291646843
1668,1.66799999999993,3.33333292063708
1669,1.66899999999993,3.33333292476404
1670,1.66999999999993,3.33333292884974
1671,1.67099999999993,3.33333293289457
1672,1.67199999999993,3.33333293689896
1673,1.67299999999993,3.3333329408633
1674,1.67399999999993,3.333332944788
1675,1.67499999999993,3.33333294867346
1676,1.67599999999993,3.33333295252005
1677,1.67699999999993,3.33333295632819
1678,1.67799999999993,3.33333296009824
1679,1.67899999999993,3.33333296383059
1680,1.67999999999993,3.33333296752561
1681,1.68099999999993,3.33333297118369
1682,1.68199999999993,3.33333297480519
1683,1.68299999999993,3.33333297839047
1684,1.68399999999993,3.3333329819399
1685,1.68499999999993,3.33333298545383
1686,1.68599999999993,3.33333298893263
1687,1.68699999999993,3.33333299237663
1688,1.68799999999992,3.3333329957862
1689,1.68899999999992,3.33333299916167
1690,1.68999999999992,3.33333300250339
1691,1.69099999999992,3.33333300581169
1692,1.69199999999992,3.3333330090869
1693,1.69299999999992,3.33333301232937
1694,1.69399999999992,3.3333330155394
1695,1.69499999999992,3.33333301871734
1696,1.69599999999992,3.3333330218635
1697,1.69699999999992,3.3333330249782
1698,1.69799999999992,3.33333302806175
1699,1.69899999999992,3.33333303111447
1700,1.69999999999992,3.33333303413666
1701,1.70099999999992,3.33333303712862
1702,1.70199999999992,3.33333304009067
1703,1.70299999999992,3.3333330430231
1704,1.70399999999992,3.3333330459262
1705,1.70499999999992,3.33333304880027
1706,1.70599999999992,3.3333330516456
1707,1.70699999999992,3.33333305446248
1708,1.70799999999992,3.33333305725118
1709,1.70899999999992,3.33333306001201
1710,1.70999999999992,3.33333306274522
1711,1.71099999999992,3.3333330654511
1712,1.71199999999992,3.33333306812992
1713,1.71299999999992,3.33333307078196
1714,1.71399999999992,3.33333307340747
1715,1.71499999999992,3.33333307600673
1716,1.71599999999992,3.33333307857999
1717,1.71699999999992,3.33333308112753
1718,1.71799999999992,3.33333308364959
1719,1.71899999999992,3.33333308614642
1720,1.71999999999992,3.33333308861829
1721,1.72099999999992,3.33333309106544
1722,1.72199999999992,3.33333309348812
1723,1.72299999999992,3.33333309588657
1724,1.72399999999992,3.33333309826104
1725,1.72499999999992,3.33333310061176
1726,1.72599999999992,3.33333310293898
1727,1.72699999999992,3.33333310524292
1728,1.72799999999992,3.33333310752383
1729,1.72899999999992,3.33333310978192
1730,1.72999999999992,3.33333311201743
1731,1.73099999999992,3.33333311423059
1732,1.73199999999992,3.33333311642162
1733,1.73299999999992,3.33333311859074
1734,1.73399999999992,3.33333312073816
1735,1.73499999999992,3.33333312286412
1736,1.73599999999992,3.33333312496881
1737,1.73699999999992,3.33333312705245
1738,1.73799999999992,3.33333312911526
1739,1.73899999999992,3.33333313115744
1740,1.73999999999992,3.3333331331792
1741,1.74099999999992,3.33333313518074
1742,1.74199999999992,3.33333313716227
1743,1.74299999999992,3.33333313912398
1744,1.74399999999992,3.33333314106607
1745,1.74499999999992,3.33333314298874
1746,1.74599999999992,3.33333314489219
1747,1.74699999999992,3.3333331467766
1748,1.74799999999992,3.33333314864217
1749,1.74899999999992,3.33333315048908
1750,1.74999999999992,3.33333315231752
1751,1.75099999999992,3.33333315412768
1752,1.75199999999992,3.33333315591974
1753,1.75299999999992,3.33333315769387
1754,1.75399999999992,3.33333315945027
1755,1.75499999999992,3.3333331611891
1756,1.75599999999992,3.33333316291054
1757,1.75699999999992,3.33333316461477
1758,1.75799999999992,3.33333316630195
1759,1.75899999999992,3.33333316797227
1760,1.75999999999992,3.33333316962588
1761,1.76099999999992,3.33333317126295
1762,1.76199999999992,3.33333317288365
1763,1.76299999999992,3.33333317448815
1764,1.76399999999992,3.3333331760766
1765,1.76499999999992,3.33333317764917
1766,1.76599999999992,3.33333317920601
1767,1.76699999999992,3.33333318074729
1768,1.76799999999992,3.33333318227315
1769,1.76899999999992,3.33333318378375
1770,1.76999999999992,3.33333318527924
1771,1.77099999999992,3.33333318675978
1772,1.77199999999992,3.33333318822552
1773,1.77299999999992,3.3333331896766
1774,1.77399999999992,3.33333319111317
1775,1.77499999999992,3.33333319253537
1776,1.77599999999992,3.33333319394335
1777,1.77699999999992,3.33333319533725
1778,1.77799999999991,3.33333319671721
1779,1.77899999999991,3.33333319808337
1780,1.77999999999991,3.33333319943587
1781,1.78099999999991,3.33333320077484
1782,1.78199999999991,3.33333320210043
1783,1.78299999999991,3.33333320341276
1784,1.78399999999991,3.33333320471196
1785,1.78499999999991,3.33333320599818
1786,1.78599999999991,3.33333320727153
1787,1.78699999999991,3.33333320853215
1788,1.78799999999991,3.33333320978016
1789,1.78899999999991,3.33333321101569
1790,1.78999999999991,3.33333321223886
1791,1.79099999999991,3.33333321344981
1792,1.79199999999991,3.33333321464864
1793,1.79299999999991,3.33333321583549
1794,1.79399999999991,3.33333321701047
1795,1.79499999999991,3.3333332181737
1796,1.79599999999991,3.33333321932529
1797,1.79699999999991,3.33333322046538
1798,1.79799999999991,3.33333322159405
1799,1.79899999999991,3.33333322271145
1800,1.79999999999991,3.33333322381767
1801,1.80099999999991,3.33333322491282
1802,1.80199999999991,3.33333322599703
1803,1.80299999999991,3.33333322707039
1804,1.80399999999991,3.33333322813302
1805,1.80499999999991,3.33333322918502
1806,1.80599999999991,3.33333323022651
1807,1.80699999999991,3.33333323125758
1808,1.80799999999991,3.33333323227833
1809,1.80899999999991,3.33333323328888
1810,1.80999999999991,3.33333323428933
1811,1.81099999999991,3.33333323527977
1812,1.81199999999991,3.3333332362603
1813,1.81299999999991,3.33333323723103
1814,1.81399999999991,3.33333323819206
1815,1.81499999999991,3.33333323914347
1816,1.81599999999991,3.33333324008537
1817,1.81699999999991,3.33333324101785
1818,1.81799999999991,3.333333241941
1819,1.81899999999991,3.33333324285492
1820,1.81999999999991,3.33333324375971
1821,1.82099999999991,3.33333324465545
1822,1.82199999999991,3.33333324554222
1823,1.82299999999991,3.33333324642014
1824,1.82399999999991,3.33333324728927
1825,1.82499999999991,3.33333324814971
1826,1.82599999999991,3.33333324900154
1827,1.82699999999991,3.33333324984486
1828,1.82799999999991,3.33333325067975
1829,1.82899999999991,3.33333325150628
1830,1.82999999999991,3.33333325232455
1831,1.83099999999991,3.33333325313464
1832,1.83199999999991,3.33333325393663
1833,1.83299999999991,3.33333325473059
1834,1.83399999999991,3.33333325551662
1835,1.83499999999991,3.33333325629479
1836,1.83599999999991,3.33333325706517
1837,1.83699999999991,3.33333325782786
1838,1.83799999999991,3.33333325858291
1839,1.83899999999991,3.33333325933042
1840,1.83999999999991,3.33333326007044
1841,1.84099999999991,3.33333326080307
1842,1.84199999999991,3.33333326152838
1843,1.84299999999991,3.33333326224643
1844,1.84399999999991,3.33333326295729
1845,1.84499999999991,3.33333326366105
1846,1.84599999999991,3.33333326435778
1847,1.84699999999991,3.33333326504753
1848,1.84799999999991,3.33333326573039
1849,1.84899999999991,3.33333326640642
1850,1.84999999999991,3.33333326707569
1851,1.85099999999991,3.33333326773827
1852,1.85199999999991,3.33333326839422
1853,1.85299999999991,3.33333326904361
1854,1.85399999999991,3.3333332696865
1855,1.85499999999991,3.33333327032297
1856,1.85599999999991,3.33333327095308
1857,1.85699999999991,3.33333327157688
1858,1.85799999999991,3.33333327219444
1859,1.85899999999991,3.33333327280583
1860,1.85999999999991,3.33333327341111
1861,1.86099999999991,3.33333327401033
1862,1.86199999999991,3.33333327460356
1863,1.86299999999991,3.33333327519086
1864,1.86399999999991,3.33333327577228
1865,1.86499999999991,3.33333327634789
1866,1.86599999999991,3.33333327691775
1867,1.86699999999991,3.3333332774819
1868,1.86799999999991,3.33333327804042
1869,1.8689999999999,3.33333327859335
1870,1.8699999999999,3.33333327914075
1871,1.8709999999999,3.33333327968267
1872,1.8719999999999,3.33333328021918
1873,1.8729999999999,3.33333328075032
1874,1.8739999999999,3.33333328127615
1875,1.8749999999999,3.33333328179672
1876,1.8759999999999,3.33333328231209
1877,1.8769999999999,3.3333332828223
1878,1.8779999999999,3.33333328332741
1879,1.8789999999999,3.33333328382747
1880,1.8799999999999,3.33333328432253
1881,1.8809999999999,3.33333328481264
1882,1.8819999999999,3.33333328529784
1883,1.8829999999999,3.3333332857782
1884,1.8839999999999,3.33333328625375
1885,1.8849999999999,3.33333328672455
1886,1.8859999999999,3.33333328719063
1887,1.8869999999999,3.33333328765206
1888,1.8879999999999,3.33333328810887
1889,1.8889999999999,3.33333328856112
1890,1.8899999999999,3.33333328900884
1891,1.8909999999999,3.33333328945208
1892,1.8919999999999,3.3333332898909
1893,1.8929999999999,3.33333329032532
1894,1.8939999999999,3.3333332907554
1895,1.8949999999999,3.33333329118118
1896,1.8959999999999,3.3333332916027
1897,1.8969999999999,3.33333329202001
1898,1.8979999999999,3.33333329243314
1899,1.8989999999999,3.33333329284214
1900,1.8999999999999,3.33333329324706
1901,1.9009999999999,3.33333329364792
1902,1.9019999999999,3.33333329404477
1903,1.9029999999999,3.33333329443766
1904,1.9039999999999,3.33333329482662
1905,1.9049999999999,3.33333329521168
1906,1.9059999999999,3.3333332955929
1907,1.9069999999999,3.3333332959703
1908,1.9079999999999,3.33333329634393
1909,1.9089999999999,3.33333329671383
1910,1.9099999999999,3.33333329708002
1911,1.9109999999999,3.33333329744256
1912,1.9119999999999,3.33333329780146
1913,1.9129999999999,3.33333329815678
1914,1.9139999999999,3.33333329850855
1915,1.9149999999999,3.3333332988568
1916,1.9159999999999,3.33333329920156
1917,1.9169999999999,3.33333329954288
1918,1.9179999999999,3.33333329988078
1919,1.9189999999999,3.33333330021531
1920,1.9199999999999,3.33333330054649
1921,1.9209999999999,3.33333330087436
1922,1.9219999999999,3.33333330119895
1923,1.9229999999999,3.33333330152029
1924,1.9239999999999,3.33333330183842
1925,1.9249999999999,3.33333330215337
1926,1.9259999999999,3.33333330246517
1927,1.9269999999999,3.33333330277385
1928,1.9279999999999,3.33333330307945
1929,1.9289999999999,3.33333330338198
1930,1.9299999999999,3.3333333036815
1931,1.9309999999999,3.33333330397802
1932,1.9319999999999,3.33333330427157
1933,1.9329999999999,3.33333330456219
1934,1.9339999999999,3.3333333048499
1935,1.9349999999999,3.33333330513473
1936,1.9359999999999,3.33333330541672
1937,1.9369999999999,3.33333330569589
1938,1.9379999999999,3.33333330597226
1939,1.9389999999999,3.33333330624587
1940,1.9399999999999,3.33333330651675
1941,1.9409999999999,3.33333330678491
1942,1.9419999999999,3.3333333070504
1943,1.9429999999999,3.33333330731322
1944,1.9439999999999,3.33333330757343
1945,1.9449999999999,3.33333330783102
1946,1.9459999999999,3.33333330808605
1947,1.9469999999999,3.33333330833852
1948,1.9479999999999,3.33333330858847
1949,1.9489999999999,3.33333330883592
1950,1.9499999999999,3.33333330908089
1951,1.9509999999999,3.33333330932342
1952,1.9519999999999,3.33333330956351
1953,1.9529999999999,3.33333330980121
1954,1.9539999999999,3.33333331003653
1955,1.9549999999999,3.3333333102695
1956,1.9559999999999,3.33333331050014
1957,1.9569999999999,3.33333331072847
1958,1.9579999999999,3.33333331095452
1959,1.9589999999999,3.33333331117831
1960,1.95999999999989,3.33333331139986
1961,1.96099999999989,3.33333331161919
1962,1.96199999999989,3.33333331183634
1963,1.96299999999989,3.33333331205131
1964,1.96399999999989,3.33333331226413
1965,1.96499999999989,3.33333331247482
1966,1.96599999999989,3.3333333126834
1967,1.96699999999989,3.3333333128899
1968,1.96799999999989,3.33333331309434
1969,1.96899999999989,3.33333331329673
1970,1.96999999999989,3.33333331349709
1971,1.97099999999989,3.33333331369545
1972,1.97199999999989,3.33333331389183
1973,1.97299999999989,3.33333331408625
1974,1.97399999999989,3.33333331427872
1975,1.97499999999989,3.33333331446927
1976,1.97599999999989,3.33333331465791
1977,1.97699999999989,3.33333331484466
1978,1.97799999999989,3.33333331502955
1979,1.97899999999989,3.33333331521259
1980,1.97999999999989,3.33333331539379
1981,1.98099999999989,3.33333331557319
1982,1.98199999999989,3.33333331575079
1983,1.98299999999989,3.33333331592662
1984,1.98399999999989,3.33333331610068
1985,1.98499999999989,3.33333331627301
1986,1.98599999999989,3.33333331644361
1987,1.98699999999989,3.33333331661251
1988,1.98799999999989,3.33333331677972
1989,1.98899999999989,3.33333331694525
1990,1.98999999999989,3.33333331710913
1991,1.99099999999989,3.33333331727138
1992,1.99199999999989,3.333333317432
1993,1.99299999999989,3.33333331759101
1994,1.99399999999989,3.33333331774843
1995,1.99499999999989,3.33333331790428
1996,1.99599999999989,3.33333331805857
1997,1.99699999999989,3.33333331821132
1998,1.99799999999989,3.33333331836254
1999,1.99899999999989,3.33333331851225
2000,1.99999999999989,3.33333331866046
2001,2.00099999999989,3.33333331880719
2002,2.00199999999989,3.33333331895245
2003,2.00299999999989,3.33333331909626
2004,2.00399999999989,3.33333331923863
2005,2.00499999999989,3.33333331937958
2006,2.00599999999989,3.33333331951911
2007,2.00699999999989,3.33333331965726
2008,2.00799999999989,3.33333331979402
2009,2.00899999999989,3.33333331992941
2010,2.00999999999989,3.33333332006345
2011,2.01099999999989,3.33333332019615
2012,2.01199999999989,3.33333332032752
2013,2.01299999999989,3.33333332045758
2014,2.01399999999989,3.33333332058633
2015,2.01499999999989,3.3333333207138
2016,2.01599999999989,3.33333332084
2017,2.01699999999989,3.33333332096493
2018,2.01799999999989,3.33333332108862
2019,2.01899999999989,3.33333332121107
2020,2.01999999999989,3.33333332133229
2021,2.02099999999989,3.3333333214523
2022,2.02199999999989,3.33333332157111
2023,2.02299999999989,3.33333332168873
2024,2.02399999999989,3.33333332180518
2025,2.02499999999989,3.33333332192046
2026,2.02599999999989,3.33333332203459
2027,2.02699999999989,3.33333332214757
2028,2.02799999999989,3.33333332225943
2029,2.02899999999989,3.33333332237017
2030,2.02999999999989,3.3333333224798
2031,2.03099999999989,3.33333332258834
2032,2.03199999999989,3.33333332269579
2033,2.03299999999989,3.33333332280216
2034,2.03399999999989,3.33333332290748
2035,2.03499999999989,3.33333332301173
2036,2.03599999999989,3.33333332311495
2037,2.03699999999989,3.33333332321713
2038,2.03799999999989,3.3333333233183
2039,2.03899999999989,3.33333332341845
2040,2.03999999999989,3.3333333235176
2041,2.04099999999989,3.33333332361575
2042,2.04199999999989,3.33333332371293
2043,2.04299999999989,3.33333332380913
2044,2.04399999999989,3.33333332390437
2045,2.04499999999989,3.33333332399866
2046,2.04599999999989,3.33333332409201
2047,2.04699999999989,3.33333332418442
2048,2.04799999999989,3.33333332427591
2049,2.04899999999989,3.33333332436649
2050,2.04999999999989,3.33333332445615
2051,2.05099999999989,3.33333332454493
2052,2.05199999999989,3.33333332463281
2053,2.05299999999988,3.33333332471982
2054,2.05399999999988,3.33333332480595
2055,2.05499999999988,3.33333332489122
2056,2.05599999999988,3.33333332497565
2057,2.05699999999988,3.33333332505922
2058,2.05799999999988,3.33333332514196
2059,2.05899999999988,3.33333332522388
2060,2.05999999999988,3.33333332530497
2061,2.06099999999988,3.33333332538526
2062,2.06199999999988,3.33333332546474
2063,2.06299999999988,3.33333332554342
2064,2.06399999999988,3.33333332562132
2065,2.06499999999988,3.33333332569844
2066,2.06599999999988,3.33333332577479
2067,2.06699999999988,3.33333332585038
2068,2.06799999999988,3.3333333259252
2069,2.06899999999988,3.33333332599929
2070,2.06999999999988,3.33333332607263
2071,2.07099999999988,3.33333332614523
2072,2.07199999999988,3.33333332621711
2073,2.07299999999988,3.33333332628828
2074,2.07399999999988,3.33333332635873
2075,2.07499999999988,3.33333332642847
2076,2.07599999999988,3.33333332649752
2077,2.07699999999988,3.33333332656588
2078,2.07799999999988,3.33333332663356
2079,2.07899999999988,3.33333332670055
2080,2.07999999999988,3.33333332676688
2081,2.08099999999988,3.33333332683255
2082,2.08199999999988,3.33333332689755
2083,2.08299999999988,3.33333332696191
2084,2.08399999999988,3.33333332702563
2085,2.08499999999988,3.3333333270887
2086,2.08599999999988,3.33333332715115
2087,2.08699999999988,3.33333332721297
2088,2.08799999999988,3.33333332727417
2089,2.08899999999988,3.33333332733477
2090,2.08999999999988,3.33333332739475
2091,2.09099999999988,3.33333332745414
2092,2.09199999999988,3.33333332751293
2093,2.09299999999988,3.33333332757113
2094,2.09399999999988,3.33333332762876
2095,2.09499999999988,3.3333333276858
2096,2.09599999999988,3.33333332774228
2097,2.09699999999988,3.33333332779819
2098,2.09799999999988,3.33333332785354
2099,2.09899999999988,3.33333332790834
2100,2.09999999999988,3.33333332796259
2101,2.10099999999988,3.33333332801629
2102,2.10199999999988,3.33333332806946
2103,2.10299999999988,3.3333333281221
2104,2.10399999999988,3.33333332817422
2105,2.10499999999988,3.33333332822581
2106,2.10599999999988,3.33333332827688
2107,2.10699999999988,3.33333332832745
2108,2.10799999999988,3.3333333283775
2109,2.10899999999988,3.33333332842706
2110,2.10999999999988,3.33333332847613
2111,2.11099999999988,3.3333333285247
2112,2.11199999999988,3.33333332857278
2113,2.11299999999988,3.33333332862039
2114,2.11399999999988,3.33333332866752
2115,2.11499999999988,3.33333332871418
2116,2.11599999999988,3.33333332876037
2117,2.11699999999988,3.3333333288061
2118,2.11799999999988,3.33333332885137
2119,2.11899999999988,3.33333332889619
2120,2.11999999999988,3.33333332894056
2121,2.12099999999988,3.33333332898449
2122,2.12199999999988,3.33333332902798
2123,2.12299999999988,3.33333332907103
2124,2.12399999999988,3.33333332911365
2125,2.12499999999988,3.33333332915585
2126,2.12599999999988,3.33333332919763
2127,2.12699999999988,3.33333332923898
2128,2.12799999999988,3.33333332927993
2129,2.12899999999988,3.33333332932046
2130,2.12999999999988,3.33333332936059
2131,2.13099999999988,3.33333332940032
2132,2.13199999999988,3.33333332943965
2133,2.13299999999988,3.33333332947859
2134,2.13399999999988,3.33333332951713
2135,2.13499999999988,3.33333332955529
2136,2.13599999999988,3.33333332959307
2137,2.13699999999988,3.33333332963048
2138,2.13799999999988,3.33333332966751
2139,2.13899999999988,3.33333332970416
2140,2.13999999999988,3.33333332974046
2141,2.14099999999988,3.33333332977638
2142,2.14199999999988,3.33333332981195
2143,2.14299999999988,3.33333332984717
2144,2.14399999999987,3.33333332988203
2145,2.14499999999987,3.33333332991654
2146,2.14599999999987,3.33333332995071
2147,2.14699999999987,3.33333332998454
2148,2.14799999999987,3.33333333001802
2149,2.14899999999987,3.33333333005118
2150,2.14999999999987,3.333333330084
2151,2.15099999999987,3.33333333011649
2152,2.15199999999987,3.33333333014866
2153,2.15299999999987,3.33333333018051
2154,2.15399999999987,3.33333333021204
2155,2.15499999999987,3.33333333024325
2156,2.15599999999987,3.33333333027415
2157,2.15699999999987,3.33333333030474
2158,2.15799999999987,3.33333333033503
2159,2.15899999999987,3.33333333036501
2160,2.15999999999987,3.33333333039469
2161,2.16099999999987,3.33333333042408
2162,2.16199999999987,3.33333333045317
2163,2.16299999999987,3.33333333048197
2164,2.16399999999987,3.33333333051049
2165,2.16499999999987,3.33333333053872
2166,2.16599999999987,3.33333333056666
2167,2.16699999999987,3.33333333059433
2168,2.16799999999987,3.33333333062172
2169,2.16899999999987,3.33333333064884
2170,2.16999999999987,3.33333333067568
2171,2.17099999999987,3.33333333070226
2172,2.17199999999987,3.33333333072857
2173,2.17299999999987,3.33333333075462
2174,2.17399999999987,3.3333333307804
2175,2.17499999999987,3.33333333080593
2176,2.17599999999987,3.33333333083121
2177,2.17699999999987,3.33333333085623
2178,2.17799999999987,3.333333330881
2179,2.17899999999987,3.33333333090552
2180,2.17999999999987,3.3333333309298
2181,2.18099999999987,3.33333333095384
2182,2.18199999999987,3.33333333097763
2183,2.18299999999987,3.33333333100119
2184,2.18399999999987,3.33333333102451
2185,2.18499999999987,3.3333333310476
2186,2.18599999999987,3.33333333107045
2187,2.18699999999987,3.33333333109308
2188,2.18799999999987,3.33333333111549
2189,2.18899999999987,3.33333333113766
2190,2.18999999999987,3.33333333115962
2191,2.19099999999987,3.33333333118136
2192,2.19199999999987,3.33333333120288
2193,2.19299999999987,3.33333333122418
2194,2.19399999999987,3.33333333124527
2195,2.19499999999987,3.33333333126616
2196,2.19599999999987,3.33333333128683
2197,2.19699999999987,3.33333333130729
2198,2.19799999999987,3.33333333132755
2199,2.19899999999987,3.33333333134761
2200,2.19999999999987,3.33333333136747
2201,2.20099999999987,3.33333333138713
2202,2.20199999999987,3.33333333140659
2203,2.20299999999987,3.33333333142586
2204,2.20399999999987,3.33333333144493
2205,2.20499999999987,3.33333333146381
2206,2.20599999999987,3.33333333148251
2207,2.20699999999987,3.33333333150102
2208,2.20799999999987,3.33333333151934
2209,2.20899999999987,3.33333333153748
2210,2.20999999999987,3.33333333155544
2211,2.21099999999987,3.33333333157322
2212,2.21199999999987,3.33333333159082
2213,2.21299999999987,3.33333333160824
2214,2.21399999999987,3.3333333316255
2215,2.21499999999987,3.33333333164257
2216,2.21599999999987,3.33333333165948
2217,2.21699999999987,3.33333333167622
2218,2.21799999999987,3.33333333169279
2219,2.21899999999987,3.3333333317092
2220,2.21999999999987,3.33333333172544
2221,2.22099999999987,3.33333333174152
2222,2.22199999999987,3.33333333175744
2223,2.22299999999987,3.33333333177319
2224,2.22399999999987,3.3333333317888
2225,2.22499999999987,3.33333333180424
2226,2.22599999999987,3.33333333181953
2227,2.22699999999987,3.33333333183467
2228,2.22799999999987,3.33333333184966
2229,2.22899999999987,3.33333333186449
2230,2.22999999999987,3.33333333187918
2231,2.23099999999987,3.33333333189372
2232,2.23199999999987,3.33333333190812
2233,2.23299999999987,3.33333333192237
2234,2.23399999999987,3.33333333193648
2235,2.23499999999986,3.33333333195045
2236,2.23599999999986,3.33333333196428
2237,2.23699999999986,3.33333333197797
2238,2.23799999999986,3.33333333199152
2239,2.23899999999986,3.33333333200494
2240,2.23999999999986,3.33333333201823
2241,2.24099999999986,3.33333333203138
2242,2.24199999999986,3.3333333320444
2243,2.24299999999986,3.33333333205728
2244,2.24399999999986,3.33333333207005
2245,2.24499999999986,3.33333333208268
2246,2.24599999999986,3.33333333209518
2247,2.24699999999986,3.33333333210757
2248,2.24799999999986,3.33333333211982
2249,2.24899999999986,3.33333333213196
2250,2.24999999999986,3.33333333214397
2251,2.25099999999986,3.33333333215587
2252,2.25199999999986,3.33333333216764
2253,2.25299999999986,3.3333333321793
2254,2.25399999999986,3.33333333219084
2255,2.25499999999986,3.33333333220226
2256,2.25599999999986,3.33333333221357
2257,2.25699999999986,3.33333333222477
2258,2.25799999999986,3.33333333223586
2259,2.25899999999986,3.33333333224683
2260,2.25999999999986,3.3333333322577
2261,2.26099999999986,3.33333333226845
2262,2.26199999999986,3.3333333322791
2263,2.26299999999986,3.33333333228965
2264,2.26399999999986,3.33333333230008
2265,2.26499999999986,3.33333333231041
2266,2.26599999999986,3.33333333232064
2267,2.26699999999986,3.33333333233077
2268,2.26799999999986,3.3333333323408
2269,2.26899999999986,3.33333333235072
2270,2.26999999999986,3.33333333236055
2271,2.27099999999986,3.33333333237028
2272,2.27199999999986,3.33333333237991
2273,2.27299999999986,3.33333333238944
2274,2.27399999999986,3.33333333239888
2275,2.27499999999986,3.33333333240822
2276,2.27599999999986,3.33333333241748
2277,2.27699999999986,3.33333333242663
2278,2.27799999999986,3.3333333324357
2279,2.27899999999986,3.33333333244468
2280,2.27999999999986,3.33333333245356
2281,2.28099999999986,3.33333333246236
2282,2.28199999999986,3.33333333247107
2283,2.28299999999986,3.33333333247969
2284,2.28399999999986,3.33333333248823
2285,2.28499999999986,3.33333333249668
2286,2.28599999999986,3.33333333250505
2287,2.28699999999986,3.33333333251333
2288,2.28799999999986,3.33333333252153
2289,2.28899999999986,3.33333333252965
2290,2.28999999999986,3.33333333253769
2291,2.29099999999986,3.33333333254564
2292,2.29199999999986,3.33333333255352
2293,2.29299999999986,3.33333333256132
2294,2.29399999999986,3.33333333256904
2295,2.29499999999986,3.33333333257668
2296,2.29599999999986,3.33333333258425
2297,2.29699999999986,3.33333333259174
2298,2.29799999999986,3.33333333259915
2299,2.29899999999986,3.33333333260649
2300,2.29999999999986,3.33333333261376
2301,2.30099999999986,3.33333333262096
2302,2.30199999999986,3.33333333262808
2303,2.30299999999986,3.33333333263513
2304,2.30399999999986,3.33333333264212
2305,2.30499999999986,3.33333333264903
2306,2.30599999999986,3.33333333265587
2307,2.30699999999986,3.33333333266265
2308,2.30799999999986,3.33333333266935
2309,2.30899999999986,3.33333333267599
2310,2.30999999999986,3.33333333268257
2311,2.31099999999986,3.33333333268907
2312,2.31199999999986,3.33333333269552
2313,2.31299999999986,3.33333333270189
2314,2.31399999999986,3.33333333270821
2315,2.31499999999986,3.33333333271446
2316,2.31599999999986,3.33333333272065
2317,2.31699999999986,3.33333333272678
2318,2.31799999999986,3.33333333273284
2319,2.31899999999986,3.33333333273885
2320,2.31999999999986,3.33333333274479
2321,2.32099999999986,3.33333333275068
2322,2.32199999999986,3.3333333327565
2323,2.32299999999986,3.33333333276227
2324,2.32399999999986,3.33333333276798
2325,2.32499999999986,3.33333333277364
2326,2.32599999999985,3.33333333277923
2327,2.32699999999985,3.33333333278477
2328,2.32799999999985,3.33333333279026
2329,2.32899999999985,3.33333333279569
2330,2.32999999999985,3.33333333280107
2331,2.33099999999985,3.33333333280639
2332,2.33199999999985,3.33333333281166
2333,2.33299999999985,3.33333333281688
2334,2.33399999999985,3.33333333282204
2335,2.33499999999985,3.33333333282715
2336,2.33599999999985,3.33333333283221
2337,2.33699999999985,3.33333333283723
2338,2.33799999999985,3.33333333284219
2339,2.33899999999985,3.3333333328471
2340,2.33999999999985,3.33333333285196
2341,2.34099999999985,3.33333333285677
2342,2.34199999999985,3.33333333286154
2343,2.34299999999985,3.33333333286626
2344,2.34399999999985,3.33333333287093
2345,2.34499999999985,3.33333333287555
2346,2.34599999999985,3.33333333288013
2347,2.34699999999985,3.33333333288466
2348,2.34799999999985,3.33333333288915
2349,2.34899999999985,3.33333333289359
2350,2.34999999999985,3.33333333289799
2351,2.35099999999985,3.33333333290234
2352,2.35199999999985,3.33333333290665
2353,2.35299999999985,3.33333333291092
2354,2.35399999999985,3.33333333291514
2355,2.35499999999985,3.33333333291932
2356,2.35599999999985,3.33333333292346
2357,2.35699999999985,3.33333333292756
2358,2.35799999999985,3.33333333293162
2359,2.35899999999985,3.33333333293564
2360,2.35999999999985,3.33333333293962
2361,2.36099999999985,3.33333333294355
2362,2.36199999999985,3.33333333294745
2363,2.36299999999985,3.33333333295131
2364,2.36399999999985,3.33333333295513
2365,2.36499999999985,3.33333333295891
2366,2.36599999999985,3.33333333296265
2367,2.36699999999985,3.33333333296636
2368,2.36799999999985,3.33333333297003
2369,2.36899999999985,3.33333333297366
2370,2.36999999999985,3.33333333297726
2371,2.37099999999985,3.33333333298082
2372,2.37199999999985,3.33333333298435
2373,2.37299999999985,3.33333333298784
2374,2.37399999999985,3.33333333299129
2375,2.37499999999985,3.33333333299471
2376,2.37599999999985,3.3333333329981
2377,2.37699999999985,3.33333333300145
2378,2.37799999999985,3.33333333300477
2379,2.37899999999985,3.33333333300806
2380,2.37999999999985,3.33333333301131
2381,2.38099999999985,3.33333333301453
2382,2.38199999999985,3.33333333301772
2383,2.38299999999985,3.33333333302087
2384,2.38399999999985,3.333333333024
2385,2.38499999999985,3.33333333302709
2386,2.38599999999985,3.33333333303015
2387,2.38699999999985,3.33333333303318
2388,2.38799999999985,3.33333333303619
2389,2.38899999999985,3.33333333303916
2390,2.38999999999985,3.3333333330421
2391,2.39099999999985,3.33333333304501
2392,2.39199999999985,3.33333333304789
2393,2.39299999999985,3.33333333305075
2394,2.39399999999985,3.33333333305358
2395,2.39499999999985,3.33333333305637
2396,2.39599999999985,3.33333333305914
2397,2.39699999999985,3.33333333306188
2398,2.39799999999985,3.3333333330646
2399,2.39899999999985,3.33333333306729
2400,2.39999999999985,3.33333333306995
2401,2.40099999999985,3.33333333307258
2402,2.40199999999985,3.33333333307519
2403,2.40299999999985,3.33333333307777
2404,2.40399999999985,3.33333333308033
2405,2.40499999999985,3.33333333308286
2406,2.40599999999985,3.33333333308536
2407,2.40699999999985,3.33333333308784
2408,2.40799999999985,3.33333333309029
2409,2.40899999999985,3.33333333309273
2410,2.40999999999985,3.33333333309513
2411,2.41099999999985,3.33333333309751
2412,2.41199999999985,3.33333333309987
2413,2.41299999999985,3.33333333310221
2414,2.41399999999985,3.33333333310452
2415,2.41499999999985,3.33333333310681
2416,2.41599999999984,3.33333333310907
2417,2.41699999999984,3.33333333311131
2418,2.41799999999984,3.33333333311353
2419,2.41899999999984,3.33333333311573
2420,2.41999999999984,3.33333333311791
2421,2.42099999999984,3.33333333312006
2422,2.42199999999984,3.33333333312219
2423,2.42299999999984,3.33333333312431
2424,2.42399999999984,3.3333333331264
2425,2.42499999999984,3.33333333312846
2426,2.42599999999984,3.33333333313051
2427,2.42699999999984,3.33333333313254
2428,2.42799999999984,3.33333333313455
2429,2.42899999999984,3.33333333313654
2430,2.42999999999984,3.3333333331385
2431,2.43099999999984,3.33333333314045
2432,2.43199999999984,3.33333333314238
2433,2.43299999999984,3.33333333314429
2434,2.43399999999984,3.33333333314618
2435,2.43499999999984,3.33333333314805
2436,2.43599999999984,3.33333333314991
2437,2.43699999999984,3.33333333315174
2438,2.43799999999984,3.33333333315356
2439,2.43899999999984,3.33333333315535
2440,2.43999999999984,3.33333333315713
2441,2.44099999999984,3.3333333331589
2442,2.44199999999984,3.33333333316064
2443,2.44299999999984,3.33333333316237
2444,2.44399999999984,3.33333333316408
2445,2.44499999999984,3.33333333316577
2446,2.44599999999984,3.33333333316744
2447,2.44699999999984,3.3333333331691
2448,2.44799999999984,3.33333333317075
2449,2.44899999999984,3.33333333317237
2450,2.44999999999984,3.33333333317398
2451,2.45099999999984,3.33333333317557
2452,2.45199999999984,3.33333333317715
2453,2.45299999999984,3.33333333317871
2454,2.45399999999984,3.33333333318026
2455,2.45499999999984,3.33333333318179
2456,2.45599999999984,3.33333333318331
2457,2.45699999999984,3.33333333318481
2458,2.45799999999984,3.33333333318629
2459,2.45899999999984,3.33333333318776
2460,2.45999999999984,3.33333333318922
2461,2.46099999999984,3.33333333319066
2462,2.46199999999984,3.33333333319209
2463,2.46299999999984,3.3333333331935
2464,2.46399999999984,3.3333333331949
2465,2.46499999999984,3.33333333319628
2466,2.46599999999984,3.33333333319765
2467,2.46699999999984,3.33333333319901
2468,2.46799999999984,3.33333333320035
2469,2.46899999999984,3.33333333320168
2470,2.46999999999984,3.333333333203
2471,2.47099999999984,3.3333333332043
2472,2.47199999999984,3.33333333320559
2473,2.47299999999984,3.33333333320687
2474,2.47399999999984,3.33333333320813
2475,2.47499999999984,3.33333333320939
2476,2.47599999999984,3.33333333321063
2477,2.47699999999984,3.33333333321185
2478,2.47799999999984,3.33333333321307
2479,2.47899999999984,3.33333333321427
2480,2.47999999999984,3.33333333321546
2481,2.48099999999984,3.33333333321664
2482,2.48199999999984,3.33333333321781
2483,2.48299999999984,3.33333333321896
2484,2.48399999999984,3.3333333332201
2485,2.48499999999984,3.33333333322124
2486,2.48599999999984,3.33333333322236
2487,2.48699999999984,3.33333333322347
2488,2.48799999999984,3.33333333322457
2489,2.48899999999984,3.33333333322565
2490,2.48999999999984,3.33333333322673
2491,2.49099999999984,3.3333333332278
2492,2.49199999999984,3.33333333322885
2493,2.49299999999984,3.3333333332299
2494,2.49399999999984,3.33333333323093
2495,2.49499999999984,3.33333333323196
2496,2.49599999999984,3.33333333323297
2497,2.49699999999984,3.33333333323397
2498,2.49799999999984,3.33333333323497
2499,2.49899999999984,3.33333333323595
2500,2.49999999999984,3.33333333323692
2501,2.50099999999984,3.33333333323789
2502,2.50199999999984,3.33333333323884
2503,2.50299999999984,3.33333333323979
2504,2.50399999999984,3.33333333324072
2505,2.50499999999984,3.33333333324165
2506,2.50599999999984,3.33333333324257
2507,2.50699999999983,3.33333333324347
2508,2.50799999999983,3.33333333324437
2509,2.50899999999983,3.33333333324526
2510,2.50999999999983,3.33333333324614
2511,2.51099999999983,3.33333333324701
2512,2.51199999999983,3.33333333324788
2513,2.51299999999983,3.33333333324873
2514,2.51399999999983,3.33333333324958
2515,2.51499999999983,3.33333333325041
2516,2.51599999999983,3.33333333325124
2517,2.51699999999983,3.33333333325206
2518,2.51799999999983,3.33333333325288
2519,2.51899999999983,3.33333333325368
2520,2.51999999999983,3.33333333325448
2521,2.52099999999983,3.33333333325527
2522,2.52199999999983,3.33333333325605
2523,2.52299999999983,3.33333333325682
2524,2.52399999999983,3.33333333325759
2525,2.52499999999983,3.33333333325834
2526,2.52599999999983,3.33333333325909
2527,2.52699999999983,3.33333333325984
2528,2.52799999999983,3.33333333326057
2529,2.52899999999983,3.3333333332613
2530,2.52999999999983,3.33333333326202
2531,2.53099999999983,3.33333333326273
2532,2.53199999999983,3.33333333326344
2533,2.53299999999983,3.33333333326414
2534,2.53399999999983,3.33333333326483
2535,2.53499999999983,3.33333333326551
2536,2.53599999999983,3.33333333326619
2537,2.53699999999983,3.33333333326686
2538,2.53799999999983,3.33333333326753
2539,2.53899999999983,3.33333333326819
2540,2.53999999999983,3.33333333326884
2541,2.54099999999983,3.33333333326948
2542,2.54199999999983,3.33333333327012
2543,2.54299999999983,3.33333333327075
2544,2.54399999999983,3.33333333327138
2545,2.54499999999983,3.333333333272
2546,2.54599999999983,3.33333333327261
2547,2.54699999999983,3.33333333327322
2548,2.54799999999983,3.33333333327382
2549,2.54899999999983,3.33333333327442
2550,2.54999999999983,3.33333333327501
2551,2.55099999999983,3.33333333327559
2552,2.55199999999983,3.33333333327617
2553,2.55299999999983,3.33333333327674
2554,2.55399999999983,3.3333333332773
2555,2.55499999999983,3.33333333327786
2556,2.55599999999983,3.33333333327842
2557,2.55699999999983,3.33333333327897
2558,2.55799999999983,3.33333333327951
2559,2.55899999999983,3.33333333328005
2560,2.55999999999983,3.33333333328058
2561,2.56099999999983,3.33333333328111
2562,2.56199999999983,3.33333333328163
2563,2.56299999999983,3.33333333328215
2564,2.56399999999983,3.33333333328266
2565,2.56499999999983,3.33333333328317
2566,2.56599999999983,3.33333333328367
2567,2.56699999999983,3.33333333328417
2568,2.56799999999983,3.33333333328466
2569,2.56899999999983,3.33333333328514
2570,2.56999999999983,3.33333333328563
2571,2.57099999999983,3.3333333332861
2572,2.57199999999983,3.33333333328658
2573,2.57299999999983,3.33333333328704
2574,2.57399999999983,3.33333333328751
2575,2.57499999999983,3.33333333328796
2576,2.57599999999983,3.33333333328842
2577,2.57699999999983,3.33333333328887
2578,2.57799999999983,3.33333333328931
2579,2.57899999999983,3.33333333328975
2580,2.57999999999983,3.33333333329019
2581,2.58099999999983,3.33333333329062
2582,2.58199999999983,3.33333333329105
2583,2.58299999999983,3.33333333329147
2584,2.58399999999983,3.33333333329189
2585,2.58499999999983,3.3333333332923
2586,2.58599999999983,3.33333333329271
2587,2.58699999999983,3.33333333329312
2588,2.58799999999983,3.33333333329352
2589,2.58899999999983,3.33333333329392
2590,2.58999999999983,3.33333333329431
2591,2.59099999999983,3.3333333332947
2592,2.59199999999983,3.33333333329509
2593,2.59299999999983,3.33333333329547
2594,2.59399999999983,3.33333333329585
2595,2.59499999999983,3.33333333329623
2596,2.59599999999983,3.3333333332966
2597,2.59699999999983,3.33333333329696
2598,2.59799999999982,3.33333333329733
2599,2.59899999999982,3.33333333329769
2600,2.59999999999982,3.33333333329804
2601,2.60099999999982,3.3333333332984
2602,2.60199999999982,3.33333333329875
2603,2.60299999999982,3.33333333329909
2604,2.60399999999982,3.33333333329944
2605,2.60499999999982,3.33333333329977
2606,2.60599999999982,3.33333333330011
2607,2.60699999999982,3.33333333330044
2608,2.60799999999982,3.33333333330077
2609,2.60899999999982,3.3333333333011
2610,2.60999999999982,3.33333333330142
2611,2.61099999999982,3.33333333330174
2612,2.61199999999982,3.33333333330205
2613,2.61299999999982,3.33333333330237
2614,2.61399999999982,3.33333333330268
2615,2.61499999999982,3.33333333330298
2616,2.61599999999982,3.33333333330329
2617,2.61699999999982,3.33333333330359
2618,2.61799999999982,3.33333333330388
2619,2.61899999999982,3.33333333330418
2620,2.61999999999982,3.33333333330447
2621,2.62099999999982,3.33333333330476
2622,2.62199999999982,3.33333333330504
2623,2.62299999999982,3.33333333330533
2624,2.62399999999982,3.33333333330561
2625,2.62499999999982,3.33333333330588
2626,2.62599999999982,3.33333333330616
2627,2.62699999999982,3.33333333330643
2628,2.62799999999982,3.3333333333067
2629,2.62899999999982,3.33333333330697
2630,2.62999999999982,3.33333333330723
2631,2.63099999999982,3.33333333330749
2632,2.63199999999982,3.33333333330775
2633,2.63299999999982,3.33333333330801
2634,2.63399999999982,3.33333333330826
2635,2.63499999999982,3.33333333330851
2636,2.63599999999982,3.33333333330876
2637,2.63699999999982,3.333333333309
2638,2.63799999999982,3.33333333330925
2639,2.63899999999982,3.33333333330949
2640,2.63999999999982,3.33333333330973
2641,2.64099999999982,3.33333333330996
2642,2.64199999999982,3.3333333333102
2643,2.64299999999982,3.33333333331043
2644,2.64399999999982,3.33333333331066
2645,2.64499999999982,3.33333333331088
2646,2.64599999999982,3.33333333331111
2647,2.64699999999982,3.33333333331133
2648,2.64799999999982,3.33333333331155
2649,2.64899999999982,3.33333333331177
2650,2.64999999999982,3.33333333331198
2651,2.65099999999982,3.3333333333122
2652,2.65199999999982,3.33333333331241
2653,2.65299999999982,3.33333333331262
2654,2.65399999999982,3.33333333331283
2655,2.65499999999982,3.33333333331303
2656,2.65599999999982,3.33333333331323
2657,2.65699999999982,3.33333333331343
2658,2.65799999999982,3.33333333331363
2659,2.65899999999982,3.33333333331383
2660,2.65999999999982,3.33333333331403
2661,2.66099999999982,3.33333333331422
2662,2.66199999999982,3.33333333331441
2663,2.66299999999982,3.3333333333146
2664,2.66399999999982,3.33333333331479
2665,2.66499999999982,3.33333333331497
2666,2.66599999999982,3.33333333331516
2667,2.66699999999982,3.33333333331534
2668,2.66799999999982,3.33333333331552
2669,2.66899999999982,3.33333333331569
2670,2.66999999999982,3.33333333331587
2671,2.67099999999982,3.33333333331605
2672,2.67199999999982,3.33333333331622
2673,2.67299999999982,3.33333333331639
2674,2.67399999999982,3.33333333331656
2675,2.67499999999982,3.33333333331673
2676,2.67599999999982,3.33333333331689
2677,2.67699999999982,3.33333333331706
2678,2.67799999999982,3.33333333331722
2679,2.67899999999982,3.33333333331738
2680,2.67999999999982,3.33333333331754
2681,2.68099999999982,3.3333333333177
2682,2.68199999999982,3.33333333331786
2683,2.68299999999982,3.33333333331801
2684,2.68399999999982,3.33333333331816
2685,2.68499999999982,3.33333333331832
2686,2.68599999999982,3.33333333331847
2687,2.68699999999982,3.33333333331861
2688,2.68799999999982,3.33333333331876
2689,2.68899999999981,3.33333333331891
2690,2.68999999999981,3.33333333331905
2691,2.69099999999981,3.33333333331919
2692,2.69199999999981,3.33333333331934
2693,2.69299999999981,3.33333333331948
2694,2.69399999999981,3.33333333331961
2695,2.69499999999981,3.33333333331975
2696,2.69599999999981,3.33333333331989
2697,2.69699999999981,3.33333333332002
2698,2.69799999999981,3.33333333332015
2699,2.69899999999981,3.33333333332029
2700,2.69999999999981,3.33333333332042
2701,2.70099999999981,3.33333333332055
2702,2.70199999999981,3.33333333332067
2703,2.70299999999981,3.3333333333208
2704,2.70399999999981,3.33333333332093
2705,2.70499999999981,3.33333333332105
2706,2.70599999999981,3.33333333332117
2707,2.70699999999981,3.33333333332129
2708,2.70799999999981,3.33333333332142
2709,2.70899999999981,3.33333333332153
2710,2.70999999999981,3.33333333332165
2711,2.71099999999981,3.33333333332177
2712,2.71199999999981,3.33333333332188
2713,2.71299999999981,3.333333333322
2714,2.71399999999981,3.33333333332211
2715,2.71499999999981,3.33333333332222
2716,2.71599999999981,3.33333333332234
2717,2.71699999999981,3.33333333332245
2718,2.71799999999981,3.33333333332255
2719,2.71899999999981,3.33333333332266
2720,2.71999999999981,3.33333333332277
2721,2.72099999999981,3.33333333332287
2722,2.72199999999981,3.33333333332298
2723,2.72299999999981,3.33333333332308
2724,2.72399999999981,3.33333333332319
2725,2.72499999999981,3.33333333332329
2726,2.72599999999981,3.33333333332339
2727,2.72699999999981,3.33333333332349
2728,2.72799999999981,3.33333333332359
2729,2.72899999999981,3.33333333332368
2730,2.72999999999981,3.33333333332378
2731,2.73099999999981,3.33333333332387
2732,2.73199999999981,3.33333333332397
2733,2.73299999999981,3.33333333332406
2734,2.73399999999981,3.33333333332416
2735,2.73499999999981,3.33333333332425
2736,2.73599999999981,3.33333333332434
2737,2.73699999999981,3.33333333332443
2738,2.73799999999981,3.33333333332452
2739,2.73899999999981,3.33333333332461
2740,2.73999999999981,3.33333333332469
2741,2.74099999999981,3.33333333332478
2742,2.74199999999981,3.33333333332487
2743,2.74299999999981,3.33333333332495
2744,2.74399999999981,3.33333333332503
2745,2.74499999999981,3.33333333332512
2746,2.74599999999981,3.3333333333252
2747,2.74699999999981,3.33333333332528
2748,2.74799999999981,3.33333333332536
2749,2.74899999999981,3.33333333332544
2750,2.74999999999981,3.33333333332552
2751,2.75099999999981,3.3333333333256
2752,2.75199999999981,3.33333333332568
2753,2.75299999999981,3.33333333332575
2754,2.75399999999981,3.33333333332583
2755,2.75499999999981,3.3333333333259
2756,2.75599999999981,3.33333333332598
2757,2.75699999999981,3.33333333332605
2758,2.75799999999981,3.33333333332612
2759,2.75899999999981,3.3333333333262
2760,2.75999999999981,3.33333333332627
2761,2.76099999999981,3.33333333332634
2762,2.76199999999981,3.33333333332641
2763,2.76299999999981,3.33333333332648
2764,2.76399999999981,3.33333333332655
2765,2.76499999999981,3.33333333332661
2766,2.76599999999981,3.33333333332668
2767,2.76699999999981,3.33333333332675
2768,2.76799999999981,3.33333333332681
2769,2.76899999999981,3.33333333332688
2770,2.76999999999981,3.33333333332694
2771,2.77099999999981,3.33333333332701
2772,2.77199999999981,3.33333333332707
2773,2.77299999999981,3.33333333332713
2774,2.77399999999981,3.33333333332719
2775,2.77499999999981,3.33333333332726
2776,2.77599999999981,3.33333333332732
2777,2.77699999999981,3.33333333332738
2778,2.77799999999981,3.33333333332744
2779,2.77899999999981,3.3333333333275
2780,2.7799999999998,3.33333333332755
2781,2.7809999999998,3.33333333332761
2782,2.7819999999998,3.33333333332767
2783,2.7829999999998,3.33333333332773
2784,2.7839999999998,3.33333333332778
2785,2.7849999999998,3.33333333332784
2786,2.7859999999998,3.33333333332789
2787,2.7869999999998,3.33333333332795
2788,2.7879999999998,3.333333333328
2789,2.7889999999998,3.33333333332805
2790,2.7899999999998,3.33333333332811
2791,2.7909999999998,3.33333333332816
2792,2.7919999999998,3.33333333332821
2793,2.7929999999998,3.33333333332826
2794,2.7939999999998,3.33333333332831
2795,2.7949999999998,3.33333333332836
2796,2.7959999999998,3.33333333332841
2797,2.7969999999998,3.33333333332846
2798,2.7979999999998,3.33333333332851
2799,2.7989999999998,3.33333333332856
2800,2.7999999999998,3.33333333332861
2801,2.8009999999998,3.33333333332865
2802,2.8019999999998,3.3333333333287
2803,2.8029999999998,3.33333333332875
2804,2.8039999999998,3.33333333332879
2805,2.8049999999998,3.33333333332884
2806,2.8059999999998,3.33333333332888
2807,2.8069999999998,3.33333333332893
2808,2.8079999999998,3.33333333332897
2809,2.8089999999998,3.33333333332901
2810,2.8099999999998,3.33333333332906
2811,2.8109999999998,3.3333333333291
2812,2.8119999999998,3.33333333332914
2813,2.8129999999998,3.33333333332918
2814,2.8139999999998,3.33333333332923
2815,2.8149999999998,3.33333333332927
2816,2.8159999999998,3.33333333332931
2817,2.8169999999998,3.33333333332935
2818,2.8179999999998,3.33333333332939
2819,2.8189999999998,3.33333333332943
2820,2.8199999999998,3.33333333332947
2821,2.8209999999998,3.33333333332951
2822,2.8219999999998,3.33333333332954
2823,2.8229999999998,3.33333333332958
2824,2.8239999999998,3.33333333332962
2825,2.8249999999998,3.33333333332966
2826,2.8259999999998,3.33333333332969
2827,2.8269999999998,3.33333333332973
2828,2.8279999999998,3.33333333332976
2829,2.8289999999998,3.3333333333298
2830,2.8299999999998,3.33333333332984
2831,2.8309999999998,3.33333333332987
2832,2.8319999999998,3.33333333332991
2833,2.8329999999998,3.33333333332994
2834,2.8339999999998,3.33333333332997
2835,2.8349999999998,3.33333333333001
2836,2.8359999999998,3.33333333333004
2837,2.8369999999998,3.33333333333007
2838,2.8379999999998,3.33333333333011
2839,2.8389999999998,3.33333333333014
2840,2.8399999999998,3.33333333333017
2841,2.8409999999998,3.3333333333302
2842,2.8419999999998,3.33333333333023
2843,2.8429999999998,3.33333333333026
2844,2.8439999999998,3.3333333333303
2845,2.8449999999998,3.33333333333033
2846,2.8459999999998,3.33333333333036
2847,2.8469999999998,3.33333333333039
2848,2.8479999999998,3.33333333333041
2849,2.8489999999998,3.33333333333044
2850,2.8499999999998,3.33333333333047
2851,2.8509999999998,3.3333333333305
2852,2.8519999999998,3.33333333333053
2853,2.8529999999998,3.33333333333056
2854,2.8539999999998,3.33333333333059
2855,2.8549999999998,3.33333333333061
2856,2.8559999999998,3.33333333333064
2857,2.8569999999998,3.33333333333067
2858,2.8579999999998,3.33333333333069
2859,2.8589999999998,3.33333333333072
2860,2.8599999999998,3.33333333333075
2861,2.8609999999998,3.33333333333077
2862,2.8619999999998,3.3333333333308
2863,2.8629999999998,3.33333333333082
2864,2.8639999999998,3.33333333333085
2865,2.8649999999998,3.33333333333087
2866,2.8659999999998,3.3333333333309
2867,2.8669999999998,3.33333333333092
2868,2.8679999999998,3.33333333333095
2869,2.8689999999998,3.33333333333097
2870,2.86999999999979,3.33333333333099
2871,2.87099999999979,3.33333333333102
2872,2.87199999999979,3.33333333333104
2873,2.87299999999979,3.33333333333106
2874,2.87399999999979,3.33333333333109
2875,2.87499999999979,3.33333333333111
2876,2.87599999999979,3.33333333333113
2877,2.87699999999979,3.33333333333115
2878,2.87799999999979,3.33333333333117
2879,2.87899999999979,3.3333333333312
2880,2.87999999999979,3.33333333333122
2881,2.88099999999979,3.33333333333124
2882,2.88199999999979,3.33333333333126
2883,2.88299999999979,3.33333333333128
2884,2.88399999999979,3.3333333333313
2885,2.88499999999979,3.33333333333132
2886,2.88599999999979,3.33333333333134
2887,2.88699999999979,3.33333333333136
2888,2.88799999999979,3.33333333333138
2889,2.88899999999979,3.3333333333314
2890,2.88999999999979,3.33333333333142
2891,2.89099999999979,3.33333333333144
2892,2.89199999999979,3.33333333333146
2893,2.89299999999979,3.33333333333148
2894,2.89399999999979,3.3333333333315
2895,2.89499999999979,3.33333333333151
2896,2.89599999999979,3.33333333333153
2897,2.89699999999979,3.33333333333155
2898,2.89799999999979,3.33333333333157
2899,2.89899999999979,3.33333333333159
2900,2.89999999999979,3.3333333333316
2901,2.90099999999979,3.33333333333162
2902,2.90199999999979,3.33333333333164
2903,2.90299999999979,3.33333333333165
2904,2.90399999999979,3.33333333333167
2905,2.90499999999979,3.33333333333169
2906,2.90599999999979,3.3333333333317
2907,2.90699999999979,3.33333333333172
2908,2.90799999999979,3.33333333333174
2909,2.90899999999979,3.33333333333175
2910,2.90999999999979,3.33333333333177
2911,2.91099999999979,3.33333333333178
2912,2.91199999999979,3.3333333333318
2913,2.91299999999979,3.33333333333182
2914,2.91399999999979,3.33333333333183
2915,2.91499999999979,3.33333333333185
2916,2.91599999999979,3.33333333333186
2917,2.91699999999979,3.33333333333188
2918,2.91799999999979,3.33333333333189
2919,2.91899999999979,3.3333333333319
2920,2.91999999999979,3.33333333333192
2921,2.92099999999979,3.33333333333193
2922,2.92199999999979,3.33333333333195
2923,2.92299999999979,3.33333333333196
2924,2.92399999999979,3.33333333333197
2925,2.92499999999979,3.33333333333199
2926,2.92599999999979,3.333333333332
2927,2.92699999999979,3.33333333333202
2928,2.92799999999979,3.33333333333203
2929,2.92899999999979,3.33333333333204
2930,2.92999999999979,3.33333333333205
2931,2.93099999999979,3.33333333333207
2932,2.93199999999979,3.33333333333208
2933,2.93299999999979,3.33333333333209
2934,2.93399999999979,3.3333333333321
2935,2.93499999999979,3.33333333333212
2936,2.93599999999979,3.33333333333213
2937,2.93699999999979,3.33333333333214
2938,2.93799999999979,3.33333333333215
2939,2.93899999999979,3.33333333333217
2940,2.93999999999979,3.33333333333218
2941,2.94099999999979,3.33333333333219
2942,2.94199999999979,3.3333333333322
2943,2.94299999999979,3.33333333333221
2944,2.94399999999979,3.33333333333222
2945,2.94499999999979,3.33333333333223
2946,2.94599999999979,3.33333333333224
2947,2.94699999999979,3.33333333333226
2948,2.94799999999979,3.33333333333227
2949,2.94899999999979,3.33333333333228
2950,2.94999999999979,3.33333333333229
2951,2.95099999999979,3.3333333333323
2952,2.95199999999979,3.33333333333231
2953,2.95299999999979,3.33333333333232
2954,2.95399999999979,3.33333333333233
2955,2.95499999999979,3.33333333333234
2956,2.95599999999979,3.33333333333235
2957,2.95699999999979,3.33333333333236
2958,2.95799999999979,3.33333333333237
2959,2.95899999999979,3.33333333333238
2960,2.95999999999979,3.33333333333239
2961,2.96099999999978,3.3333333333324
2962,2.96199999999978,3.33333333333241
2963,2.96299999999978,3.33333333333242
2964,2.96399999999978,3.33333333333243
2965,2.96499999999978,3.33333333333243
2966,2.96599999999978,3.33333333333244
2967,2.96699999999978,3.33333333333245
2968,2.96799999999978,3.33333333333246
2969,2.96899999999978,3.33333333333247
2970,2.96999999999978,3.33333333333248
2971,2.97099999999978,3.33333333333249
2972,2.97199999999978,3.3333333333325
2973,2.97299999999978,3.3333333333325
2974,2.97399999999978,3.33333333333251
2975,2.97499999999978,3.33333333333252
2976,2.97599999999978,3.33333333333253
2977,2.97699999999978,3.33333333333254
2978,2.97799999999978,3.33333333333254
2979,2.97899999999978,3.33333333333255
2980,2.97999999999978,3.33333333333256
2981,2.98099999999978,3.33333333333257
2982,2.98199999999978,3.33333333333258
2983,2.98299999999978,3.33333333333258
2984,2.98399999999978,3.33333333333259
2985,2.98499999999978,3.3333333333326
2986,2.98599999999978,3.33333333333261
2987,2.98699999999978,3.33333333333261
2988,2.98799999999978,3.33333333333262
2989,2.98899999999978,3.33333333333263
2990,2.98999999999978,3.33333333333263
2991,2.99099999999978,3.33333333333264
2992,2.99199999999978,3.33333333333265
2993,2.99299999999978,3.33333333333265
2994,2.99399999999978,3.33333333333266
2995,2.99499999999978,3.33333333333267
2996,2.99599999999978,3.33333333333267
2997,2.99699999999978,3.33333333333268
2998,2.99799999999978,3.33333333333269
2999,2.99899999999978,3.33333333333269
3000,2.99999999999978,3.3333333333327
3001,3.00099999999978,3.33333333333271
3002,3.00199999999978,3.33333333333271
3003,3.00299999999978,3.33333333333272
3004,3.00399999999978,3.33333333333273
3005,3.00499999999978,3.33333333333273
3006,3.00599999999978,3.33333333333274
3007,3.00699999999978,3.33333333333274
3008,3.00799999999978,3.33333333333275
3009,3.00899999999978,3.33333333333276
3010,3.00999999999978,3.33333333333276
3011,3.01099999999978,3.33333333333277
3012,3.01199999999978,3.33333333333277
3013,3.01299999999978,3.33333333333278
3014,3.01399999999978,3.33333333333278
3015,3.01499999999978,3.33333333333279
3016,3.01599999999978,3.33333333333279
3017,3.01699999999978,3.3333333333328
3018,3.01799999999978,3.33333333333281
3019,3.01899999999978,3.33333333333281
3020,3.01999999999978,3.33333333333282
3021,3.02099999999978,3.33333333333282
3022,3.02199999999978,3.33333333333283
3023,3.02299999999978,3.33333333333283
3024,3.02399999999978,3.33333333333284
3025,3.02499999999978,3.33333333333284
3026,3.02599999999978,3.33333333333285
3027,3.02699999999978,3.33333333333285
3028,3.02799999999978,3.33333333333286
3029,3.02899999999978,3.33333333333286
3030,3.02999999999978,3.33333333333287
3031,3.03099999999978,3.33333333333287
3032,3.03199999999978,3.33333333333287
3033,3.03299999999978,3.33333333333288
3034,3.03399999999978,3.33333333333288
3035,3.03499999999978,3.33333333333289
3036,3.03599999999978,3.33333333333289
3037,3.03699999999978,3.3333333333329
3038,3.03799999999978,3.3333333333329
3039,3.03899999999978,3.33333333333291
3040,3.03999999999978,3.33333333333291
3041,3.04099999999978,3.33333333333291
3042,3.04199999999978,3.33333333333292
3043,3.04299999999978,3.33333333333292
3044,3.04399999999978,3.33333333333293
3045,3.04499999999978,3.33333333333293
3046,3.04599999999978,3.33333333333293
3047,3.04699999999978,3.33333333333294
3048,3.04799999999978,3.33333333333294
3049,3.04899999999978,3.33333333333295
3050,3.04999999999978,3.33333333333295
3051,3.05099999999978,3.33333333333295
3052,3.05199999999977,3.33333333333296
3053,3.05299999999977,3.33333333333296
3054,3.05399999999977,3.33333333333297
3055,3.05499999999977,3.33333333333297
3056,3.05599999999977,3.33333333333297
3057,3.05699999999977,3.33333333333298
3058,3.05799999999977,3.33333333333298
3059,3.05899999999977,3.33333333333298
3060,3.05999999999977,3.33333333333299
3061,3.06099999999977,3.33333333333299
3062,3.06199999999977,3.33333333333299
3063,3.06299999999977,3.333333333333
3064,3.06399999999977,3.333333333333
3065,3.06499999999977,3.333333333333
3066,3.06599999999977,3.33333333333301
3067,3.06699999999977,3.33333333333301
3068,3.06799999999977,3.33333333333301
3069,3.06899999999977,3.33333333333302
3070,3.06999999999977,3.33333333333302
3071,3.07099999999977,3.33333333333302
3072,3.07199999999977,3.33333333333303
3073,3.07299999999977,3.33333333333303
3074,3.07399999999977,3.33333333333303
3075,3.07499999999977,3.33333333333304
3076,3.07599999999977,3.33333333333304
3077,3.07699999999977,3.33333333333304
3078,3.07799999999977,3.33333333333304
3079,3.07899999999977,3.33333333333305
3080,3.07999999999977,3.33333333333305
3081,3.08099999999977,3.33333333333305
3082,3.08199999999977,3.33333333333306
3083,3.08299999999977,3.33333333333306
3084,3.08399999999977,3.33333333333306
3085,3.08499999999977,3.33333333333306
3086,3.08599999999977,3.33333333333307
3087,3.08699999999977,3.33333333333307
3088,3.08799999999977,3.33333333333307
3089,3.08899999999977,3.33333333333307
3090,3.08999999999977,3.33333333333308
3091,3.09099999999977,3.33333333333308
3092,3.09199999999977,3.33333333333308
3093,3.09299999999977,3.33333333333308
3094,3.09399999999977,3.33333333333309
3095,3.09499999999977,3.33333333333309
3096,3.09599999999977,3.33333333333309
3097,3.09699999999977,3.33333333333309
3098,3.09799999999977,3.3333333333331
3099,3.09899999999977,3.3333333333331
3100,3.09999999999977,3.3333333333331
3101,3.10099999999977,3.3333333333331
3102,3.10199999999977,3.33333333333311
3103,3.10299999999977,3.33333333333311
3104,3.10399999999977,3.33333333333311
3105,3.10499999999977,3.33333333333311
3106,3.10599999999977,3.33333333333311
3107,3.10699999999977,3.33333333333312
3108,3.10799999999977,3.33333333333312
3109,3.10899999999977,3.33333333333312
3110,3.10999999999977,3.33333333333312
3111,3.11099999999977,3.33333333333313
3112,3.11199999999977,3.33333333333313
3113,3.11299999999977,3.33333333333313
3114,3.11399999999977,3.33333333333313
3115,3.11499999999977,3.33333333333313
3116,3.11599999999977,3.33333333333314
3117,3.11699999999977,3.33333333333314
3118,3.11799999999977,3.33333333333314
3119,3.11899999999977,3.33333333333314
3120,3.11999999999977,3.33333333333314
3121,3.12099999999977,3.33333333333315
3122,3.12199999999977,3.33333333333315
3123,3.12299999999977,3.33333333333315
3124,3.12399999999977,3.33333333333315
3125,3.12499999999977,3.33333333333315
3126,3.12599999999977,3.33333333333315
3127,3.12699999999977,3.33333333333316
3128,3.12799999999977,3.33333333333316
3129,3.12899999999977,3.33333333333316
3130,3.12999999999977,3.33333333333316
3131,3.13099999999977,3.33333333333316
3132,3.13199999999977,3.33333333333316
3133,3.13299999999977,3.33333333333317
3134,3.13399999999977,3.33333333333317
3135,3.13499999999977,3.33333333333317
3136,3.13599999999977,3.33333333333317
3137,3.13699999999977,3.33333333333317
3138,3.13799999999977,3.33333333333318
3139,3.13899999999977,3.33333333333318
3140,3.13999999999977,3.33333333333318
3141,3.14099999999977,3.33333333333318
3142,3.14199999999977,3.33333333333318
3143,3.14299999999976,3.33333333333318
3144,3.14399999999976,3.33333333333318
3145,3.14499999999976,3.33333333333319
3146,3.14599999999976,3.33333333333319
3147,3.14699999999976,3.33333333333319
3148,3.14799999999976,3.33333333333319
3149,3.14899999999976,3.33333333333319
3150,3.14999999999976,3.33333333333319
3151,3.15099999999976,3.33333333333319
3152,3.15199999999976,3.33333333333319
3153,3.15299999999976,3.3333333333332
3154,3.15399999999976,3.3333333333332
3155,3.15499999999976,3.3333333333332
3156,3.15599999999976,3.3333333333332
3157,3.15699999999976,3.3333333333332
3158,3.15799999999976,3.3333333333332
3159,3.15899999999976,3.3333333333332
3160,3.15999999999976,3.33333333333321
3161,3.16099999999976,3.33333333333321
3162,3.16199999999976,3.33333333333321
3163,3.16299999999976,3.33333333333321
3164,3.16399999999976,3.33333333333321
3165,3.16499999999976,3.33333333333321
3166,3.16599999999976,3.33333333333321
3167,3.16699999999976,3.33333333333321
3168,3.16799999999976,3.33333333333322
3169,3.16899999999976,3.33333333333322
3170,3.16999999999976,3.33333333333322
3171,3.17099999999976,3.33333333333322
3172,3.17199999999976,3.33333333333322
3173,3.17299999999976,3.33333333333322
3174,3.17399999999976,3.33333333333322
3175,3.17499999999976,3.33333333333322
3176,3.17599999999976,3.33333333333323
3177,3.17699999999976,3.33333333333323
3178,3.17799999999976,3.33333333333323
3179,3.17899999999976,3.33333333333323
3180,3.17999999999976,3.33333333333323
3181,3.18099999999976,3.33333333333323
3182,3.18199999999976,3.33333333333323
3183,3.18299999999976,3.33333333333323
3184,3.18399999999976,3.33333333333323
3185,3.18499999999976,3.33333333333323
3186,3.18599999999976,3.33333333333323
3187,3.18699999999976,3.33333333333324
3188,3.18799999999976,3.33333333333324
3189,3.18899999999976,3.33333333333324
3190,3.18999999999976,3.33333333333324
3191,3.19099999999976,3.33333333333324
3192,3.19199999999976,3.33333333333324
3193,3.19299999999976,3.33333333333324
3194,3.19399999999976,3.33333333333324
3195,3.19499999999976,3.33333333333324
3196,3.19599999999976,3.33333333333324
3197,3.19699999999976,3.33333333333324
3198,3.19799999999976,3.33333333333325
3199,3.19899999999976,3.33333333333325
3200,3.19999999999976,3.33333333333325
3201,3.20099999999976,3.33333333333325
3202,3.20199999999976,3.33333333333325
3203,3.20299999999976,3.33333333333325
3204,3.20399999999976,3.33333333333325
3205,3.20499999999976,3.33333333333325
3206,3.20599999999976,3.33333333333325
3207,3.20699999999976,3.33333333333325
3208,3.20799999999976,3.33333333333325
3209,3.20899999999976,3.33333333333325
3210,3.20999999999976,3.33333333333326
3211,3.21099999999976,3.33333333333326
3212,3.21199999999976,3.33333333333326
3213,3.21299999999976,3.33333333333326
3214,3.21399999999976,3.33333333333326
3215,3.21499999999976,3.33333333333326
3216,3.21599999999976,3.33333333333326
3217,3.21699999999976,3.33333333333326
3218,3.21799999999976,3.33333333333326
3219,3.21899999999976,3.33333333333326
3220,3.21999999999976,3.33333333333326
3221,3.22099999999976,3.33333333333327
3222,3.22199999999976,3.33333333333327
3223,3.22299999999976,3.33333333333327
3224,3.22399999999976,3.33333333333327
3225,3.22499999999976,3.33333333333327
3226,3.22599999999976,3.33333333333327
3227,3.22699999999976,3.33333333333327
3228,3.22799999999976,3.33333333333327
3229,3.22899999999976,3.33333333333327
3230,3.22999999999976,3.33333333333327
3231,3.23099999999976,3.33333333333327
3232,3.23199999999976,3.33333333333327
3233,3.23299999999976,3.33333333333327
3234,3.23399999999975,3.33333333333327
3235,3.23499999999975,3.33333333333327
3236,3.23599999999975,3.33333333333327
3237,3.23699999999975,3.33333333333327
3238,3.23799999999975,3.33333333333327
3239,3.23899999999975,3.33333333333327
3240,3.23999999999975,3.33333333333328
3241,3.24099999999975,3.33333333333328
3242,3.24199999999975,3.33333333333328
3243,3.24299999999975,3.33333333333328
3244,3.24399999999975,3.33333333333328
3245,3.24499999999975,3.33333333333328
3246,3.24599999999975,3.33333333333328
3247,3.24699999999975,3.33333333333328
3248,3.24799999999975,3.33333333333328
3249,3.24899999999975,3.33333333333328
3250,3.24999999999975,3.33333333333328
3251,3.25099999999975,3.33333333333328
3252,3.25199999999975,3.33333333333328
3253,3.25299999999975,3.33333333333328
3254,3.25399999999975,3.33333333333328
3255,3.25499999999975,3.33333333333328
3256,3.25599999999975,3.33333333333328
3257,3.25699999999975,3.33333333333328
3258,3.25799999999975,3.33333333333328
3259,3.25899999999975,3.33333333333328
3260,3.25999999999975,3.33333333333328
3261,3.26099999999975,3.33333333333328
3262,3.26199999999975,3.33333333333329
3263,3.26299999999975,3.33333333333329
3264,3.26399999999975,3.33333333333329
3265,3.26499999999975,3.33333333333329
3266,3.26599999999975,3.33333333333329
3267,3.26699999999975,3.33333333333329
3268,3.26799999999975,3.33333333333329
3269,3.26899999999975,3.33333333333329
3270,3.26999999999975,3.33333333333329
3271,3.27099999999975,3.33333333333329
3272,3.27199999999975,3.33333333333329
3273,3.27299999999975,3.33333333333329
3274,3.27399999999975,3.33333333333329
3275,3.27499999999975,3.33333333333329
3276,3.27599999999975,3.33333333333329
3277,3.27699999999975,3.33333333333329
3278,3.27799999999975,3.33333333333329
3279,3.27899999999975,3.33333333333329
3280,3.27999999999975,3.33333333333329
3281,3.28099999999975,3.33333333333329
3282,3.28199999999975,3.33333333333329
3283,3.28299999999975,3.33333333333329
3284,3.28399999999975,3.33333333333329
3285,3.28499999999975,3.3333333333333
3286,3.28599999999975,3.3333333333333
3287,3.28699999999975,3.3333333333333
3288,3.28799999999975,3.3333333333333
3289,3.28899999999975,3.3333333333333
3290,3.28999999999975,3.3333333333333
3291,3.29099999999975,3.3333333333333
3292,3.29199999999975,3.3333333333333
3293,3.29299999999975,3.3333333333333
3294,3.29399999999975,3.3333333333333
3295,3.29499999999975,3.3333333333333
3296,3.29599999999975,3.3333333333333
3297,3.29699999999975,3.3333333333333
3298,3.29799999999975,3.3333333333333
3299,3.29899999999975,3.3333333333333
3300,3.29999999999975,3.3333333333333
3301,3.30099999999975,3.3333333333333
3302,3.30199999999975,3.3333333333333
3303,3.30299999999975,3.3333333333333
3304,3.30399999999975,3.3333333333333
3305,3.30499999999975,3.3333333333333
3306,3.30599999999975,3.3333333333333
3307,3.30699999999975,3.33333333333331
3308,3.30799999999975,3.33333333333331
3309,3.30899999999975,3.33333333333331
3310,3.30999999999975,3.33333333333331
3311,3.31099999999975,3.33333333333331
3312,3.31199999999975,3.33333333333331
3313,3.31299999999975,3.33333333333331
3314,3.31399999999975,3.33333333333331
3315,3.31499999999975,3.33333333333331
3316,3.31599999999975,3.33333333333331
3317,3.31699999999975,3.33333333333331
3318,3.31799999999975,3.33333333333331
3319,3.31899999999975,3.33333333333331
3320,3.31999999999975,3.33333333333331
3321,3.32099999999975,3.33333333333331
3322,3.32199999999975,3.33333333333331
3323,3.32299999999975,3.33333333333331
3324,3.32399999999974,3.33333333333331
3325,3.32499999999974,3.33333333333331
3326,3.32599999999974,3.33333333333331
3327,3.32699999999974,3.33333333333331
3328,3.32799999999974,3.33333333333331
3329,3.32899999999974,3.33333333333331
3330,3.32999999999974,3.33333333333331
3331,3.33099999999974,3.33333333333331
3332,3.33199999999974,3.33333333333331
3333,3.33299999999974,3.33333333333331
3334,3.33399999999974,3.33333333333331
3335,3.33499999999974,3.33333333333331
3336,3.33599999999974,3.33333333333331
3337,3.33699999999974,3.33333333333331
3338,3.33799999999974,3.33333333333331
3339,3.33899999999974,3.33333333333331
3340,3.33999999999974,3.33333333333331
3341,3.34099999999974,3.33333333333331
3342,3.34199999999974,3.33333333333331
3343,3.34299999999974,3.33333333333331
3344,3.34399999999974,3.33333333333331
3345,3.34499999999974,3.33333333333331
3346,3.34599999999974,3.33333333333331
3347,3.34699999999974,3.33333333333331
3348,3.34799999999974,3.33333333333331
3349,3.34899999999974,3.33333333333331
3350,3.34999999999974,3.33333333333331
3351,3.35099999999974,3.33333333333331
3352,3.35199999999974,3.33333333333331
3353,3.35299999999974,3.33333333333331
3354,3.35399999999974,3.33333333333331
3355,3.35499999999974,3.33333333333331
3356,3.35599999999974,3.33333333333331
3357,3.35699999999974,3.33333333333331
3358,3.35799999999974,3.33333333333331
3359,3.35899999999974,3.33333333333331
3360,3.35999999999974,3.33333333333331
3361,3.36099999999974,3.33333333333331
3362,3.36199999999974,3.33333333333331
3363,3.36299999999974,3.33333333333331
3364,3.36399999999974,3.33333333333331
3365,3.36499999999974,3.33333333333331
3366,3.36599999999974,3.33333333333331
3367,3.36699999999974,3.33333333333331
3368,3.36799999999974,3.33333333333331
3369,3.36899999999974,3.33333333333331
3370,3.36999999999974,3.33333333333331
3371,3.37099999999974,3.33333333333331
3372,3.37199999999974,3.33333333333331
3373,3.37299999999974,3.33333333333331
3374,3.37399999999974,3.33333333333331
3375,3.37499999999974,3.33333333333331
3376,3.37599999999974,3.33333333333331
3377,3.37699999999974,3.33333333333331
3378,3.37799999999974,3.33333333333331
3379,3.37899999999974,3.33333333333331
3380,3.37999999999974,3.33333333333331
3381,3.38099999999974,3.33333333333331
3382,3.38199999999974,3.33333333333331
3383,3.38299999999974,3.33333333333331
3384,3.38399999999974,3.33333333333331
3385,3.38499999999974,3.33333333333331
3386,3.38599999999974,3.33333333333331
3387,3.38699999999974,3.33333333333331
3388,3.38799999999974,3.33333333333331
3389,3.38899999999974,3.33333333333331
3390,3.38999999999974,3.33333333333331
3391,3.39099999999974,3.33333333333331
3392,3.39199999999974,3.33333333333331
3393,3.39299999999974,3.33333333333331
3394,3.39399999999974,3.33333333333331
3395,3.39499999999974,3.33333333333331
3396,3.39599999999974,3.33333333333331
3397,3.39699999999974,3.33333333333331
3398,3.39799999999974,3.33333333333331
3399,3.39899999999974,3.33333333333331
3400,3.39999999999974,3.33333333333331
3401,3.40099999999974,3.33333333333331
3402,3.40199999999974,3.33333333333331
3403,3.40299999999974,3.33333333333331
3404,3.40399999999974,3.33333333333331
3405,3.40499999999974,3.33333333333331
3406,3.40599999999974,3.33333333333331
3407,3.40699999999974,3.33333333333331
3408,3.40799999999974,3.33333333333331
3409,3.40899999999974,3.33333333333331
3410,3.40999999999974,3.33333333333331
3411,3.41099999999974,3.33333333333331
3412,3.41199999999974,3.33333333333331
3413,3.41299999999974,3.33333333333331
3414,3.41399999999974,3.33333333333331
3415,3.41499999999973,3.33333333333331
3416,3.41599999999973,3.33333333333331
3417,3.41699999999973,3.33333333333331
3418,3.41799999999973,3.33333333333331
3419,3.41899999999973,3.33333333333331
3420,3.41999999999973,3.33333333333331
3421,3.42099999999973,3.33333333333331
3422,3.42199999999973,3.33333333333331
3423,3.42299999999973,3.33333333333331
3424,3.42399999999973,3.33333333333331
3425,3.42499999999973,3.33333333333331
3426,3.42599999999973,3.33333333333331
3427,3.42699999999973,3.33333333333331
3428,3.42799999999973,3.33333333333331
3429,3.42899999999973,3.33333333333331
3430,3.42999999999973,3.33333333333331
3431,3.43099999999973,3.33333333333331
3432,3.43199999999973,3.33333333333331
3433,3.43299999999973,3.33333333333331
3434,3.43399999999973,3.33333333333331
3435,3.43499999999973,3.33333333333331
3436,3.43599999999973,3.33333333333331
3437,3.43699999999973,3.33333333333331
3438,3.43799999999973,3.33333333333331
3439,3.43899999999973,3.33333333333331
3440,3.43999999999973,3.33333333333331
3441,3.44099999999973,3.33333333333331
3442,3.44199999999973,3.33333333333331
3443,3.44299999999973,3.33333333333331
3444,3.44399999999973,3.33333333333331
3445,3.44499999999973,3.33333333333331
3446,3.44599999999973,3.33333333333331
3447,3.44699999999973,3.33333333333331
3448,3.44799999999973,3.33333333333331
3449,3.44899999999973,3.33333333333331
3450,3.44999999999973,3.33333333333331
3451,3.45099999999973,3.33333333333331
3452,3.45199999999973,3.33333333333331
3453,3.45299999999973,3.33333333333331
3454,3.45399999999973,3.33333333333331
3455,3.45499999999973,3.33333333333331
3456,3.45599999999973,3.33333333333331
3457,3.45699999999973,3.33333333333331
3458,3.45799999999973,3.33333333333331
3459,3.45899999999973,3.33333333333331
3460,3.45999999999973,3.33333333333331
3461,3.46099999999973,3.33333333333331
3462,3.46199999999973,3.33333333333331
3463,3.46299999999973,3.33333333333331
3464,3.46399999999973,3.33333333333331
3465,3.46499999999973,3.33333333333331
3466,3.46599999999973,3.33333333333331
3467,3.46699999999973,3.33333333333331
3468,3.46799999999973,3.33333333333331
3469,3.46899999999973,3.33333333333331
3470,3.46999999999973,3.33333333333331
3471,3.47099999999973,3.33333333333331
3472,3.47199999999973,3.33333333333331
3473,3.47299999999973,3.33333333333331
3474,3.47399999999973,3.33333333333331
3475,3.47499999999973,3.33333333333331
3476,3.47599999999973,3.33333333333331
3477,3.47699999999973,3.33333333333331
3478,3.47799999999973,3.33333333333331
3479,3.47899999999973,3.33333333333331
3480,3.47999999999973,3.33333333333331
3481,3.48099999999973,3.33333333333331
3482,3.48199999999973,3.33333333333331
3483,3.48299999999973,3.33333333333331
3484,3.48399999999973,3.33333333333331
3485,3.48499999999973,3.33333333333331
3486,3.48599999999973,3.33333333333331
3487,3.48699999999973,3.33333333333331
3488,3.48799999999973,3.33333333333331
3489,3.48899999999973,3.33333333333331
3490,3.48999999999973,3.33333333333331
3491,3.49099999999973,3.33333333333331
3492,3.49199999999973,3.33333333333331
3493,3.49299999999973,3.33333333333331
3494,3.49399999999973,3.33333333333331
3495,3.49499999999973,3.33333333333331
3496,3.49599999999973,3.33333333333331
3497,3.49699999999973,3.33333333333331
3498,3.49799999999973,3.33333333333331
3499,3.49899999999973,3.33333333333331
3500,3.49999999999973,3.33333333333331
3501,3.50099999999973,3.33333333333331
3502,3.50199999999973,3.33333333333331
3503,3.50299999999973,3.33333333333331
3504,3.50399999999973,3.33333333333331
3505,3.50499999999973,3.33333333333331
3506,3.50599999999972,3.33333333333331
3507,3.50699999999972,3.33333333333331
3508,3.50799999999972,3.33333333333331
3509,3.50899999999972,3.33333333333331
3510,3.50999999999972,3.33333333333331
3511,3.51099999999972,3.33333333333331
3512,3.51199999999972,3.33333333333331
3513,3.51299999999972,3.33333333333331
3514,3.51399999999972,3.33333333333331
3515,3.51499999999972,3.33333333333331
3516,3.51599999999972,3.33333333333331
3517,3.51699999999972,3.33333333333331
3518,3.51799999999972,3.33333333333331
3519,3.51899999999972,3.33333333333331
3520,3.51999999999972,3.33333333333331
3521,3.52099999999972,3.33333333333331
3522,3.52199999999972,3.33333333333331
3523,3.52299999999972,3.33333333333331
3524,3.52399999999972,3.33333333333331
3525,3.52499999999972,3.33333333333331
3526,3.52599999999972,3.33333333333331
3527,3.52699999999972,3.33333333333331
3528,3.52799999999972,3.33333333333331
3529,3.52899999999972,3.33333333333331
3530,3.52999999999972,3.33333333333331
3531,3.53099999999972,3.33333333333331
3532,3.53199999999972,3.33333333333331
3533,3.53299999999972,3.33333333333331
3534,3.53399999999972,3.33333333333331
3535,3.53499999999972,3.33333333333331
3536,3.53599999999972,3.33333333333331
3537,3.53699999999972,3.33333333333331
3538,3.53799999999972,3.33333333333331
3539,3.53899999999972,3.33333333333331
3540,3.53999999999972,3.33333333333331
3541,3.54099999999972,3.33333333333331
3542,3.54199999999972,3.33333333333331
3543,3.54299999999972,3.33333333333331
3544,3.54399999999972,3.33333333333331
3545,3.54499999999972,3.33333333333331
3546,3.54599999999972,3.33333333333331
3547,3.54699999999972,3.33333333333331
3548,3.54799999999972,3.33333333333331
3549,3.54899999999972,3.33333333333331
3550,3.54999999999972,3.33333333333331
3551,3.55099999999972,3.33333333333331
3552,3.55199999999972,3.33333333333331
3553,3.55299999999972,3.33333333333331
3554,3.55399999999972,3.33333333333331
3555,3.55499999999972,3.33333333333331
3556,3.55599999999972,3.33333333333331
3557,3.55699999999972,3.33333333333331
3558,3.55799999999972,3.33333333333331
3559,3.55899999999972,3.33333333333331
3560,3.55999999999972,3.33333333333331
3561,3.56099999999972,3.33333333333331
3562,3.56199999999972,3.33333333333331
3563,3.56299999999972,3.33333333333331
3564,3.56399999999972,3.33333333333331
3565,3.56499999999972,3.33333333333331
3566,3.56599999999972,3.33333333333331
3567,3.56699999999972,3.33333333333331
3568,3.56799999999972,3.33333333333331
3569,3.56899999999972,3.33333333333331
3570,3.56999999999972,3.33333333333331
3571,3.57099999999972,3.33333333333331
3572,3.57199999999972,3.33333333333331
3573,3.57299999999972,3.33333333333331
3574,3.57399999999972,3.33333333333331
3575,3.57499999999972,3.33333333333331
3576,3.57599999999972,3.33333333333331
3577,3.57699999999972,3.33333333333331
3578,3.57799999999972,3.33333333333331
3579,3.57899999999972,3.33333333333331
3580,3.57999999999972,3.33333333333331
3581,3.58099999999972,3.33333333333331
3582,3.58199999999972,3.33333333333331
3583,3.58299999999972,3.33333333333331
3584,3.58399999999972,3.33333333333331
3585,3.58499999999972,3.33333333333331
3586,3.58599999999972,3.33333333333331
3587,3.58699999999972,3.33333333333331
3588,3.58799999999972,3.33333333333331
3589,3.58899999999972,3.33333333333331
3590,3.58999999999972,3.33333333333331
3591,3.59099999999972,3.33333333333331
3592,3.59199999999972,3.33333333333331
3593,3.59299999999972,3.33333333333331
3594,3.59399999999972,3.33333333333331
3595,3.59499999999972,3.33333333333331
3596,3.59599999999972,3.33333333333331
3597,3.59699999999971,3.33333333333331
3598,3.59799999999971,3.33333333333331
3599,3.59899999999971,3.33333333333331
3600,3.59999999999971,3.33333333333331
3601,3.60099999999971,3.33333333333331
3602,3.60199999999971,3.33333333333331
3603,3.60299999999971,3.33333333333331
3604,3.60399999999971,3.33333333333331
3605,3.60499999999971,3.33333333333331
3606,3.60599999999971,3.33333333333331
3607,3.60699999999971,3.33333333333331
3608,3.60799999999971,3.33333333333331
3609,3.60899999999971,3.33333333333331
3610,3.60999999999971,3.33333333333331
3611,3.61099999999971,3.33333333333331
3612,3.61199999999971,3.33333333333331
3613,3.61299999999971,3.33333333333331
3614,3.61399999999971,3.33333333333331
3615,3.61499999999971,3.33333333333331
3616,3.61599999999971,3.33333333333331
3617,3.61699999999971,3.33333333333331
3618,3.61799999999971,3.33333333333331
3619,3.61899999999971,3.33333333333331
3620,3.61999999999971,3.33333333333331
3621,3.62099999999971,3.33333333333331
3622,3.62199999999971,3.33333333333331
3623,3.62299999999971,3.33333333333331
3624,3.62399999999971,3.33333333333331
3625,3.62499999999971,3.33333333333331
3626,3.62599999999971,3.33333333333331
3627,3.62699999999971,3.33333333333331
3628,3.62799999999971,3.33333333333331
3629,3.62899999999971,3.33333333333331
3630,3.62999999999971,3.33333333333331
3631,3.63099999999971,3.33333333333331
3632,3.63199999999971,3.33333333333331
3633,3.63299999999971,3.33333333333331
3634,3.63399999999971,3.33333333333331
3635,3.63499999999971,3.33333333333331
3636,3.63599999999971,3.33333333333331
3637,3.63699999999971,3.33333333333331
3638,3.63799999999971,3.33333333333331
3639,3.63899999999971,3.33333333333331
3640,3.63999999999971,3.33333333333331
3641,3.64099999999971,3.33333333333331
3642,3.64199999999971,3.33333333333331
3643,3.64299999999971,3.33333333333331
3644,3.64399999999971,3.33333333333331
3645,3.64499999999971,3.33333333333331
3646,3.64599999999971,3.33333333333331
3647,3.64699999999971,3.33333333333331
3648,3.64799999999971,3.33333333333331
3649,3.64899999999971,3.33333333333331
3650,3.64999999999971,3.33333333333331
3651,3.65099999999971,3.33333333333331
3652,3.65199999999971,3.33333333333331
3653,3.65299999999971,3.33333333333331
3654,3.65399999999971,3.33333333333331
3655,3.65499999999971,3.33333333333331
3656,3.65599999999971,3.33333333333331
3657,3.65699999999971,3.33333333333331
3658,3.65799999999971,3.33333333333331
3659,3.65899999999971,3.33333333333331
3660,3.65999999999971,3.33333333333331
3661,3.66099999999971,3.33333333333331
3662,3.66199999999971,3.33333333333331
3663,3.66299999999971,3.33333333333331
3664,3.66399999999971,3.33333333333331
3665,3.66499999999971,3.33333333333331
3666,3.66599999999971,3.33333333333331
3667,3.66699999999971,3.33333333333331
3668,3.66799999999971,3.33333333333331
3669,3.66899999999971,3.33333333333331
3670,3.66999999999971,3.33333333333331
3671,3.67099999999971,3.33333333333331
3672,3.67199999999971,3.33333333333331
3673,3.67299999999971,3.33333333333331
3674,3.67399999999971,3.33333333333331
3675,3.67499999999971,3.33333333333331
3676,3.67599999999971,3.33333333333331
3677,3.67699999999971,3.33333333333331
3678,3.67799999999971,3.33333333333331
3679,3.67899999999971,3.33333333333331
3680,3.67999999999971,3.33333333333331
3681,3.68099999999971,3.33333333333331
3682,3.68199999999971,3.33333333333331
3683,3.68299999999971,3.33333333333331
3684,3.68399999999971,3.33333333333331
3685,3.68499999999971,3.33333333333331
3686,3.68599999999971,3.33333333333331
3687,3.68699999999971,3.33333333333331
3688,3.6879999999997,3.33333333333331
3689,3.6889999999997,3.33333333333331
3690,3.6899999999997,3.33333333333331
3691,3.6909999999997,3.33333333333331
3692,3.6919999999997,3.33333333333331
3693,3.6929999999997,3.33333333333331
3694,3.6939999999997,3.33333333333331
3695,3.6949999999997,3.33333333333331
3696,3.6959999999997,3.33333333333331
3697,3.6969999999997,3.33333333333331
3698,3.6979999999997,3.33333333333331
3699,3.6989999999997,3.33333333333331
3700,3.6999999999997,3.33333333333331
3701,3.7009999999997,3.33333333333331
3702,3.7019999999997,3.33333333333331
3703,3.7029999999997,3.33333333333331
3704,3.7039999999997,3.33333333333331
3705,3.7049999999997,3.33333333333331
3706,3.7059999999997,3.33333333333331
3707,3.7069999999997,3.33333333333331
3708,3.7079999999997,3.33333333333331
3709,3.7089999999997,3.33333333333331
3710,3.7099999999997,3.33333333333331
3711,3.7109999999997,3.33333333333331
3712,3.7119999999997,3.33333333333331
3713,3.7129999999997,3.33333333333331
3714,3.7139999999997,3.33333333333331
3715,3.7149999999997,3.33333333333331
3716,3.7159999999997,3.33333333333331
3717,3.7169999999997,3.33333333333331
3718,3.7179999999997,3.33333333333331
3719,3.7189999999997,3.33333333333331
3720,3.7199999999997,3.33333333333331
3721,3.7209999999997,3.33333333333331
3722,3.7219999999997,3.33333333333331
3723,3.7229999999997,3.33333333333331
3724,3.7239999999997,3.33333333333331
3725,3.7249999999997,3.33333333333331
3726,3.7259999999997,3.33333333333331
3727,3.7269999999997,3.33333333333331
3728,3.7279999999997,3.33333333333331
3729,3.7289999999997,3.33333333333331
3730,3.7299999999997,3.33333333333331
3731,3.7309999999997,3.33333333333331
3732,3.7319999999997,3.33333333333331
3733,3.7329999999997,3.33333333333331
3734,3.7339999999997,3.33333333333331
3735,3.7349999999997,3.33333333333331
3736,3.7359999999997,3.33333333333331
3737,3.7369999999997,3.33333333333331
3738,3.7379999999997,3.33333333333331
3739,3.7389999999997,3.33333333333331
3740,3.7399999999997,3.33333333333331
3741,3.7409999999997,3.33333333333331
3742,3.7419999999997,3.33333333333331
3743,3.7429999999997,3.33333333333331
3744,3.7439999999997,3.33333333333331
3745,3.7449999999997,3.33333333333331
3746,3.7459999999997,3.33333333333331
3747,3.7469999999997,3.33333333333331
3748,3.7479999999997,3.33333333333331
3749,3.7489999999997,3.33333333333331
3750,3.7499999999997,3.33333333333331
3751,3.7509999999997,3.33333333333331
3752,3.7519999999997,3.33333333333331
3753,3.7529999999997,3.33333333333331
3754,3.7539999999997,3.33333333333331
3755,3.7549999999997,3.33333333333331
3756,3.7559999999997,3.33333333333331
3757,3.7569999999997,3.33333333333331
3758,3.7579999999997,3.33333333333331
3759,3.7589999999997,3.33333333333331
3760,3.7599999999997,3.33333333333331
3761,3.7609999999997,3.33333333333331
3762,3.7619999999997,3.33333333333331
3763,3.7629999999997,3.33333333333331
3764,3.7639999999997,3.33333333333331
3765,3.7649999999997,3.33333333333331
3766,3.7659999999997,3.33333333333331
3767,3.7669999999997,3.33333333333331
3768,3.7679999999997,3.33333333333331
3769,3.7689999999997,3.33333333333331
3770,3.7699999999997,3.33333333333331
3771,3.7709999999997,3.33333333333331
3772,3.7719999999997,3.33333333333331
3773,3.7729999999997,3.33333333333331
3774,3.7739999999997,3.33333333333331
3775,3.7749999999997,3.33333333333331
3776,3.7759999999997,3.33333333333331
3777,3.7769999999997,3.33333333333331
3778,3.77799999999969,3.33333333333331
3779,3.77899999999969,3.33333333333331
3780,3.77999999999969,3.33333333333331
3781,3.78099999999969,3.33333333333331
3782,3.78199999999969,3.33333333333331
3783,3.78299999999969,3.33333333333331
3784,3.78399999999969,3.33333333333331
3785,3.78499999999969,3.33333333333331
3786,3.78599999999969,3.33333333333331
3787,3.78699999999969,3.33333333333331
3788,3.78799999999969,3.33333333333331
3789,3.78899999999969,3.33333333333331
3790,3.78999999999969,3.33333333333331
3791,3.79099999999969,3.33333333333331
3792,3.79199999999969,3.33333333333331
3793,3.79299999999969,3.33333333333331
3794,3.79399999999969,3.33333333333331
3795,3.79499999999969,3.33333333333331
3796,3.79599999999969,3.33333333333331
3797,3.79699999999969,3.33333333333331
3798,3.79799999999969,3.33333333333331
3799,3.79899999999969,3.33333333333331
3800,3.79999999999969,3.33333333333331
3801,3.80099999999969,3.33333333333331
3802,3.80199999999969,3.33333333333331
3803,3.80299999999969,3.33333333333331
3804,3.80399999999969,3.33333333333331
3805,3.80499999999969,3.33333333333331
3806,3.80599999999969,3.33333333333331
3807,3.80699999999969,3.33333333333331
3808,3.80799999999969,3.33333333333331
3809,3.80899999999969,3.33333333333331
3810,3.80999999999969,3.33333333333331
3811,3.81099999999969,3.33333333333331
3812,3.81199999999969,3.33333333333331
3813,3.81299999999969,3.33333333333331
3814,3.81399999999969,3.33333333333331
3815,3.81499999999969,3.33333333333331
3816,3.81599999999969,3.33333333333331
3817,3.81699999999969,3.33333333333331
3818,3.81799999999969,3.33333333333331
3819,3.81899999999969,3.33333333333331
3820,3.81999999999969,3.33333333333331
3821,3.82099999999969,3.33333333333331
3822,3.82199999999969,3.33333333333331
3823,3.82299999999969,3.33333333333331
3824,3.82399999999969,3.33333333333331
3825,3.82499999999969,3.33333333333331
3826,3.82599999999969,3.33333333333331
3827,3.82699999999969,3.33333333333331
3828,3.82799999999969,3.33333333333331
3829,3.82899999999969,3.33333333333331
3830,3.82999999999969,3.33333333333331
3831,3.83099999999969,3.33333333333331
3832,3.83199999999969,3.33333333333331
3833,3.83299999999969,3.33333333333331
3834,3.83399999999969,3.33333333333331
3835,3.83499999999969,3.33333333333331
3836,3.83599999999969,3.33333333333331
3837,3.83699999999969,3.33333333333331
3838,3.83799999999969,3.33333333333331
3839,3.83899999999969,3.33333333333331
3840,3.83999999999969,3.33333333333331
3841,3.84099999999969,3.33333333333331
3842,3.84199999999969,3.33333333333331
3843,3.84299999999969,3.33333333333331
3844,3.84399999999969,3.33333333333331
3845,3.84499999999969,3.33333333333331
3846,3.84599999999969,3.33333333333331
3847,3.84699999999969,3.33333333333331
3848,3.84799999999969,3.33333333333331
3849,3.84899999999969,3.33333333333331
3850,3.84999999999969,3.33333333333331
3851,3.85099999999969,3.33333333333331
3852,3.85199999999969,3.33333333333331
3853,3.85299999999969,3.33333333333331
3854,3.85399999999969,3.33333333333331
3855,3.85499999999969,3.33333333333331
3856,3.85599999999969,3.33333333333331
3857,3.85699999999969,3.33333333333331
3858,3.85799999999969,3.33333333333331
3859,3.85899999999969,3.33333333333331
3860,3.85999999999969,3.33333333333331
3861,3.86099999999969,3.33333333333331
3862,3.86199999999969,3.33333333333331
3863,3.86299999999969,3.33333333333331
3864,3.86399999999969,3.33333333333331
3865,3.86499999999969,3.33333333333331
3866,3.86599999999969,3.33333333333331
3867,3.86699999999969,3.33333333333331
3868,3.86799999999969,3.33333333333331
3869,3.86899999999968,3.33333333333331
3870,3.86999999999968,3.33333333333331
3871,3.87099999999968,3.33333333333331
3872,3.87199999999968,3.33333333333331
3873,3.87299999999968,3.33333333333331
3874,3.87399999999968,3.33333333333331
3875,3.87499999999968,3.33333333333331
3876,3.87599999999968,3.33333333333331
3877,3.87699999999968,3.33333333333331
3878,3.87799999999968,3.33333333333331
3879,3.87899999999968,3.33333333333331
3880,3.87999999999968,3.33333333333331
3881,3.88099999999968,3.33333333333331
3882,3.88199999999968,3.33333333333331
3883,3.88299999999968,3.33333333333331
3884,3.88399999999968,3.33333333333331
3885,3.88499999999968,3.33333333333331
3886,3.88599999999968,3.33333333333331
3887,3.88699999999968,3.33333333333331
3888,3.88799999999968,3.33333333333331
3889,3.88899999999968,3.33333333333331
3890,3.88999999999968,3.33333333333331
3891,3.89099999999968,3.33333333333331
3892,3.89199999999968,3.33333333333331
3893,3.89299999999968,3.33333333333331
3894,3.89399999999968,3.33333333333331
3895,3.89499999999968,3.33333333333331
3896,3.89599999999968,3.33333333333331
3897,3.89699999999968,3.33333333333331
3898,3.89799999999968,3.33333333333331
3899,3.89899999999968,3.33333333333331
3900,3.89999999999968,3.33333333333331
3901,3.90099999999968,3.33333333333331
3902,3.90199999999968,3.33333333333331
3903,3.90299999999968,3.33333333333331
3904,3.90399999999968,3.33333333333331
3905,3.90499999999968,3.33333333333331
3906,3.90599999999968,3.33333333333331
3907,3.90699999999968,3.33333333333331
3908,3.90799999999968,3.33333333333331
3909,3.90899999999968,3.33333333333331
3910,3.90999999999968,3.33333333333331
3911,3.91099999999968,3.33333333333331
3912,3.91199999999968,3.33333333333331
3913,3.91299999999968,3.33333333333331
3914,3.91399999999968,3.33333333333331
3915,3.91499999999968,3.33333333333331
3916,3.91599999999968,3.33333333333331
3917,3.91699999999968,3.33333333333331
3918,3.91799999999968,3.33333333333331
3919,3.91899999999968,3.33333333333331
3920,3.91999999999968,3.33333333333331
3921,3.92099999999968,3.33333333333331
3922,3.92199999999968,3.33333333333331
3923,3.92299999999968,3.33333333333331
3924,3.92399999999968,3.33333333333331
3925,3.92499999999968,3.33333333333331
3926,3.92599999999968,3.33333333333331
3927,3.92699999999968,3.33333333333331
3928,3.92799999999968,3.33333333333331
3929,3.92899999999968,3.33333333333331
3930,3.92999999999968,3.33333333333331
3931,3.93099999999968,3.33333333333331
3932,3.93199999999968,3.33333333333331
3933,3.93299999999968,3.33333333333331
3934,3.93399999999968,3.33333333333331
3935,3.93499999999968,3.33333333333331
3936,3.93599999999968,3.33333333333331
3937,3.93699999999968,3.33333333333331
3938,3.93799999999968,3.33333333333331
3939,3.93899999999968,3.33333333333331
3940,3.93999999999968,3.33333333333331
3941,3.94099999999968,3.33333333333331
3942,3.94199999999968,3.33333333333331
3943,3.94299999999968,3.33333333333331
3944,3.94399999999968,3.33333333333331
3945,3.94499999999968,3.33333333333331
3946,3.94599999999968,3.33333333333331
3947,3.94699999999968,3.33333333333331
3948,3.94799999999968,3.33333333333331
3949,3.94899999999968,3.33333333333331
3950,3.94999999999968,3.33333333333331
3951,3.95099999999968,3.33333333333331
3952,3.95199999999968,3.33333333333331
3953,3.95299999999968,3.33333333333331
3954,3.95399999999968,3.33333333333331
3955,3.95499999999968,3.33333333333331
3956,3.95599999999968,3.33333333333331
3957,3.95699999999968,3.33333333333331
3958,3.95799999999968,3.33333333333331
3959,3.95899999999968,3.33333333333331
3960,3.95999999999967,3.33333333333331
3961,3.96099999999967,3.33333333333331
3962,3.96199999999967,3.33333333333331
3963,3.96299999999967,3.33333333333331
3964,3.96399999999967,3.33333333333331
3965,3.96499999999967,3.33333333333331
3966,3.96599999999967,3.33333333333331
3967,3.96699999999967,3.33333333333331
3968,3.96799999999967,3.33333333333331
3969,3.96899999999967,3.33333333333331
3970,3.96999999999967,3.33333333333331
3971,3.97099999999967,3.33333333333331
3972,3.97199999999967,3.33333333333331
3973,3.97299999999967,3.33333333333331
3974,3.97399999999967,3.33333333333331
3975,3.97499999999967,3.33333333333331
3976,3.97599999999967,3.33333333333331
3977,3.97699999999967,3.33333333333331
3978,3.97799999999967,3.33333333333331
3979,3.97899999999967,3.33333333333331
3980,3.97999999999967,3.33333333333331
3981,3.98099999999967,3.33333333333331
3982,3.98199999999967,3.33333333333331
3983,3.98299999999967,3.33333333333331
3984,3.98399999999967,3.33333333333331
3985,3.98499999999967,3.33333333333331
3986,3.98599999999967,3.33333333333331
3987,3.98699999999967,3.33333333333331
3988,3.98799999999967,3.33333333333331
3989,3.98899999999967,3.33333333333331
3990,3.98999999999967,3.33333333333331
3991,3.99099999999967,3.33333333333331
3992,3.99199999999967,3.33333333333331
3993,3.99299999999967,3.33333333333331
3994,3.99399999999967,3.33333333333331
3995,3.99499999999967,3.33333333333331
3996,3.99599999999967,3.33333333333331
3997,3.99699999999967,3.33333333333331
3998,3.99799999999967,3.33333333333331
3999,3.99899999999967,3.33333333333331
4000,3.99999999999967,3.33333333333331
4001,4.00099999999967,3.33333333333331
4002,4.00199999999967,3.33333333333331
4003,4.00299999999967,3.33333333333331
4004,4.00399999999967,3.33333333333331
4005,4.00499999999967,3.33333333333331
4006,4.00599999999967,3.33333333333331
4007,4.00699999999967,3.33333333333331
4008,4.00799999999967,3.33333333333331
4009,4.00899999999967,3.33333333333331
4010,4.00999999999967,3.33333333333331
4011,4.01099999999967,3.33333333333331
4012,4.01199999999967,3.33333333333331
4013,4.01299999999967,3.33333333333331
4014,4.01399999999968,3.33333333333331
4015,4.01499999999968,3.33333333333331
4016,4.01599999999968,3.33333333333331
4017,4.01699999999968,3.33333333333331
4018,4.01799999999968,3.33333333333331
4019,4.01899999999968,3.33333333333331
4020,4.01999999999968,3.33333333333331
4021,4.02099999999968,3.33333333333331
4022,4.02199999999968,3.33333333333331
4023,4.02299999999968,3.33333333333331
4024,4.02399999999968,3.33333333333331
4025,4.02499999999968,3.33333333333331
4026,4.02599999999968,3.33333333333331
4027,4.02699999999968,3.33333333333331
4028,4.02799999999968,3.33333333333331
4029,4.02899999999968,3.33333333333331
4030,4.02999999999968,3.33333333333331
4031,4.03099999999968,3.33333333333331
4032,4.03199999999968,3.33333333333331
4033,4.03299999999968,3.33333333333331
4034,4.03399999999968,3.33333333333331
4035,4.03499999999968,3.33333333333331
4036,4.03599999999968,3.33333333333331
4037,4.03699999999968,3.33333333333331
4038,4.03799999999968,3.33333333333331
4039,4.03899999999968,3.33333333333331
4040,4.03999999999968,3.33333333333331
4041,4.04099999999968,3.33333333333331
4042,4.04199999999968,3.33333333333331
4043,4.04299999999968,3.33333333333331
4044,4.04399999999969,3.33333333333331
4045,4.04499999999969,3.33333333333331
4046,4.04599999999969,3.33333333333331
4047,4.04699999999969,3.33333333333331
4048,4.04799999999969,3.33333333333331
4049,4.04899999999969,3.33333333333331
4050,4.04999999999969,3.33333333333331
4051,4.05099999999969,3.33333333333331
4052,4.05199999999969,3.33333333333331
4053,4.05299999999969,3.33333333333331
4054,4.05399999999969,3.33333333333331
4055,4.05499999999969,3.33333333333331
4056,4.05599999999969,3.33333333333331
4057,4.05699999999969,3.33333333333331
4058,4.05799999999969,3.33333333333331
4059,4.05899999999969,3.33333333333331
4060,4.05999999999969,3.33333333333331
4061,4.06099999999969,3.33333333333331
4062,4.06199999999969,3.33333333333331
4063,4.06299999999969,3.33333333333331
4064,4.06399999999969,3.33333333333331
4065,4.06499999999969,3.33333333333331
4066,4.06599999999969,3.33333333333331
4067,4.06699999999969,3.33333333333331
4068,4.06799999999969,3.33333333333331
4069,4.06899999999969,3.33333333333331
4070,4.06999999999969,3.33333333333331
4071,4.07099999999969,3.33333333333331
4072,4.07199999999969,3.33333333333331
4073,4.07299999999969,3.33333333333331
4074,4.0739999999997,3.33333333333331
4075,4.0749999999997,3.33333333333331
4076,4.0759999999997,3.33333333333331
4077,4.0769999999997,3.33333333333331
4078,4.0779999999997,3.33333333333331
4079,4.0789999999997,3.33333333333331
4080,4.0799999999997,3.33333333333331
4081,4.0809999999997,3.33333333333331
4082,4.0819999999997,3.33333333333331
4083,4.0829999999997,3.33333333333331
4084,4.0839999999997,3.33333333333331
4085,4.0849999999997,3.33333333333331
4086,4.0859999999997,3.33333333333331
4087,4.0869999999997,3.33333333333331
4088,4.0879999999997,3.33333333333331
4089,4.0889999999997,3.33333333333331
4090,4.0899999999997,3.33333333333331
4091,4.0909999999997,3.33333333333331
4092,4.0919999999997,3.33333333333331
4093,4.0929999999997,3.33333333333331
4094,4.0939999999997,3.33333333333331
4095,4.0949999999997,3.33333333333331
4096,4.0959999999997,3.33333333333331
4097,4.0969999999997,3.33333333333331
4098,4.0979999999997,3.33333333333331
4099,4.0989999999997,3.33333333333331
4100,4.0999999999997,3.33333333333331
4101,4.1009999999997,3.33333333333331
4102,4.1019999999997,3.33333333333331
4103,4.1029999999997,3.33333333333331
4104,4.10399999999971,3.33333333333331
4105,4.10499999999971,3.33333333333331
4106,4.10599999999971,3.33333333333331
4107,4.10699999999971,3.33333333333331
4108,4.10799999999971,3.33333333333331
4109,4.10899999999971,3.33333333333331
4110,4.10999999999971,3.33333333333331
4111,4.11099999999971,3.33333333333331
4112,4.11199999999971,3.33333333333331
4113,4.11299999999971,3.33333333333331
4114,4.11399999999971,3.33333333333331
4115,4.11499999999971,3.33333333333331
4116,4.11599999999971,3.33333333333331
4117,4.11699999999971,3.33333333333331
4118,4.11799999999971,3.33333333333331
4119,4.11899999999971,3.33333333333331
4120,4.11999999999971,3.33333333333331
4121,4.12099999999971,3.33333333333331
4122,4.12199999999971,3.33333333333331
4123,4.12299999999971,3.33333333333331
4124,4.12399999999971,3.33333333333331
4125,4.12499999999971,3.33333333333331
4126,4.12599999999971,3.33333333333331
4127,4.12699999999971,3.33333333333331
4128,4.12799999999971,3.33333333333331
4129,4.12899999999971,3.33333333333331
4130,4.12999999999971,3.33333333333331
4131,4.13099999999971,3.33333333333331
4132,4.13199999999971,3.33333333333331
4133,4.13299999999971,3.33333333333331
4134,4.13399999999972,3.33333333333331
4135,4.13499999999972,3.33333333333331
4136,4.13599999999972,3.33333333333331
4137,4.13699999999972,3.33333333333331
4138,4.13799999999972,3.33333333333331
4139,4.13899999999972,3.33333333333331
4140,4.13999999999972,3.33333333333331
4141,4.14099999999972,3.33333333333331
4142,4.14199999999972,3.33333333333331
4143,4.14299999999972,3.33333333333331
4144,4.14399999999972,3.33333333333331
4145,4.14499999999972,3.33333333333331
4146,4.14599999999972,3.33333333333331
4147,4.14699999999972,3.33333333333331
4148,4.14799999999972,3.33333333333331
4149,4.14899999999972,3.33333333333331
4150,4.14999999999972,3.33333333333331
4151,4.15099999999972,3.33333333333331
4152,4.15199999999972,3.33333333333331
4153,4.15299999999972,3.33333333333331
4154,4.15399999999972,3.33333333333331
4155,4.15499999999972,3.33333333333331
4156,4.15599999999972,3.33333333333331
4157,4.15699999999972,3.33333333333331
4158,4.15799999999972,3.33333333333331
4159,4.15899999999972,3.33333333333331
4160,4.15999999999972,3.33333333333331
4161,4.16099999999972,3.33333333333331
4162,4.16199999999972,3.33333333333331
4163,4.16299999999972,3.33333333333331
4164,4.16399999999973,3.33333333333331
4165,4.16499999999973,3.33333333333331
4166,4.16599999999973,3.33333333333331
4167,4.16699999999973,3.33333333333331
4168,4.16799999999973,3.33333333333331
4169,4.16899999999973,3.33333333333331
4170,4.16999999999973,3.33333333333331
4171,4.17099999999973,3.33333333333331
4172,4.17199999999973,3.33333333333331
4173,4.17299999999973,3.33333333333331
4174,4.17399999999973,3.33333333333331
4175,4.17499999999973,3.33333333333331
4176,4.17599999999973,3.33333333333331
4177,4.17699999999973,3.33333333333331
4178,4.17799999999973,3.33333333333331
4179,4.17899999999973,3.33333333333331
4180,4.17999999999973,3.33333333333331
4181,4.18099999999973,3.33333333333331
4182,4.18199999999973,3.33333333333331
4183,4.18299999999973,3.33333333333331
4184,4.18399999999973,3.33333333333331
4185,4.18499999999973,3.33333333333331
4186,4.18599999999973,3.33333333333331
4187,4.18699999999973,3.33333333333331
4188,4.18799999999973,3.33333333333331
4189,4.18899999999973,3.33333333333331
4190,4.18999999999973,3.33333333333331
4191,4.19099999999973,3.33333333333331
4192,4.19199999999973,3.33333333333331
4193,4.19299999999973,3.33333333333331
4194,4.19399999999974,3.33333333333331
4195,4.19499999999974,3.33333333333331
4196,4.19599999999974,3.33333333333331
4197,4.19699999999974,3.33333333333331
4198,4.19799999999974,3.33333333333331
4199,4.19899999999974,3.33333333333331
4200,4.19999999999974,3.33333333333331
4201,4.20099999999974,3.33333333333331
4202,4.20199999999974,3.33333333333331
4203,4.20299999999974,3.33333333333331
4204,4.20399999999974,3.33333333333331
4205,4.20499999999974,3.33333333333331
4206,4.20599999999974,3.33333333333331
4207,4.20699999999974,3.33333333333331
4208,4.20799999999974,3.33333333333331
4209,4.20899999999974,3.33333333333331
4210,4.20999999999974,3.33333333333331
4211,4.21099999999974,3.33333333333331
4212,4.21199999999974,3.33333333333331
4213,4.21299999999974,3.33333333333331
4214,4.21399999999974,3.33333333333331
4215,4.21499999999974,3.33333333333331
4216,4.21599999999974,3.33333333333331
4217,4.21699999999974,3.33333333333331
4218,4.21799999999974,3.33333333333331
4219,4.21899999999974,3.33333333333331
4220,4.21999999999974,3.33333333333331
4221,4.22099999999974,3.33333333333331
4222,4.22199999999974,3.33333333333331
4223,4.22299999999975,3.33333333333331
4224,4.22399999999975,3.33333333333331
4225,4.22499999999975,3.33333333333331
4226,4.22599999999975,3.33333333333331
4227,4.22699999999975,3.33333333333331
4228,4.22799999999975,3.33333333333331
4229,4.22899999999975,3.33333333333331
4230,4.22999999999975,3.33333333333331
4231,4.23099999999975,3.33333333333331
4232,4.23199999999975,3.33333333333331
4233,4.23299999999975,3.33333333333331
4234,4.23399999999975,3.33333333333331
4235,4.23499999999975,3.33333333333331
4236,4.23599999999975,3.33333333333331
4237,4.23699999999975,3.33333333333331
4238,4.23799999999975,3.33333333333331
4239,4.23899999999975,3.33333333333331
4240,4.23999999999975,3.33333333333331
4241,4.24099999999975,3.33333333333331
4242,4.24199999999975,3.33333333333331
4243,4.24299999999975,3.33333333333331
4244,4.24399999999975,3.33333333333331
4245,4.24499999999975,3.33333333333331
4246,4.24599999999975,3.33333333333331
4247,4.24699999999975,3.33333333333331
4248,4.24799999999975,3.33333333333331
4249,4.24899999999975,3.33333333333331
4250,4.24999999999975,3.33333333333331
4251,4.25099999999975,3.33333333333331
4252,4.25199999999975,3.33333333333331
4253,4.25299999999976,3.33333333333331
4254,4.25399999999976,3.33333333333331
4255,4.25499999999976,3.33333333333331
4256,4.25599999999976,3.33333333333331
4257,4.25699999999976,3.33333333333331
4258,4.25799999999976,3.33333333333331
4259,4.25899999999976,3.33333333333331
4260,4.25999999999976,3.33333333333331
4261,4.26099999999976,3.33333333333331
4262,4.26199999999976,3.33333333333331
4263,4.26299999999976,3.33333333333331
4264,4.26399999999976,3.33333333333331
4265,4.26499999999976,3.33333333333331
4266,4.26599999999976,3.33333333333331
4267,4.26699999999976,3.33333333333331
4268,4.26799999999976,3.33333333333331
4269,4.26899999999976,3.33333333333331
4270,4.26999999999976,3.33333333333331
4271,4.27099999999976,3.33333333333331
4272,4.27199999999976,3.33333333333331
4273,4.27299999999976,3.33333333333331
4274,4.27399999999976,3.33333333333331
4275,4.27499999999976,3.33333333333331
4276,4.27599999999976,3.33333333333331
4277,4.27699999999976,3.33333333333331
4278,4.27799999999976,3.33333333333331
4279,4.27899999999976,3.33333333333331
4280,4.27999999999976,3.33333333333331
4281,4.28099999999976,3.33333333333331
4282,4.28199999999976,3.33333333333331
4283,4.28299999999977,3.33333333333331
4284,4.28399999999977,3.33333333333331
4285,4.28499999999977,3.33333333333331
4286,4.28599999999977,3.33333333333331
4287,4.28699999999977,3.33333333333331
4288,4.28799999999977,3.33333333333331
4289,4.28899999999977,3.33333333333331
4290,4.28999999999977,3.33333333333331
4291,4.29099999999977,3.33333333333331
4292,4.29199999999977,3.33333333333331
4293,4.29299999999977,3.33333333333331
4294,4.29399999999977,3.33333333333331
4295,4.29499999999977,3.33333333333331
4296,4.29599999999977,3.33333333333331
4297,4.29699999999977,3.33333333333331
4298,4.29799999999977,3.33333333333331
4299,4.29899999999977,3.33333333333331
4300,4.29999999999977,3.33333333333331
4301,4.30099999999977,3.33333333333331
4302,4.30199999999977,3.33333333333331
4303,4.30299999999977,3.33333333333331
4304,4.30399999999977,3.33333333333331
4305,4.30499999999977,3.33333333333331
4306,4.30599999999977,3.33333333333331
4307,4.30699999999977,3.33333333333331
4308,4.30799999999977,3.33333333333331
4309,4.30899999999977,3.33333333333331
4310,4.30999999999977,3.33333333333331
4311,4.31099999999977,3.33333333333331
4312,4.31199999999977,3.33333333333331
4313,4.31299999999978,3.33333333333331
4314,4.31399999999978,3.33333333333331
4315,4.31499999999978,3.33333333333331
4316,4.31599999999978,3.33333333333331
4317,4.31699999999978,3.33333333333331
4318,4.31799999999978,3.33333333333331
4319,4.31899999999978,3.33333333333331
4320,4.31999999999978,3.33333333333331
4321,4.32099999999978,3.33333333333331
4322,4.32199999999978,3.33333333333331
4323,4.32299999999978,3.33333333333331
4324,4.32399999999978,3.33333333333331
4325,4.32499999999978,3.33333333333331
4326,4.32599999999978,3.33333333333331
4327,4.32699999999978,3.33333333333331
4328,4.32799999999978,3.33333333333331
4329,4.32899999999978,3.33333333333331
4330,4.32999999999978,3.33333333333331
4331,4.33099999999978,3.33333333333331
4332,4.33199999999978,3.33333333333331
4333,4.33299999999978,3.33333333333331
4334,4.33399999999978,3.33333333333331
4335,4.33499999999978,3.33333333333331
4336,4.33599999999978,3.33333333333331
4337,4.33699999999978,3.33333333333331
4338,4.33799999999978,3.33333333333331
4339,4.33899999999978,3.33333333333331
4340,4.33999999999978,3.33333333333331
4341,4.34099999999978,3.33333333333331
4342,4.34199999999978,3.33333333333331
4343,4.34299999999979,3.33333333333331
4344,4.34399999999979,3.33333333333331
4345,4.34499999999979,3.33333333333331
4346,4.34599999999979,3.33333333333331
4347,4.34699999999979,3.33333333333331
4348,4.34799999999979,3.33333333333331
4349,4.34899999999979,3.33333333333331
4350,4.34999999999979,3.33333333333331
4351,4.35099999999979,3.33333333333331
4352,4.35199999999979,3.33333333333331
4353,4.35299999999979,3.33333333333331
4354,4.35399999999979,3.33333333333331
4355,4.35499999999979,3.33333333333331
4356,4.35599999999979,3.33333333333331
4357,4.35699999999979,3.33333333333331
4358,4.35799999999979,3.33333333333331
4359,4.35899999999979,3.33333333333331
4360,4.35999999999979,3.33333333333331
4361,4.36099999999979,3.33333333333331
4362,4.36199999999979,3.33333333333331
4363,4.36299999999979,3.33333333333331
4364,4.36399999999979,3.33333333333331
4365,4.36499999999979,3.33333333333331
4366,4.36599999999979,3.33333333333331
4367,4.36699999999979,3.33333333333331
4368,4.36799999999979,3.33333333333331
4369,4.36899999999979,3.33333333333331
4370,4.36999999999979,3.33333333333331
4371,4.37099999999979,3.33333333333331
4372,4.37199999999979,3.33333333333331
4373,4.3729999999998,3.33333333333331
4374,4.3739999999998,3.33333333333331
4375,4.3749999999998,3.33333333333331
4376,4.3759999999998,3.33333333333331
4377,4.3769999999998,3.33333333333331
4378,4.3779999999998,3.33333333333331
4379,4.3789999999998,3.33333333333331
4380,4.3799999999998,3.33333333333331
4381,4.3809999999998,3.33333333333331
4382,4.3819999999998,3.33333333333331
4383,4.3829999999998,3.33333333333331
4384,4.3839999999998,3.33333333333331
4385,4.3849999999998,3.33333333333331
4386,4.3859999999998,3.33333333333331
4387,4.3869999999998,3.33333333333331
4388,4.3879999999998,3.33333333333331
4389,4.3889999999998,3.33333333333331
4390,4.3899999999998,3.33333333333331
4391,4.3909999999998,3.33333333333331
4392,4.3919999999998,3.33333333333331
4393,4.3929999999998,3.33333333333331
4394,4.3939999999998,3.33333333333331
4395,4.3949999999998,3.33333333333331
4396,4.3959999999998,3.33333333333331
4397,4.3969999999998,3.33333333333331
4398,4.3979999999998,3.33333333333331
4399,4.3989999999998,3.33333333333331
4400,4.3999999999998,3.33333333333331
4401,4.4009999999998,3.33333333333331
4402,4.4019999999998,3.33333333333331
4403,4.40299999999981,3.33333333333331
4404,4.40399999999981,3.33333333333331
4405,4.40499999999981,3.33333333333331
4406,4.40599999999981,3.33333333333331
4407,4.40699999999981,3.33333333333331
4408,4.40799999999981,3.33333333333331
4409,4.40899999999981,3.33333333333331
4410,4.40999999999981,3.33333333333331
4411,4.41099999999981,3.33333333333331
4412,4.41199999999981,3.33333333333331
4413,4.41299999999981,3.33333333333331
4414,4.41399999999981,3.33333333333331
4415,4.41499999999981,3.33333333333331
4416,4.41599999999981,3.33333333333331
4417,4.41699999999981,3.33333333333331
4418,4.41799999999981,3.33333333333331
4419,4.41899999999981,3.33333333333331
4420,4.41999999999981,3.33333333333331
4421,4.42099999999981,3.33333333333331
4422,4.42199999999981,3.33333333333331
4423,4.42299999999981,3.33333333333331
4424,4.42399999999981,3.33333333333331
4425,4.42499999999981,3.33333333333331
4426,4.42599999999981,3.33333333333331
4427,4.42699999999981,3.33333333333331
4428,4.42799999999981,3.33333333333331
4429,4.42899999999981,3.33333333333331
4430,4.42999999999981,3.33333333333331
4431,4.43099999999981,3.33333333333331
4432,4.43199999999981,3.33333333333331
4433,4.43299999999982,3.33333333333331
4434,4.43399999999982,3.33333333333331
4435,4.43499999999982,3.33333333333331
4436,4.43599999999982,3.33333333333331
4437,4.43699999999982,3.33333333333331
4438,4.43799999999982,3.33333333333331
4439,4.43899999999982,3.33333333333331
4440,4.43999999999982,3.33333333333331
4441,4.44099999999982,3.33333333333331
4442,4.44199999999982,3.33333333333331
4443,4.44299999999982,3.33333333333331
4444,4.44399999999982,3.33333333333331
4445,4.44499999999982,3.33333333333331
4446,4.44599999999982,3.33333333333331
4447,4.44699999999982,3.33333333333331
4448,4.44799999999982,3.33333333333331
4449,4.44899999999982,3.33333333333331
4450,4.44999999999982,3.33333333333331
4451,4.45099999999982,3.33333333333331
4452,4.45199999999982,3.33333333333331
4453,4.45299999999982,3.33333333333331
4454,4.45399999999982,3.33333333333331
4455,4.45499999999982,3.33333333333331
4456,4.45599999999982,3.33333333333331
4457,4.45699999999982,3.33333333333331
4458,4.45799999999982,3.33333333333331
4459,4.45899999999982,3.33333333333331
4460,4.45999999999982,3.33333333333331
4461,4.46099999999982,3.33333333333331
4462,4.46199999999982,3.33333333333331
4463,4.46299999999983,3.33333333333331
4464,4.46399999999983,3.33333333333331
4465,4.46499999999983,3.33333333333331
4466,4.46599999999983,3.33333333333331
4467,4.46699999999983,3.33333333333331
4468,4.46799999999983,3.33333333333331
4469,4.46899999999983,3.33333333333331
4470,4.46999999999983,3.33333333333331
4471,4.47099999999983,3.33333333333331
4472,4.47199999999983,3.33333333333331
4473,4.47299999999983,3.33333333333331
4474,4.47399999999983,3.33333333333331
4475,4.47499999999983,3.33333333333331
4476,4.47599999999983,3.33333333333331
4477,4.47699999999983,3.33333333333331
4478,4.47799999999983,3.33333333333331
4479,4.47899999999983,3.33333333333331
4480,4.47999999999983,3.33333333333331
4481,4.48099999999983,3.33333333333331
4482,4.48199999999983,3.33333333333331
4483,4.48299999999983,3.33333333333331
4484,4.48399999999983,3.33333333333331
4485,4.48499999999983,3.33333333333331
4486,4.48599999999983,3.33333333333331
4487,4.48699999999983,3.33333333333331
4488,4.48799999999983,3.33333333333331
4489,4.48899999999983,3.33333333333331
4490,4.48999999999983,3.33333333333331
4491,4.49099999999983,3.33333333333331
4492,4.49199999999983,3.33333333333331
4493,4.49299999999984,3.33333333333331
4494,4.49399999999984,3.33333333333331
4495,4.49499999999984,3.33333333333331
4496,4.49599999999984,3.33333333333331
4497,4.49699999999984,3.33333333333331
4498,4.49799999999984,3.33333333333331
4499,4.49899999999984,3.33333333333331
4500,4.49999999999984,3.33333333333331
4501,4.50099999999984,3.33333333333331
4502,4.50199999999984,3.33333333333331
4503,4.50299999999984,3.33333333333331
4504,4.50399999999984,3.33333333333331
4505,4.50499999999984,3.33333333333331
4506,4.50599999999984,3.33333333333331
4507,4.50699999999984,3.33333333333331
4508,4.50799999999984,3.33333333333331
4509,4.50899999999984,3.33333333333331
4510,4.50999999999984,3.33333333333331
4511,4.51099999999984,3.33333333333331
4512,4.51199999999984,3.33333333333331
4513,4.51299999999984,3.33333333333331
4514,4.51399999999984,3.33333333333331
4515,4.51499999999984,3.33333333333331
4516,4.51599999999984,3.33333333333331
4517,4.51699999999984,3.33333333333331
4518,4.51799999999984,3.33333333333331
4519,4.51899999999984,3.33333333333331
4520,4.51999999999984,3.33333333333331
4521,4.52099999999984,3.33333333333331
4522,4.52199999999984,3.33333333333331
4523,4.52299999999985,3.33333333333331
4524,4.52399999999985,3.33333333333331
4525,4.52499999999985,3.33333333333331
4526,4.52599999999985,3.33333333333331
4527,4.52699999999985,3.33333333333331
4528,4.52799999999985,3.33333333333331
4529,4.52899999999985,3.33333333333331
4530,4.52999999999985,3.33333333333331
4531,4.53099999999985,3.33333333333331
4532,4.53199999999985,3.33333333333331
4533,4.53299999999985,3.33333333333331
4534,4.53399999999985,3.33333333333331
4535,4.53499999999985,3.33333333333331
4536,4.53599999999985,3.33333333333331
4537,4.53699999999985,3.33333333333331
4538,4.53799999999985,3.33333333333331
4539,4.53899999999985,3.33333333333331
4540,4.53999999999985,3.33333333333331
4541,4.54099999999985,3.33333333333331
4542,4.54199999999985,3.33333333333331
4543,4.54299999999985,3.33333333333331
4544,4.54399999999985,3.33333333333331
4545,4.54499999999985,3.33333333333331
4546,4.54599999999985,3.33333333333331
4547,4.54699999999985,3.33333333333331
4548,4.54799999999985,3.33333333333331
4549,4.54899999999985,3.33333333333331
4550,4.54999999999985,3.33333333333331
4551,4.55099999999985,3.33333333333331
4552,4.55199999999985,3.33333333333331
4553,4.55299999999986,3.33333333333331
4554,4.55399999999986,3.33333333333331
4555,4.55499999999986,3.33333333333331
4556,4.55599999999986,3.33333333333331
4557,4.55699999999986,3.33333333333331
4558,4.55799999999986,3.33333333333331
4559,4.55899999999986,3.33333333333331
4560,4.55999999999986,3.33333333333331
4561,4.56099999999986,3.33333333333331
4562,4.56199999999986,3.33333333333331
4563,4.56299999999986,3.33333333333331
4564,4.56399999999986,3.33333333333331
4565,4.56499999999986,3.33333333333331
4566,4.56599999999986,3.33333333333331
4567,4.56699999999986,3.33333333333331
4568,4.56799999999986,3.33333333333331
4569,4.56899999999986,3.33333333333331
4570,4.56999999999986,3.33333333333331
4571,4.57099999999986,3.33333333333331
4572,4.57199999999986,3.33333333333331
4573,4.57299999999986,3.33333333333331
4574,4.57399999999986,3.33333333333331
4575,4.57499999999986,3.33333333333331
4576,4.57599999999986,3.33333333333331
4577,4.57699999999986,3.33333333333331
4578,4.57799999999986,3.33333333333331
4579,4.57899999999986,3.33333333333331
4580,4.57999999999986,3.33333333333331
4581,4.58099999999986,3.33333333333331
4582,4.58199999999986,3.33333333333331
4583,4.58299999999987,3.33333333333331
4584,4.58399999999987,3.33333333333331
4585,4.58499999999987,3.33333333333331
4586,4.58599999999987,3.33333333333331
4587,4.58699999999987,3.33333333333331
4588,4.58799999999987,3.33333333333331
4589,4.58899999999987,3.33333333333331
4590,4.58999999999987,3.33333333333331
4591,4.59099999999987,3.33333333333331
4592,4.59199999999987,3.33333333333331
4593,4.59299999999987,3.33333333333331
4594,4.59399999999987,3.33333333333331
4595,4.59499999999987,3.33333333333331
4596,4.59599999999987,3.33333333333331
4597,4.59699999999987,3.33333333333331
4598,4.59799999999987,3.33333333333331
4599,4.59899999999987,3.33333333333331
4600,4.59999999999987,3.33333333333331
4601,4.60099999999987,3.33333333333331
4602,4.60199999999987,3.33333333333331
4603,4.60299999999987,3.33333333333331
4604,4.60399999999987,3.33333333333331
4605,4.60499999999987,3.33333333333331
4606,4.60599999999987,3.33333333333331
4607,4.60699999999987,3.33333333333331
4608,4.60799999999987,3.33333333333331
4609,4.60899999999987,3.33333333333331
4610,4.60999999999987,3.33333333333331
4611,4.61099999999987,3.33333333333331
4612,4.61199999999987,3.33333333333331
4613,4.61299999999988,3.33333333333331
4614,4.61399999999988,3.33333333333331
4615,4.61499999999988,3.33333333333331
4616,4.61599999999988,3.33333333333331
4617,4.61699999999988,3.33333333333331
4618,4.61799999999988,3.33333333333331
4619,4.61899999999988,3.33333333333331
4620,4.61999999999988,3.33333333333331
4621,4.62099999999988,3.33333333333331
4622,4.62199999999988,3.33333333333331
4623,4.62299999999988,3.33333333333331
4624,4.62399999999988,3.33333333333331
4625,4.62499999999988,3.33333333333331
4626,4.62599999999988,3.33333333333331
4627,4.62699999999988,3.33333333333331
4628,4.62799999999988,3.33333333333331
4629,4.62899999999988,3.33333333333331
4630,4.62999999999988,3.33333333333331
4631,4.63099999999988,3.33333333333331
4632,4.63199999999988,3.33333333333331
4633,4.63299999999988,3.33333333333331
4634,4.63399999999988,3.33333333333331
4635,4.63499999999988,3.33333333333331
4636,4.63599999999988,3.33333333333331
4637,4.63699999999988,3.33333333333331
4638,4.63799999999988,3.33333333333331
4639,4.63899999999988,3.33333333333331
4640,4.63999999999988,3.33333333333331
4641,4.64099999999988,3.33333333333331
4642,4.64199999999988,3.33333333333331
4643,4.64299999999989,3.33333333333331
4644,4.64399999999989,3.33333333333331
4645,4.64499999999989,3.33333333333331
4646,4.64599999999989,3.33333333333331
4647,4.64699999999989,3.33333333333331
4648,4.64799999999989,3.33333333333331
4649,4.64899999999989,3.33333333333331
4650,4.64999999999989,3.33333333333331
4651,4.65099999999989,3.33333333333331
4652,4.65199999999989,3.33333333333331
4653,4.65299999999989,3.33333333333331
4654,4.65399999999989,3.33333333333331
4655,4.65499999999989,3.33333333333331
4656,4.65599999999989,3.33333333333331
4657,4.65699999999989,3.33333333333331
4658,4.65799999999989,3.33333333333331
4659,4.65899999999989,3.33333333333331
4660,4.65999999999989,3.33333333333331
4661,4.66099999999989,3.33333333333331
4662,4.66199999999989,3.33333333333331
4663,4.66299999999989,3.33333333333331
4664,4.66399999999989,3.33333333333331
4665,4.66499999999989,3.33333333333331
4666,4.66599999999989,3.33333333333331
4667,4.66699999999989,3.33333333333331
4668,4.66799999999989,3.33333333333331
4669,4.66899999999989,3.33333333333331
4670,4.66999999999989,3.33333333333331
4671,4.67099999999989,3.33333333333331
4672,4.67199999999989,3.33333333333331
4673,4.6729999999999,3.33333333333331
4674,4.6739999999999,3.33333333333331
4675,4.6749999999999,3.33333333333331
4676,4.6759999999999,3.33333333333331
4677,4.6769999999999,3.33333333333331
4678,4.6779999999999,3.33333333333331
4679,4.6789999999999,3.33333333333331
4680,4.6799999999999,3.33333333333331
4681,4.6809999999999,3.33333333333331
4682,4.6819999999999,3.33333333333331
4683,4.6829999999999,3.33333333333331
4684,4.6839999999999,3.33333333333331
4685,4.6849999999999,3.33333333333331
4686,4.6859999999999,3.33333333333331
4687,4.6869999999999,3.33333333333331
4688,4.6879999999999,3.33333333333331
4689,4.6889999999999,3.33333333333331
4690,4.6899999999999,3.33333333333331
4691,4.6909999999999,3.33333333333331
4692,4.6919999999999,3.33333333333331
4693,4.6929999999999,3.33333333333331
4694,4.6939999999999,3.33333333333331
4695,4.6949999999999,3.33333333333331
4696,4.6959999999999,3.33333333333331
4697,4.6969999999999,3.33333333333331
4698,4.6979999999999,3.33333333333331
4699,4.6989999999999,3.33333333333331
4700,4.6999999999999,3.33333333333331
4701,4.7009999999999,3.33333333333331
4702,4.7019999999999,3.33333333333331
4703,4.70299999999991,3.33333333333331
4704,4.70399999999991,3.33333333333331
4705,4.70499999999991,3.33333333333331
4706,4.70599999999991,3.33333333333331
4707,4.70699999999991,3.33333333333331
4708,4.70799999999991,3.33333333333331
4709,4.70899999999991,3.33333333333331
4710,4.70999999999991,3.33333333333331
4711,4.71099999999991,3.33333333333331
4712,4.71199999999991,3.33333333333331
4713,4.71299999999991,3.33333333333331
4714,4.71399999999991,3.33333333333331
4715,4.71499999999991,3.33333333333331
4716,4.71599999999991,3.33333333333331
4717,4.71699999999991,3.33333333333331
4718,4.71799999999991,3.33333333333331
4719,4.71899999999991,3.33333333333331
4720,4.71999999999991,3.33333333333331
4721,4.72099999999991,3.33333333333331
4722,4.72199999999991,3.33333333333331
4723,4.72299999999991,3.33333333333331
4724,4.72399999999991,3.33333333333331
4725,4.72499999999991,3.33333333333331
4726,4.72599999999991,3.33333333333331
4727,4.72699999999991,3.33333333333331
4728,4.72799999999991,3.33333333333331
4729,4.72899999999991,3.33333333333331
4730,4.72999999999991,3.33333333333331
4731,4.73099999999991,3.33333333333331
4732,4.73199999999991,3.33333333333331
4733,4.73299999999992,3.33333333333331
4734,4.73399999999992,3.33333333333331
4735,4.73499999999992,3.33333333333331
4736,4.73599999999992,3.33333333333331
4737,4.73699999999992,3.33333333333331
4738,4.73799999999992,3.33333333333331
4739,4.73899999999992,3.33333333333331
4740,4.73999999999992,3.33333333333331
4741,4.74099999999992,3.33333333333331
4742,4.74199999999992,3.33333333333331
4743,4.74299999999992,3.33333333333331
4744,4.74399999999992,3.33333333333331
4745,4.74499999999992,3.33333333333331
4746,4.74599999999992,3.33333333333331
4747,4.74699999999992,3.33333333333331
4748,4.74799999999992,3.33333333333331
4749,4.74899999999992,3.33333333333331
4750,4.74999999999992,3.33333333333331
4751,4.75099999999992,3.33333333333331
4752,4.75199999999992,3.33333333333331
4753,4.75299999999992,3.33333333333331
4754,4.75399999999992,3.33333333333331
4755,4.75499999999992,3.33333333333331
4756,4.75599999999992,3.33333333333331
4757,4.75699999999992,3.33333333333331
4758,4.75799999999992,3.33333333333331
4759,4.75899999999992,3.33333333333331
4760,4.75999999999992,3.33333333333331
4761,4.76099999999992,3.33333333333331
4762,4.76199999999993,3.33333333333331
4763,4.76299999999993,3.33333333333331
4764,4.76399999999993,3.33333333333331
4765,4.76499999999993,3.33333333333331
4766,4.76599999999993,3.33333333333331
4767,4.76699999999993,3.33333333333331
4768,4.76799999999993,3.33333333333331
4769,4.76899999999993,3.33333333333331
4770,4.76999999999993,3.33333333333331
4771,4.77099999999993,3.33333333333331
4772,4.77199999999993,3.33333333333331
4773,4.77299999999993,3.33333333333331
4774,4.77399999999993,3.33333333333331
4775,4.77499999999993,3.33333333333331
4776,4.77599999999993,3.33333333333331
4777,4.77699999999993,3.33333333333331
4778,4.77799999999993,3.33333333333331
4779,4.77899999999993,3.33333333333331
4780,4.77999999999993,3.33333333333331
4781,4.78099999999993,3.33333333333331
4782,4.78199999999993,3.33333333333331
4783,4.78299999999993,3.33333333333331
4784,4.78399999999993,3.33333333333331
4785,4.78499999999993,3.33333333333331
4786,4.78599999999993,3.33333333333331
4787,4.78699999999993,3.33333333333331
4788,4.78799999999993,3.33333333333331
4789,4.78899999999993,3.33333333333331
4790,4.78999999999993,3.33333333333331
4791,4.79099999999993,3.33333333333331
4792,4.79199999999994,3.33333333333331
4793,4.79299999999994,3.33333333333331
4794,4.79399999999994,3.33333333333331
4795,4.79499999999994,3.33333333333331
4796,4.79599999999994,3.33333333333331
4797,4.79699999999994,3.33333333333331
4798,4.79799999999994,3.33333333333331
4799,4.79899999999994,3.33333333333331
4800,4.79999999999994,3.33333333333331
4801,4.80099999999994,3.33333333333331
4802,4.80199999999994,3.33333333333331
4803,4.80299999999994,3.33333333333331
4804,4.80399999999994,3.33333333333331
4805,4.80499999999994,3.33333333333331
4806,4.80599999999994,3.33333333333331
4807,4.80699999999994,3.33333333333331
4808,4.80799999999994,3.33333333333331
4809,4.80899999999994,3.33333333333331
4810,4.80999999999994,3.33333333333331
4811,4.81099999999994,3.33333333333331
4812,4.81199999999994,3.33333333333331
4813,4.81299999999994,3.33333333333331
4814,4.81399999999994,3.33333333333331
4815,4.81499999999994,3.33333333333331
4816,4.81599999999994,3.33333333333331
4817,4.81699999999994,3.33333333333331
4818,4.81799999999994,3.33333333333331
4819,4.81899999999994,3.33333333333331
4820,4.81999999999994,3.33333333333331
4821,4.82099999999994,3.33333333333331
4822,4.82199999999995,3.33333333333331
4823,4.82299999999995,3.33333333333331
4824,4.82399999999995,3.33333333333331
4825,4.82499999999995,3.33333333333331
4826,4.82599999999995,3.33333333333331
4827,4.82699999999995,3.33333333333331
4828,4.82799999999995,3.33333333333331
4829,4.82899999999995,3.33333333333331
4830,4.82999999999995,3.33333333333331
4831,4.83099999999995,3.33333333333331
4832,4.83199999999995,3.33333333333331
4833,4.83299999999995,3.33333333333331
4834,4.83399999999995,3.33333333333331
4835,4.83499999999995,3.33333333333331
4836,4.83599999999995,3.33333333333331
4837,4.83699999999995,3.33333333333331
4838,4.83799999999995,3.33333333333331
4839,4.83899999999995,3.33333333333331
4840,4.83999999999995,3.33333333333331
4841,4.84099999999995,3.33333333333331
4842,4.84199999999995,3.33333333333331
4843,4.84299999999995,3.33333333333331
4844,4.84399999999995,3.33333333333331
4845,4.84499999999995,3.33333333333331
4846,4.84599999999995,3.33333333333331
4847,4.84699999999995,3.33333333333331
4848,4.84799999999995,3.33333333333331
4849,4.84899999999995,3.33333333333331
4850,4.84999999999995,3.33333333333331
4851,4.85099999999995,3.33333333333331
4852,4.85199999999996,3.33333333333331
4853,4.85299999999996,3.33333333333331
4854,4.85399999999996,3.33333333333331
4855,4.85499999999996,3.33333333333331
4856,4.85599999999996,3.33333333333331
4857,4.85699999999996,3.33333333333331
4858,4.85799999999996,3.33333333333331
4859,4.85899999999996,3.33333333333331
4860,4.85999999999996,3.33333333333331
4861,4.86099999999996,3.33333333333331
4862,4.86199999999996,3.33333333333331
4863,4.86299999999996,3.33333333333331
4864,4.86399999999996,3.33333333333331
4865,4.86499999999996,3.33333333333331
4866,4.86599999999996,3.33333333333331
4867,4.86699999999996,3.33333333333331
4868,4.86799999999996,3.33333333333331
4869,4.86899999999996,3.33333333333331
4870,4.86999999999996,3.33333333333331
4871,4.87099999999996,3.33333333333331
4872,4.87199999999996,3.33333333333331
4873,4.87299999999996,3.33333333333331
4874,4.87399999999996,3.33333333333331
4875,4.87499999999996,3.33333333333331
4876,4.87599999999996,3.33333333333331
4877,4.87699999999996,3.33333333333331
4878,4.87799999999996,3.33333333333331
4879,4.87899999999996,3.33333333333331
4880,4.87999999999996,3.33333333333331
4881,4.88099999999996,3.33333333333331
4882,4.88199999999997,3.33333333333331
4883,4.88299999999997,3.33333333333331
4884,4.88399999999997,3.33333333333331
4885,4.88499999999997,3.33333333333331
4886,4.88599999999997,3.33333333333331
4887,4.88699999999997,3.33333333333331
4888,4.88799999999997,3.33333333333331
4889,4.88899999999997,3.33333333333331
4890,4.88999999999997,3.33333333333331
4891,4.89099999999997,3.33333333333331
4892,4.89199999999997,3.33333333333331
4893,4.89299999999997,3.33333333333331
4894,4.89399999999997,3.33333333333331
4895,4.89499999999997,3.33333333333331
4896,4.89599999999997,3.33333333333331
4897,4.89699999999997,3.33333333333331
4898,4.89799999999997,3.33333333333331
4899,4.89899999999997,3.33333333333331
4900,4.89999999999997,3.33333333333331
4901,4.90099999999997,3.33333333333331
4902,4.90199999999997,3.33333333333331
4903,4.90299999999997,3.33333333333331
4904,4.90399999999997,3.33333333333331
4905,4.90499999999997,3.33333333333331
4906,4.90599999999997,3.33333333333331
4907,4.90699999999997,3.33333333333331
4908,4.90799999999997,3.33333333333331
4909,4.90899999999997,3.33333333333331
4910,4.90999999999997,3.33333333333331
4911,4.91099999999997,3.33333333333331
4912,4.91199999999998,3.33333333333331
4913,4.91299999999998,3.33333333333331
4914,4.91399999999998,3.33333333333331
4915,4.91499999999998,3.33333333333331
4916,4.91599999999998,3.33333333333331
4917,4.91699999999998,3.33333333333331
4918,4.91799999999998,3.33333333333331
4919,4.91899999999998,3.33333333333331
4920,4.91999999999998,3.33333333333331
4921,4.92099999999998,3.33333333333331
4922,4.92199999999998,3.33333333333331
4923,4.92299999999998,3.33333333333331
4924,4.92399999999998,3.33333333333331
4925,4.92499999999998,3.33333333333331
4926,4.92599999999998,3.33333333333331
4927,4.92699999999998,3.33333333333331
4928,4.92799999999998,3.33333333333331
4929,4.92899999999998,3.33333333333331
4930,4.92999999999998,3.33333333333331
4931,4.93099999999998,3.33333333333331
4932,4.93199999999998,3.33333333333331
4933,4.93299999999998,3.33333333333331
4934,4.93399999999998,3.33333333333331
4935,4.93499999999998,3.33333333333331
4936,4.93599999999998,3.33333333333331
4937,4.93699999999998,3.33333333333331
4938,4.93799999999998,3.33333333333331
4939,4.93899999999998,3.33333333333331
4940,4.93999999999998,3.33333333333331
4941,4.94099999999998,3.33333333333331
4942,4.94199999999999,3.33333333333331
4943,4.94299999999999,3.33333333333331
4944,4.94399999999999,3.33333333333331
4945,4.94499999999999,3.33333333333331
4946,4.94599999999999,3.33333333333331
4947,4.94699999999999,3.33333333333331
4948,4.94799999999999,3.33333333333331
4949,4.94899999999999,3.33333333333331
4950,4.94999999999999,3.33333333333331
4951,4.95099999999999,3.33333333333331
4952,4.95199999999999,3.33333333333331
4953,4.95299999999999,3.33333333333331
4954,4.95399999999999,3.33333333333331
4955,4.95499999999999,3.33333333333331
4956,4.95599999999999,3.33333333333331
4957,4.95699999999999,3.33333333333331
4958,4.95799999999999,3.33333333333331
4959,4.95899999999999,3.33333333333331
4960,4.95999999999999,3.33333333333331
4961,4.96099999999999,3.33333333333331
4962,4.96199999999999,3.33333333333331
4963,4.96299999999999,3.33333333333331
4964,4.96399999999999,3.33333333333331
4965,4.96499999999999,3.33333333333331
4966,4.96599999999999,3.33333333333331
4967,4.96699999999999,3.33333333333331
4968,4.96799999999999,3.33333333333331
4969,4.96899999999999,3.33333333333331
4970,4.96999999999999,3.33333333333331
4971,4.97099999999999,3.33333333333331
4972,4.972,3.33333333333331
4973,4.973,3.33333333333331
4974,4.974,3.33333333333331
4975,4.975,3.33333333333331
4976,4.976,3.33333333333331
4977,4.977,3.33333333333331
4978,4.978,3.33333333333331
4979,4.979,3.33333333333331
4980,4.98,3.33333333333331
4981,4.981,3.33333333333331
4982,4.982,3.33333333333331
4983,4.983,3.33333333333331
4984,4.984,3.33333333333331
4985,4.985,3.33333333333331
4986,4.986,3.33333333333331
4987,4.987,3.33333333333331
4988,4.988,3.33333333333331
4989,4.989,3.33333333333331
4990,4.99,3.33333333333331
4991,4.991,3.33333333333331
4992,4.992,3.33333333333331
4993,4.993,3.33333333333331
4994,4.994,3.33333333333331
4995,4.995,3.33333333333331
4996,4.996,3.33333333333331
4997,4.997,3.33333333333331
4998,4.998,3.33333333333331
4999,4.999,3.33333333333331
5000,5,3.33333333333331
5001,5.001,3.33333333333331
5002,5.00200000000001,3.33333333333331
5003,5.00300000000001,3.33333333333331
5004,5.00400000000001,3.33333333333331
5005,5.00500000000001,3.33333333333331
5006,5.00600000000001,3.33333333333331
5007,5.00700000000001,3.33333333333331
5008,5.00800000000001,3.33333333333331
5009,5.00900000000001,3.33333333333331
5010,5.01000000000001,3.33333333333331
5011,5.01100000000001,3.33333333333331
5012,5.01200000000001,3.33333333333331
5013,5.01300000000001,3.33333333333331
5014,5.01400000000001,3.33333333333331
5015,5.01500000000001,3.33333333333331
5016,5.01600000000001,3.33333333333331
5017,5.01700000000001,3.33333333333331
5018,5.01800000000001,3.33333333333331
5019,5.01900000000001,3.33333333333331
5020,5.02000000000001,3.33333333333331
5021,5.02100000000001,3.33333333333331
5022,5.02200000000001,3.33333333333331
5023,5.02300000000001,3.33333333333331
5024,5.02400000000001,3.33333333333331
5025,5.02500000000001,3.33333333333331
5026,5.02600000000001,3.33333333333331
5027,5.02700000000001,3.33333333333331
5028,5.02800000000001,3.33333333333331
5029,5.02900000000001,3.33333333333331
5030,5.03000000000001,3.33333333333331
5031,5.03100000000001,3.33333333333331
5032,5.03200000000002,3.33333333333331
5033,5.03300000000002,3.33333333333331
5034,5.03400000000002,3.33333333333331
5035,5.03500000000002,3.33333333333331
5036,5.03600000000002,3.33333333333331
5037,5.03700000000002,3.33333333333331
5038,5.03800000000002,3.33333333333331
5039,5.03900000000002,3.33333333333331
5040,5.04000000000002,3.33333333333331
5041,5.04100000000002,3.33333333333331
5042,5.04200000000002,3.33333333333331
5043,5.04300000000002,3.33333333333331
5044,5.04400000000002,3.33333333333331
5045,5.04500000000002,3.33333333333331
5046,5.04600000000002,3.33333333333331
5047,5.04700000000002,3.33333333333331
5048,5.04800000000002,3.33333333333331
5049,5.04900000000002,3.33333333333331
5050,5.05000000000002,3.33333333333331
5051,5.05100000000002,3.33333333333331
5052,5.05200000000002,3.33333333333331
5053,5.05300000000002,3.33333333333331
5054,5.05400000000002,3.33333333333331
5055,5.05500000000002,3.33333333333331
5056,5.05600000000002,3.33333333333331
5057,5.05700000000002,3.33333333333331
5058,5.05800000000002,3.33333333333331
5059,5.05900000000002,3.33333333333331
5060,5.06000000000002,3.33333333333331
5061,5.06100000000002,3.33333333333331
5062,5.06200000000003,3.33333333333331
5063,5.06300000000003,3.33333333333331
5064,5.06400000000003,3.33333333333331
5065,5.06500000000003,3.33333333333331
5066,5.06600000000003,3.33333333333331
5067,5.06700000000003,3.33333333333331
5068,5.06800000000003,3.33333333333331
5069,5.06900000000003,3.33333333333331
5070,5.07000000000003,3.33333333333331
5071,5.07100000000003,3.33333333333331
5072,5.07200000000003,3.33333333333331
5073,5.07300000000003,3.33333333333331
5074,5.07400000000003,3.33333333333331
5075,5.07500000000003,3.33333333333331
5076,5.07600000000003,3.33333333333331
5077,5.07700000000003,3.33333333333331
5078,5.07800000000003,3.33333333333331
5079,5.07900000000003,3.33333333333331
5080,5.08000000000003,3.33333333333331
5081,5.08100000000003,3.33333333333331
5082,5.08200000000003,3.33333333333331
5083,5.08300000000003,3.33333333333331
5084,5.08400000000003,3.33333333333331
5085,5.08500000000003,3.33333333333331
5086,5.08600000000003,3.33333333333331
5087,5.08700000000003,3.33333333333331
5088,5.08800000000003,3.33333333333331
5089,5.08900000000003,3.33333333333331
5090,5.09000000000003,3.33333333333331
5091,5.09100000000003,3.33333333333331
5092,5.09200000000004,3.33333333333331
5093,5.09300000000004,3.33333333333331
5094,5.09400000000004,3.33333333333331
5095,5.09500000000004,3.33333333333331
5096,5.09600000000004,3.33333333333331
5097,5.09700000000004,3.33333333333331
5098,5.09800000000004,3.33333333333331
5099,5.09900000000004,3.33333333333331
5100,5.10000000000004,3.33333333333331
5101,5.10100000000004,3.33333333333331
5102,5.10200000000004,3.33333333333331
5103,5.10300000000004,3.33333333333331
5104,5.10400000000004,3.33333333333331
5105,5.10500000000004,3.33333333333331
5106,5.10600000000004,3.33333333333331
5107,5.10700000000004,3.33333333333331
5108,5.10800000000004,3.33333333333331
5109,5.10900000000004,3.33333333333331
5110,5.11000000000004,3.33333333333331
5111,5.11100000000004,3.33333333333331
5112,5.11200000000004,3.33333333333331
5113,5.11300000000004,3.33333333333331
5114,5.11400000000004,3.33333333333331
5115,5.11500000000004,3.33333333333331
5116,5.11600000000004,3.33333333333331
5117,5.11700000000004,3.33333333333331
5118,5.11800000000004,3.33333333333331
5119,5.11900000000004,3.33333333333331
5120,5.12000000000004,3.33333333333331
5121,5.12100000000004,3.33333333333331
5122,5.12200000000005,3.33333333333331
5123,5.12300000000005,3.33333333333331
5124,5.12400000000005,3.33333333333331
5125,5.12500000000005,3.33333333333331
5126,5.12600000000005,3.33333333333331
5127,5.12700000000005,3.33333333333331
5128,5.12800000000005,3.33333333333331
5129,5.12900000000005,3.33333333333331
5130,5.13000000000005,3.33333333333331
5131,5.13100000000005,3.33333333333331
5132,5.13200000000005,3.33333333333331
5133,5.13300000000005,3.33333333333331
5134,5.13400000000005,3.33333333333331
5135,5.13500000000005,3.33333333333331
5136,5.13600000000005,3.33333333333331
5137,5.13700000000005,3.33333333333331
5138,5.13800000000005,3.33333333333331
5139,5.13900000000005,3.33333333333331
5140,5.14000000000005,3.33333333333331
5141,5.14100000000005,3.33333333333331
5142,5.14200000000005,3.33333333333331
5143,5.14300000000005,3.33333333333331
5144,5.14400000000005,3.33333333333331
5145,5.14500000000005,3.33333333333331
5146,5.14600000000005,3.33333333333331
5147,5.14700000000005,3.33333333333331
5148,5.14800000000005,3.33333333333331
5149,5.14900000000005,3.33333333333331
5150,5.15000000000005,3.33333333333331
5151,5.15100000000005,3.33333333333331
5152,5.15200000000006,3.33333333333331
5153,5.15300000000006,3.33333333333331
5154,5.15400000000006,3.33333333333331
5155,5.15500000000006,3.33333333333331
5156,5.15600000000006,3.33333333333331
5157,5.15700000000006,3.33333333333331
5158,5.15800000000006,3.33333333333331
5159,5.15900000000006,3.33333333333331
5160,5.16000000000006,3.33333333333331
5161,5.16100000000006,3.33333333333331
5162,5.16200000000006,3.33333333333331
5163,5.16300000000006,3.33333333333331
5164,5.16400000000006,3.33333333333331
5165,5.16500000000006,3.33333333333331
5166,5.16600000000006,3.33333333333331
5167,5.16700000000006,3.33333333333331
5168,5.16800000000006,3.33333333333331
5169,5.16900000000006,3.33333333333331
5170,5.17000000000006,3.33333333333331
5171,5.17100000000006,3.33333333333331
5172,5.17200000000006,3.33333333333331
5173,5.17300000000006,3.33333333333331
5174,5.17400000000006,3.33333333333331
5175,5.17500000000006,3.33333333333331
5176,5.17600000000006,3.33333333333331
5177,5.17700000000006,3.33333333333331
5178,5.17800000000006,3.33333333333331
5179,5.17900000000006,3.33333333333331
5180,5.18000000000006,3.33333333333331
5181,5.18100000000006,3.33333333333331
5182,5.18200000000007,3.33333333333331
5183,5.18300000000007,3.33333333333331
5184,5.18400000000007,3.33333333333331
5185,5.18500000000007,3.33333333333331
5186,5.18600000000007,3.33333333333331
5187,5.18700000000007,3.33333333333331
5188,5.18800000000007,3.33333333333331
5189,5.18900000000007,3.33333333333331
5190,5.19000000000007,3.33333333333331
5191,5.19100000000007,3.33333333333331
5192,5.19200000000007,3.33333333333331
5193,5.19300000000007,3.33333333333331
5194,5.19400000000007,3.33333333333331
5195,5.19500000000007,3.33333333333331
5196,5.19600000000007,3.33333333333331
5197,5.19700000000007,3.33333333333331
5198,5.19800000000007,3.33333333333331
5199,5.19900000000007,3.33333333333331
5200,5.20000000000007,3.33333333333331
5201,5.20100000000007,3.33333333333331
5202,5.20200000000007,3.33333333333331
5203,5.20300000000007,3.33333333333331
5204,5.20400000000007,3.33333333333331
5205,5.20500000000007,3.33333333333331
5206,5.20600000000007,3.33333333333331
5207,5.20700000000007,3.33333333333331
5208,5.20800000000007,3.33333333333331
5209,5.20900000000007,3.33333333333331
5210,5.21000000000007,3.33333333333331
5211,5.21100000000007,3.33333333333331
5212,5.21200000000008,3.33333333333331
5213,5.21300000000008,3.33333333333331
5214,5.21400000000008,3.33333333333331
5215,5.21500000000008,3.33333333333331
5216,5.21600000000008,3.33333333333331
5217,5.21700000000008,3.33333333333331
5218,5.21800000000008,3.33333333333331
5219,5.21900000000008,3.33333333333331
5220,5.22000000000008,3.33333333333331
5221,5.22100000000008,3.33333333333331
5222,5.22200000000008,3.33333333333331
5223,5.22300000000008,3.33333333333331
5224,5.22400000000008,3.33333333333331
5225,5.22500000000008,3.33333333333331
5226,5.22600000000008,3.33333333333331
5227,5.22700000000008,3.33333333333331
5228,5.22800000000008,3.33333333333331
5229,5.22900000000008,3.33333333333331
5230,5.23000000000008,3.33333333333331
5231,5.23100000000008,3.33333333333331
5232,5.23200000000008,3.33333333333331
5233,5.23300000000008,3.33333333333331
5234,5.23400000000008,3.33333333333331
5235,5.23500000000008,3.33333333333331
5236,5.23600000000008,3.33333333333331
5237,5.23700000000008,3.33333333333331
5238,5.23800000000008,3.33333333333331
5239,5.23900000000008,3.33333333333331
5240,5.24000000000008,3.33333333333331
5241,5.24100000000008,3.33333333333331
5242,5.24200000000009,3.33333333333331
5243,5.24300000000009,3.33333333333331
5244,5.24400000000009,3.33333333333331
5245,5.24500000000009,3.33333333333331
5246,5.24600000000009,3.33333333333331
5247,5.24700000000009,3.33333333333331
5248,5.24800000000009,3.33333333333331
5249,5.24900000000009,3.33333333333331
5250,5.25000000000009,3.33333333333331
5251,5.25100000000009,3.33333333333331
5252,5.25200000000009,3.33333333333331
5253,5.25300000000009,3.33333333333331
5254,5.25400000000009,3.33333333333331
5255,5.25500000000009,3.33333333333331
5256,5.25600000000009,3.33333333333331
5257,5.25700000000009,3.33333333333331
5258,5.25800000000009,3.33333333333331
5259,5.25900000000009,3.33333333333331
5260,5.26000000000009,3.33333333333331
5261,5.26100000000009,3.33333333333331
5262,5.26200000000009,3.33333333333331
5263,5.26300000000009,3.33333333333331
5264,5.26400000000009,3.33333333333331
5265,5.26500000000009,3.33333333333331
5266,5.26600000000009,3.33333333333331
5267,5.26700000000009,3.33333333333331
5268,5.26800000000009,3.33333333333331
5269,5.26900000000009,3.33333333333331
5270,5.27000000000009,3.33333333333331
5271,5.27100000000009,3.33333333333331
5272,5.2720000000001,3.33333333333331
5273,5.2730000000001,3.33333333333331
5274,5.2740000000001,3.33333333333331
5275,5.2750000000001,3.33333333333331
5276,5.2760000000001,3.33333333333331
5277,5.2770000000001,3.33333333333331
5278,5.2780000000001,3.33333333333331
5279,5.2790000000001,3.33333333333331
5280,5.2800000000001,3.33333333333331
5281,5.2810000000001,3.33333333333331
5282,5.2820000000001,3.33333333333331
5283,5.2830000000001,3.33333333333331
5284,5.2840000000001,3.33333333333331
5285,5.2850000000001,3.33333333333331
5286,5.2860000000001,3.33333333333331
5287,5.2870000000001,3.33333333333331
5288,5.2880000000001,3.33333333333331
5289,5.2890000000001,3.33333333333331
5290,5.2900000000001,3.33333333333331
5291,5.2910000000001,3.33333333333331
5292,5.2920000000001,3.33333333333331
5293,5.2930000000001,3.33333333333331
5294,5.2940000000001,3.33333333333331
5295,5.2950000000001,3.33333333333331
5296,5.2960000000001,3.33333333333331
5297,5.2970000000001,3.33333333333331
5298,5.2980000000001,3.33333333333331
5299,5.2990000000001,3.33333333333331
5300,5.3000000000001,3.33333333333331
5301,5.30100000000011,3.33333333333331
5302,5.30200000000011,3.33333333333331
5303,5.30300000000011,3.33333333333331
5304,5.30400000000011,3.33333333333331
5305,5.30500000000011,3.33333333333331
5306,5.30600000000011,3.33333333333331
5307,5.30700000000011,3.33333333333331
5308,5.30800000000011,3.33333333333331
5309,5.30900000000011,3.33333333333331
5310,5.31000000000011,3.33333333333331
5311,5.31100000000011,3.33333333333331
5312,5.31200000000011,3.33333333333331
5313,5.31300000000011,3.33333333333331
5314,5.31400000000011,3.33333333333331
5315,5.31500000000011,3.33333333333331
5316,5.31600000000011,3.33333333333331
5317,5.31700000000011,3.33333333333331
5318,5.31800000000011,3.33333333333331
5319,5.31900000000011,3.33333333333331
5320,5.32000000000011,3.33333333333331
5321,5.32100000000011,3.33333333333331
5322,5.32200000000011,3.33333333333331
5323,5.32300000000011,3.33333333333331
5324,5.32400000000011,3.33333333333331
5325,5.32500000000011,3.33333333333331
5326,5.32600000000011,3.33333333333331
5327,5.32700000000011,3.33333333333331
5328,5.32800000000011,3.33333333333331
5329,5.32900000000011,3.33333333333331
5330,5.33000000000011,3.33333333333331
5331,5.33100000000012,3.33333333333331
5332,5.33200000000012,3.33333333333331
5333,5.33300000000012,3.33333333333331
5334,5.33400000000012,3.33333333333331
5335,5.33500000000012,3.33333333333331
5336,5.33600000000012,3.33333333333331
5337,5.33700000000012,3.33333333333331
5338,5.33800000000012,3.33333333333331
5339,5.33900000000012,3.33333333333331
5340,5.34000000000012,3.33333333333331
5341,5.34100000000012,3.33333333333331
5342,5.34200000000012,3.33333333333331
5343,5.34300000000012,3.33333333333331
5344,5.34400000000012,3.33333333333331
5345,5.34500000000012,3.33333333333331
5346,5.34600000000012,3.33333333333331
5347,5.34700000000012,3.33333333333331
5348,5.34800000000012,3.33333333333331
5349,5.34900000000012,3.33333333333331
5350,5.35000000000012,3.33333333333331
5351,5.35100000000012,3.33333333333331
5352,5.35200000000012,3.33333333333331
5353,5.35300000000012,3.33333333333331
5354,5.35400000000012,3.33333333333331
5355,5.35500000000012,3.33333333333331
5356,5.35600000000012,3.33333333333331
5357,5.35700000000012,3.33333333333331
5358,5.35800000000012,3.33333333333331
5359,5.35900000000012,3.33333333333331
5360,5.36000000000012,3.33333333333331
5361,5.36100000000013,3.33333333333331
5362,5.36200000000013,3.33333333333331
5363,5.36300000000013,3.33333333333331
5364,5.36400000000013,3.33333333333331
5365,5.36500000000013,3.33333333333331
5366,5.36600000000013,3.33333333333331
5367,5.36700000000013,3.33333333333331
5368,5.36800000000013,3.33333333333331
5369,5.36900000000013,3.33333333333331
5370,5.37000000000013,3.33333333333331
5371,5.37100000000013,3.33333333333331
5372,5.37200000000013,3.33333333333331
5373,5.37300000000013,3.33333333333331
5374,5.37400000000013,3.33333333333331
5375,5.37500000000013,3.33333333333331
5376,5.37600000000013,3.33333333333331
5377,5.37700000000013,3.33333333333331
5378,5.37800000000013,3.33333333333331
5379,5.37900000000013,3.33333333333331
5380,5.38000000000013,3.33333333333331
5381,5.38100000000013,3.33333333333331
5382,5.38200000000013,3.33333333333331
5383,5.38300000000013,3.33333333333331
5384,5.38400000000013,3.33333333333331
5385,5.38500000000013,3.33333333333331
5386,5.38600000000013,3.33333333333331
5387,5.38700000000013,3.33333333333331
5388,5.38800000000013,3.33333333333331
5389,5.38900000000013,3.33333333333331
5390,5.39000000000013,3.33333333333331
5391,5.39100000000014,3.33333333333331
5392,5.39200000000014,3.33333333333331
5393,5.39300000000014,3.33333333333331
5394,5.39400000000014,3.33333333333331
5395,5.39500000000014,3.33333333333331
5396,5.39600000000014,3.33333333333331
5397,5.39700000000014,3.33333333333331
5398,5.39800000000014,3.33333333333331
5399,5.39900000000014,3.33333333333331
5400,5.40000000000014,3.33333333333331
5401,5.40100000000014,3.33333333333331
5402,5.40200000000014,3.33333333333331
5403,5.40300000000014,3.33333333333331
5404,5.40400000000014,3.33333333333331
5405,5.40500000000014,3.33333333333331
5406,5.40600000000014,3.33333333333331
5407,5.40700000000014,3.33333333333331
5408,5.40800000000014,3.33333333333331
5409,5.40900000000014,3.33333333333331
5410,5.41000000000014,3.33333333333331
5411,5.41100000000014,3.33333333333331
5412,5.41200000000014,3.33333333333331
5413,5.41300000000014,3.33333333333331
5414,5.41400000000014,3.33333333333331
5415,5.41500000000014,3.33333333333331
5416,5.41600000000014,3.33333333333331
5417,5.41700000000014,3.33333333333331
5418,5.41800000000014,3.33333333333331
5419,5.41900000000014,3.33333333333331
5420,5.42000000000014,3.33333333333331
5421,5.42100000000015,3.33333333333331
5422,5.42200000000015,3.33333333333331
5423,5.42300000000015,3.33333333333331
5424,5.42400000000015,3.33333333333331
5425,5.42500000000015,3.33333333333331
5426,5.42600000000015,3.33333333333331
5427,5.42700000000015,3.33333333333331
5428,5.42800000000015,3.33333333333331
5429,5.42900000000015,3.33333333333331
5430,5.43000000000015,3.33333333333331
5431,5.43100000000015,3.33333333333331
5432,5.43200000000015,3.33333333333331
5433,5.43300000000015,3.33333333333331
5434,5.43400000000015,3.33333333333331
5435,5.43500000000015,3.33333333333331
5436,5.43600000000015,3.33333333333331
5437,5.43700000000015,3.33333333333331
5438,5.43800000000015,3.33333333333331
5439,5.43900000000015,3.33333333333331
5440,5.44000000000015,3.33333333333331
5441,5.44100000000015,3.33333333333331
5442,5.44200000000015,3.33333333333331
5443,5.44300000000015,3.33333333333331
5444,5.44400000000015,3.33333333333331
5445,5.44500000000015,3.33333333333331
5446,5.44600000000015,3.33333333333331
5447,5.44700000000015,3.33333333333331
5448,5.44800000000015,3.33333333333331
5449,5.44900000000015,3.33333333333331
5450,5.45000000000015,3.33333333333331
5451,5.45100000000016,3.33333333333331
5452,5.45200000000016,3.33333333333331
5453,5.45300000000016,3.33333333333331
5454,5.45400000000016,3.33333333333331
5455,5.45500000000016,3.33333333333331
5456,5.45600000000016,3.33333333333331
5457,5.45700000000016,3.33333333333331
5458,5.45800000000016,3.33333333333331
5459,5.45900000000016,3.33333333333331
5460,5.46000000000016,3.33333333333331
5461,5.46100000000016,3.33333333333331
5462,5.46200000000016,3.33333333333331
5463,5.46300000000016,3.33333333333331
5464,5.46400000000016,3.33333333333331
5465,5.46500000000016,3.33333333333331
5466,5.46600000000016,3.33333333333331
5467,5.46700000000016,3.33333333333331
5468,5.46800000000016,3.33333333333331
5469,5.46900000000016,3.33333333333331
5470,5.47000000000016,3.33333333333331
5471,5.47100000000016,3.33333333333331
5472,5.47200000000016,3.33333333333331
5473,5.47300000000016,3.33333333333331
5474,5.47400000000016,3.33333333333331
5475,5.47500000000016,3.33333333333331
5476,5.47600000000016,3.33333333333331
5477,5.47700000000016,3.33333333333331
5478,5.47800000000016,3.33333333333331
5479,5.47900000000016,3.33333333333331
5480,5.48000000000016,3.33333333333331
5481,5.48100000000017,3.33333333333331
5482,5.48200000000017,3.33333333333331
5483,5.48300000000017,3.33333333333331
5484,5.48400000000017,3.33333333333331
5485,5.48500000000017,3.33333333333331
5486,5.48600000000017,3.33333333333331
5487,5.48700000000017,3.33333333333331
5488,5.48800000000017,3.33333333333331
5489,5.48900000000017,3.33333333333331
5490,5.49000000000017,3.33333333333331
5491,5.49100000000017,3.33333333333331
5492,5.49200000000017,3.33333333333331
5493,5.49300000000017,3.33333333333331
5494,5.49400000000017,3.33333333333331
5495,5.49500000000017,3.33333333333331
5496,5.49600000000017,3.33333333333331
5497,5.49700000000017,3.33333333333331
5498,5.49800000000017,3.33333333333331
5499,5.49900000000017,3.33333333333331
5500,5.50000000000017,3.33333333333331
5501,5.50100000000017,3.33333333333331
5502,5.50200000000017,3.33333333333331
5503,5.50300000000017,3.33333333333331
5504,5.50400000000017,3.33333333333331
5505,5.50500000000017,3.33333333333331
5506,5.50600000000017,3.33333333333331
5507,5.50700000000017,3.33333333333331
5508,5.50800000000017,3.33333333333331
5509,5.50900000000017,3.33333333333331
5510,5.51000000000017,3.33333333333331
5511,5.51100000000018,3.33333333333331
5512,5.51200000000018,3.33333333333331
5513,5.51300000000018,3.33333333333331
5514,5.51400000000018,3.33333333333331
5515,5.51500000000018,3.33333333333331
5516,5.51600000000018,3.33333333333331
5517,5.51700000000018,3.33333333333331
5518,5.51800000000018,3.33333333333331
5519,5.51900000000018,3.33333333333331
5520,5.52000000000018,3.33333333333331
5521,5.52100000000018,3.33333333333331
5522,5.52200000000018,3.33333333333331
5523,5.52300000000018,3.33333333333331
5524,5.52400000000018,3.33333333333331
5525,5.52500000000018,3.33333333333331
5526,5.52600000000018,3.33333333333331
5527,5.52700000000018,3.33333333333331
5528,5.52800000000018,3.33333333333331
5529,5.52900000000018,3.33333333333331
5530,5.53000000000018,3.33333333333331
5531,5.53100000000018,3.33333333333331
5532,5.53200000000018,3.33333333333331
5533,5.53300000000018,3.33333333333331
5534,5.53400000000018,3.33333333333331
5535,5.53500000000018,3.33333333333331
5536,5.53600000000018,3.33333333333331
5537,5.53700000000018,3.33333333333331
5538,5.53800000000018,3.33333333333331
5539,5.53900000000018,3.33333333333331
5540,5.54000000000018,3.33333333333331
5541,5.54100000000019,3.33333333333331
5542,5.54200000000019,3.33333333333331
5543,5.54300000000019,3.33333333333331
5544,5.54400000000019,3.33333333333331
5545,5.54500000000019,3.33333333333331
5546,5.54600000000019,3.33333333333331
5547,5.54700000000019,3.33333333333331
5548,5.54800000000019,3.33333333333331
5549,5.54900000000019,3.33333333333331
5550,5.55000000000019,3.33333333333331
5551,5.55100000000019,3.33333333333331
5552,5.55200000000019,3.33333333333331
5553,5.55300000000019,3.33333333333331
5554,5.55400000000019,3.33333333333331
5555,5.55500000000019,3.33333333333331
5556,5.55600000000019,3.33333333333331
5557,5.55700000000019,3.33333333333331
5558,5.55800000000019,3.33333333333331
5559,5.55900000000019,3.33333333333331
5560,5.56000000000019,3.33333333333331
5561,5.56100000000019,3.33333333333331
5562,5.56200000000019,3.33333333333331
5563,5.56300000000019,3.33333333333331
5564,5.56400000000019,3.33333333333331
5565,5.56500000000019,3.33333333333331
5566,5.56600000000019,3.33333333333331
5567,5.56700000000019,3.33333333333331
5568,5.56800000000019,3.33333333333331
5569,5.56900000000019,3.33333333333331
5570,5.57000000000019,3.33333333333331
5571,5.5710000000002,3.33333333333331
5572,5.5720000000002,3.33333333333331
5573,5.5730000000002,3.33333333333331
5574,5.5740000000002,3.33333333333331
5575,5.5750000000002,3.33333333333331
5576,5.5760000000002,3.33333333333331
5577,5.5770000000002,3.33333333333331
5578,5.5780000000002,3.33333333333331
5579,5.5790000000002,3.33333333333331
5580,5.5800000000002,3.33333333333331
5581,5.5810000000002,3.33333333333331
5582,5.5820000000002,3.33333333333331
5583,5.5830000000002,3.33333333333331
5584,5.5840000000002,3.33333333333331
5585,5.5850000000002,3.33333333333331
5586,5.5860000000002,3.33333333333331
5587,5.5870000000002,3.33333333333331
5588,5.5880000000002,3.33333333333331
5589,5.5890000000002,3.33333333333331
5590,5.5900000000002,3.33333333333331
5591,5.5910000000002,3.33333333333331
5592,5.5920000000002,3.33333333333331
5593,5.5930000000002,3.33333333333331
5594,5.5940000000002,3.33333333333331
5595,5.5950000000002,3.33333333333331
5596,5.5960000000002,3.33333333333331
5597,5.5970000000002,3.33333333333331
5598,5.5980000000002,3.33333333333331
5599,5.5990000000002,3.33333333333331
5600,5.6000000000002,3.33333333333331
5601,5.60100000000021,3.33333333333331
5602,5.60200000000021,3.33333333333331
5603,5.60300000000021,3.33333333333331
5604,5.60400000000021,3.33333333333331
5605,5.60500000000021,3.33333333333331
5606,5.60600000000021,3.33333333333331
5607,5.60700000000021,3.33333333333331
5608,5.60800000000021,3.33333333333331
5609,5.60900000000021,3.33333333333331
5610,5.61000000000021,3.33333333333331
5611,5.61100000000021,3.33333333333331
5612,5.61200000000021,3.33333333333331
5613,5.61300000000021,3.33333333333331
5614,5.61400000000021,3.33333333333331
5615,5.61500000000021,3.33333333333331
5616,5.61600000000021,3.33333333333331
5617,5.61700000000021,3.33333333333331
5618,5.61800000000021,3.33333333333331
5619,5.61900000000021,3.33333333333331
5620,5.62000000000021,3.33333333333331
5621,5.62100000000021,3.33333333333331
5622,5.62200000000021,3.33333333333331
5623,5.62300000000021,3.33333333333331
5624,5.62400000000021,3.33333333333331
5625,5.62500000000021,3.33333333333331
5626,5.62600000000021,3.33333333333331
5627,5.62700000000021,3.33333333333331
5628,5.62800000000021,3.33333333333331
5629,5.62900000000021,3.33333333333331
5630,5.63000000000021,3.33333333333331
5631,5.63100000000022,3.33333333333331
5632,5.63200000000022,3.33333333333331
5633,5.63300000000022,3.33333333333331
5634,5.63400000000022,3.33333333333331
5635,5.63500000000022,3.33333333333331
5636,5.63600000000022,3.33333333333331
5637,5.63700000000022,3.33333333333331
5638,5.63800000000022,3.33333333333331
5639,5.63900000000022,3.33333333333331
5640,5.64000000000022,3.33333333333331
5641,5.64100000000022,3.33333333333331
5642,5.64200000000022,3.33333333333331
5643,5.64300000000022,3.33333333333331
5644,5.64400000000022,3.33333333333331
5645,5.64500000000022,3.33333333333331
5646,5.64600000000022,3.33333333333331
5647,5.64700000000022,3.33333333333331
5648,5.64800000000022,3.33333333333331
5649,5.64900000000022,3.33333333333331
5650,5.65000000000022,3.33333333333331
5651,5.65100000000022,3.33333333333331
5652,5.65200000000022,3.33333333333331
5653,5.65300000000022,3.33333333333331
5654,5.65400000000022,3.33333333333331
5655,5.65500000000022,3.33333333333331
5656,5.65600000000022,3.33333333333331
5657,5.65700000000022,3.33333333333331
5658,5.65800000000022,3.33333333333331
5659,5.65900000000022,3.33333333333331
5660,5.66000000000022,3.33333333333331
5661,5.66100000000023,3.33333333333331
5662,5.66200000000023,3.33333333333331
5663,5.66300000000023,3.33333333333331
5664,5.66400000000023,3.33333333333331
5665,5.66500000000023,3.33333333333331
5666,5.66600000000023,3.33333333333331
5667,5.66700000000023,3.33333333333331
5668,5.66800000000023,3.33333333333331
5669,5.66900000000023,3.33333333333331
5670,5.67000000000023,3.33333333333331
5671,5.67100000000023,3.33333333333331
5672,5.67200000000023,3.33333333333331
5673,5.67300000000023,3.33333333333331
5674,5.67400000000023,3.33333333333331
5675,5.67500000000023,3.33333333333331
5676,5.67600000000023,3.33333333333331
5677,5.67700000000023,3.33333333333331
5678,5.67800000000023,3.33333333333331
5679,5.67900000000023,3.33333333333331
5680,5.68000000000023,3.33333333333331
5681,5.68100000000023,3.33333333333331
5682,5.68200000000023,3.33333333333331
5683,5.68300000000023,3.33333333333331
5684,5.68400000000023,3.33333333333331
5685,5.68500000000023,3.33333333333331
5686,5.68600000000023,3.33333333333331
5687,5.68700000000023,3.33333333333331
5688,5.68800000000023,3.33333333333331
5689,5.68900000000023,3.33333333333331
5690,5.69000000000023,3.33333333333331
5691,5.69100000000024,3.33333333333331
5692,5.69200000000024,3.33333333333331
5693,5.69300000000024,3.33333333333331
5694,5.69400000000024,3.33333333333331
5695,5.69500000000024,3.33333333333331
5696,5.69600000000024,3.33333333333331
5697,5.69700000000024,3.33333333333331
5698,5.69800000000024,3.33333333333331
5699,5.69900000000024,3.33333333333331
5700,5.70000000000024,3.33333333333331
5701,5.70100000000024,3.33333333333331
5702,5.70200000000024,3.33333333333331
5703,5.70300000000024,3.33333333333331
5704,5.70400000000024,3.33333333333331
5705,5.70500000000024,3.33333333333331
5706,5.70600000000024,3.33333333333331
5707,5.70700000000024,3.33333333333331
5708,5.70800000000024,3.33333333333331
5709,5.70900000000024,3.33333333333331
5710,5.71000000000024,3.33333333333331
5711,5.71100000000024,3.33333333333331
5712,5.71200000000024,3.33333333333331
5713,5.71300000000024,3.33333333333331
5714,5.71400000000024,3.33333333333331
5715,5.71500000000024,3.33333333333331
5716,5.71600000000024,3.33333333333331
5717,5.71700000000024,3.33333333333331
5718,5.71800000000024,3.33333333333331
5719,5.71900000000024,3.33333333333331
5720,5.72000000000024,3.33333333333331
5721,5.72100000000025,3.33333333333331
5722,5.72200000000025,3.33333333333331
5723,5.72300000000025,3.33333333333331
5724,5.72400000000025,3.33333333333331
5725,5.72500000000025,3.33333333333331
5726,5.72600000000025,3.33333333333331
5727,5.72700000000025,3.33333333333331
5728,5.72800000000025,3.33333333333331
5729,5.72900000000025,3.33333333333331
5730,5.73000000000025,3.33333333333331
5731,5.73100000000025,3.33333333333331
5732,5.73200000000025,3.33333333333331
5733,5.73300000000025,3.33333333333331
5734,5.73400000000025,3.33333333333331
5735,5.73500000000025,3.33333333333331
5736,5.73600000000025,3.33333333333331
5737,5.73700000000025,3.33333333333331
5738,5.73800000000025,3.33333333333331
5739,5.73900000000025,3.33333333333331
5740,5.74000000000025,3.33333333333331
5741,5.74100000000025,3.33333333333331
5742,5.74200000000025,3.33333333333331
5743,5.74300000000025,3.33333333333331
5744,5.74400000000025,3.33333333333331
5745,5.74500000000025,3.33333333333331
5746,5.74600000000025,3.33333333333331
5747,5.74700000000025,3.33333333333331
5748,5.74800000000025,3.33333333333331
5749,5.74900000000025,3.33333333333331
5750,5.75000000000025,3.33333333333331
5751,5.75100000000026,3.33333333333331
5752,5.75200000000026,3.33333333333331
5753,5.75300000000026,3.33333333333331
5754,5.75400000000026,3.33333333333331
5755,5.75500000000026,3.33333333333331
5756,5.75600000000026,3.33333333333331
5757,5.75700000000026,3.33333333333331
5758,5.75800000000026,3.33333333333331
5759,5.75900000000026,3.33333333333331
5760,5.76000000000026,3.33333333333331
5761,5.76100000000026,3.33333333333331
5762,5.76200000000026,3.33333333333331
5763,5.76300000000026,3.33333333333331
5764,5.76400000000026,3.33333333333331
5765,5.76500000000026,3.33333333333331
5766,5.76600000000026,3.33333333333331
5767,5.76700000000026,3.33333333333331
5768,5.76800000000026,3.33333333333331
5769,5.76900000000026,3.33333333333331
5770,5.77000000000026,3.33333333333331
5771,5.77100000000026,3.33333333333331
5772,5.77200000000026,3.33333333333331
5773,5.77300000000026,3.33333333333331
5774,5.77400000000026,3.33333333333331
5775,5.77500000000026,3.33333333333331
5776,5.77600000000026,3.33333333333331
5777,5.77700000000026,3.33333333333331
5778,5.77800000000026,3.33333333333331
5779,5.77900000000026,3.33333333333331
5780,5.78000000000026,3.33333333333331
5781,5.78100000000027,3.33333333333331
5782,5.78200000000027,3.33333333333331
5783,5.78300000000027,3.33333333333331
5784,5.78400000000027,3.33333333333331
5785,5.78500000000027,3.33333333333331
5786,5.78600000000027,3.33333333333331
5787,5.78700000000027,3.33333333333331
5788,5.78800000000027,3.33333333333331
5789,5.78900000000027,3.33333333333331
5790,5.79000000000027,3.33333333333331
5791,5.79100000000027,3.33333333333331
5792,5.79200000000027,3.33333333333331
5793,5.79300000000027,3.33333333333331
5794,5.79400000000027,3.33333333333331
5795,5.79500000000027,3.33333333333331
5796,5.79600000000027,3.33333333333331
5797,5.79700000000027,3.33333333333331
5798,5.79800000000027,3.33333333333331
5799,5.79900000000027,3.33333333333331
5800,5.80000000000027,3.33333333333331
5801,5.80100000000027,3.33333333333331
5802,5.80200000000027,3.33333333333331
5803,5.80300000000027,3.33333333333331
5804,5.80400000000027,3.33333333333331
5805,5.80500000000027,3.33333333333331
5806,5.80600000000027,3.33333333333331
5807,5.80700000000027,3.33333333333331
5808,5.80800000000027,3.33333333333331
5809,5.80900000000027,3.33333333333331
5810,5.81000000000027,3.33333333333331
5811,5.81100000000028,3.33333333333331
5812,5.81200000000028,3.33333333333331
5813,5.81300000000028,3.33333333333331
5814,5.81400000000028,3.33333333333331
5815,5.81500000000028,3.33333333333331
5816,5.81600000000028,3.33333333333331
5817,5.81700000000028,3.33333333333331
5818,5.81800000000028,3.33333333333331
5819,5.81900000000028,3.33333333333331
5820,5.82000000000028,3.33333333333331
5821,5.82100000000028,3.33333333333331
5822,5.82200000000028,3.33333333333331
5823,5.82300000000028,3.33333333333331
5824,5.82400000000028,3.33333333333331
5825,5.82500000000028,3.33333333333331
5826,5.82600000000028,3.33333333333331
5827,5.82700000000028,3.33333333333331
5828,5.82800000000028,3.33333333333331
5829,5.82900000000028,3.33333333333331
5830,5.83000000000028,3.33333333333331
5831,5.83100000000028,3.33333333333331
5832,5.83200000000028,3.33333333333331
5833,5.83300000000028,3.33333333333331
5834,5.83400000000028,3.33333333333331
5835,5.83500000000028,3.33333333333331
5836,5.83600000000028,3.33333333333331
5837,5.83700000000028,3.33333333333331
5838,5.83800000000028,3.33333333333331
5839,5.83900000000028,3.33333333333331
5840,5.84000000000029,3.33333333333331
5841,5.84100000000029,3.33333333333331
5842,5.84200000000029,3.33333333333331
5843,5.84300000000029,3.33333333333331
5844,5.84400000000029,3.33333333333331
5845,5.84500000000029,3.33333333333331
5846,5.84600000000029,3.33333333333331
5847,5.84700000000029,3.33333333333331
5848,5.84800000000029,3.33333333333331
5849,5.84900000000029,3.33333333333331
5850,5.85000000000029,3.33333333333331
5851,5.85100000000029,3.33333333333331
5852,5.85200000000029,3.33333333333331
5853,5.85300000000029,3.33333333333331
5854,5.85400000000029,3.33333333333331
5855,5.85500000000029,3.33333333333331
5856,5.85600000000029,3.33333333333331
5857,5.85700000000029,3.33333333333331
5858,5.85800000000029,3.33333333333331
5859,5.85900000000029,3.33333333333331
5860,5.86000000000029,3.33333333333331
5861,5.86100000000029,3.33333333333331
5862,5.86200000000029,3.33333333333331
5863,5.86300000000029,3.33333333333331
5864,5.86400000000029,3.33333333333331
5865,5.86500000000029,3.33333333333331
5866,5.86600000000029,3.33333333333331
5867,5.86700000000029,3.33333333333331
5868,5.86800000000029,3.33333333333331
5869,5.86900000000029,3.33333333333331
5870,5.8700000000003,3.33333333333331
5871,5.8710000000003,3.33333333333331
5872,5.8720000000003,3.33333333333331
5873,5.8730000000003,3.33333333333331
5874,5.8740000000003,3.33333333333331
5875,5.8750000000003,3.33333333333331
5876,5.8760000000003,3.33333333333331
5877,5.8770000000003,3.33333333333331
5878,5.8780000000003,3.33333333333331
5879,5.8790000000003,3.33333333333331
5880,5.8800000000003,3.33333333333331
5881,5.8810000000003,3.33333333333331
5882,5.8820000000003,3.33333333333331
5883,5.8830000000003,3.33333333333331
5884,5.8840000000003,3.33333333333331
5885,5.8850000000003,3.33333333333331
5886,5.8860000000003,3.33333333333331
5887,5.8870000000003,3.33333333333331
5888,5.8880000000003,3.33333333333331
5889,5.8890000000003,3.33333333333331
5890,5.8900000000003,3.33333333333331
5891,5.8910000000003,3.33333333333331
5892,5.8920000000003,3.33333333333331
5893,5.8930000000003,3.33333333333331
5894,5.8940000000003,3.33333333333331
5895,5.8950000000003,3.33333333333331
5896,5.8960000000003,3.33333333333331
5897,5.8970000000003,3.33333333333331
5898,5.8980000000003,3.33333333333331
5899,5.8990000000003,3.33333333333331
5900,5.90000000000031,3.33333333333331
5901,5.90100000000031,3.33333333333331
5902,5.90200000000031,3.33333333333331
5903,5.90300000000031,3.33333333333331
5904,5.90400000000031,3.33333333333331
5905,5.90500000000031,3.33333333333331
5906,5.90600000000031,3.33333333333331
5907,5.90700000000031,3.33333333333331
5908,5.90800000000031,3.33333333333331
5909,5.90900000000031,3.33333333333331
5910,5.91000000000031,3.33333333333331
5911,5.91100000000031,3.33333333333331
5912,5.91200000000031,3.33333333333331
5913,5.91300000000031,3.33333333333331
5914,5.91400000000031,3.33333333333331
5915,5.91500000000031,3.33333333333331
5916,5.91600000000031,3.33333333333331
5917,5.91700000000031,3.33333333333331
5918,5.91800000000031,3.33333333333331
5919,5.91900000000031,3.33333333333331
5920,5.92000000000031,3.33333333333331
5921,5.92100000000031,3.33333333333331
5922,5.92200000000031,3.33333333333331
5923,5.92300000000031,3.33333333333331
5924,5.92400000000031,3.33333333333331
5925,5.92500000000031,3.33333333333331
5926,5.92600000000031,3.33333333333331
5927,5.92700000000031,3.33333333333331
5928,5.92800000000031,3.33333333333331
5929,5.92900000000031,3.33333333333331
5930,5.93000000000032,3.33333333333331
5931,5.93100000000032,3.33333333333331
5932,5.93200000000032,3.33333333333331
5933,5.93300000000032,3.33333333333331
5934,5.93400000000032,3.33333333333331
5935,5.93500000000032,3.33333333333331
5936,5.93600000000032,3.33333333333331
5937,5.93700000000032,3.33333333333331
5938,5.93800000000032,3.33333333333331
5939,5.93900000000032,3.33333333333331
5940,5.94000000000032,3.33333333333331
5941,5.94100000000032,3.33333333333331
5942,5.94200000000032,3.33333333333331
5943,5.94300000000032,3.33333333333331
5944,5.94400000000032,3.33333333333331
5945,5.94500000000032,3.33333333333331
5946,5.94600000000032,3.33333333333331
5947,5.94700000000032,3.33333333333331
5948,5.94800000000032,3.33333333333331
5949,5.94900000000032,3.33333333333331
5950,5.95000000000032,3.33333333333331
5951,5.95100000000032,3.33333333333331
5952,5.95200000000032,3.33333333333331
5953,5.95300000000032,3.33333333333331
5954,5.95400000000032,3.33333333333331
5955,5.95500000000032,3.33333333333331
5956,5.95600000000032,3.33333333333331
5957,5.95700000000032,3.33333333333331
5958,5.95800000000032,3.33333333333331
5959,5.95900000000032,3.33333333333331
5960,5.96000000000033,3.33333333333331
5961,5.96100000000033,3.33333333333331
5962,5.96200000000033,3.33333333333331
5963,5.96300000000033,3.33333333333331
5964,5.96400000000033,3.33333333333331
5965,5.96500000000033,3.33333333333331
5966,5.96600000000033,3.33333333333331
5967,5.96700000000033,3.33333333333331
5968,5.96800000000033,3.33333333333331
5969,5.96900000000033,3.33333333333331
5970,5.97000000000033,3.33333333333331
5971,5.97100000000033,3.33333333333331
5972,5.97200000000033,3.33333333333331
5973,5.97300000000033,3.33333333333331
5974,5.97400000000033,3.33333333333331
5975,5.97500000000033,3.33333333333331
5976,5.97600000000033,3.33333333333331
5977,5.97700000000033,3.33333333333331
5978,5.97800000000033,3.33333333333331
5979,5.97900000000033,3.33333333333331
5980,5.98000000000033,3.33333333333331
5981,5.98100000000033,3.33333333333331
5982,5.98200000000033,3.33333333333331
5983,5.98300000000033,3.33333333333331
5984,5.98400000000033,3.33333333333331
5985,5.98500000000033,3.33333333333331
5986,5.98600000000033,3.33333333333331
5987,5.98700000000033,3.33333333333331
5988,5.98800000000033,3.33333333333331
5989,5.98900000000033,3.33333333333331
5990,5.99000000000034,3.33333333333331
5991,5.99100000000034,3.33333333333331
5992,5.99200000000034,3.33333333333331
5993,5.99300000000034,3.33333333333331
5994,5.99400000000034,3.33333333333331
5995,5.99500000000034,3.33333333333331
5996,5.99600000000034,3.33333333333331
5997,5.99700000000034,3.33333333333331
5998,5.99800000000034,3.33333333333331
5999,5.99900000000034,3.33333333333331
6000,6.00000000000034,3.33333333333331
6001,6.00100000000034,3.33333333333331
6002,6.00200000000034,3.33333333333331
6003,6.00300000000034,3.33333333333331
6004,6.00400000000034,3.33333333333331
6005,6.00500000000034,3.33333333333331
6006,6.00600000000034,3.33333333333331
6007,6.00700000000034,3.33333333333331
6008,6.00800000000034,3.33333333333331
6009,6.00900000000034,3.33333333333331
6010,6.01000000000034,3.33333333333331
6011,6.01100000000034,3.33333333333331
6012,6.01200000000034,3.33333333333331
6013,6.01300000000034,3.33333333333331
6014,6.01400000000034,3.33333333333331
6015,6.01500000000034,3.33333333333331
6016,6.01600000000034,3.33333333333331
6017,6.01700000000034,3.33333333333331
6018,6.01800000000034,3.33333333333331
6019,6.01900000000034,3.33333333333331
6020,6.02000000000035,3.33333333333331
6021,6.02100000000035,3.33333333333331
6022,6.02200000000035,3.33333333333331
6023,6.02300000000035,3.33333333333331
6024,6.02400000000035,3.33333333333331
6025,6.02500000000035,3.33333333333331
6026,6.02600000000035,3.33333333333331
6027,6.02700000000035,3.33333333333331
6028,6.02800000000035,3.33333333333331
6029,6.02900000000035,3.33333333333331
6030,6.03000000000035,3.33333333333331
6031,6.03100000000035,3.33333333333331
6032,6.03200000000035,3.33333333333331
6033,6.03300000000035,3.33333333333331
6034,6.03400000000035,3.33333333333331
6035,6.03500000000035,3.33333333333331
6036,6.03600000000035,3.33333333333331
6037,6.03700000000035,3.33333333333331
6038,6.03800000000035,3.33333333333331
6039,6.03900000000035,3.33333333333331
6040,6.04000000000035,3.33333333333331
6041,6.04100000000035,3.33333333333331
6042,6.04200000000035,3.33333333333331
6043,6.04300000000035,3.33333333333331
6044,6.04400000000035,3.33333333333331
6045,6.04500000000035,3.33333333333331
6046,6.04600000000035,3.33333333333331
6047,6.04700000000035,3.33333333333331
6048,6.04800000000035,3.33333333333331
6049,6.04900000000035,3.33333333333331
6050,6.05000000000036,3.33333333333331
6051,6.05100000000036,3.33333333333331
6052,6.05200000000036,3.33333333333331
6053,6.05300000000036,3.33333333333331
6054,6.05400000000036,3.33333333333331
6055,6.05500000000036,3.33333333333331
6056,6.05600000000036,3.33333333333331
6057,6.05700000000036,3.33333333333331
6058,6.05800000000036,3.33333333333331
6059,6.05900000000036,3.33333333333331
6060,6.06000000000036,3.33333333333331
6061,6.06100000000036,3.33333333333331
6062,6.06200000000036,3.33333333333331
6063,6.06300000000036,3.33333333333331
6064,6.06400000000036,3.33333333333331
6065,6.06500000000036,3.33333333333331
6066,6.06600000000036,3.33333333333331
6067,6.06700000000036,3.33333333333331
6068,6.06800000000036,3.33333333333331
6069,6.06900000000036,3.33333333333331
6070,6.07000000000036,3.33333333333331
6071,6.07100000000036,3.33333333333331
6072,6.07200000000036,3.33333333333331
6073,6.07300000000036,3.33333333333331
6074,6.07400000000036,3.33333333333331
6075,6.07500000000036,3.33333333333331
6076,6.07600000000036,3.33333333333331
6077,6.07700000000036,3.33333333333331
6078,6.07800000000036,3.33333333333331
6079,6.07900000000036,3.33333333333331
6080,6.08000000000037,3.33333333333331
6081,6.08100000000037,3.33333333333331
6082,6.08200000000037,3.33333333333331
6083,6.08300000000037,3.33333333333331
6084,6.08400000000037,3.33333333333331
6085,6.08500000000037,3.33333333333331
6086,6.08600000000037,3.33333333333331
6087,6.08700000000037,3.33333333333331
6088,6.08800000000037,3.33333333333331
6089,6.08900000000037,3.33333333333331
6090,6.09000000000037,3.33333333333331
6091,6.09100000000037,3.33333333333331
6092,6.09200000000037,3.33333333333331
6093,6.09300000000037,3.33333333333331
6094,6.09400000000037,3.33333333333331
6095,6.09500000000037,3.33333333333331
6096,6.09600000000037,3.33333333333331
6097,6.09700000000037,3.33333333333331
6098,6.09800000000037,3.33333333333331
6099,6.09900000000037,3.33333333333331
6100,6.10000000000037,3.33333333333331
6101,6.10100000000037,3.33333333333331
6102,6.10200000000037,3.33333333333331
6103,6.10300000000037,3.33333333333331
6104,6.10400000000037,3.33333333333331
6105,6.10500000000037,3.33333333333331
6106,6.10600000000037,3.33333333333331
6107,6.10700000000037,3.33333333333331
6108,6.10800000000037,3.33333333333331
6109,6.10900000000037,3.33333333333331
6110,6.11000000000038,3.33333333333331
6111,6.11100000000038,3.33333333333331
6112,6.11200000000038,3.33333333333331
6113,6.11300000000038,3.33333333333331
6114,6.11400000000038,3.33333333333331
6115,6.11500000000038,3.33333333333331
6116,6.11600000000038,3.33333333333331
6117,6.11700000000038,3.33333333333331
6118,6.11800000000038,3.33333333333331
6119,6.11900000000038,3.33333333333331
6120,6.12000000000038,3.33333333333331
6121,6.12100000000038,3.33333333333331
6122,6.12200000000038,3.33333333333331
6123,6.12300000000038,3.33333333333331
6124,6.12400000000038,3.33333333333331
6125,6.12500000000038,3.33333333333331
6126,6.12600000000038,3.33333333333331
6127,6.12700000000038,3.33333333333331
6128,6.12800000000038,3.33333333333331
6129,6.12900000000038,3.33333333333331
6130,6.13000000000038,3.33333333333331
6131,6.13100000000038,3.33333333333331
6132,6.13200000000038,3.33333333333331
6133,6.13300000000038,3.33333333333331
6134,6.13400000000038,3.33333333333331
6135,6.13500000000038,3.33333333333331
6136,6.13600000000038,3.33333333333331
6137,6.13700000000038,3.33333333333331
6138,6.13800000000038,3.33333333333331
6139,6.13900000000038,3.33333333333331
6140,6.14000000000039,3.33333333333331
6141,6.14100000000039,3.33333333333331
6142,6.14200000000039,3.33333333333331
6143,6.14300000000039,3.33333333333331
6144,6.14400000000039,3.33333333333331
6145,6.14500000000039,3.33333333333331
6146,6.14600000000039,3.33333333333331
6147,6.14700000000039,3.33333333333331
6148,6.14800000000039,3.33333333333331
6149,6.14900000000039,3.33333333333331
6150,6.15000000000039,3.33333333333331
6151,6.15100000000039,3.33333333333331
6152,6.15200000000039,3.33333333333331
6153,6.15300000000039,3.33333333333331
6154,6.15400000000039,3.33333333333331
6155,6.15500000000039,3.33333333333331
6156,6.15600000000039,3.33333333333331
6157,6.15700000000039,3.33333333333331
6158,6.15800000000039,3.33333333333331
6159,6.15900000000039,3.33333333333331
6160,6.16000000000039,3.33333333333331
6161,6.16100000000039,3.33333333333331
6162,6.16200000000039,3.33333333333331
6163,6.16300000000039,3.33333333333331
6164,6.16400000000039,3.33333333333331
6165,6.16500000000039,3.33333333333331
6166,6.16600000000039,3.33333333333331
6167,6.16700000000039,3.33333333333331
6168,6.16800000000039,3.33333333333331
6169,6.16900000000039,3.33333333333331
6170,6.1700000000004,3.33333333333331
6171,6.1710000000004,3.33333333333331
6172,6.1720000000004,3.33333333333331
6173,6.1730000000004,3.33333333333331
6174,6.1740000000004,3.33333333333331
6175,6.1750000000004,3.33333333333331
6176,6.1760000000004,3.33333333333331
6177,6.1770000000004,3.33333333333331
6178,6.1780000000004,3.33333333333331
6179,6.1790000000004,3.33333333333331
6180,6.1800000000004,3.33333333333331
6181,6.1810000000004,3.33333333333331
6182,6.1820000000004,3.33333333333331
6183,6.1830000000004,3.33333333333331
6184,6.1840000000004,3.33333333333331
6185,6.1850000000004,3.33333333333331
6186,6.1860000000004,3.33333333333331
6187,6.1870000000004,3.33333333333331
6188,6.1880000000004,3.33333333333331
6189,6.1890000000004,3.33333333333331
6190,6.1900000000004,3.33333333333331
6191,6.1910000000004,3.33333333333331
6192,6.1920000000004,3.33333333333331
6193,6.1930000000004,3.33333333333331
6194,6.1940000000004,3.33333333333331
6195,6.1950000000004,3.33333333333331
6196,6.1960000000004,3.33333333333331
6197,6.1970000000004,3.33333333333331
6198,6.1980000000004,3.33333333333331
6199,6.1990000000004,3.33333333333331
6200,6.20000000000041,3.33333333333331
6201,6.20100000000041,3.33333333333331
6202,6.20200000000041,3.33333333333331
6203,6.20300000000041,3.33333333333331
6204,6.20400000000041,3.33333333333331
6205,6.20500000000041,3.33333333333331
6206,6.20600000000041,3.33333333333331
6207,6.20700000000041,3.33333333333331
6208,6.20800000000041,3.33333333333331
6209,6.20900000000041,3.33333333333331
6210,6.21000000000041,3.33333333333331
6211,6.21100000000041,3.33333333333331
6212,6.21200000000041,3.33333333333331
6213,6.21300000000041,3.33333333333331
6214,6.21400000000041,3.33333333333331
6215,6.21500000000041,3.33333333333331
6216,6.21600000000041,3.33333333333331
6217,6.21700000000041,3.33333333333331
6218,6.21800000000041,3.33333333333331
6219,6.21900000000041,3.33333333333331
6220,6.22000000000041,3.33333333333331
6221,6.22100000000041,3.33333333333331
6222,6.22200000000041,3.33333333333331
6223,6.22300000000041,3.33333333333331
6224,6.22400000000041,3.33333333333331
6225,6.22500000000041,3.33333333333331
6226,6.22600000000041,3.33333333333331
6227,6.22700000000041,3.33333333333331
6228,6.22800000000041,3.33333333333331
6229,6.22900000000041,3.33333333333331
6230,6.23000000000042,3.33333333333331
6231,6.23100000000042,3.33333333333331
6232,6.23200000000042,3.33333333333331
6233,6.23300000000042,3.33333333333331
6234,6.23400000000042,3.33333333333331
6235,6.23500000000042,3.33333333333331
6236,6.23600000000042,3.33333333333331
6237,6.23700000000042,3.33333333333331
6238,6.23800000000042,3.33333333333331
6239,6.23900000000042,3.33333333333331
6240,6.24000000000042,3.33333333333331
6241,6.24100000000042,3.33333333333331
6242,6.24200000000042,3.33333333333331
6243,6.24300000000042,3.33333333333331
6244,6.24400000000042,3.33333333333331
6245,6.24500000000042,3.33333333333331
6246,6.24600000000042,3.33333333333331
6247,6.24700000000042,3.33333333333331
6248,6.24800000000042,3.33333333333331
6249,6.24900000000042,3.33333333333331
6250,6.25000000000042,3.33333333333331
6251,6.25100000000042,3.33333333333331
6252,6.25200000000042,3.33333333333331
6253,6.25300000000042,3.33333333333331
6254,6.25400000000042,3.33333333333331
6255,6.25500000000042,3.33333333333331
6256,6.25600000000042,3.33333333333331
6257,6.25700000000042,3.33333333333331
6258,6.25800000000042,3.33333333333331
6259,6.25900000000042,3.33333333333331
6260,6.26000000000043,3.33333333333331
6261,6.26100000000043,3.33333333333331
6262,6.26200000000043,3.33333333333331
6263,6.26300000000043,3.33333333333331
6264,6.26400000000043,3.33333333333331
6265,6.26500000000043,3.33333333333331
6266,6.26600000000043,3.33333333333331
6267,6.26700000000043,3.33333333333331
6268,6.26800000000043,3.33333333333331
6269,6.26900000000043,3.33333333333331
6270,6.27000000000043,3.33333333333331
6271,6.27100000000043,3.33333333333331
6272,6.27200000000043,3.33333333333331
6273,6.27300000000043,3.33333333333331
6274,6.27400000000043,3.33333333333331
6275,6.27500000000043,3.33333333333331
6276,6.27600000000043,3.33333333333331
6277,6.27700000000043,3.33333333333331
6278,6.27800000000043,3.33333333333331
6279,6.27900000000043,3.33333333333331
6280,6.28000000000043,3.33333333333331
6281,6.28100000000043,3.33333333333331
6282,6.28200000000043,3.33333333333331
6283,6.28300000000043,3.33333333333331
6284,6.28400000000043,3.33333333333331
6285,6.28500000000043,3.33333333333331
6286,6.28600000000043,3.33333333333331
6287,6.28700000000043,3.33333333333331
6288,6.28800000000043,3.33333333333331
6289,6.28900000000043,3.33333333333331
6290,6.29000000000044,3.33333333333331
6291,6.29100000000044,3.33333333333331
6292,6.29200000000044,3.33333333333331
6293,6.29300000000044,3.33333333333331
6294,6.29400000000044,3.33333333333331
6295,6.29500000000044,3.33333333333331
6296,6.29600000000044,3.33333333333331
6297,6.29700000000044,3.33333333333331
6298,6.29800000000044,3.33333333333331
6299,6.29900000000044,3.33333333333331
6300,6.30000000000044,3.33333333333331
6301,6.30100000000044,3.33333333333331
6302,6.30200000000044,3.33333333333331
6303,6.30300000000044,3.33333333333331
6304,6.30400000000044,3.33333333333331
6305,6.30500000000044,3.33333333333331
6306,6.30600000000044,3.33333333333331
6307,6.30700000000044,3.33333333333331
6308,6.30800000000044,3.33333333333331
6309,6.30900000000044,3.33333333333331
6310,6.31000000000044,3.33333333333331
6311,6.31100000000044,3.33333333333331
6312,6.31200000000044,3.33333333333331
6313,6.31300000000044,3.33333333333331
6314,6.31400000000044,3.33333333333331
6315,6.31500000000044,3.33333333333331
6316,6.31600000000044,3.33333333333331
6317,6.31700000000044,3.33333333333331
6318,6.31800000000044,3.33333333333331
6319,6.31900000000044,3.33333333333331
6320,6.32000000000045,3.33333333333331
6321,6.32100000000045,3.33333333333331
6322,6.32200000000045,3.33333333333331
6323,6.32300000000045,3.33333333333331
6324,6.32400000000045,3.33333333333331
6325,6.32500000000045,3.33333333333331
6326,6.32600000000045,3.33333333333331
6327,6.32700000000045,3.33333333333331
6328,6.32800000000045,3.33333333333331
6329,6.32900000000045,3.33333333333331
6330,6.33000000000045,3.33333333333331
6331,6.33100000000045,3.33333333333331
6332,6.33200000000045,3.33333333333331
6333,6.33300000000045,3.33333333333331
6334,6.33400000000045,3.33333333333331
6335,6.33500000000045,3.33333333333331
6336,6.33600000000045,3.33333333333331
6337,6.33700000000045,3.33333333333331
6338,6.33800000000045,3.33333333333331
6339,6.33900000000045,3.33333333333331
6340,6.34000000000045,3.33333333333331
6341,6.34100000000045,3.33333333333331
6342,6.34200000000045,3.33333333333331
6343,6.34300000000045,3.33333333333331
6344,6.34400000000045,3.33333333333331
6345,6.34500000000045,3.33333333333331
6346,6.34600000000045,3.33333333333331
6347,6.34700000000045,3.33333333333331
6348,6.34800000000045,3.33333333333331
6349,6.34900000000045,3.33333333333331
6350,6.35000000000046,3.33333333333331
6351,6.35100000000046,3.33333333333331
6352,6.35200000000046,3.33333333333331
6353,6.35300000000046,3.33333333333331
6354,6.35400000000046,3.33333333333331
6355,6.35500000000046,3.33333333333331
6356,6.35600000000046,3.33333333333331
6357,6.35700000000046,3.33333333333331
6358,6.35800000000046,3.33333333333331
6359,6.35900000000046,3.33333333333331
6360,6.36000000000046,3.33333333333331
6361,6.36100000000046,3.33333333333331
6362,6.36200000000046,3.33333333333331
6363,6.36300000000046,3.33333333333331
6364,6.36400000000046,3.33333333333331
6365,6.36500000000046,3.33333333333331
6366,6.36600000000046,3.33333333333331
6367,6.36700000000046,3.33333333333331
6368,6.36800000000046,3.33333333333331
6369,6.36900000000046,3.33333333333331
6370,6.37000000000046,3.33333333333331
6371,6.37100000000046,3.33333333333331
6372,6.37200000000046,3.33333333333331
6373,6.37300000000046,3.33333333333331
6374,6.37400000000046,3.33333333333331
6375,6.37500000000046,3.33333333333331
6376,6.37600000000046,3.33333333333331
6377,6.37700000000046,3.33333333333331
6378,6.37800000000046,3.33333333333331
6379,6.37900000000047,3.33333333333331
6380,6.38000000000047,3.33333333333331
6381,6.38100000000047,3.33333333333331
6382,6.38200000000047,3.33333333333331
6383,6.38300000000047,3.33333333333331
6384,6.38400000000047,3.33333333333331
6385,6.38500000000047,3.33333333333331
6386,6.38600000000047,3.33333333333331
6387,6.38700000000047,3.33333333333331
6388,6.38800000000047,3.33333333333331
6389,6.38900000000047,3.33333333333331
6390,6.39000000000047,3.33333333333331
6391,6.39100000000047,3.33333333333331
6392,6.39200000000047,3.33333333333331
6393,6.39300000000047,3.33333333333331
6394,6.39400000000047,3.33333333333331
6395,6.39500000000047,3.33333333333331
6396,6.39600000000047,3.33333333333331
6397,6.39700000000047,3.33333333333331
6398,6.39800000000047,3.33333333333331
6399,6.39900000000047,3.33333333333331
6400,6.40000000000047,3.33333333333331
6401,6.40100000000047,3.33333333333331
6402,6.40200000000047,3.33333333333331
6403,6.40300000000047,3.33333333333331
6404,6.40400000000047,3.33333333333331
6405,6.40500000000047,3.33333333333331
6406,6.40600000000047,3.33333333333331
6407,6.40700000000047,3.33333333333331
6408,6.40800000000047,3.33333333333331
6409,6.40900000000048,3.33333333333331
6410,6.41000000000048,3.33333333333331
6411,6.41100000000048,3.33333333333331
6412,6.41200000000048,3.33333333333331
6413,6.41300000000048,3.33333333333331
6414,6.41400000000048,3.33333333333331
6415,6.41500000000048,3.33333333333331
6416,6.41600000000048,3.33333333333331
6417,6.41700000000048,3.33333333333331
6418,6.41800000000048,3.33333333333331
6419,6.41900000000048,3.33333333333331
6420,6.42000000000048,3.33333333333331
6421,6.42100000000048,3.33333333333331
6422,6.42200000000048,3.33333333333331
6423,6.42300000000048,3.33333333333331
6424,6.42400000000048,3.33333333333331
6425,6.42500000000048,3.33333333333331
6426,6.42600000000048,3.33333333333331
6427,6.42700000000048,3.33333333333331
6428,6.42800000000048,3.33333333333331
6429,6.42900000000048,3.33333333333331
6430,6.43000000000048,3.33333333333331
6431,6.43100000000048,3.33333333333331
6432,6.43200000000048,3.33333333333331
6433,6.43300000000048,3.33333333333331
6434,6.43400000000048,3.33333333333331
6435,6.43500000000048,3.33333333333331
6436,6.43600000000048,3.33333333333331
6437,6.43700000000048,3.33333333333331
6438,6.43800000000048,3.33333333333331
6439,6.43900000000049,3.33333333333331
6440,6.44000000000049,3.33333333333331
6441,6.44100000000049,3.33333333333331
6442,6.44200000000049,3.33333333333331
6443,6.44300000000049,3.33333333333331
6444,6.44400000000049,3.33333333333331
6445,6.44500000000049,3.33333333333331
6446,6.44600000000049,3.33333333333331
6447,6.44700000000049,3.33333333333331
6448,6.44800000000049,3.33333333333331
6449,6.44900000000049,3.33333333333331
6450,6.45000000000049,3.33333333333331
6451,6.45100000000049,3.33333333333331
6452,6.45200000000049,3.33333333333331
6453,6.45300000000049,3.33333333333331
6454,6.45400000000049,3.33333333333331
6455,6.45500000000049,3.33333333333331
6456,6.45600000000049,3.33333333333331
6457,6.45700000000049,3.33333333333331
6458,6.45800000000049,3.33333333333331
6459,6.45900000000049,3.33333333333331
6460,6.46000000000049,3.33333333333331
6461,6.46100000000049,3.33333333333331
6462,6.46200000000049,3.33333333333331
6463,6.46300000000049,3.33333333333331
6464,6.46400000000049,3.33333333333331
6465,6.46500000000049,3.33333333333331
6466,6.46600000000049,3.33333333333331
6467,6.46700000000049,3.33333333333331
6468,6.46800000000049,3.33333333333331
6469,6.4690000000005,3.33333333333331
6470,6.4700000000005,3.33333333333331
6471,6.4710000000005,3.33333333333331
6472,6.4720000000005,3.33333333333331
6473,6.4730000000005,3.33333333333331
6474,6.4740000000005,3.33333333333331
6475,6.4750000000005,3.33333333333331
6476,6.4760000000005,3.33333333333331
6477,6.4770000000005,3.33333333333331
6478,6.4780000000005,3.33333333333331
6479,6.4790000000005,3.33333333333331
6480,6.4800000000005,3.33333333333331
6481,6.4810000000005,3.33333333333331
6482,6.4820000000005,3.33333333333331
6483,6.4830000000005,3.33333333333331
6484,6.4840000000005,3.33333333333331
6485,6.4850000000005,3.33333333333331
6486,6.4860000000005,3.33333333333331
6487,6.4870000000005,3.33333333333331
6488,6.4880000000005,3.33333333333331
6489,6.4890000000005,3.33333333333331
6490,6.4900000000005,3.33333333333331
6491,6.4910000000005,3.33333333333331
6492,6.4920000000005,3.33333333333331
6493,6.4930000000005,3.33333333333331
6494,6.4940000000005,3.33333333333331
6495,6.4950000000005,3.33333333333331
6496,6.4960000000005,3.33333333333331
6497,6.4970000000005,3.33333333333331
6498,6.4980000000005,3.33333333333331
6499,6.49900000000051,3.33333333333331
6500,6.50000000000051,3.33333333333331
6501,6.50100000000051,3.33333333333331
6502,6.50200000000051,3.33333333333331
6503,6.50300000000051,3.33333333333331
6504,6.50400000000051,3.33333333333331
6505,6.50500000000051,3.33333333333331
6506,6.50600000000051,3.33333333333331
6507,6.50700000000051,3.33333333333331
6508,6.50800000000051,3.33333333333331
6509,6.50900000000051,3.33333333333331
6510,6.51000000000051,3.33333333333331
6511,6.51100000000051,3.33333333333331
6512,6.51200000000051,3.33333333333331
6513,6.51300000000051,3.33333333333331
6514,6.51400000000051,3.33333333333331
6515,6.51500000000051,3.33333333333331
6516,6.51600000000051,3.33333333333331
6517,6.51700000000051,3.33333333333331
6518,6.51800000000051,3.33333333333331
6519,6.51900000000051,3.33333333333331
6520,6.52000000000051,3.33333333333331
6521,6.52100000000051,3.33333333333331
6522,6.52200000000051,3.33333333333331
6523,6.52300000000051,3.33333333333331
6524,6.52400000000051,3.33333333333331
6525,6.52500000000051,3.33333333333331
6526,6.52600000000051,3.33333333333331
6527,6.52700000000051,3.33333333333331
6528,6.52800000000051,3.33333333333331
6529,6.52900000000052,3.33333333333331
6530,6.53000000000052,3.33333333333331
6531,6.53100000000052,3.33333333333331
6532,6.53200000000052,3.33333333333331
6533,6.53300000000052,3.33333333333331
6534,6.53400000000052,3.33333333333331
6535,6.53500000000052,3.33333333333331
6536,6.53600000000052,3.33333333333331
6537,6.53700000000052,3.33333333333331
6538,6.53800000000052,3.33333333333331
6539,6.53900000000052,3.33333333333331
6540,6.54000000000052,3.33333333333331
6541,6.54100000000052,3.33333333333331
6542,6.54200000000052,3.33333333333331
6543,6.54300000000052,3.33333333333331
6544,6.54400000000052,3.33333333333331
6545,6.54500000000052,3.33333333333331
6546,6.54600000000052,3.33333333333331
6547,6.54700000000052,3.33333333333331
6548,6.54800000000052,3.33333333333331
6549,6.54900000000052,3.33333333333331
6550,6.55000000000052,3.33333333333331
6551,6.55100000000052,3.33333333333331
6552,6.55200000000052,3.33333333333331
6553,6.55300000000052,3.33333333333331
6554,6.55400000000052,3.33333333333331
6555,6.55500000000052,3.33333333333331
6556,6.55600000000052,3.33333333333331
6557,6.55700000000052,3.33333333333331
6558,6.55800000000052,3.33333333333331
6559,6.55900000000053,3.33333333333331
6560,6.56000000000053,3.33333333333331
6561,6.56100000000053,3.33333333333331
6562,6.56200000000053,3.33333333333331
6563,6.56300000000053,3.33333333333331
6564,6.56400000000053,3.33333333333331
6565,6.56500000000053,3.33333333333331
6566,6.56600000000053,3.33333333333331
6567,6.56700000000053,3.33333333333331
6568,6.56800000000053,3.33333333333331
6569,6.56900000000053,3.33333333333331
6570,6.57000000000053,3.33333333333331
6571,6.57100000000053,3.33333333333331
6572,6.57200000000053,3.33333333333331
6573,6.57300000000053,3.33333333333331
6574,6.57400000000053,3.33333333333331
6575,6.57500000000053,3.33333333333331
6576,6.57600000000053,3.33333333333331
6577,6.57700000000053,3.33333333333331
6578,6.57800000000053,3.33333333333331
6579,6.57900000000053,3.33333333333331
6580,6.58000000000053,3.33333333333331
6581,6.58100000000053,3.33333333333331
6582,6.58200000000053,3.33333333333331
6583,6.58300000000053,3.33333333333331
6584,6.58400000000053,3.33333333333331
6585,6.58500000000053,3.33333333333331
6586,6.58600000000053,3.33333333333331
6587,6.58700000000053,3.33333333333331
6588,6.58800000000053,3.33333333333331
6589,6.58900000000054,3.33333333333331
6590,6.59000000000054,3.33333333333331
6591,6.59100000000054,3.33333333333331
6592,6.59200000000054,3.33333333333331
6593,6.59300000000054,3.33333333333331
6594,6.59400000000054,3.33333333333331
6595,6.59500000000054,3.33333333333331
6596,6.59600000000054,3.33333333333331
6597,6.59700000000054,3.33333333333331
6598,6.59800000000054,3.33333333333331
6599,6.59900000000054,3.33333333333331
6600,6.60000000000054,3.33333333333331
6601,6.60100000000054,3.33333333333331
6602,6.60200000000054,3.33333333333331
6603,6.60300000000054,3.33333333333331
6604,6.60400000000054,3.33333333333331
6605,6.60500000000054,3.33333333333331
6606,6.60600000000054,3.33333333333331
6607,6.60700000000054,3.33333333333331
6608,6.60800000000054,3.33333333333331
6609,6.60900000000054,3.33333333333331
6610,6.61000000000054,3.33333333333331
6611,6.61100000000054,3.33333333333331
6612,6.61200000000054,3.33333333333331
6613,6.61300000000054,3.33333333333331
6614,6.61400000000054,3.33333333333331
6615,6.61500000000054,3.33333333333331
6616,6.61600000000054,3.33333333333331
6617,6.61700000000054,3.33333333333331
6618,6.61800000000054,3.33333333333331
6619,6.61900000000055,3.33333333333331
6620,6.62000000000055,3.33333333333331
6621,6.62100000000055,3.33333333333331
6622,6.62200000000055,3.33333333333331
6623,6.62300000000055,3.33333333333331
6624,6.62400000000055,3.33333333333331
6625,6.62500000000055,3.33333333333331
6626,6.62600000000055,3.33333333333331
6627,6.62700000000055,3.33333333333331
6628,6.62800000000055,3.33333333333331
6629,6.62900000000055,3.33333333333331
6630,6.63000000000055,3.33333333333331
6631,6.63100000000055,3.33333333333331
6632,6.63200000000055,3.33333333333331
6633,6.63300000000055,3.33333333333331
6634,6.63400000000055,3.33333333333331
6635,6.63500000000055,3.33333333333331
6636,6.63600000000055,3.33333333333331
6637,6.63700000000055,3.33333333333331
6638,6.63800000000055,3.33333333333331
6639,6.63900000000055,3.33333333333331
6640,6.64000000000055,3.33333333333331
6641,6.64100000000055,3.33333333333331
6642,6.64200000000055,3.33333333333331
6643,6.64300000000055,3.33333333333331
6644,6.64400000000055,3.33333333333331
6645,6.64500000000055,3.33333333333331
6646,6.64600000000055,3.33333333333331
6647,6.64700000000055,3.33333333333331
6648,6.64800000000055,3.33333333333331
6649,6.64900000000056,3.33333333333331
6650,6.65000000000056,3.33333333333331
6651,6.65100000000056,3.33333333333331
6652,6.65200000000056,3.33333333333331
6653,6.65300000000056,3.33333333333331
6654,6.65400000000056,3.33333333333331
6655,6.65500000000056,3.33333333333331
6656,6.65600000000056,3.33333333333331
6657,6.65700000000056,3.33333333333331
6658,6.65800000000056,3.33333333333331
6659,6.65900000000056,3.33333333333331
6660,6.66000000000056,3.33333333333331
6661,6.66100000000056,3.33333333333331
6662,6.66200000000056,3.33333333333331
6663,6.66300000000056,3.33333333333331
6664,6.66400000000056,3.33333333333331
6665,6.66500000000056,3.33333333333331
6666,6.66600000000056,3.33333333333331
6667,6.66700000000056,3.33333333333331
6668,6.66800000000056,3.33333333333331
6669,6.66900000000056,3.33333333333331
6670,6.67000000000056,3.33333333333331
6671,6.67100000000056,3.33333333333331
6672,6.67200000000056,3.33333333333331
6673,6.67300000000056,3.33333333333331
6674,6.67400000000056,3.33333333333331
6675,6.67500000000056,3.33333333333331
6676,6.67600000000056,3.33333333333331
6677,6.67700000000056,3.33333333333331
6678,6.67800000000056,3.33333333333331
6679,6.67900000000057,3.33333333333331
6680,6.68000000000057,3.33333333333331
6681,6.68100000000057,3.33333333333331
6682,6.68200000000057,3.33333333333331
6683,6.68300000000057,3.33333333333331
6684,6.68400000000057,3.33333333333331
6685,6.68500000000057,3.33333333333331
6686,6.68600000000057,3.33333333333331
6687,6.68700000000057,3.33333333333331
6688,6.68800000000057,3.33333333333331
6689,6.68900000000057,3.33333333333331
6690,6.69000000000057,3.33333333333331
6691,6.69100000000057,3.33333333333331
6692,6.69200000000057,3.33333333333331
6693,6.69300000000057,3.33333333333331
6694,6.69400000000057,3.33333333333331
6695,6.69500000000057,3.33333333333331
6696,6.69600000000057,3.33333333333331
6697,6.69700000000057,3.33333333333331
6698,6.69800000000057,3.33333333333331
6699,6.69900000000057,3.33333333333331
6700,6.70000000000057,3.33333333333331
6701,6.70100000000057,3.33333333333331
6702,6.70200000000057,3.33333333333331
6703,6.70300000000057,3.33333333333331
6704,6.70400000000057,3.33333333333331
6705,6.70500000000057,3.33333333333331
6706,6.70600000000057,3.33333333333331
6707,6.70700000000057,3.33333333333331
6708,6.70800000000057,3.33333333333331
6709,6.70900000000058,3.33333333333331
6710,6.71000000000058,3.33333333333331
6711,6.71100000000058,3.33333333333331
6712,6.71200000000058,3.33333333333331
6713,6.71300000000058,3.33333333333331
6714,6.71400000000058,3.33333333333331
6715,6.71500000000058,3.33333333333331
6716,6.71600000000058,3.33333333333331
6717,6.71700000000058,3.33333333333331
6718,6.71800000000058,3.33333333333331
6719,6.71900000000058,3.33333333333331
6720,6.72000000000058,3.33333333333331
6721,6.72100000000058,3.33333333333331
6722,6.72200000000058,3.33333333333331
6723,6.72300000000058,3.33333333333331
6724,6.72400000000058,3.33333333333331
6725,6.72500000000058,3.33333333333331
6726,6.72600000000058,3.33333333333331
6727,6.72700000000058,3.33333333333331
6728,6.72800000000058,3.33333333333331
6729,6.72900000000058,3.33333333333331
6730,6.73000000000058,3.33333333333331
6731,6.73100000000058,3.33333333333331
6732,6.73200000000058,3.33333333333331
6733,6.73300000000058,3.33333333333331
6734,6.73400000000058,3.33333333333331
6735,6.73500000000058,3.33333333333331
6736,6.73600000000058,3.33333333333331
6737,6.73700000000058,3.33333333333331
6738,6.73800000000058,3.33333333333331
6739,6.73900000000059,3.33333333333331
6740,6.74000000000059,3.33333333333331
6741,6.74100000000059,3.33333333333331
6742,6.74200000000059,3.33333333333331
6743,6.74300000000059,3.33333333333331
6744,6.74400000000059,3.33333333333331
6745,6.74500000000059,3.33333333333331
6746,6.74600000000059,3.33333333333331
6747,6.74700000000059,3.33333333333331
6748,6.74800000000059,3.33333333333331
6749,6.74900000000059,3.33333333333331
6750,6.75000000000059,3.33333333333331
6751,6.75100000000059,3.33333333333331
6752,6.75200000000059,3.33333333333331
6753,6.75300000000059,3.33333333333331
6754,6.75400000000059,3.33333333333331
6755,6.75500000000059,3.33333333333331
6756,6.75600000000059,3.33333333333331
6757,6.75700000000059,3.33333333333331
6758,6.75800000000059,3.33333333333331
6759,6.75900000000059,3.33333333333331
6760,6.76000000000059,3.33333333333331
6761,6.76100000000059,3.33333333333331
6762,6.76200000000059,3.33333333333331
6763,6.76300000000059,3.33333333333331
6764,6.76400000000059,3.33333333333331
6765,6.76500000000059,3.33333333333331
6766,6.76600000000059,3.33333333333331
6767,6.76700000000059,3.33333333333331
6768,6.76800000000059,3.33333333333331
6769,6.7690000000006,3.33333333333331
6770,6.7700000000006,3.33333333333331
6771,6.7710000000006,3.33333333333331
6772,6.7720000000006,3.33333333333331
6773,6.7730000000006,3.33333333333331
6774,6.7740000000006,3.33333333333331
6775,6.7750000000006,3.33333333333331
6776,6.7760000000006,3.33333333333331
6777,6.7770000000006,3.33333333333331
6778,6.7780000000006,3.33333333333331
6779,6.7790000000006,3.33333333333331
6780,6.7800000000006,3.33333333333331
6781,6.7810000000006,3.33333333333331
6782,6.7820000000006,3.33333333333331
6783,6.7830000000006,3.33333333333331
6784,6.7840000000006,3.33333333333331
6785,6.7850000000006,3.33333333333331
6786,6.7860000000006,3.33333333333331
6787,6.7870000000006,3.33333333333331
6788,6.7880000000006,3.33333333333331
6789,6.7890000000006,3.33333333333331
6790,6.7900000000006,3.33333333333331
6791,6.7910000000006,3.33333333333331
6792,6.7920000000006,3.33333333333331
6793,6.7930000000006,3.33333333333331
6794,6.7940000000006,3.33333333333331
6795,6.7950000000006,3.33333333333331
6796,6.7960000000006,3.33333333333331
6797,6.7970000000006,3.33333333333331
6798,6.7980000000006,3.33333333333331
6799,6.79900000000061,3.33333333333331
6800,6.80000000000061,3.33333333333331
6801,6.80100000000061,3.33333333333331
6802,6.80200000000061,3.33333333333331
6803,6.80300000000061,3.33333333333331
6804,6.80400000000061,3.33333333333331
6805,6.80500000000061,3.33333333333331
6806,6.80600000000061,3.33333333333331
6807,6.80700000000061,3.33333333333331
6808,6.80800000000061,3.33333333333331
6809,6.80900000000061,3.33333333333331
6810,6.81000000000061,3.33333333333331
6811,6.81100000000061,3.33333333333331
6812,6.81200000000061,3.33333333333331
6813,6.81300000000061,3.33333333333331
6814,6.81400000000061,3.33333333333331
6815,6.81500000000061,3.33333333333331
6816,6.81600000000061,3.33333333333331
6817,6.81700000000061,3.33333333333331
6818,6.81800000000061,3.33333333333331
6819,6.81900000000061,3.33333333333331
6820,6.82000000000061,3.33333333333331
6821,6.82100000000061,3.33333333333331
6822,6.82200000000061,3.33333333333331
6823,6.82300000000061,3.33333333333331
6824,6.82400000000061,3.33333333333331
6825,6.82500000000061,3.33333333333331
6826,6.82600000000061,3.33333333333331
6827,6.82700000000061,3.33333333333331
6828,6.82800000000061,3.33333333333331
6829,6.82900000000062,3.33333333333331
6830,6.83000000000062,3.33333333333331
6831,6.83100000000062,3.33333333333331
6832,6.83200000000062,3.33333333333331
6833,6.83300000000062,3.33333333333331
6834,6.83400000000062,3.33333333333331
6835,6.83500000000062,3.33333333333331
6836,6.83600000000062,3.33333333333331
6837,6.83700000000062,3.33333333333331
6838,6.83800000000062,3.33333333333331
6839,6.83900000000062,3.33333333333331
6840,6.84000000000062,3.33333333333331
6841,6.84100000000062,3.33333333333331
6842,6.84200000000062,3.33333333333331
6843,6.84300000000062,3.33333333333331
6844,6.84400000000062,3.33333333333331
6845,6.84500000000062,3.33333333333331
6846,6.84600000000062,3.33333333333331
6847,6.84700000000062,3.33333333333331
6848,6.84800000000062,3.33333333333331
6849,6.84900000000062,3.33333333333331
6850,6.85000000000062,3.33333333333331
6851,6.85100000000062,3.33333333333331
6852,6.85200000000062,3.33333333333331
6853,6.85300000000062,3.33333333333331
6854,6.85400000000062,3.33333333333331
6855,6.85500000000062,3.33333333333331
6856,6.85600000000062,3.33333333333331
6857,6.85700000000062,3.33333333333331
6858,6.85800000000062,3.33333333333331
6859,6.85900000000063,3.33333333333331
6860,6.86000000000063,3.33333333333331
6861,6.86100000000063,3.33333333333331
6862,6.86200000000063,3.33333333333331
6863,6.86300000000063,3.33333333333331
6864,6.86400000000063,3.33333333333331
6865,6.86500000000063,3.33333333333331
6866,6.86600000000063,3.33333333333331
6867,6.86700000000063,3.33333333333331
6868,6.86800000000063,3.33333333333331
6869,6.86900000000063,3.33333333333331
6870,6.87000000000063,3.33333333333331
6871,6.87100000000063,3.33333333333331
6872,6.87200000000063,3.33333333333331
6873,6.87300000000063,3.33333333333331
6874,6.87400000000063,3.33333333333331
6875,6.87500000000063,3.33333333333331
6876,6.87600000000063,3.33333333333331
6877,6.87700000000063,3.33333333333331
6878,6.87800000000063,3.33333333333331
6879,6.87900000000063,3.33333333333331
6880,6.88000000000063,3.33333333333331
6881,6.88100000000063,3.33333333333331
6882,6.88200000000063,3.33333333333331
6883,6.88300000000063,3.33333333333331
6884,6.88400000000063,3.33333333333331
6885,6.88500000000063,3.33333333333331
6886,6.88600000000063,3.33333333333331
6887,6.88700000000063,3.33333333333331
6888,6.88800000000063,3.33333333333331
6889,6.88900000000064,3.33333333333331
6890,6.89000000000064,3.33333333333331
6891,6.89100000000064,3.33333333333331
6892,6.89200000000064,3.33333333333331
6893,6.89300000000064,3.33333333333331
6894,6.89400000000064,3.33333333333331
6895,6.89500000000064,3.33333333333331
6896,6.89600000000064,3.33333333333331
6897,6.89700000000064,3.33333333333331
6898,6.89800000000064,3.33333333333331
6899,6.89900000000064,3.33333333333331
6900,6.90000000000064,3.33333333333331
6901,6.90100000000064,3.33333333333331
6902,6.90200000000064,3.33333333333331
6903,6.90300000000064,3.33333333333331
6904,6.90400000000064,3.33333333333331
6905,6.90500000000064,3.33333333333331
6906,6.90600000000064,3.33333333333331
6907,6.90700000000064,3.33333333333331
6908,6.90800000000064,3.33333333333331
6909,6.90900000000064,3.33333333333331
6910,6.91000000000064,3.33333333333331
6911,6.91100000000064,3.33333333333331
6912,6.91200000000064,3.33333333333331
6913,6.91300000000064,3.33333333333331
6914,6.91400000000064,3.33333333333331
6915,6.91500000000064,3.33333333333331
6916,6.91600000000064,3.33333333333331
6917,6.91700000000064,3.33333333333331
6918,6.91800000000065,3.33333333333331
6919,6.91900000000065,3.33333333333331
6920,6.92000000000065,3.33333333333331
6921,6.92100000000065,3.33333333333331
6922,6.92200000000065,3.33333333333331
6923,6.92300000000065,3.33333333333331
6924,6.92400000000065,3.33333333333331
6925,6.92500000000065,3.33333333333331
6926,6.92600000000065,3.33333333333331
6927,6.92700000000065,3.33333333333331
6928,6.92800000000065,3.33333333333331
6929,6.92900000000065,3.33333333333331
6930,6.93000000000065,3.33333333333331
6931,6.93100000000065,3.33333333333331
6932,6.93200000000065,3.33333333333331
6933,6.93300000000065,3.33333333333331
6934,6.93400000000065,3.33333333333331
6935,6.93500000000065,3.33333333333331
6936,6.93600000000065,3.33333333333331
6937,6.93700000000065,3.33333333333331
6938,6.93800000000065,3.33333333333331
6939,6.93900000000065,3.33333333333331
6940,6.94000000000065,3.33333333333331
6941,6.94100000000065,3.33333333333331
6942,6.94200000000065,3.33333333333331
6943,6.94300000000065,3.33333333333331
6944,6.94400000000065,3.33333333333331
6945,6.94500000000065,3.33333333333331
6946,6.94600000000065,3.33333333333331
6947,6.94700000000065,3.33333333333331
6948,6.94800000000066,3.33333333333331
6949,6.94900000000066,3.33333333333331
6950,6.95000000000066,3.33333333333331
6951,6.95100000000066,3.33333333333331
6952,6.95200000000066,3.33333333333331
6953,6.95300000000066,3.33333333333331
6954,6.95400000000066,3.33333333333331
6955,6.95500000000066,3.33333333333331
6956,6.95600000000066,3.33333333333331
6957,6.95700000000066,3.33333333333331
6958,6.95800000000066,3.33333333333331
6959,6.95900000000066,3.33333333333331
6960,6.96000000000066,3.33333333333331
6961,6.96100000000066,3.33333333333331
6962,6.96200000000066,3.33333333333331
6963,6.96300000000066,3.33333333333331
6964,6.96400000000066,3.33333333333331
6965,6.96500000000066,3.33333333333331
6966,6.96600000000066,3.33333333333331
6967,6.96700000000066,3.33333333333331
6968,6.96800000000066,3.33333333333331
6969,6.96900000000066,3.33333333333331
6970,6.97000000000066,3.33333333333331
6971,6.97100000000066,3.33333333333331
6972,6.97200000000066,3.33333333333331
6973,6.97300000000066,3.33333333333331
6974,6.97400000000066,3.33333333333331
6975,6.97500000000066,3.33333333333331
6976,6.97600000000066,3.33333333333331
6977,6.97700000000066,3.33333333333331
6978,6.97800000000067,3.33333333333331
6979,6.97900000000067,3.33333333333331
6980,6.98000000000067,3.33333333333331
6981,6.98100000000067,3.33333333333331
6982,6.98200000000067,3.33333333333331
6983,6.98300000000067,3.33333333333331
6984,6.98400000000067,3.33333333333331
6985,6.98500000000067,3.33333333333331
6986,6.98600000000067,3.33333333333331
6987,6.98700000000067,3.33333333333331
6988,6.98800000000067,3.33333333333331
6989,6.98900000000067,3.33333333333331
6990,6.99000000000067,3.33333333333331
6991,6.99100000000067,3.33333333333331
6992,6.99200000000067,3.33333333333331
6993,6.99300000000067,3.33333333333331
6994,6.99400000000067,3.33333333333331
6995,6.99500000000067,3.33333333333331
6996,6.99600000000067,3.33333333333331
6997,6.99700000000067,3.33333333333331
6998,6.99800000000067,3.33333333333331
6999,6.99900000000067,3.33333333333331
7000,7.00000000000067,3.33333333333331
7001,7.00100000000067,3.33333333333331
7002,7.00200000000067,3.33333333333331
7003,7.00300000000067,3.33333333333331
7004,7.00400000000067,3.33333333333331
7005,7.00500000000067,3.33333333333331
7006,7.00600000000067,3.33333333333331
7007,7.00700000000067,3.33333333333331
7008,7.00800000000068,3.33333333333331
7009,7.00900000000068,3.33333333333331
7010,7.01000000000068,3.33333333333331
7011,7.01100000000068,3.33333333333331
7012,7.01200000000068,3.33333333333331
7013,7.01300000000068,3.33333333333331
7014,7.01400000000068,3.33333333333331
7015,7.01500000000068,3.33333333333331
7016,7.01600000000068,3.33333333333331
7017,7.01700000000068,3.33333333333331
7018,7.01800000000068,3.33333333333331
7019,7.01900000000068,3.33333333333331
7020,7.02000000000068,3.33333333333331
7021,7.02100000000068,3.33333333333331
7022,7.02200000000068,3.33333333333331
7023,7.02300000000068,3.33333333333331
7024,7.02400000000068,3.33333333333331
7025,7.02500000000068,3.33333333333331
7026,7.02600000000068,3.33333333333331
7027,7.02700000000068,3.33333333333331
7028,7.02800000000068,3.33333333333331
7029,7.02900000000068,3.33333333333331
7030,7.03000000000068,3.33333333333331
7031,7.03100000000068,3.33333333333331
7032,7.03200000000068,3.33333333333331
7033,7.03300000000068,3.33333333333331
7034,7.03400000000068,3.33333333333331
7035,7.03500000000068,3.33333333333331
7036,7.03600000000068,3.33333333333331
7037,7.03700000000068,3.33333333333331
7038,7.03800000000069,3.33333333333331
7039,7.03900000000069,3.33333333333331
7040,7.04000000000069,3.33333333333331
7041,7.04100000000069,3.33333333333331
7042,7.04200000000069,3.33333333333331
7043,7.04300000000069,3.33333333333331
7044,7.04400000000069,3.33333333333331
7045,7.04500000000069,3.33333333333331
7046,7.04600000000069,3.33333333333331
7047,7.04700000000069,3.33333333333331
7048,7.04800000000069,3.33333333333331
7049,7.04900000000069,3.33333333333331
7050,7.05000000000069,3.33333333333331
7051,7.05100000000069,3.33333333333331
7052,7.05200000000069,3.33333333333331
7053,7.05300000000069,3.33333333333331
7054,7.05400000000069,3.33333333333331
7055,7.05500000000069,3.33333333333331
7056,7.05600000000069,3.33333333333331
7057,7.05700000000069,3.33333333333331
7058,7.05800000000069,3.33333333333331
7059,7.05900000000069,3.33333333333331
7060,7.06000000000069,3.33333333333331
7061,7.06100000000069,3.33333333333331
7062,7.06200000000069,3.33333333333331
7063,7.06300000000069,3.33333333333331
7064,7.06400000000069,3.33333333333331
7065,7.06500000000069,3.33333333333331
7066,7.06600000000069,3.33333333333331
7067,7.06700000000069,3.33333333333331
7068,7.0680000000007,3.33333333333331
7069,7.0690000000007,3.33333333333331
7070,7.0700000000007,3.33333333333331
7071,7.0710000000007,3.33333333333331
7072,7.0720000000007,3.33333333333331
7073,7.0730000000007,3.33333333333331
7074,7.0740000000007,3.33333333333331
7075,7.0750000000007,3.33333333333331
7076,7.0760000000007,3.33333333333331
7077,7.0770000000007,3.33333333333331
7078,7.0780000000007,3.33333333333331
7079,7.0790000000007,3.33333333333331
7080,7.0800000000007,3.33333333333331
7081,7.0810000000007,3.33333333333331
7082,7.0820000000007,3.33333333333331
7083,7.0830000000007,3.33333333333331
7084,7.0840000000007,3.33333333333331
7085,7.0850000000007,3.33333333333331
7086,7.0860000000007,3.33333333333331
7087,7.0870000000007,3.33333333333331
7088,7.0880000000007,3.33333333333331
7089,7.0890000000007,3.33333333333331
7090,7.0900000000007,3.33333333333331
7091,7.0910000000007,3.33333333333331
7092,7.0920000000007,3.33333333333331
7093,7.0930000000007,3.33333333333331
7094,7.0940000000007,3.33333333333331
7095,7.0950000000007,3.33333333333331
7096,7.0960000000007,3.33333333333331
7097,7.0970000000007,3.33333333333331
7098,7.09800000000071,3.33333333333331
7099,7.09900000000071,3.33333333333331
7100,7.10000000000071,3.33333333333331
7101,7.10100000000071,3.33333333333331
7102,7.10200000000071,3.33333333333331
7103,7.10300000000071,3.33333333333331
7104,7.10400000000071,3.33333333333331
7105,7.10500000000071,3.33333333333331
7106,7.10600000000071,3.33333333333331
7107,7.10700000000071,3.33333333333331
7108,7.10800000000071,3.33333333333331
7109,7.10900000000071,3.33333333333331
7110,7.11000000000071,3.33333333333331
7111,7.11100000000071,3.33333333333331
7112,7.11200000000071,3.33333333333331
7113,7.11300000000071,3.33333333333331
7114,7.11400000000071,3.33333333333331
7115,7.11500000000071,3.33333333333331
7116,7.11600000000071,3.33333333333331
7117,7.11700000000071,3.33333333333331
7118,7.11800000000071,3.33333333333331
7119,7.11900000000071,3.33333333333331
7120,7.12000000000071,3.33333333333331
7121,7.12100000000071,3.33333333333331
7122,7.12200000000071,3.33333333333331
7123,7.12300000000071,3.33333333333331
7124,7.12400000000071,3.33333333333331
7125,7.12500000000071,3.33333333333331
7126,7.12600000000071,3.33333333333331
7127,7.12700000000071,3.33333333333331
7128,7.12800000000072,3.33333333333331
7129,7.12900000000072,3.33333333333331
7130,7.13000000000072,3.33333333333331
7131,7.13100000000072,3.33333333333331
7132,7.13200000000072,3.33333333333331
7133,7.13300000000072,3.33333333333331
7134,7.13400000000072,3.33333333333331
7135,7.13500000000072,3.33333333333331
7136,7.13600000000072,3.33333333333331
7137,7.13700000000072,3.33333333333331
7138,7.13800000000072,3.33333333333331
7139,7.13900000000072,3.33333333333331
7140,7.14000000000072,3.33333333333331
7141,7.14100000000072,3.33333333333331
7142,7.14200000000072,3.33333333333331
7143,7.14300000000072,3.33333333333331
7144,7.14400000000072,3.33333333333331
7145,7.14500000000072,3.33333333333331
7146,7.14600000000072,3.33333333333331
7147,7.14700000000072,3.33333333333331
7148,7.14800000000072,3.33333333333331
7149,7.14900000000072,3.33333333333331
7150,7.15000000000072,3.33333333333331
7151,7.15100000000072,3.33333333333331
7152,7.15200000000072,3.33333333333331
7153,7.15300000000072,3.33333333333331
7154,7.15400000000072,3.33333333333331
7155,7.15500000000072,3.33333333333331
7156,7.15600000000072,3.33333333333331
7157,7.15700000000072,3.33333333333331
7158,7.15800000000073,3.33333333333331
7159,7.15900000000073,3.33333333333331
7160,7.16000000000073,3.33333333333331
7161,7.16100000000073,3.33333333333331
7162,7.16200000000073,3.33333333333331
7163,7.16300000000073,3.33333333333331
7164,7.16400000000073,3.33333333333331
7165,7.16500000000073,3.33333333333331
7166,7.16600000000073,3.33333333333331
7167,7.16700000000073,3.33333333333331
7168,7.16800000000073,3.33333333333331
7169,7.16900000000073,3.33333333333331
7170,7.17000000000073,3.33333333333331
7171,7.17100000000073,3.33333333333331
7172,7.17200000000073,3.33333333333331
7173,7.17300000000073,3.33333333333331
7174,7.17400000000073,3.33333333333331
7175,7.17500000000073,3.33333333333331
7176,7.17600000000073,3.33333333333331
7177,7.17700000000073,3.33333333333331
7178,7.17800000000073,3.33333333333331
7179,7.17900000000073,3.33333333333331
7180,7.18000000000073,3.33333333333331
7181,7.18100000000073,3.33333333333331
7182,7.18200000000073,3.33333333333331
7183,7.18300000000073,3.33333333333331
7184,7.18400000000073,3.33333333333331
7185,7.18500000000073,3.33333333333331
7186,7.18600000000073,3.33333333333331
7187,7.18700000000073,3.33333333333331
7188,7.18800000000074,3.33333333333331
7189,7.18900000000074,3.33333333333331
7190,7.19000000000074,3.33333333333331
7191,7.19100000000074,3.33333333333331
7192,7.19200000000074,3.33333333333331
7193,7.19300000000074,3.33333333333331
7194,7.19400000000074,3.33333333333331
7195,7.19500000000074,3.33333333333331
7196,7.19600000000074,3.33333333333331
7197,7.19700000000074,3.33333333333331
7198,7.19800000000074,3.33333333333331
7199,7.19900000000074,3.33333333333331
7200,7.20000000000074,3.33333333333331
7201,7.20100000000074,3.33333333333331
7202,7.20200000000074,3.33333333333331
7203,7.20300000000074,3.33333333333331
7204,7.20400000000074,3.33333333333331
7205,7.20500000000074,3.33333333333331
7206,7.20600000000074,3.33333333333331
7207,7.20700000000074,3.33333333333331
7208,7.20800000000074,3.33333333333331
7209,7.20900000000074,3.33333333333331
7210,7.21000000000074,3.33333333333331
7211,7.21100000000074,3.33333333333331
7212,7.21200000000074,3.33333333333331
7213,7.21300000000074,3.33333333333331
7214,7.21400000000074,3.33333333333331
7215,7.21500000000074,3.33333333333331
7216,7.21600000000074,3.33333333333331
7217,7.21700000000074,3.33333333333331
7218,7.21800000000075,3.33333333333331
7219,7.21900000000075,3.33333333333331
7220,7.22000000000075,3.33333333333331
7221,7.22100000000075,3.33333333333331
7222,7.22200000000075,3.33333333333331
7223,7.22300000000075,3.33333333333331
7224,7.22400000000075,3.33333333333331
7225,7.22500000000075,3.33333333333331
7226,7.22600000000075,3.33333333333331
7227,7.22700000000075,3.33333333333331
7228,7.22800000000075,3.33333333333331
7229,7.22900000000075,3.33333333333331
7230,7.23000000000075,3.33333333333331
7231,7.23100000000075,3.33333333333331
7232,7.23200000000075,3.33333333333331
7233,7.23300000000075,3.33333333333331
7234,7.23400000000075,3.33333333333331
7235,7.23500000000075,3.33333333333331
7236,7.23600000000075,3.33333333333331
7237,7.23700000000075,3.33333333333331
7238,7.23800000000075,3.33333333333331
7239,7.23900000000075,3.33333333333331
7240,7.24000000000075,3.33333333333331
7241,7.24100000000075,3.33333333333331
7242,7.24200000000075,3.33333333333331
7243,7.24300000000075,3.33333333333331
7244,7.24400000000075,3.33333333333331
7245,7.24500000000075,3.33333333333331
7246,7.24600000000075,3.33333333333331
7247,7.24700000000075,3.33333333333331
7248,7.24800000000076,3.33333333333331
7249,7.24900000000076,3.33333333333331
7250,7.25000000000076,3.33333333333331
7251,7.25100000000076,3.33333333333331
7252,7.25200000000076,3.33333333333331
7253,7.25300000000076,3.33333333333331
7254,7.25400000000076,3.33333333333331
7255,7.25500000000076,3.33333333333331
7256,7.25600000000076,3.33333333333331
7257,7.25700000000076,3.33333333333331
7258,7.25800000000076,3.33333333333331
7259,7.25900000000076,3.33333333333331
7260,7.26000000000076,3.33333333333331
7261,7.26100000000076,3.33333333333331
7262,7.26200000000076,3.33333333333331
7263,7.26300000000076,3.33333333333331
7264,7.26400000000076,3.33333333333331
7265,7.26500000000076,3.33333333333331
7266,7.26600000000076,3.33333333333331
7267,7.26700000000076,3.33333333333331
7268,7.26800000000076,3.33333333333331
7269,7.26900000000076,3.33333333333331
7270,7.27000000000076,3.33333333333331
7271,7.27100000000076,3.33333333333331
7272,7.27200000000076,3.33333333333331
7273,7.27300000000076,3.33333333333331
7274,7.27400000000076,3.33333333333331
7275,7.27500000000076,3.33333333333331
7276,7.27600000000076,3.33333333333331
7277,7.27700000000076,3.33333333333331
7278,7.27800000000077,3.33333333333331
7279,7.27900000000077,3.33333333333331
7280,7.28000000000077,3.33333333333331
7281,7.28100000000077,3.33333333333331
7282,7.28200000000077,3.33333333333331
7283,7.28300000000077,3.33333333333331
7284,7.28400000000077,3.33333333333331
7285,7.28500000000077,3.33333333333331
7286,7.28600000000077,3.33333333333331
7287,7.28700000000077,3.33333333333331
7288,7.28800000000077,3.33333333333331
7289,7.28900000000077,3.33333333333331
7290,7.29000000000077,3.33333333333331
7291,7.29100000000077,3.33333333333331
7292,7.29200000000077,3.33333333333331
7293,7.29300000000077,3.33333333333331
7294,7.29400000000077,3.33333333333331
7295,7.29500000000077,3.33333333333331
7296,7.29600000000077,3.33333333333331
7297,7.29700000000077,3.33333333333331
7298,7.29800000000077,3.33333333333331
7299,7.29900000000077,3.33333333333331
7300,7.30000000000077,3.33333333333331
7301,7.30100000000077,3.33333333333331
7302,7.30200000000077,3.33333333333331
7303,7.30300000000077,3.33333333333331
7304,7.30400000000077,3.33333333333331
7305,7.30500000000077,3.33333333333331
7306,7.30600000000077,3.33333333333331
7307,7.30700000000077,3.33333333333331
7308,7.30800000000078,3.33333333333331
7309,7.30900000000078,3.33333333333331
7310,7.31000000000078,3.33333333333331
7311,7.31100000000078,3.33333333333331
7312,7.31200000000078,3.33333333333331
7313,7.31300000000078,3.33333333333331
7314,7.31400000000078,3.33333333333331
7315,7.31500000000078,3.33333333333331
7316,7.31600000000078,3.33333333333331
7317,7.31700000000078,3.33333333333331
7318,7.31800000000078,3.33333333333331
7319,7.31900000000078,3.33333333333331
7320,7.32000000000078,3.33333333333331
7321,7.32100000000078,3.33333333333331
7322,7.32200000000078,3.33333333333331
7323,7.32300000000078,3.33333333333331
7324,7.32400000000078,3.33333333333331
7325,7.32500000000078,3.33333333333331
7326,7.32600000000078,3.33333333333331
7327,7.32700000000078,3.33333333333331
7328,7.32800000000078,3.33333333333331
7329,7.32900000000078,3.33333333333331
7330,7.33000000000078,3.33333333333331
7331,7.33100000000078,3.33333333333331
7332,7.33200000000078,3.33333333333331
7333,7.33300000000078,3.33333333333331
7334,7.33400000000078,3.33333333333331
7335,7.33500000000078,3.33333333333331
7336,7.33600000000078,3.33333333333331
7337,7.33700000000078,3.33333333333331
7338,7.33800000000079,3.33333333333331
7339,7.33900000000079,3.33333333333331
7340,7.34000000000079,3.33333333333331
7341,7.34100000000079,3.33333333333331
7342,7.34200000000079,3.33333333333331
7343,7.34300000000079,3.33333333333331
7344,7.34400000000079,3.33333333333331
7345,7.34500000000079,3.33333333333331
7346,7.34600000000079,3.33333333333331
7347,7.34700000000079,3.33333333333331
7348,7.34800000000079,3.33333333333331
7349,7.34900000000079,3.33333333333331
7350,7.35000000000079,3.33333333333331
7351,7.35100000000079,3.33333333333331
7352,7.35200000000079,3.33333333333331
7353,7.35300000000079,3.33333333333331
7354,7.35400000000079,3.33333333333331
7355,7.35500000000079,3.33333333333331
7356,7.35600000000079,3.33333333333331
7357,7.35700000000079,3.33333333333331
7358,7.35800000000079,3.33333333333331
7359,7.35900000000079,3.33333333333331
7360,7.36000000000079,3.33333333333331
7361,7.36100000000079,3.33333333333331
7362,7.36200000000079,3.33333333333331
7363,7.36300000000079,3.33333333333331
7364,7.36400000000079,3.33333333333331
7365,7.36500000000079,3.33333333333331
7366,7.36600000000079,3.33333333333331
7367,7.36700000000079,3.33333333333331
7368,7.3680000000008,3.33333333333331
7369,7.3690000000008,3.33333333333331
7370,7.3700000000008,3.33333333333331
7371,7.3710000000008,3.33333333333331
7372,7.3720000000008,3.33333333333331
7373,7.3730000000008,3.33333333333331
7374,7.3740000000008,3.33333333333331
7375,7.3750000000008,3.33333333333331
7376,7.3760000000008,3.33333333333331
7377,7.3770000000008,3.33333333333331
7378,7.3780000000008,3.33333333333331
7379,7.3790000000008,3.33333333333331
7380,7.3800000000008,3.33333333333331
7381,7.3810000000008,3.33333333333331
7382,7.3820000000008,3.33333333333331
7383,7.3830000000008,3.33333333333331
7384,7.3840000000008,3.33333333333331
7385,7.3850000000008,3.33333333333331
7386,7.3860000000008,3.33333333333331
7387,7.3870000000008,3.33333333333331
7388,7.3880000000008,3.33333333333331
7389,7.3890000000008,3.33333333333331
7390,7.3900000000008,3.33333333333331
7391,7.3910000000008,3.33333333333331
7392,7.3920000000008,3.33333333333331
7393,7.3930000000008,3.33333333333331
7394,7.3940000000008,3.33333333333331
7395,7.3950000000008,3.33333333333331
7396,7.3960000000008,3.33333333333331
7397,7.3970000000008,3.33333333333331
7398,7.39800000000081,3.33333333333331
7399,7.39900000000081,3.33333333333331
7400,7.40000000000081,3.33333333333331
7401,7.40100000000081,3.33333333333331
7402,7.40200000000081,3.33333333333331
7403,7.40300000000081,3.33333333333331
7404,7.40400000000081,3.33333333333331
7405,7.40500000000081,3.33333333333331
7406,7.40600000000081,3.33333333333331
7407,7.40700000000081,3.33333333333331
7408,7.40800000000081,3.33333333333331
7409,7.40900000000081,3.33333333333331
7410,7.41000000000081,3.33333333333331
7411,7.41100000000081,3.33333333333331
7412,7.41200000000081,3.33333333333331
7413,7.41300000000081,3.33333333333331
7414,7.41400000000081,3.33333333333331
7415,7.41500000000081,3.33333333333331
7416,7.41600000000081,3.33333333333331
7417,7.41700000000081,3.33333333333331
7418,7.41800000000081,3.33333333333331
7419,7.41900000000081,3.33333333333331
7420,7.42000000000081,3.33333333333331
7421,7.42100000000081,3.33333333333331
7422,7.42200000000081,3.33333333333331
7423,7.42300000000081,3.33333333333331
7424,7.42400000000081,3.33333333333331
7425,7.42500000000081,3.33333333333331
7426,7.42600000000081,3.33333333333331
7427,7.42700000000082,3.33333333333331
7428,7.42800000000082,3.33333333333331
7429,7.42900000000082,3.33333333333331
7430,7.43000000000082,3.33333333333331
7431,7.43100000000082,3.33333333333331
7432,7.43200000000082,3.33333333333331
7433,7.43300000000082,3.33333333333331
7434,7.43400000000082,3.33333333333331
7435,7.43500000000082,3.33333333333331
7436,7.43600000000082,3.33333333333331
7437,7.43700000000082,3.33333333333331
7438,7.43800000000082,3.33333333333331
7439,7.43900000000082,3.33333333333331
7440,7.44000000000082,3.33333333333331
7441,7.44100000000082,3.33333333333331
7442,7.44200000000082,3.33333333333331
7443,7.44300000000082,3.33333333333331
7444,7.44400000000082,3.33333333333331
7445,7.44500000000082,3.33333333333331
7446,7.44600000000082,3.33333333333331
7447,7.44700000000082,3.33333333333331
7448,7.44800000000082,3.33333333333331
7449,7.44900000000082,3.33333333333331
7450,7.45000000000082,3.33333333333331
7451,7.45100000000082,3.33333333333331
7452,7.45200000000082,3.33333333333331
7453,7.45300000000082,3.33333333333331
7454,7.45400000000082,3.33333333333331
7455,7.45500000000082,3.33333333333331
7456,7.45600000000082,3.33333333333331
7457,7.45700000000083,3.33333333333331
7458,7.45800000000083,3.33333333333331
7459,7.45900000000083,3.33333333333331
7460,7.46000000000083,3.33333333333331
7461,7.46100000000083,3.33333333333331
7462,7.46200000000083,3.33333333333331
7463,7.46300000000083,3.33333333333331
7464,7.46400000000083,3.33333333333331
7465,7.46500000000083,3.33333333333331
7466,7.46600000000083,3.33333333333331
7467,7.46700000000083,3.33333333333331
7468,7.46800000000083,3.33333333333331
7469,7.46900000000083,3.33333333333331
7470,7.47000000000083,3.33333333333331
7471,7.47100000000083,3.33333333333331
7472,7.47200000000083,3.33333333333331
7473,7.47300000000083,3.33333333333331
7474,7.47400000000083,3.33333333333331
7475,7.47500000000083,3.33333333333331
7476,7.47600000000083,3.33333333333331
7477,7.47700000000083,3.33333333333331
7478,7.47800000000083,3.33333333333331
7479,7.47900000000083,3.33333333333331
7480,7.48000000000083,3.33333333333331
7481,7.48100000000083,3.33333333333331
7482,7.48200000000083,3.33333333333331
7483,7.48300000000083,3.33333333333331
7484,7.48400000000083,3.33333333333331
7485,7.48500000000083,3.33333333333331
7486,7.48600000000083,3.33333333333331
7487,7.48700000000084,3.33333333333331
7488,7.48800000000084,3.33333333333331
7489,7.48900000000084,3.33333333333331
7490,7.49000000000084,3.33333333333331
7491,7.49100000000084,3.33333333333331
7492,7.49200000000084,3.33333333333331
7493,7.49300000000084,3.33333333333331
7494,7.49400000000084,3.33333333333331
7495,7.49500000000084,3.33333333333331
7496,7.49600000000084,3.33333333333331
7497,7.49700000000084,3.33333333333331
7498,7.49800000000084,3.33333333333331
7499,7.49900000000084,3.33333333333331
7500,7.50000000000084,3.33333333333331
7501,7.50100000000084,3.33333333333331
7502,7.50200000000084,3.33333333333331
7503,7.50300000000084,3.33333333333331
7504,7.50400000000084,3.33333333333331
7505,7.50500000000084,3.33333333333331
7506,7.50600000000084,3.33333333333331
7507,7.50700000000084,3.33333333333331
7508,7.50800000000084,3.33333333333331
7509,7.50900000000084,3.33333333333331
7510,7.51000000000084,3.33333333333331
7511,7.51100000000084,3.33333333333331
7512,7.51200000000084,3.33333333333331
7513,7.51300000000084,3.33333333333331
7514,7.51400000000084,3.33333333333331
7515,7.51500000000084,3.33333333333331
7516,7.51600000000084,3.33333333333331
7517,7.51700000000085,3.33333333333331
7518,7.51800000000085,3.33333333333331
7519,7.51900000000085,3.33333333333331
7520,7.52000000000085,3.33333333333331
7521,7.52100000000085,3.33333333333331
7522,7.52200000000085,3.33333333333331
7523,7.52300000000085,3.33333333333331
7524,7.52400000000085,3.33333333333331
7525,7.52500000000085,3.33333333333331
7526,7.52600000000085,3.33333333333331
7527,7.52700000000085,3.33333333333331
7528,7.52800000000085,3.33333333333331
7529,7.52900000000085,3.33333333333331
7530,7.53000000000085,3.33333333333331
7531,7.53100000000085,3.33333333333331
7532,7.53200000000085,3.33333333333331
7533,7.53300000000085,3.33333333333331
7534,7.53400000000085,3.33333333333331
7535,7.53500000000085,3.33333333333331
7536,7.53600000000085,3.33333333333331
7537,7.53700000000085,3.33333333333331
7538,7.53800000000085,3.33333333333331
7539,7.53900000000085,3.33333333333331
7540,7.54000000000085,3.33333333333331
7541,7.54100000000085,3.33333333333331
7542,7.54200000000085,3.33333333333331
7543,7.54300000000085,3.33333333333331
7544,7.54400000000085,3.33333333333331
7545,7.54500000000085,3.33333333333331
7546,7.54600000000085,3.33333333333331
7547,7.54700000000086,3.33333333333331
7548,7.54800000000086,3.33333333333331
7549,7.54900000000086,3.33333333333331
7550,7.55000000000086,3.33333333333331
7551,7.55100000000086,3.33333333333331
7552,7.55200000000086,3.33333333333331
7553,7.55300000000086,3.33333333333331
7554,7.55400000000086,3.33333333333331
7555,7.55500000000086,3.33333333333331
7556,7.55600000000086,3.33333333333331
7557,7.55700000000086,3.33333333333331
7558,7.55800000000086,3.33333333333331
7559,7.55900000000086,3.33333333333331
7560,7.56000000000086,3.33333333333331
7561,7.56100000000086,3.33333333333331
7562,7.56200000000086,3.33333333333331
7563,7.56300000000086,3.33333333333331
7564,7.56400000000086,3.33333333333331
7565,7.56500000000086,3.33333333333331
7566,7.56600000000086,3.33333333333331
7567,7.56700000000086,3.33333333333331
7568,7.56800000000086,3.33333333333331
7569,7.56900000000086,3.33333333333331
7570,7.57000000000086,3.33333333333331
7571,7.57100000000086,3.33333333333331
7572,7.57200000000086,3.33333333333331
7573,7.57300000000086,3.33333333333331
7574,7.57400000000086,3.33333333333331
7575,7.57500000000086,3.33333333333331
7576,7.57600000000086,3.33333333333331
7577,7.57700000000087,3.33333333333331
7578,7.57800000000087,3.33333333333331
7579,7.57900000000087,3.33333333333331
7580,7.58000000000087,3.33333333333331
7581,7.58100000000087,3.33333333333331
7582,7.58200000000087,3.33333333333331
7583,7.58300000000087,3.33333333333331
7584,7.58400000000087,3.33333333333331
7585,7.58500000000087,3.33333333333331
7586,7.58600000000087,3.33333333333331
7587,7.58700000000087,3.33333333333331
7588,7.58800000000087,3.33333333333331
7589,7.58900000000087,3.33333333333331
7590,7.59000000000087,3.33333333333331
7591,7.59100000000087,3.33333333333331
7592,7.59200000000087,3.33333333333331
7593,7.59300000000087,3.33333333333331
7594,7.59400000000087,3.33333333333331
7595,7.59500000000087,3.33333333333331
7596,7.59600000000087,3.33333333333331
7597,7.59700000000087,3.33333333333331
7598,7.59800000000087,3.33333333333331
7599,7.59900000000087,3.33333333333331
7600,7.60000000000087,3.33333333333331
7601,7.60100000000087,3.33333333333331
7602,7.60200000000087,3.33333333333331
7603,7.60300000000087,3.33333333333331
7604,7.60400000000087,3.33333333333331
7605,7.60500000000087,3.33333333333331
7606,7.60600000000087,3.33333333333331
7607,7.60700000000088,3.33333333333331
7608,7.60800000000088,3.33333333333331
7609,7.60900000000088,3.33333333333331
7610,7.61000000000088,3.33333333333331
7611,7.61100000000088,3.33333333333331
7612,7.61200000000088,3.33333333333331
7613,7.61300000000088,3.33333333333331
7614,7.61400000000088,3.33333333333331
7615,7.61500000000088,3.33333333333331
7616,7.61600000000088,3.33333333333331
7617,7.61700000000088,3.33333333333331
7618,7.61800000000088,3.33333333333331
7619,7.61900000000088,3.33333333333331
7620,7.62000000000088,3.33333333333331
7621,7.62100000000088,3.33333333333331
7622,7.62200000000088,3.33333333333331
7623,7.62300000000088,3.33333333333331
7624,7.62400000000088,3.33333333333331
7625,7.62500000000088,3.33333333333331
7626,7.62600000000088,3.33333333333331
7627,7.62700000000088,3.33333333333331
7628,7.62800000000088,3.33333333333331
7629,7.62900000000088,3.33333333333331
7630,7.63000000000088,3.33333333333331
7631,7.63100000000088,3.33333333333331
7632,7.63200000000088,3.33333333333331
7633,7.63300000000088,3.33333333333331
7634,7.63400000000088,3.33333333333331
7635,7.63500000000088,3.33333333333331
7636,7.63600000000088,3.33333333333331
7637,7.63700000000089,3.33333333333331
7638,7.63800000000089,3.33333333333331
7639,7.63900000000089,3.33333333333331
7640,7.64000000000089,3.33333333333331
7641,7.64100000000089,3.33333333333331
7642,7.64200000000089,3.33333333333331
7643,7.64300000000089,3.33333333333331
7644,7.64400000000089,3.33333333333331
7645,7.64500000000089,3.33333333333331
7646,7.64600000000089,3.33333333333331
7647,7.64700000000089,3.33333333333331
7648,7.64800000000089,3.33333333333331
7649,7.64900000000089,3.33333333333331
7650,7.65000000000089,3.33333333333331
7651,7.65100000000089,3.33333333333331
7652,7.65200000000089,3.33333333333331
7653,7.65300000000089,3.33333333333331
7654,7.65400000000089,3.33333333333331
7655,7.65500000000089,3.33333333333331
7656,7.65600000000089,3.33333333333331
7657,7.65700000000089,3.33333333333331
7658,7.65800000000089,3.33333333333331
7659,7.65900000000089,3.33333333333331
7660,7.66000000000089,3.33333333333331
7661,7.66100000000089,3.33333333333331
7662,7.66200000000089,3.33333333333331
7663,7.66300000000089,3.33333333333331
7664,7.66400000000089,3.33333333333331
7665,7.66500000000089,3.33333333333331
7666,7.66600000000089,3.33333333333331
7667,7.6670000000009,3.33333333333331
7668,7.6680000000009,3.33333333333331
7669,7.6690000000009,3.33333333333331
7670,7.6700000000009,3.33333333333331
7671,7.6710000000009,3.33333333333331
7672,7.6720000000009,3.33333333333331
7673,7.6730000000009,3.33333333333331
7674,7.6740000000009,3.33333333333331
7675,7.6750000000009,3.33333333333331
7676,7.6760000000009,3.33333333333331
7677,7.6770000000009,3.33333333333331
7678,7.6780000000009,3.33333333333331
7679,7.6790000000009,3.33333333333331
7680,7.6800000000009,3.33333333333331
7681,7.6810000000009,3.33333333333331
7682,7.6820000000009,3.33333333333331
7683,7.6830000000009,3.33333333333331
7684,7.6840000000009,3.33333333333331
7685,7.6850000000009,3.33333333333331
7686,7.6860000000009,3.33333333333331
7687,7.6870000000009,3.33333333333331
7688,7.6880000000009,3.33333333333331
7689,7.6890000000009,3.33333333333331
7690,7.6900000000009,3.33333333333331
7691,7.6910000000009,3.33333333333331
7692,7.6920000000009,3.33333333333331
7693,7.6930000000009,3.33333333333331
7694,7.6940000000009,3.33333333333331
7695,7.6950000000009,3.33333333333331
7696,7.6960000000009,3.33333333333331
7697,7.69700000000091,3.33333333333331
7698,7.69800000000091,3.33333333333331
7699,7.69900000000091,3.33333333333331
7700,7.70000000000091,3.33333333333331
7701,7.70100000000091,3.33333333333331
7702,7.70200000000091,3.33333333333331
7703,7.70300000000091,3.33333333333331
7704,7.70400000000091,3.33333333333331
7705,7.70500000000091,3.33333333333331
7706,7.70600000000091,3.33333333333331
7707,7.70700000000091,3.33333333333331
7708,7.70800000000091,3.33333333333331
7709,7.70900000000091,3.33333333333331
7710,7.71000000000091,3.33333333333331
7711,7.71100000000091,3.33333333333331
7712,7.71200000000091,3.33333333333331
7713,7.71300000000091,3.33333333333331
7714,7.71400000000091,3.33333333333331
7715,7.71500000000091,3.33333333333331
7716,7.71600000000091,3.33333333333331
7717,7.71700000000091,3.33333333333331
7718,7.71800000000091,3.33333333333331
7719,7.71900000000091,3.33333333333331
7720,7.72000000000091,3.33333333333331
7721,7.72100000000091,3.33333333333331
7722,7.72200000000091,3.33333333333331
7723,7.72300000000091,3.33333333333331
7724,7.72400000000091,3.33333333333331
7725,7.72500000000091,3.33333333333331
7726,7.72600000000091,3.33333333333331
7727,7.72700000000092,3.33333333333331
7728,7.72800000000092,3.33333333333331
7729,7.72900000000092,3.33333333333331
7730,7.73000000000092,3.33333333333331
7731,7.73100000000092,3.33333333333331
7732,7.73200000000092,3.33333333333331
7733,7.73300000000092,3.33333333333331
7734,7.73400000000092,3.33333333333331
7735,7.73500000000092,3.33333333333331
7736,7.73600000000092,3.33333333333331
7737,7.73700000000092,3.33333333333331
7738,7.73800000000092,3.33333333333331
7739,7.73900000000092,3.33333333333331
7740,7.74000000000092,3.33333333333331
7741,7.74100000000092,3.33333333333331
7742,7.74200000000092,3.33333333333331
7743,7.74300000000092,3.33333333333331
7744,7.74400000000092,3.33333333333331
7745,7.74500000000092,3.33333333333331
7746,7.74600000000092,3.33333333333331
7747,7.74700000000092,3.33333333333331
7748,7.74800000000092,3.33333333333331
7749,7.74900000000092,3.33333333333331
7750,7.75000000000092,3.33333333333331
7751,7.75100000000092,3.33333333333331
7752,7.75200000000092,3.33333333333331
7753,7.75300000000092,3.33333333333331
7754,7.75400000000092,3.33333333333331
7755,7.75500000000092,3.33333333333331
7756,7.75600000000092,3.33333333333331
7757,7.75700000000093,3.33333333333331
7758,7.75800000000093,3.33333333333331
7759,7.75900000000093,3.33333333333331
7760,7.76000000000093,3.33333333333331
7761,7.76100000000093,3.33333333333331
7762,7.76200000000093,3.33333333333331
7763,7.76300000000093,3.33333333333331
7764,7.76400000000093,3.33333333333331
7765,7.76500000000093,3.33333333333331
7766,7.76600000000093,3.33333333333331
7767,7.76700000000093,3.33333333333331
7768,7.76800000000093,3.33333333333331
7769,7.76900000000093,3.33333333333331
7770,7.77000000000093,3.33333333333331
7771,7.77100000000093,3.33333333333331
7772,7.77200000000093,3.33333333333331
7773,7.77300000000093,3.33333333333331
7774,7.77400000000093,3.33333333333331
7775,7.77500000000093,3.33333333333331
7776,7.77600000000093,3.33333333333331
7777,7.77700000000093,3.33333333333331
7778,7.77800000000093,3.33333333333331
7779,7.77900000000093,3.33333333333331
7780,7.78000000000093,3.33333333333331
7781,7.78100000000093,3.33333333333331
7782,7.78200000000093,3.33333333333331
7783,7.78300000000093,3.33333333333331
7784,7.78400000000093,3.33333333333331
7785,7.78500000000093,3.33333333333331
7786,7.78600000000093,3.33333333333331
7787,7.78700000000094,3.33333333333331
7788,7.78800000000094,3.33333333333331
7789,7.78900000000094,3.33333333333331
7790,7.79000000000094,3.33333333333331
7791,7.79100000000094,3.33333333333331
7792,7.79200000000094,3.33333333333331
7793,7.79300000000094,3.33333333333331
7794,7.79400000000094,3.33333333333331
7795,7.79500000000094,3.33333333333331
7796,7.79600000000094,3.33333333333331
7797,7.79700000000094,3.33333333333331
7798,7.79800000000094,3.33333333333331
7799,7.79900000000094,3.33333333333331
7800,7.80000000000094,3.33333333333331
7801,7.80100000000094,3.33333333333331
7802,7.80200000000094,3.33333333333331
7803,7.80300000000094,3.33333333333331
7804,7.80400000000094,3.33333333333331
7805,7.80500000000094,3.33333333333331
7806,7.80600000000094,3.33333333333331
7807,7.80700000000094,3.33333333333331
7808,7.80800000000094,3.33333333333331
7809,7.80900000000094,3.33333333333331
7810,7.81000000000094,3.33333333333331
7811,7.81100000000094,3.33333333333331
7812,7.81200000000094,3.33333333333331
7813,7.81300000000094,3.33333333333331
7814,7.81400000000094,3.33333333333331
7815,7.81500000000094,3.33333333333331
7816,7.81600000000094,3.33333333333331
7817,7.81700000000095,3.33333333333331
7818,7.81800000000095,3.33333333333331
7819,7.81900000000095,3.33333333333331
7820,7.82000000000095,3.33333333333331
7821,7.82100000000095,3.33333333333331
7822,7.82200000000095,3.33333333333331
7823,7.82300000000095,3.33333333333331
7824,7.82400000000095,3.33333333333331
7825,7.82500000000095,3.33333333333331
7826,7.82600000000095,3.33333333333331
7827,7.82700000000095,3.33333333333331
7828,7.82800000000095,3.33333333333331
7829,7.82900000000095,3.33333333333331
7830,7.83000000000095,3.33333333333331
7831,7.83100000000095,3.33333333333331
7832,7.83200000000095,3.33333333333331
7833,7.83300000000095,3.33333333333331
7834,7.83400000000095,3.33333333333331
7835,7.83500000000095,3.33333333333331
7836,7.83600000000095,3.33333333333331
7837,7.83700000000095,3.33333333333331
7838,7.83800000000095,3.33333333333331
7839,7.83900000000095,3.33333333333331
7840,7.84000000000095,3.33333333333331
7841,7.84100000000095,3.33333333333331
7842,7.84200000000095,3.33333333333331
7843,7.84300000000095,3.33333333333331
7844,7.84400000000095,3.33333333333331
7845,7.84500000000095,3.33333333333331
7846,7.84600000000095,3.33333333333331
7847,7.84700000000096,3.33333333333331
7848,7.84800000000096,3.33333333333331
7849,7.84900000000096,3.33333333333331
7850,7.85000000000096,3.33333333333331
7851,7.85100000000096,3.33333333333331
7852,7.85200000000096,3.33333333333331
7853,7.85300000000096,3.33333333333331
7854,7.85400000000096,3.33333333333331
7855,7.85500000000096,3.33333333333331
7856,7.85600000000096,3.33333333333331
7857,7.85700000000096,3.33333333333331
7858,7.85800000000096,3.33333333333331
7859,7.85900000000096,3.33333333333331
7860,7.86000000000096,3.33333333333331
7861,7.86100000000096,3.33333333333331
7862,7.86200000000096,3.33333333333331
7863,7.86300000000096,3.33333333333331
7864,7.86400000000096,3.33333333333331
7865,7.86500000000096,3.33333333333331
7866,7.86600000000096,3.33333333333331
7867,7.86700000000096,3.33333333333331
7868,7.86800000000096,3.33333333333331
7869,7.86900000000096,3.33333333333331
7870,7.87000000000096,3.33333333333331
7871,7.87100000000096,3.33333333333331
7872,7.87200000000096,3.33333333333331
7873,7.87300000000096,3.33333333333331
7874,7.87400000000096,3.33333333333331
7875,7.87500000000096,3.33333333333331
7876,7.87600000000096,3.33333333333331
7877,7.87700000000097,3.33333333333331
7878,7.87800000000097,3.33333333333331
7879,7.87900000000097,3.33333333333331
7880,7.88000000000097,3.33333333333331
7881,7.88100000000097,3.33333333333331
7882,7.88200000000097,3.33333333333331
7883,7.88300000000097,3.33333333333331
7884,7.88400000000097,3.33333333333331
7885,7.88500000000097,3.33333333333331
7886,7.88600000000097,3.33333333333331
7887,7.88700000000097,3.33333333333331
7888,7.88800000000097,3.33333333333331
7889,7.88900000000097,3.33333333333331
7890,7.89000000000097,3.33333333333331
7891,7.89100000000097,3.33333333333331
7892,7.89200000000097,3.33333333333331
7893,7.89300000000097,3.33333333333331
7894,7.89400000000097,3.33333333333331
7895,7.89500000000097,3.33333333333331
7896,7.89600000000097,3.33333333333331
7897,7.89700000000097,3.33333333333331
7898,7.89800000000097,3.33333333333331
7899,7.89900000000097,3.33333333333331
7900,7.90000000000097,3.33333333333331
7901,7.90100000000097,3.33333333333331
7902,7.90200000000097,3.33333333333331
7903,7.90300000000097,3.33333333333331
7904,7.90400000000097,3.33333333333331
7905,7.90500000000097,3.33333333333331
7906,7.90600000000097,3.33333333333331
7907,7.90700000000098,3.33333333333331
7908,7.90800000000098,3.33333333333331
7909,7.90900000000098,3.33333333333331
7910,7.91000000000098,3.33333333333331
7911,7.91100000000098,3.33333333333331
7912,7.91200000000098,3.33333333333331
7913,7.91300000000098,3.33333333333331
7914,7.91400000000098,3.33333333333331
7915,7.91500000000098,3.33333333333331
7916,7.91600000000098,3.33333333333331
7917,7.91700000000098,3.33333333333331
7918,7.91800000000098,3.33333333333331
7919,7.91900000000098,3.33333333333331
7920,7.92000000000098,3.33333333333331
7921,7.92100000000098,3.33333333333331
7922,7.92200000000098,3.33333333333331
7923,7.92300000000098,3.33333333333331
7924,7.92400000000098,3.33333333333331
7925,7.92500000000098,3.33333333333331
7926,7.92600000000098,3.33333333333331
7927,7.92700000000098,3.33333333333331
7928,7.92800000000098,3.33333333333331
7929,7.92900000000098,3.33333333333331
7930,7.93000000000098,3.33333333333331
7931,7.93100000000098,3.33333333333331
7932,7.93200000000098,3.33333333333331
7933,7.93300000000098,3.33333333333331
7934,7.93400000000098,3.33333333333331
7935,7.93500000000098,3.33333333333331
7936,7.93600000000098,3.33333333333331
7937,7.93700000000099,3.33333333333331
7938,7.93800000000099,3.33333333333331
7939,7.93900000000099,3.33333333333331
7940,7.94000000000099,3.33333333333331
7941,7.94100000000099,3.33333333333331
7942,7.94200000000099,3.33333333333331
7943,7.94300000000099,3.33333333333331
7944,7.94400000000099,3.33333333333331
7945,7.94500000000099,3.33333333333331
7946,7.94600000000099,3.33333333333331
7947,7.94700000000099,3.33333333333331
7948,7.94800000000099,3.33333333333331
7949,7.94900000000099,3.33333333333331
7950,7.95000000000099,3.33333333333331
7951,7.95100000000099,3.33333333333331
7952,7.95200000000099,3.33333333333331
7953,7.95300000000099,3.33333333333331
7954,7.95400000000099,3.33333333333331
7955,7.95500000000099,3.33333333333331
7956,7.95600000000099,3.33333333333331
7957,7.95700000000099,3.33333333333331
7958,7.95800000000099,3.33333333333331
7959,7.95900000000099,3.33333333333331
7960,7.96000000000099,3.33333333333331
7961,7.96100000000099,3.33333333333331
7962,7.96200000000099,3.33333333333331
7963,7.96300000000099,3.33333333333331
7964,7.96400000000099,3.33333333333331
7965,7.96500000000099,3.33333333333331
7966,7.966000000001,3.33333333333331
7967,7.967000000001,3.33333333333331
7968,7.968000000001,3.33333333333331
7969,7.969000000001,3.33333333333331
7970,7.970000000001,3.33333333333331
7971,7.971000000001,3.33333333333331
7972,7.972000000001,3.33333333333331
7973,7.973000000001,3.33333333333331
7974,7.974000000001,3.33333333333331
7975,7.975000000001,3.33333333333331
7976,7.976000000001,3.33333333333331
7977,7.977000000001,3.33333333333331
7978,7.978000000001,3.33333333333331
7979,7.979000000001,3.33333333333331
7980,7.980000000001,3.33333333333331
7981,7.981000000001,3.33333333333331
7982,7.982000000001,3.33333333333331
7983,7.983000000001,3.33333333333331
7984,7.984000000001,3.33333333333331
7985,7.985000000001,3.33333333333331
7986,7.986000000001,3.33333333333331
7987,7.987000000001,3.33333333333331
7988,7.988000000001,3.33333333333331
7989,7.989000000001,3.33333333333331
7990,7.990000000001,3.33333333333331
7991,7.991000000001,3.33333333333331
7992,7.992000000001,3.33333333333331
7993,7.993000000001,3.33333333333331
7994,7.994000000001,3.33333333333331
7995,7.995000000001,3.33333333333331
7996,7.99600000000101,3.33333333333331
7997,7.99700000000101,3.33333333333331
7998,7.99800000000101,3.33333333333331
7999,7.99900000000101,3.33333333333331
8000,8.00000000000101,3.33333333333331
8001,8.001000000001,3.33333333333331
8002,8.002000000001,3.33333333333331
8003,8.003000000001,3.33333333333331
8004,8.004000000001,3.33333333333331
8005,8.005000000001,3.33333333333331
8006,8.006000000001,3.33333333333331
8007,8.007000000001,3.33333333333331
8008,8.008000000001,3.33333333333331
8009,8.009000000001,3.33333333333331
8010,8.010000000001,3.33333333333331
8011,8.011000000001,3.33333333333331
8012,8.012000000001,3.33333333333331
8013,8.013000000001,3.33333333333331
8014,8.014000000001,3.33333333333331
8015,8.015000000001,3.33333333333331
8016,8.016000000001,3.33333333333331
8017,8.017000000001,3.33333333333331
8018,8.018000000001,3.33333333333331
8019,8.01900000000099,3.33333333333331
8020,8.02000000000099,3.33333333333331
8021,8.02100000000099,3.33333333333331
8022,8.02200000000099,3.33333333333331
8023,8.02300000000099,3.33333333333331
8024,8.02400000000099,3.33333333333331
8025,8.02500000000099,3.33333333333331
8026,8.02600000000099,3.33333333333331
8027,8.02700000000099,3.33333333333331
8028,8.02800000000099,3.33333333333331
8029,8.02900000000099,3.33333333333331
8030,8.03000000000099,3.33333333333331
8031,8.03100000000099,3.33333333333331
8032,8.03200000000099,3.33333333333331
8033,8.03300000000099,3.33333333333331
8034,8.03400000000099,3.33333333333331
8035,8.03500000000099,3.33333333333331
8036,8.03600000000099,3.33333333333331
8037,8.03700000000098,3.33333333333331
8038,8.03800000000098,3.33333333333331
8039,8.03900000000098,3.33333333333331
8040,8.04000000000098,3.33333333333331
8041,8.04100000000098,3.33333333333331
8042,8.04200000000098,3.33333333333331
8043,8.04300000000098,3.33333333333331
8044,8.04400000000098,3.33333333333331
8045,8.04500000000098,3.33333333333331
8046,8.04600000000098,3.33333333333331
8047,8.04700000000098,3.33333333333331
8048,8.04800000000098,3.33333333333331
8049,8.04900000000098,3.33333333333331
8050,8.05000000000098,3.33333333333331
8051,8.05100000000098,3.33333333333331
8052,8.05200000000098,3.33333333333331
8053,8.05300000000098,3.33333333333331
8054,8.05400000000098,3.33333333333331
8055,8.05500000000097,3.33333333333331
8056,8.05600000000097,3.33333333333331
8057,8.05700000000097,3.33333333333331
8058,8.05800000000097,3.33333333333331
8059,8.05900000000097,3.33333333333331
8060,8.06000000000097,3.33333333333331
8061,8.06100000000097,3.33333333333331
8062,8.06200000000097,3.33333333333331
8063,8.06300000000097,3.33333333333331
8064,8.06400000000097,3.33333333333331
8065,8.06500000000097,3.33333333333331
8066,8.06600000000097,3.33333333333331
8067,8.06700000000097,3.33333333333331
8068,8.06800000000097,3.33333333333331
8069,8.06900000000097,3.33333333333331
8070,8.07000000000097,3.33333333333331
8071,8.07100000000097,3.33333333333331
8072,8.07200000000097,3.33333333333331
8073,8.07300000000097,3.33333333333331
8074,8.07400000000096,3.33333333333331
8075,8.07500000000096,3.33333333333331
8076,8.07600000000096,3.33333333333331
8077,8.07700000000096,3.33333333333331
8078,8.07800000000096,3.33333333333331
8079,8.07900000000096,3.33333333333331
8080,8.08000000000096,3.33333333333331
8081,8.08100000000096,3.33333333333331
8082,8.08200000000096,3.33333333333331
8083,8.08300000000096,3.33333333333331
8084,8.08400000000096,3.33333333333331
8085,8.08500000000096,3.33333333333331
8086,8.08600000000096,3.33333333333331
8087,8.08700000000096,3.33333333333331
8088,8.08800000000096,3.33333333333331
8089,8.08900000000096,3.33333333333331
8090,8.09000000000096,3.33333333333331
8091,8.09100000000096,3.33333333333331
8092,8.09200000000095,3.33333333333331
8093,8.09300000000095,3.33333333333331
8094,8.09400000000095,3.33333333333331
8095,8.09500000000095,3.33333333333331
8096,8.09600000000095,3.33333333333331
8097,8.09700000000095,3.33333333333331
8098,8.09800000000095,3.33333333333331
8099,8.09900000000095,3.33333333333331
8100,8.10000000000095,3.33333333333331
8101,8.10100000000095,3.33333333333331
8102,8.10200000000095,3.33333333333331
8103,8.10300000000095,3.33333333333331
8104,8.10400000000095,3.33333333333331
8105,8.10500000000095,3.33333333333331
8106,8.10600000000095,3.33333333333331
8107,8.10700000000095,3.33333333333331
8108,8.10800000000095,3.33333333333331
8109,8.10900000000095,3.33333333333331
8110,8.11000000000094,3.33333333333331
8111,8.11100000000094,3.33333333333331
8112,8.11200000000094,3.33333333333331
8113,8.11300000000094,3.33333333333331
8114,8.11400000000094,3.33333333333331
8115,8.11500000000094,3.33333333333331
8116,8.11600000000094,3.33333333333331
8117,8.11700000000094,3.33333333333331
8118,8.11800000000094,3.33333333333331
8119,8.11900000000094,3.33333333333331
8120,8.12000000000094,3.33333333333331
8121,8.12100000000094,3.33333333333331
8122,8.12200000000094,3.33333333333331
8123,8.12300000000094,3.33333333333331
8124,8.12400000000094,3.33333333333331
8125,8.12500000000094,3.33333333333331
8126,8.12600000000094,3.33333333333331
8127,8.12700000000094,3.33333333333331
8128,8.12800000000093,3.33333333333331
8129,8.12900000000093,3.33333333333331
8130,8.13000000000093,3.33333333333331
8131,8.13100000000093,3.33333333333331
8132,8.13200000000093,3.33333333333331
8133,8.13300000000093,3.33333333333331
8134,8.13400000000093,3.33333333333331
8135,8.13500000000093,3.33333333333331
8136,8.13600000000093,3.33333333333331
8137,8.13700000000093,3.33333333333331
8138,8.13800000000093,3.33333333333331
8139,8.13900000000093,3.33333333333331
8140,8.14000000000093,3.33333333333331
8141,8.14100000000093,3.33333333333331
8142,8.14200000000093,3.33333333333331
8143,8.14300000000093,3.33333333333331
8144,8.14400000000093,3.33333333333331
8145,8.14500000000093,3.33333333333331
8146,8.14600000000092,3.33333333333331
8147,8.14700000000092,3.33333333333331
8148,8.14800000000092,3.33333333333331
8149,8.14900000000092,3.33333333333331
8150,8.15000000000092,3.33333333333331
8151,8.15100000000092,3.33333333333331
8152,8.15200000000092,3.33333333333331
8153,8.15300000000092,3.33333333333331
8154,8.15400000000092,3.33333333333331
8155,8.15500000000092,3.33333333333331
8156,8.15600000000092,3.33333333333331
8157,8.15700000000092,3.33333333333331
8158,8.15800000000092,3.33333333333331
8159,8.15900000000092,3.33333333333331
8160,8.16000000000092,3.33333333333331
8161,8.16100000000092,3.33333333333331
8162,8.16200000000092,3.33333333333331
8163,8.16300000000092,3.33333333333331
8164,8.16400000000091,3.33333333333331
8165,8.16500000000091,3.33333333333331
8166,8.16600000000091,3.33333333333331
8167,8.16700000000091,3.33333333333331
8168,8.16800000000091,3.33333333333331
8169,8.16900000000091,3.33333333333331
8170,8.17000000000091,3.33333333333331
8171,8.17100000000091,3.33333333333331
8172,8.17200000000091,3.33333333333331
8173,8.17300000000091,3.33333333333331
8174,8.17400000000091,3.33333333333331
8175,8.17500000000091,3.33333333333331
8176,8.17600000000091,3.33333333333331
8177,8.17700000000091,3.33333333333331
8178,8.17800000000091,3.33333333333331
8179,8.17900000000091,3.33333333333331
8180,8.18000000000091,3.33333333333331
8181,8.18100000000091,3.33333333333331
8182,8.1820000000009,3.33333333333331
8183,8.1830000000009,3.33333333333331
8184,8.1840000000009,3.33333333333331
8185,8.1850000000009,3.33333333333331
8186,8.1860000000009,3.33333333333331
8187,8.1870000000009,3.33333333333331
8188,8.1880000000009,3.33333333333331
8189,8.1890000000009,3.33333333333331
8190,8.1900000000009,3.33333333333331
8191,8.1910000000009,3.33333333333331
8192,8.1920000000009,3.33333333333331
8193,8.1930000000009,3.33333333333331
8194,8.1940000000009,3.33333333333331
8195,8.1950000000009,3.33333333333331
8196,8.1960000000009,3.33333333333331
8197,8.1970000000009,3.33333333333331
8198,8.1980000000009,3.33333333333331
8199,8.1990000000009,3.33333333333331
8200,8.20000000000089,3.33333333333331
8201,8.20100000000089,3.33333333333331
8202,8.20200000000089,3.33333333333331
8203,8.20300000000089,3.33333333333331
8204,8.20400000000089,3.33333333333331
8205,8.20500000000089,3.33333333333331
8206,8.20600000000089,3.33333333333331
8207,8.20700000000089,3.33333333333331
8208,8.20800000000089,3.33333333333331
8209,8.20900000000089,3.33333333333331
8210,8.21000000000089,3.33333333333331
8211,8.21100000000089,3.33333333333331
8212,8.21200000000089,3.33333333333331
8213,8.21300000000089,3.33333333333331
8214,8.21400000000089,3.33333333333331
8215,8.21500000000089,3.33333333333331
8216,8.21600000000089,3.33333333333331
8217,8.21700000000089,3.33333333333331
8218,8.21800000000088,3.33333333333331
8219,8.21900000000088,3.33333333333331
8220,8.22000000000088,3.33333333333331
8221,8.22100000000088,3.33333333333331
8222,8.22200000000088,3.33333333333331
8223,8.22300000000088,3.33333333333331
8224,8.22400000000088,3.33333333333331
8225,8.22500000000088,3.33333333333331
8226,8.22600000000088,3.33333333333331
8227,8.22700000000088,3.33333333333331
8228,8.22800000000088,3.33333333333331
8229,8.22900000000088,3.33333333333331
8230,8.23000000000088,3.33333333333331
8231,8.23100000000088,3.33333333333331
8232,8.23200000000088,3.33333333333331
8233,8.23300000000088,3.33333333333331
8234,8.23400000000088,3.33333333333331
8235,8.23500000000088,3.33333333333331
8236,8.23600000000087,3.33333333333331
8237,8.23700000000087,3.33333333333331
8238,8.23800000000087,3.33333333333331
8239,8.23900000000087,3.33333333333331
8240,8.24000000000087,3.33333333333331
8241,8.24100000000087,3.33333333333331
8242,8.24200000000087,3.33333333333331
8243,8.24300000000087,3.33333333333331
8244,8.24400000000087,3.33333333333331
8245,8.24500000000087,3.33333333333331
8246,8.24600000000087,3.33333333333331
8247,8.24700000000087,3.33333333333331
8248,8.24800000000087,3.33333333333331
8249,8.24900000000087,3.33333333333331
8250,8.25000000000087,3.33333333333331
8251,8.25100000000087,3.33333333333331
8252,8.25200000000087,3.33333333333331
8253,8.25300000000087,3.33333333333331
8254,8.25400000000086,3.33333333333331
8255,8.25500000000086,3.33333333333331
8256,8.25600000000086,3.33333333333331
8257,8.25700000000086,3.33333333333331
8258,8.25800000000086,3.33333333333331
8259,8.25900000000086,3.33333333333331
8260,8.26000000000086,3.33333333333331
8261,8.26100000000086,3.33333333333331
8262,8.26200000000086,3.33333333333331
8263,8.26300000000086,3.33333333333331
8264,8.26400000000086,3.33333333333331
8265,8.26500000000086,3.33333333333331
8266,8.26600000000086,3.33333333333331
8267,8.26700000000086,3.33333333333331
8268,8.26800000000086,3.33333333333331
8269,8.26900000000086,3.33333333333331
8270,8.27000000000086,3.33333333333331
8271,8.27100000000086,3.33333333333331
8272,8.27200000000085,3.33333333333331
8273,8.27300000000085,3.33333333333331
8274,8.27400000000085,3.33333333333331
8275,8.27500000000085,3.33333333333331
8276,8.27600000000085,3.33333333333331
8277,8.27700000000085,3.33333333333331
8278,8.27800000000085,3.33333333333331
8279,8.27900000000085,3.33333333333331
8280,8.28000000000085,3.33333333333331
8281,8.28100000000085,3.33333333333331
8282,8.28200000000085,3.33333333333331
8283,8.28300000000085,3.33333333333331
8284,8.28400000000085,3.33333333333331
8285,8.28500000000085,3.33333333333331
8286,8.28600000000085,3.33333333333331
8287,8.28700000000085,3.33333333333331
8288,8.28800000000085,3.33333333333331
8289,8.28900000000085,3.33333333333331
8290,8.29000000000084,3.33333333333331
8291,8.29100000000084,3.33333333333331
8292,8.29200000000084,3.33333333333331
8293,8.29300000000084,3.33333333333331
8294,8.29400000000084,3.33333333333331
8295,8.29500000000084,3.33333333333331
8296,8.29600000000084,3.33333333333331
8297,8.29700000000084,3.33333333333331
8298,8.29800000000084,3.33333333333331
8299,8.29900000000084,3.33333333333331
8300,8.30000000000084,3.33333333333331
8301,8.30100000000084,3.33333333333331
8302,8.30200000000084,3.33333333333331
8303,8.30300000000084,3.33333333333331
8304,8.30400000000084,3.33333333333331
8305,8.30500000000084,3.33333333333331
8306,8.30600000000084,3.33333333333331
8307,8.30700000000084,3.33333333333331
8308,8.30800000000083,3.33333333333331
8309,8.30900000000083,3.33333333333331
8310,8.31000000000083,3.33333333333331
8311,8.31100000000083,3.33333333333331
8312,8.31200000000083,3.33333333333331
8313,8.31300000000083,3.33333333333331
8314,8.31400000000083,3.33333333333331
8315,8.31500000000083,3.33333333333331
8316,8.31600000000083,3.33333333333331
8317,8.31700000000083,3.33333333333331
8318,8.31800000000083,3.33333333333331
8319,8.31900000000083,3.33333333333331
8320,8.32000000000083,3.33333333333331
8321,8.32100000000083,3.33333333333331
8322,8.32200000000083,3.33333333333331
8323,8.32300000000083,3.33333333333331
8324,8.32400000000083,3.33333333333331
8325,8.32500000000083,3.33333333333331
8326,8.32600000000082,3.33333333333331
8327,8.32700000000082,3.33333333333331
8328,8.32800000000082,3.33333333333331
8329,8.32900000000082,3.33333333333331
8330,8.33000000000082,3.33333333333331
8331,8.33100000000082,3.33333333333331
8332,8.33200000000082,3.33333333333331
8333,8.33300000000082,3.33333333333331
8334,8.33400000000082,3.33333333333331
8335,8.33500000000082,3.33333333333331
8336,8.33600000000082,3.33333333333331
8337,8.33700000000082,3.33333333333331
8338,8.33800000000082,3.33333333333331
8339,8.33900000000082,3.33333333333331
8340,8.34000000000082,3.33333333333331
8341,8.34100000000082,3.33333333333331
8342,8.34200000000082,3.33333333333331
8343,8.34300000000082,3.33333333333331
8344,8.34400000000081,3.33333333333331
8345,8.34500000000081,3.33333333333331
8346,8.34600000000081,3.33333333333331
8347,8.34700000000081,3.33333333333331
8348,8.34800000000081,3.33333333333331
8349,8.34900000000081,3.33333333333331
8350,8.35000000000081,3.33333333333331
8351,8.35100000000081,3.33333333333331
8352,8.35200000000081,3.33333333333331
8353,8.35300000000081,3.33333333333331
8354,8.35400000000081,3.33333333333331
8355,8.35500000000081,3.33333333333331
8356,8.35600000000081,3.33333333333331
8357,8.35700000000081,3.33333333333331
8358,8.35800000000081,3.33333333333331
8359,8.35900000000081,3.33333333333331
8360,8.36000000000081,3.33333333333331
8361,8.36100000000081,3.33333333333331
8362,8.3620000000008,3.33333333333331
8363,8.3630000000008,3.33333333333331
8364,8.3640000000008,3.33333333333331
8365,8.3650000000008,3.33333333333331
8366,8.3660000000008,3.33333333333331
8367,8.3670000000008,3.33333333333331
8368,8.3680000000008,3.33333333333331
8369,8.3690000000008,3.33333333333331
8370,8.3700000000008,3.33333333333331
8371,8.3710000000008,3.33333333333331
8372,8.3720000000008,3.33333333333331
8373,8.3730000000008,3.33333333333331
8374,8.3740000000008,3.33333333333331
8375,8.3750000000008,3.33333333333331
8376,8.3760000000008,3.33333333333331
8377,8.3770000000008,3.33333333333331
8378,8.3780000000008,3.33333333333331
8379,8.3790000000008,3.33333333333331
8380,8.38000000000079,3.33333333333331
8381,8.38100000000079,3.33333333333331
8382,8.38200000000079,3.33333333333331
8383,8.38300000000079,3.33333333333331
8384,8.38400000000079,3.33333333333331
8385,8.38500000000079,3.33333333333331
8386,8.38600000000079,3.33333333333331
8387,8.38700000000079,3.33333333333331
8388,8.38800000000079,3.33333333333331
8389,8.38900000000079,3.33333333333331
8390,8.39000000000079,3.33333333333331
8391,8.39100000000079,3.33333333333331
8392,8.39200000000079,3.33333333333331
8393,8.39300000000079,3.33333333333331
8394,8.39400000000079,3.33333333333331
8395,8.39500000000079,3.33333333333331
8396,8.39600000000079,3.33333333333331
8397,8.39700000000079,3.33333333333331
8398,8.39800000000078,3.33333333333331
8399,8.39900000000078,3.33333333333331
8400,8.40000000000078,3.33333333333331
8401,8.40100000000078,3.33333333333331
8402,8.40200000000078,3.33333333333331
8403,8.40300000000078,3.33333333333331
8404,8.40400000000078,3.33333333333331
8405,8.40500000000078,3.33333333333331
8406,8.40600000000078,3.33333333333331
8407,8.40700000000078,3.33333333333331
8408,8.40800000000078,3.33333333333331
8409,8.40900000000078,3.33333333333331
8410,8.41000000000078,3.33333333333331
8411,8.41100000000078,3.33333333333331
8412,8.41200000000078,3.33333333333331
8413,8.41300000000078,3.33333333333331
8414,8.41400000000078,3.33333333333331
8415,8.41500000000078,3.33333333333331
8416,8.41600000000077,3.33333333333331
8417,8.41700000000077,3.33333333333331
8418,8.41800000000077,3.33333333333331
8419,8.41900000000077,3.33333333333331
8420,8.42000000000077,3.33333333333331
8421,8.42100000000077,3.33333333333331
8422,8.42200000000077,3.33333333333331
8423,8.42300000000077,3.33333333333331
8424,8.42400000000077,3.33333333333331
8425,8.42500000000077,3.33333333333331
8426,8.42600000000077,3.33333333333331
8427,8.42700000000077,3.33333333333331
8428,8.42800000000077,3.33333333333331
8429,8.42900000000077,3.33333333333331
8430,8.43000000000077,3.33333333333331
8431,8.43100000000077,3.33333333333331
8432,8.43200000000077,3.33333333333331
8433,8.43300000000077,3.33333333333331
8434,8.43400000000076,3.33333333333331
8435,8.43500000000076,3.33333333333331
8436,8.43600000000076,3.33333333333331
8437,8.43700000000076,3.33333333333331
8438,8.43800000000076,3.33333333333331
8439,8.43900000000076,3.33333333333331
8440,8.44000000000076,3.33333333333331
8441,8.44100000000076,3.33333333333331
8442,8.44200000000076,3.33333333333331
8443,8.44300000000076,3.33333333333331
8444,8.44400000000076,3.33333333333331
8445,8.44500000000076,3.33333333333331
8446,8.44600000000076,3.33333333333331
8447,8.44700000000076,3.33333333333331
8448,8.44800000000076,3.33333333333331
8449,8.44900000000076,3.33333333333331
8450,8.45000000000076,3.33333333333331
8451,8.45100000000076,3.33333333333331
8452,8.45200000000075,3.33333333333331
8453,8.45300000000075,3.33333333333331
8454,8.45400000000075,3.33333333333331
8455,8.45500000000075,3.33333333333331
8456,8.45600000000075,3.33333333333331
8457,8.45700000000075,3.33333333333331
8458,8.45800000000075,3.33333333333331
8459,8.45900000000075,3.33333333333331
8460,8.46000000000075,3.33333333333331
8461,8.46100000000075,3.33333333333331
8462,8.46200000000075,3.33333333333331
8463,8.46300000000075,3.33333333333331
8464,8.46400000000075,3.33333333333331
8465,8.46500000000075,3.33333333333331
8466,8.46600000000075,3.33333333333331
8467,8.46700000000075,3.33333333333331
8468,8.46800000000075,3.33333333333331
8469,8.46900000000075,3.33333333333331
8470,8.47000000000074,3.33333333333331
8471,8.47100000000074,3.33333333333331
8472,8.47200000000074,3.33333333333331
8473,8.47300000000074,3.33333333333331
8474,8.47400000000074,3.33333333333331
8475,8.47500000000074,3.33333333333331
8476,8.47600000000074,3.33333333333331
8477,8.47700000000074,3.33333333333331
8478,8.47800000000074,3.33333333333331
8479,8.47900000000074,3.33333333333331
8480,8.48000000000074,3.33333333333331
8481,8.48100000000074,3.33333333333331
8482,8.48200000000074,3.33333333333331
8483,8.48300000000074,3.33333333333331
8484,8.48400000000074,3.33333333333331
8485,8.48500000000074,3.33333333333331
8486,8.48600000000074,3.33333333333331
8487,8.48700000000074,3.33333333333331
8488,8.48800000000074,3.33333333333331
8489,8.48900000000073,3.33333333333331
8490,8.49000000000073,3.33333333333331
8491,8.49100000000073,3.33333333333331
8492,8.49200000000073,3.33333333333331
8493,8.49300000000073,3.33333333333331
8494,8.49400000000073,3.33333333333331
8495,8.49500000000073,3.33333333333331
8496,8.49600000000073,3.33333333333331
8497,8.49700000000073,3.33333333333331
8498,8.49800000000073,3.33333333333331
8499,8.49900000000073,3.33333333333331
8500,8.50000000000073,3.33333333333331
8501,8.50100000000073,3.33333333333331
8502,8.50200000000073,3.33333333333331
8503,8.50300000000073,3.33333333333331
8504,8.50400000000073,3.33333333333331
8505,8.50500000000073,3.33333333333331
8506,8.50600000000073,3.33333333333331
8507,8.50700000000072,3.33333333333331
8508,8.50800000000072,3.33333333333331
8509,8.50900000000072,3.33333333333331
8510,8.51000000000072,3.33333333333331
8511,8.51100000000072,3.33333333333331
8512,8.51200000000072,3.33333333333331
8513,8.51300000000072,3.33333333333331
8514,8.51400000000072,3.33333333333331
8515,8.51500000000072,3.33333333333331
8516,8.51600000000072,3.33333333333331
8517,8.51700000000072,3.33333333333331
8518,8.51800000000072,3.33333333333331
8519,8.51900000000072,3.33333333333331
8520,8.52000000000072,3.33333333333331
8521,8.52100000000072,3.33333333333331
8522,8.52200000000072,3.33333333333331
8523,8.52300000000072,3.33333333333331
8524,8.52400000000072,3.33333333333331
8525,8.52500000000071,3.33333333333331
8526,8.52600000000071,3.33333333333331
8527,8.52700000000071,3.33333333333331
8528,8.52800000000071,3.33333333333331
8529,8.52900000000071,3.33333333333331
8530,8.53000000000071,3.33333333333331
8531,8.53100000000071,3.33333333333331
8532,8.53200000000071,3.33333333333331
8533,8.53300000000071,3.33333333333331
8534,8.53400000000071,3.33333333333331
8535,8.53500000000071,3.33333333333331
8536,8.53600000000071,3.33333333333331
8537,8.53700000000071,3.33333333333331
8538,8.53800000000071,3.33333333333331
8539,8.53900000000071,3.33333333333331
8540,8.54000000000071,3.33333333333331
8541,8.54100000000071,3.33333333333331
8542,8.54200000000071,3.33333333333331
8543,8.5430000000007,3.33333333333331
8544,8.5440000000007,3.33333333333331
8545,8.5450000000007,3.33333333333331
8546,8.5460000000007,3.33333333333331
8547,8.5470000000007,3.33333333333331
8548,8.5480000000007,3.33333333333331
8549,8.5490000000007,3.33333333333331
8550,8.5500000000007,3.33333333333331
8551,8.5510000000007,3.33333333333331
8552,8.5520000000007,3.33333333333331
8553,8.5530000000007,3.33333333333331
8554,8.5540000000007,3.33333333333331
8555,8.5550000000007,3.33333333333331
8556,8.5560000000007,3.33333333333331
8557,8.5570000000007,3.33333333333331
8558,8.5580000000007,3.33333333333331
8559,8.5590000000007,3.33333333333331
8560,8.5600000000007,3.33333333333331
8561,8.56100000000069,3.33333333333331
8562,8.56200000000069,3.33333333333331
8563,8.56300000000069,3.33333333333331
8564,8.56400000000069,3.33333333333331
8565,8.56500000000069,3.33333333333331
8566,8.56600000000069,3.33333333333331
8567,8.56700000000069,3.33333333333331
8568,8.56800000000069,3.33333333333331
8569,8.56900000000069,3.33333333333331
8570,8.57000000000069,3.33333333333331
8571,8.57100000000069,3.33333333333331
8572,8.57200000000069,3.33333333333331
8573,8.57300000000069,3.33333333333331
8574,8.57400000000069,3.33333333333331
8575,8.57500000000069,3.33333333333331
8576,8.57600000000069,3.33333333333331
8577,8.57700000000069,3.33333333333331
8578,8.57800000000069,3.33333333333331
8579,8.57900000000068,3.33333333333331
8580,8.58000000000068,3.33333333333331
8581,8.58100000000068,3.33333333333331
8582,8.58200000000068,3.33333333333331
8583,8.58300000000068,3.33333333333331
8584,8.58400000000068,3.33333333333331
8585,8.58500000000068,3.33333333333331
8586,8.58600000000068,3.33333333333331
8587,8.58700000000068,3.33333333333331
8588,8.58800000000068,3.33333333333331
8589,8.58900000000068,3.33333333333331
8590,8.59000000000068,3.33333333333331
8591,8.59100000000068,3.33333333333331
8592,8.59200000000068,3.33333333333331
8593,8.59300000000068,3.33333333333331
8594,8.59400000000068,3.33333333333331
8595,8.59500000000068,3.33333333333331
8596,8.59600000000068,3.33333333333331
8597,8.59700000000067,3.33333333333331
8598,8.59800000000067,3.33333333333331
8599,8.59900000000067,3.33333333333331
8600,8.60000000000067,3.33333333333331
8601,8.60100000000067,3.33333333333331
8602,8.60200000000067,3.33333333333331
8603,8.60300000000067,3.33333333333331
8604,8.60400000000067,3.33333333333331
8605,8.60500000000067,3.33333333333331
8606,8.60600000000067,3.33333333333331
8607,8.60700000000067,3.33333333333331
8608,8.60800000000067,3.33333333333331
8609,8.60900000000067,3.33333333333331
8610,8.61000000000067,3.33333333333331
8611,8.61100000000067,3.33333333333331
8612,8.61200000000067,3.33333333333331
8613,8.61300000000067,3.33333333333331
8614,8.61400000000067,3.33333333333331
8615,8.61500000000066,3.33333333333331
8616,8.61600000000066,3.33333333333331
8617,8.61700000000066,3.33333333333331
8618,8.61800000000066,3.33333333333331
8619,8.61900000000066,3.33333333333331
8620,8.62000000000066,3.33333333333331
8621,8.62100000000066,3.33333333333331
8622,8.62200000000066,3.33333333333331
8623,8.62300000000066,3.33333333333331
8624,8.62400000000066,3.33333333333331
8625,8.62500000000066,3.33333333333331
8626,8.62600000000066,3.33333333333331
8627,8.62700000000066,3.33333333333331
8628,8.62800000000066,3.33333333333331
8629,8.62900000000066,3.33333333333331
8630,8.63000000000066,3.33333333333331
8631,8.63100000000066,3.33333333333331
8632,8.63200000000066,3.33333333333331
8633,8.63300000000065,3.33333333333331
8634,8.63400000000065,3.33333333333331
8635,8.63500000000065,3.33333333333331
8636,8.63600000000065,3.33333333333331
8637,8.63700000000065,3.33333333333331
8638,8.63800000000065,3.33333333333331
8639,8.63900000000065,3.33333333333331
8640,8.64000000000065,3.33333333333331
8641,8.64100000000065,3.33333333333331
8642,8.64200000000065,3.33333333333331
8643,8.64300000000065,3.33333333333331
8644,8.64400000000065,3.33333333333331
8645,8.64500000000065,3.33333333333331
8646,8.64600000000065,3.33333333333331
8647,8.64700000000065,3.33333333333331
8648,8.64800000000065,3.33333333333331
8649,8.64900000000065,3.33333333333331
8650,8.65000000000065,3.33333333333331
8651,8.65100000000064,3.33333333333331
8652,8.65200000000064,3.33333333333331
8653,8.65300000000064,3.33333333333331
8654,8.65400000000064,3.33333333333331
8655,8.65500000000064,3.33333333333331
8656,8.65600000000064,3.33333333333331
8657,8.65700000000064,3.33333333333331
8658,8.65800000000064,3.33333333333331
8659,8.65900000000064,3.33333333333331
8660,8.66000000000064,3.33333333333331
8661,8.66100000000064,3.33333333333331
8662,8.66200000000064,3.33333333333331
8663,8.66300000000064,3.33333333333331
8664,8.66400000000064,3.33333333333331
8665,8.66500000000064,3.33333333333331
8666,8.66600000000064,3.33333333333331
8667,8.66700000000064,3.33333333333331
8668,8.66800000000064,3.33333333333331
8669,8.66900000000063,3.33333333333331
8670,8.67000000000063,3.33333333333331
8671,8.67100000000063,3.33333333333331
8672,8.67200000000063,3.33333333333331
8673,8.67300000000063,3.33333333333331
8674,8.67400000000063,3.33333333333331
8675,8.67500000000063,3.33333333333331
8676,8.67600000000063,3.33333333333331
8677,8.67700000000063,3.33333333333331
8678,8.67800000000063,3.33333333333331
8679,8.67900000000063,3.33333333333331
8680,8.68000000000063,3.33333333333331
8681,8.68100000000063,3.33333333333331
8682,8.68200000000063,3.33333333333331
8683,8.68300000000063,3.33333333333331
8684,8.68400000000063,3.33333333333331
8685,8.68500000000063,3.33333333333331
8686,8.68600000000063,3.33333333333331
8687,8.68700000000062,3.33333333333331
8688,8.68800000000062,3.33333333333331
8689,8.68900000000062,3.33333333333331
8690,8.69000000000062,3.33333333333331
8691,8.69100000000062,3.33333333333331
8692,8.69200000000062,3.33333333333331
8693,8.69300000000062,3.33333333333331
8694,8.69400000000062,3.33333333333331
8695,8.69500000000062,3.33333333333331
8696,8.69600000000062,3.33333333333331
8697,8.69700000000062,3.33333333333331
8698,8.69800000000062,3.33333333333331
8699,8.69900000000062,3.33333333333331
8700,8.70000000000062,3.33333333333331
8701,8.70100000000062,3.33333333333331
8702,8.70200000000062,3.33333333333331
8703,8.70300000000062,3.33333333333331
8704,8.70400000000062,3.33333333333331
8705,8.70500000000061,3.33333333333331
8706,8.70600000000061,3.33333333333331
8707,8.70700000000061,3.33333333333331
8708,8.70800000000061,3.33333333333331
8709,8.70900000000061,3.33333333333331
8710,8.71000000000061,3.33333333333331
8711,8.71100000000061,3.33333333333331
8712,8.71200000000061,3.33333333333331
8713,8.71300000000061,3.33333333333331
8714,8.71400000000061,3.33333333333331
8715,8.71500000000061,3.33333333333331
8716,8.71600000000061,3.33333333333331
8717,8.71700000000061,3.33333333333331
8718,8.71800000000061,3.33333333333331
8719,8.71900000000061,3.33333333333331
8720,8.72000000000061,3.33333333333331
8721,8.72100000000061,3.33333333333331
8722,8.72200000000061,3.33333333333331
8723,8.7230000000006,3.33333333333331
8724,8.7240000000006,3.33333333333331
8725,8.7250000000006,3.33333333333331
8726,8.7260000000006,3.33333333333331
8727,8.7270000000006,3.33333333333331
8728,8.7280000000006,3.33333333333331
8729,8.7290000000006,3.33333333333331
8730,8.7300000000006,3.33333333333331
8731,8.7310000000006,3.33333333333331
8732,8.7320000000006,3.33333333333331
8733,8.7330000000006,3.33333333333331
8734,8.7340000000006,3.33333333333331
8735,8.7350000000006,3.33333333333331
8736,8.7360000000006,3.33333333333331
8737,8.7370000000006,3.33333333333331
8738,8.7380000000006,3.33333333333331
8739,8.7390000000006,3.33333333333331
8740,8.7400000000006,3.33333333333331
8741,8.74100000000059,3.33333333333331
8742,8.74200000000059,3.33333333333331
8743,8.74300000000059,3.33333333333331
8744,8.74400000000059,3.33333333333331
8745,8.74500000000059,3.33333333333331
8746,8.74600000000059,3.33333333333331
8747,8.74700000000059,3.33333333333331
8748,8.74800000000059,3.33333333333331
8749,8.74900000000059,3.33333333333331
8750,8.75000000000059,3.33333333333331
8751,8.75100000000059,3.33333333333331
8752,8.75200000000059,3.33333333333331
8753,8.75300000000059,3.33333333333331
8754,8.75400000000059,3.33333333333331
8755,8.75500000000059,3.33333333333331
8756,8.75600000000059,3.33333333333331
8757,8.75700000000059,3.33333333333331
8758,8.75800000000059,3.33333333333331
8759,8.75900000000058,3.33333333333331
8760,8.76000000000058,3.33333333333331
8761,8.76100000000058,3.33333333333331
8762,8.76200000000058,3.33333333333331
8763,8.76300000000058,3.33333333333331
8764,8.76400000000058,3.33333333333331
8765,8.76500000000058,3.33333333333331
8766,8.76600000000058,3.33333333333331
8767,8.76700000000058,3.33333333333331
8768,8.76800000000058,3.33333333333331
8769,8.76900000000058,3.33333333333331
8770,8.77000000000058,3.33333333333331
8771,8.77100000000058,3.33333333333331
8772,8.77200000000058,3.33333333333331
8773,8.77300000000058,3.33333333333331
8774,8.77400000000058,3.33333333333331
8775,8.77500000000058,3.33333333333331
8776,8.77600000000058,3.33333333333331
8777,8.77700000000057,3.33333333333331
8778,8.77800000000057,3.33333333333331
8779,8.77900000000057,3.33333333333331
8780,8.78000000000057,3.33333333333331
8781,8.78100000000057,3.33333333333331
8782,8.78200000000057,3.33333333333331
8783,8.78300000000057,3.33333333333331
8784,8.78400000000057,3.33333333333331
8785,8.78500000000057,3.33333333333331
8786,8.78600000000057,3.33333333333331
8787,8.78700000000057,3.33333333333331
8788,8.78800000000057,3.33333333333331
8789,8.78900000000057,3.33333333333331
8790,8.79000000000057,3.33333333333331
8791,8.79100000000057,3.33333333333331
8792,8.79200000000057,3.33333333333331
8793,8.79300000000057,3.33333333333331
8794,8.79400000000057,3.33333333333331
8795,8.79500000000056,3.33333333333331
8796,8.79600000000056,3.33333333333331
8797,8.79700000000056,3.33333333333331
8798,8.79800000000056,3.33333333333331
8799,8.79900000000056,3.33333333333331
8800,8.80000000000056,3.33333333333331
8801,8.80100000000056,3.33333333333331
8802,8.80200000000056,3.33333333333331
8803,8.80300000000056,3.33333333333331
8804,8.80400000000056,3.33333333333331
8805,8.80500000000056,3.33333333333331
8806,8.80600000000056,3.33333333333331
8807,8.80700000000056,3.33333333333331
8808,8.80800000000056,3.33333333333331
8809,8.80900000000056,3.33333333333331
8810,8.81000000000056,3.33333333333331
8811,8.81100000000056,3.33333333333331
8812,8.81200000000056,3.33333333333331
8813,8.81300000000055,3.33333333333331
8814,8.81400000000055,3.33333333333331
8815,8.81500000000055,3.33333333333331
8816,8.81600000000055,3.33333333333331
8817,8.81700000000055,3.33333333333331
8818,8.81800000000055,3.33333333333331
8819,8.81900000000055,3.33333333333331
8820,8.82000000000055,3.33333333333331
8821,8.82100000000055,3.33333333333331
8822,8.82200000000055,3.33333333333331
8823,8.82300000000055,3.33333333333331
8824,8.82400000000055,3.33333333333331
8825,8.82500000000055,3.33333333333331
8826,8.82600000000055,3.33333333333331
8827,8.82700000000055,3.33333333333331
8828,8.82800000000055,3.33333333333331
8829,8.82900000000055,3.33333333333331
8830,8.83000000000055,3.33333333333331
8831,8.83100000000054,3.33333333333331
8832,8.83200000000054,3.33333333333331
8833,8.83300000000054,3.33333333333331
8834,8.83400000000054,3.33333333333331
8835,8.83500000000054,3.33333333333331
8836,8.83600000000054,3.33333333333331
8837,8.83700000000054,3.33333333333331
8838,8.83800000000054,3.33333333333331
8839,8.83900000000054,3.33333333333331
8840,8.84000000000054,3.33333333333331
8841,8.84100000000054,3.33333333333331
8842,8.84200000000054,3.33333333333331
8843,8.84300000000054,3.33333333333331
8844,8.84400000000054,3.33333333333331
8845,8.84500000000054,3.33333333333331
8846,8.84600000000054,3.33333333333331
8847,8.84700000000054,3.33333333333331
8848,8.84800000000054,3.33333333333331
8849,8.84900000000053,3.33333333333331
8850,8.85000000000053,3.33333333333331
8851,8.85100000000053,3.33333333333331
8852,8.85200000000053,3.33333333333331
8853,8.85300000000053,3.33333333333331
8854,8.85400000000053,3.33333333333331
8855,8.85500000000053,3.33333333333331
8856,8.85600000000053,3.33333333333331
8857,8.85700000000053,3.33333333333331
8858,8.85800000000053,3.33333333333331
8859,8.85900000000053,3.33333333333331
8860,8.86000000000053,3.33333333333331
8861,8.86100000000053,3.33333333333331
8862,8.86200000000053,3.33333333333331
8863,8.86300000000053,3.33333333333331
8864,8.86400000000053,3.33333333333331
8865,8.86500000000053,3.33333333333331
8866,8.86600000000053,3.33333333333331
8867,8.86700000000052,3.33333333333331
8868,8.86800000000052,3.33333333333331
8869,8.86900000000052,3.33333333333331
8870,8.87000000000052,3.33333333333331
8871,8.87100000000052,3.33333333333331
8872,8.87200000000052,3.33333333333331
8873,8.87300000000052,3.33333333333331
8874,8.87400000000052,3.33333333333331
8875,8.87500000000052,3.33333333333331
8876,8.87600000000052,3.33333333333331
8877,8.87700000000052,3.33333333333331
8878,8.87800000000052,3.33333333333331
8879,8.87900000000052,3.33333333333331
8880,8.88000000000052,3.33333333333331
8881,8.88100000000052,3.33333333333331
8882,8.88200000000052,3.33333333333331
8883,8.88300000000052,3.33333333333331
8884,8.88400000000052,3.33333333333331
8885,8.88500000000051,3.33333333333331
8886,8.88600000000051,3.33333333333331
8887,8.88700000000051,3.33333333333331
8888,8.88800000000051,3.33333333333331
8889,8.88900000000051,3.33333333333331
8890,8.89000000000051,3.33333333333331
8891,8.89100000000051,3.33333333333331
8892,8.89200000000051,3.33333333333331
8893,8.89300000000051,3.33333333333331
8894,8.89400000000051,3.33333333333331
8895,8.89500000000051,3.33333333333331
8896,8.89600000000051,3.33333333333331
8897,8.89700000000051,3.33333333333331
8898,8.89800000000051,3.33333333333331
8899,8.89900000000051,3.33333333333331
8900,8.90000000000051,3.33333333333331
8901,8.90100000000051,3.33333333333331
8902,8.90200000000051,3.33333333333331
8903,8.90300000000051,3.33333333333331
8904,8.9040000000005,3.33333333333331
8905,8.9050000000005,3.33333333333331
8906,8.9060000000005,3.33333333333331
8907,8.9070000000005,3.33333333333331
8908,8.9080000000005,3.33333333333331
8909,8.9090000000005,3.33333333333331
8910,8.9100000000005,3.33333333333331
8911,8.9110000000005,3.33333333333331
8912,8.9120000000005,3.33333333333331
8913,8.9130000000005,3.33333333333331
8914,8.9140000000005,3.33333333333331
8915,8.9150000000005,3.33333333333331
8916,8.9160000000005,3.33333333333331
8917,8.9170000000005,3.33333333333331
8918,8.9180000000005,3.33333333333331
8919,8.9190000000005,3.33333333333331
8920,8.9200000000005,3.33333333333331
8921,8.9210000000005,3.33333333333331
8922,8.92200000000049,3.33333333333331
8923,8.92300000000049,3.33333333333331
8924,8.92400000000049,3.33333333333331
8925,8.92500000000049,3.33333333333331
8926,8.92600000000049,3.33333333333331
8927,8.92700000000049,3.33333333333331
8928,8.92800000000049,3.33333333333331
8929,8.92900000000049,3.33333333333331
8930,8.93000000000049,3.33333333333331
8931,8.93100000000049,3.33333333333331
8932,8.93200000000049,3.33333333333331
8933,8.93300000000049,3.33333333333331
8934,8.93400000000049,3.33333333333331
8935,8.93500000000049,3.33333333333331
8936,8.93600000000049,3.33333333333331
8937,8.93700000000049,3.33333333333331
8938,8.93800000000049,3.33333333333331
8939,8.93900000000049,3.33333333333331
8940,8.94000000000048,3.33333333333331
8941,8.94100000000048,3.33333333333331
8942,8.94200000000048,3.33333333333331
8943,8.94300000000048,3.33333333333331
8944,8.94400000000048,3.33333333333331
8945,8.94500000000048,3.33333333333331
8946,8.94600000000048,3.33333333333331
8947,8.94700000000048,3.33333333333331
8948,8.94800000000048,3.33333333333331
8949,8.94900000000048,3.33333333333331
8950,8.95000000000048,3.33333333333331
8951,8.95100000000048,3.33333333333331
8952,8.95200000000048,3.33333333333331
8953,8.95300000000048,3.33333333333331
8954,8.95400000000048,3.33333333333331
8955,8.95500000000048,3.33333333333331
8956,8.95600000000048,3.33333333333331
8957,8.95700000000048,3.33333333333331
8958,8.95800000000047,3.33333333333331
8959,8.95900000000047,3.33333333333331
8960,8.96000000000047,3.33333333333331
8961,8.96100000000047,3.33333333333331
8962,8.96200000000047,3.33333333333331
8963,8.96300000000047,3.33333333333331
8964,8.96400000000047,3.33333333333331
8965,8.96500000000047,3.33333333333331
8966,8.96600000000047,3.33333333333331
8967,8.96700000000047,3.33333333333331
8968,8.96800000000047,3.33333333333331
8969,8.96900000000047,3.33333333333331
8970,8.97000000000047,3.33333333333331
8971,8.97100000000047,3.33333333333331
8972,8.97200000000047,3.33333333333331
8973,8.97300000000047,3.33333333333331
8974,8.97400000000047,3.33333333333331
8975,8.97500000000047,3.33333333333331
8976,8.97600000000046,3.33333333333331
8977,8.97700000000046,3.33333333333331
8978,8.97800000000046,3.33333333333331
8979,8.97900000000046,3.33333333333331
8980,8.98000000000046,3.33333333333331
8981,8.98100000000046,3.33333333333331
8982,8.98200000000046,3.33333333333331
8983,8.98300000000046,3.33333333333331
8984,8.98400000000046,3.33333333333331
8985,8.98500000000046,3.33333333333331
8986,8.98600000000046,3.33333333333331
8987,8.98700000000046,3.33333333333331
8988,8.98800000000046,3.33333333333331
8989,8.98900000000046,3.33333333333331
8990,8.99000000000046,3.33333333333331
8991,8.99100000000046,3.33333333333331
8992,8.99200000000046,3.33333333333331
8993,8.99300000000046,3.33333333333331
8994,8.99400000000045,3.33333333333331
8995,8.99500000000045,3.33333333333331
8996,8.99600000000045,3.33333333333331
8997,8.99700000000045,3.33333333333331
8998,8.99800000000045,3.33333333333331
8999,8.99900000000045,3.33333333333331
9000,9.00000000000045,3.33333333333331
9001,9.00100000000045,3.33333333333331
9002,9.00200000000045,3.33333333333331
9003,9.00300000000045,3.33333333333331
9004,9.00400000000045,3.33333333333331
9005,9.00500000000045,3.33333333333331
9006,9.00600000000045,3.33333333333331
9007,9.00700000000045,3.33333333333331
9008,9.00800000000045,3.33333333333331
9009,9.00900000000045,3.33333333333331
9010,9.01000000000045,3.33333333333331
9011,9.01100000000045,3.33333333333331
9012,9.01200000000044,3.33333333333331
9013,9.01300000000044,3.33333333333331
9014,9.01400000000044,3.33333333333331
9015,9.01500000000044,3.33333333333331
9016,9.01600000000044,3.33333333333331
9017,9.01700000000044,3.33333333333331
9018,9.01800000000044,3.33333333333331
9019,9.01900000000044,3.33333333333331
9020,9.02000000000044,3.33333333333331
9021,9.02100000000044,3.33333333333331
9022,9.02200000000044,3.33333333333331
9023,9.02300000000044,3.33333333333331
9024,9.02400000000044,3.33333333333331
9025,9.02500000000044,3.33333333333331
9026,9.02600000000044,3.33333333333331
9027,9.02700000000044,3.33333333333331
9028,9.02800000000044,3.33333333333331
9029,9.02900000000044,3.33333333333331
9030,9.03000000000043,3.33333333333331
9031,9.03100000000043,3.33333333333331
9032,9.03200000000043,3.33333333333331
9033,9.03300000000043,3.33333333333331
9034,9.03400000000043,3.33333333333331
9035,9.03500000000043,3.33333333333331
9036,9.03600000000043,3.33333333333331
9037,9.03700000000043,3.33333333333331
9038,9.03800000000043,3.33333333333331
9039,9.03900000000043,3.33333333333331
9040,9.04000000000043,3.33333333333331
9041,9.04100000000043,3.33333333333331
9042,9.04200000000043,3.33333333333331
9043,9.04300000000043,3.33333333333331
9044,9.04400000000043,3.33333333333331
9045,9.04500000000043,3.33333333333331
9046,9.04600000000043,3.33333333333331
9047,9.04700000000043,3.33333333333331
9048,9.04800000000042,3.33333333333331
9049,9.04900000000042,3.33333333333331
9050,9.05000000000042,3.33333333333331
9051,9.05100000000042,3.33333333333331
9052,9.05200000000042,3.33333333333331
9053,9.05300000000042,3.33333333333331
9054,9.05400000000042,3.33333333333331
9055,9.05500000000042,3.33333333333331
9056,9.05600000000042,3.33333333333331
9057,9.05700000000042,3.33333333333331
9058,9.05800000000042,3.33333333333331
9059,9.05900000000042,3.33333333333331
9060,9.06000000000042,3.33333333333331
9061,9.06100000000042,3.33333333333331
9062,9.06200000000042,3.33333333333331
9063,9.06300000000042,3.33333333333331
9064,9.06400000000042,3.33333333333331
9065,9.06500000000042,3.33333333333331
9066,9.06600000000041,3.33333333333331
9067,9.06700000000041,3.33333333333331
9068,9.06800000000041,3.33333333333331
9069,9.06900000000041,3.33333333333331
9070,9.07000000000041,3.33333333333331
9071,9.07100000000041,3.33333333333331
9072,9.07200000000041,3.33333333333331
9073,9.07300000000041,3.33333333333331
9074,9.07400000000041,3.33333333333331
9075,9.07500000000041,3.33333333333331
9076,9.07600000000041,3.33333333333331
9077,9.07700000000041,3.33333333333331
9078,9.07800000000041,3.33333333333331
9079,9.07900000000041,3.33333333333331
9080,9.08000000000041,3.33333333333331
9081,9.08100000000041,3.33333333333331
9082,9.08200000000041,3.33333333333331
9083,9.08300000000041,3.33333333333331
9084,9.0840000000004,3.33333333333331
9085,9.0850000000004,3.33333333333331
9086,9.0860000000004,3.33333333333331
9087,9.0870000000004,3.33333333333331
9088,9.0880000000004,3.33333333333331
9089,9.0890000000004,3.33333333333331
9090,9.0900000000004,3.33333333333331
9091,9.0910000000004,3.33333333333331
9092,9.0920000000004,3.33333333333331
9093,9.0930000000004,3.33333333333331
9094,9.0940000000004,3.33333333333331
9095,9.0950000000004,3.33333333333331
9096,9.0960000000004,3.33333333333331
9097,9.0970000000004,3.33333333333331
9098,9.0980000000004,3.33333333333331
9099,9.0990000000004,3.33333333333331
9100,9.1000000000004,3.33333333333331
9101,9.1010000000004,3.33333333333331
9102,9.10200000000039,3.33333333333331
9103,9.10300000000039,3.33333333333331
9104,9.10400000000039,3.33333333333331
9105,9.10500000000039,3.33333333333331
9106,9.10600000000039,3.33333333333331
9107,9.10700000000039,3.33333333333331
9108,9.10800000000039,3.33333333333331
9109,9.10900000000039,3.33333333333331
9110,9.11000000000039,3.33333333333331
9111,9.11100000000039,3.33333333333331
9112,9.11200000000039,3.33333333333331
9113,9.11300000000039,3.33333333333331
9114,9.11400000000039,3.33333333333331
9115,9.11500000000039,3.33333333333331
9116,9.11600000000039,3.33333333333331
9117,9.11700000000039,3.33333333333331
9118,9.11800000000039,3.33333333333331
9119,9.11900000000039,3.33333333333331
9120,9.12000000000038,3.33333333333331
9121,9.12100000000038,3.33333333333331
9122,9.12200000000038,3.33333333333331
9123,9.12300000000038,3.33333333333331
9124,9.12400000000038,3.33333333333331
9125,9.12500000000038,3.33333333333331
9126,9.12600000000038,3.33333333333331
9127,9.12700000000038,3.33333333333331
9128,9.12800000000038,3.33333333333331
9129,9.12900000000038,3.33333333333331
9130,9.13000000000038,3.33333333333331
9131,9.13100000000038,3.33333333333331
9132,9.13200000000038,3.33333333333331
9133,9.13300000000038,3.33333333333331
9134,9.13400000000038,3.33333333333331
9135,9.13500000000038,3.33333333333331
9136,9.13600000000038,3.33333333333331
9137,9.13700000000038,3.33333333333331
9138,9.13800000000037,3.33333333333331
9139,9.13900000000037,3.33333333333331
9140,9.14000000000037,3.33333333333331
9141,9.14100000000037,3.33333333333331
9142,9.14200000000037,3.33333333333331
9143,9.14300000000037,3.33333333333331
9144,9.14400000000037,3.33333333333331
9145,9.14500000000037,3.33333333333331
9146,9.14600000000037,3.33333333333331
9147,9.14700000000037,3.33333333333331
9148,9.14800000000037,3.33333333333331
9149,9.14900000000037,3.33333333333331
9150,9.15000000000037,3.33333333333331
9151,9.15100000000037,3.33333333333331
9152,9.15200000000037,3.33333333333331
9153,9.15300000000037,3.33333333333331
9154,9.15400000000037,3.33333333333331
9155,9.15500000000037,3.33333333333331
9156,9.15600000000036,3.33333333333331
9157,9.15700000000036,3.33333333333331
9158,9.15800000000036,3.33333333333331
9159,9.15900000000036,3.33333333333331
9160,9.16000000000036,3.33333333333331
9161,9.16100000000036,3.33333333333331
9162,9.16200000000036,3.33333333333331
9163,9.16300000000036,3.33333333333331
9164,9.16400000000036,3.33333333333331
9165,9.16500000000036,3.33333333333331
9166,9.16600000000036,3.33333333333331
9167,9.16700000000036,3.33333333333331
9168,9.16800000000036,3.33333333333331
9169,9.16900000000036,3.33333333333331
9170,9.17000000000036,3.33333333333331
9171,9.17100000000036,3.33333333333331
9172,9.17200000000036,3.33333333333331
9173,9.17300000000036,3.33333333333331
9174,9.17400000000035,3.33333333333331
9175,9.17500000000035,3.33333333333331
9176,9.17600000000035,3.33333333333331
9177,9.17700000000035,3.33333333333331
9178,9.17800000000035,3.33333333333331
9179,9.17900000000035,3.33333333333331
9180,9.18000000000035,3.33333333333331
9181,9.18100000000035,3.33333333333331
9182,9.18200000000035,3.33333333333331
9183,9.18300000000035,3.33333333333331
9184,9.18400000000035,3.33333333333331
9185,9.18500000000035,3.33333333333331
9186,9.18600000000035,3.33333333333331
9187,9.18700000000035,3.33333333333331
9188,9.18800000000035,3.33333333333331
9189,9.18900000000035,3.33333333333331
9190,9.19000000000035,3.33333333333331
9191,9.19100000000035,3.33333333333331
9192,9.19200000000034,3.33333333333331
9193,9.19300000000034,3.33333333333331
9194,9.19400000000034,3.33333333333331
9195,9.19500000000034,3.33333333333331
9196,9.19600000000034,3.33333333333331
9197,9.19700000000034,3.33333333333331
9198,9.19800000000034,3.33333333333331
9199,9.19900000000034,3.33333333333331
9200,9.20000000000034,3.33333333333331
9201,9.20100000000034,3.33333333333331
9202,9.20200000000034,3.33333333333331
9203,9.20300000000034,3.33333333333331
9204,9.20400000000034,3.33333333333331
9205,9.20500000000034,3.33333333333331
9206,9.20600000000034,3.33333333333331
9207,9.20700000000034,3.33333333333331
9208,9.20800000000034,3.33333333333331
9209,9.20900000000034,3.33333333333331
9210,9.21000000000033,3.33333333333331
9211,9.21100000000033,3.33333333333331
9212,9.21200000000033,3.33333333333331
9213,9.21300000000033,3.33333333333331
9214,9.21400000000033,3.33333333333331
9215,9.21500000000033,3.33333333333331
9216,9.21600000000033,3.33333333333331
9217,9.21700000000033,3.33333333333331
9218,9.21800000000033,3.33333333333331
9219,9.21900000000033,3.33333333333331
9220,9.22000000000033,3.33333333333331
9221,9.22100000000033,3.33333333333331
9222,9.22200000000033,3.33333333333331
9223,9.22300000000033,3.33333333333331
9224,9.22400000000033,3.33333333333331
9225,9.22500000000033,3.33333333333331
9226,9.22600000000033,3.33333333333331
9227,9.22700000000033,3.33333333333331
9228,9.22800000000032,3.33333333333331
9229,9.22900000000032,3.33333333333331
9230,9.23000000000032,3.33333333333331
9231,9.23100000000032,3.33333333333331
9232,9.23200000000032,3.33333333333331
9233,9.23300000000032,3.33333333333331
9234,9.23400000000032,3.33333333333331
9235,9.23500000000032,3.33333333333331
9236,9.23600000000032,3.33333333333331
9237,9.23700000000032,3.33333333333331
9238,9.23800000000032,3.33333333333331
9239,9.23900000000032,3.33333333333331
9240,9.24000000000032,3.33333333333331
9241,9.24100000000032,3.33333333333331
9242,9.24200000000032,3.33333333333331
9243,9.24300000000032,3.33333333333331
9244,9.24400000000032,3.33333333333331
9245,9.24500000000032,3.33333333333331
9246,9.24600000000031,3.33333333333331
9247,9.24700000000031,3.33333333333331
9248,9.24800000000031,3.33333333333331
9249,9.24900000000031,3.33333333333331
9250,9.25000000000031,3.33333333333331
9251,9.25100000000031,3.33333333333331
9252,9.25200000000031,3.33333333333331
9253,9.25300000000031,3.33333333333331
9254,9.25400000000031,3.33333333333331
9255,9.25500000000031,3.33333333333331
9256,9.25600000000031,3.33333333333331
9257,9.25700000000031,3.33333333333331
9258,9.25800000000031,3.33333333333331
9259,9.25900000000031,3.33333333333331
9260,9.26000000000031,3.33333333333331
9261,9.26100000000031,3.33333333333331
9262,9.26200000000031,3.33333333333331
9263,9.26300000000031,3.33333333333331
9264,9.2640000000003,3.33333333333331
9265,9.2650000000003,3.33333333333331
9266,9.2660000000003,3.33333333333331
9267,9.2670000000003,3.33333333333331
9268,9.2680000000003,3.33333333333331
9269,9.2690000000003,3.33333333333331
9270,9.2700000000003,3.33333333333331
9271,9.2710000000003,3.33333333333331
9272,9.2720000000003,3.33333333333331
9273,9.2730000000003,3.33333333333331
9274,9.2740000000003,3.33333333333331
9275,9.2750000000003,3.33333333333331
9276,9.2760000000003,3.33333333333331
9277,9.2770000000003,3.33333333333331
9278,9.2780000000003,3.33333333333331
9279,9.2790000000003,3.33333333333331
9280,9.2800000000003,3.33333333333331
9281,9.2810000000003,3.33333333333331
9282,9.28200000000029,3.33333333333331
9283,9.28300000000029,3.33333333333331
9284,9.28400000000029,3.33333333333331
9285,9.28500000000029,3.33333333333331
9286,9.28600000000029,3.33333333333331
9287,9.28700000000029,3.33333333333331
9288,9.28800000000029,3.33333333333331
9289,9.28900000000029,3.33333333333331
9290,9.29000000000029,3.33333333333331
9291,9.29100000000029,3.33333333333331
9292,9.29200000000029,3.33333333333331
9293,9.29300000000029,3.33333333333331
9294,9.29400000000029,3.33333333333331
9295,9.29500000000029,3.33333333333331
9296,9.29600000000029,3.33333333333331
9297,9.29700000000029,3.33333333333331
9298,9.29800000000029,3.33333333333331
9299,9.29900000000029,3.33333333333331
9300,9.30000000000028,3.33333333333331
9301,9.30100000000028,3.33333333333331
9302,9.30200000000028,3.33333333333331
9303,9.30300000000028,3.33333333333331
9304,9.30400000000028,3.33333333333331
9305,9.30500000000028,3.33333333333331
9306,9.30600000000028,3.33333333333331
9307,9.30700000000028,3.33333333333331
9308,9.30800000000028,3.33333333333331
9309,9.30900000000028,3.33333333333331
9310,9.31000000000028,3.33333333333331
9311,9.31100000000028,3.33333333333331
9312,9.31200000000028,3.33333333333331
9313,9.31300000000028,3.33333333333331
9314,9.31400000000028,3.33333333333331
9315,9.31500000000028,3.33333333333331
9316,9.31600000000028,3.33333333333331
9317,9.31700000000028,3.33333333333331
9318,9.31800000000028,3.33333333333331
9319,9.31900000000027,3.33333333333331
9320,9.32000000000027,3.33333333333331
9321,9.32100000000027,3.33333333333331
9322,9.32200000000027,3.33333333333331
9323,9.32300000000027,3.33333333333331
9324,9.32400000000027,3.33333333333331
9325,9.32500000000027,3.33333333333331
9326,9.32600000000027,3.33333333333331
9327,9.32700000000027,3.33333333333331
9328,9.32800000000027,3.33333333333331
9329,9.32900000000027,3.33333333333331
9330,9.33000000000027,3.33333333333331
9331,9.33100000000027,3.33333333333331
9332,9.33200000000027,3.33333333333331
9333,9.33300000000027,3.33333333333331
9334,9.33400000000027,3.33333333333331
9335,9.33500000000027,3.33333333333331
9336,9.33600000000027,3.33333333333331
9337,9.33700000000026,3.33333333333331
9338,9.33800000000026,3.33333333333331
9339,9.33900000000026,3.33333333333331
9340,9.34000000000026,3.33333333333331
9341,9.34100000000026,3.33333333333331
9342,9.34200000000026,3.33333333333331
9343,9.34300000000026,3.33333333333331
9344,9.34400000000026,3.33333333333331
9345,9.34500000000026,3.33333333333331
9346,9.34600000000026,3.33333333333331
9347,9.34700000000026,3.33333333333331
9348,9.34800000000026,3.33333333333331
9349,9.34900000000026,3.33333333333331
9350,9.35000000000026,3.33333333333331
9351,9.35100000000026,3.33333333333331
9352,9.35200000000026,3.33333333333331
9353,9.35300000000026,3.33333333333331
9354,9.35400000000026,3.33333333333331
9355,9.35500000000025,3.33333333333331
9356,9.35600000000025,3.33333333333331
9357,9.35700000000025,3.33333333333331
9358,9.35800000000025,3.33333333333331
9359,9.35900000000025,3.33333333333331
9360,9.36000000000025,3.33333333333331
9361,9.36100000000025,3.33333333333331
9362,9.36200000000025,3.33333333333331
9363,9.36300000000025,3.33333333333331
9364,9.36400000000025,3.33333333333331
9365,9.36500000000025,3.33333333333331
9366,9.36600000000025,3.33333333333331
9367,9.36700000000025,3.33333333333331
9368,9.36800000000025,3.33333333333331
9369,9.36900000000025,3.33333333333331
9370,9.37000000000025,3.33333333333331
9371,9.37100000000025,3.33333333333331
9372,9.37200000000025,3.33333333333331
9373,9.37300000000024,3.33333333333331
9374,9.37400000000024,3.33333333333331
9375,9.37500000000024,3.33333333333331
9376,9.37600000000024,3.33333333333331
9377,9.37700000000024,3.33333333333331
9378,9.37800000000024,3.33333333333331
9379,9.37900000000024,3.33333333333331
9380,9.38000000000024,3.33333333333331
9381,9.38100000000024,3.33333333333331
9382,9.38200000000024,3.33333333333331
9383,9.38300000000024,3.33333333333331
9384,9.38400000000024,3.33333333333331
9385,9.38500000000024,3.33333333333331
9386,9.38600000000024,3.33333333333331
9387,9.38700000000024,3.33333333333331
9388,9.38800000000024,3.33333333333331
9389,9.38900000000024,3.33333333333331
9390,9.39000000000024,3.33333333333331
9391,9.39100000000023,3.33333333333331
9392,9.39200000000023,3.33333333333331
9393,9.39300000000023,3.33333333333331
9394,9.39400000000023,3.33333333333331
9395,9.39500000000023,3.33333333333331
9396,9.39600000000023,3.33333333333331
9397,9.39700000000023,3.33333333333331
9398,9.39800000000023,3.33333333333331
9399,9.39900000000023,3.33333333333331
9400,9.40000000000023,3.33333333333331
9401,9.40100000000023,3.33333333333331
9402,9.40200000000023,3.33333333333331
9403,9.40300000000023,3.33333333333331
9404,9.40400000000023,3.33333333333331
9405,9.40500000000023,3.33333333333331
9406,9.40600000000023,3.33333333333331
9407,9.40700000000023,3.33333333333331
9408,9.40800000000023,3.33333333333331
9409,9.40900000000022,3.33333333333331
9410,9.41000000000022,3.33333333333331
9411,9.41100000000022,3.33333333333331
9412,9.41200000000022,3.33333333333331
9413,9.41300000000022,3.33333333333331
9414,9.41400000000022,3.33333333333331
9415,9.41500000000022,3.33333333333331
9416,9.41600000000022,3.33333333333331
9417,9.41700000000022,3.33333333333331
9418,9.41800000000022,3.33333333333331
9419,9.41900000000022,3.33333333333331
9420,9.42000000000022,3.33333333333331
9421,9.42100000000022,3.33333333333331
9422,9.42200000000022,3.33333333333331
9423,9.42300000000022,3.33333333333331
9424,9.42400000000022,3.33333333333331
9425,9.42500000000022,3.33333333333331
9426,9.42600000000022,3.33333333333331
9427,9.42700000000021,3.33333333333331
9428,9.42800000000021,3.33333333333331
9429,9.42900000000021,3.33333333333331
9430,9.43000000000021,3.33333333333331
9431,9.43100000000021,3.33333333333331
9432,9.43200000000021,3.33333333333331
9433,9.43300000000021,3.33333333333331
9434,9.43400000000021,3.33333333333331
9435,9.43500000000021,3.33333333333331
9436,9.43600000000021,3.33333333333331
9437,9.43700000000021,3.33333333333331
9438,9.43800000000021,3.33333333333331
9439,9.43900000000021,3.33333333333331
9440,9.44000000000021,3.33333333333331
9441,9.44100000000021,3.33333333333331
9442,9.44200000000021,3.33333333333331
9443,9.44300000000021,3.33333333333331
9444,9.44400000000021,3.33333333333331
9445,9.4450000000002,3.33333333333331
9446,9.4460000000002,3.33333333333331
9447,9.4470000000002,3.33333333333331
9448,9.4480000000002,3.33333333333331
9449,9.4490000000002,3.33333333333331
9450,9.4500000000002,3.33333333333331
9451,9.4510000000002,3.33333333333331
9452,9.4520000000002,3.33333333333331
9453,9.4530000000002,3.33333333333331
9454,9.4540000000002,3.33333333333331
9455,9.4550000000002,3.33333333333331
9456,9.4560000000002,3.33333333333331
9457,9.4570000000002,3.33333333333331
9458,9.4580000000002,3.33333333333331
9459,9.4590000000002,3.33333333333331
9460,9.4600000000002,3.33333333333331
9461,9.4610000000002,3.33333333333331
9462,9.4620000000002,3.33333333333331
9463,9.46300000000019,3.33333333333331
9464,9.46400000000019,3.33333333333331
9465,9.46500000000019,3.33333333333331
9466,9.46600000000019,3.33333333333331
9467,9.46700000000019,3.33333333333331
9468,9.46800000000019,3.33333333333331
9469,9.46900000000019,3.33333333333331
9470,9.47000000000019,3.33333333333331
9471,9.47100000000019,3.33333333333331
9472,9.47200000000019,3.33333333333331
9473,9.47300000000019,3.33333333333331
9474,9.47400000000019,3.33333333333331
9475,9.47500000000019,3.33333333333331
9476,9.47600000000019,3.33333333333331
9477,9.47700000000019,3.33333333333331
9478,9.47800000000019,3.33333333333331
9479,9.47900000000019,3.33333333333331
9480,9.48000000000019,3.33333333333331
9481,9.48100000000018,3.33333333333331
9482,9.48200000000018,3.33333333333331
9483,9.48300000000018,3.33333333333331
9484,9.48400000000018,3.33333333333331
9485,9.48500000000018,3.33333333333331
9486,9.48600000000018,3.33333333333331
9487,9.48700000000018,3.33333333333331
9488,9.48800000000018,3.33333333333331
9489,9.48900000000018,3.33333333333331
9490,9.49000000000018,3.33333333333331
9491,9.49100000000018,3.33333333333331
9492,9.49200000000018,3.33333333333331
9493,9.49300000000018,3.33333333333331
9494,9.49400000000018,3.33333333333331
9495,9.49500000000018,3.33333333333331
9496,9.49600000000018,3.33333333333331
9497,9.49700000000018,3.33333333333331
9498,9.49800000000018,3.33333333333331
9499,9.49900000000017,3.33333333333331
9500,9.50000000000017,3.33333333333331
9501,9.50100000000017,3.33333333333331
9502,9.50200000000017,3.33333333333331
9503,9.50300000000017,3.33333333333331
9504,9.50400000000017,3.33333333333331
9505,9.50500000000017,3.33333333333331
9506,9.50600000000017,3.33333333333331
9507,9.50700000000017,3.33333333333331
9508,9.50800000000017,3.33333333333331
9509,9.50900000000017,3.33333333333331
9510,9.51000000000017,3.33333333333331
9511,9.51100000000017,3.33333333333331
9512,9.51200000000017,3.33333333333331
9513,9.51300000000017,3.33333333333331
9514,9.51400000000017,3.33333333333331
9515,9.51500000000017,3.33333333333331
9516,9.51600000000017,3.33333333333331
9517,9.51700000000016,3.33333333333331
9518,9.51800000000016,3.33333333333331
9519,9.51900000000016,3.33333333333331
9520,9.52000000000016,3.33333333333331
9521,9.52100000000016,3.33333333333331
9522,9.52200000000016,3.33333333333331
9523,9.52300000000016,3.33333333333331
9524,9.52400000000016,3.33333333333331
9525,9.52500000000016,3.33333333333331
9526,9.52600000000016,3.33333333333331
9527,9.52700000000016,3.33333333333331
9528,9.52800000000016,3.33333333333331
9529,9.52900000000016,3.33333333333331
9530,9.53000000000016,3.33333333333331
9531,9.53100000000016,3.33333333333331
9532,9.53200000000016,3.33333333333331
9533,9.53300000000016,3.33333333333331
9534,9.53400000000016,3.33333333333331
9535,9.53500000000015,3.33333333333331
9536,9.53600000000015,3.33333333333331
9537,9.53700000000015,3.33333333333331
9538,9.53800000000015,3.33333333333331
9539,9.53900000000015,3.33333333333331
9540,9.54000000000015,3.33333333333331
9541,9.54100000000015,3.33333333333331
9542,9.54200000000015,3.33333333333331
9543,9.54300000000015,3.33333333333331
9544,9.54400000000015,3.33333333333331
9545,9.54500000000015,3.33333333333331
9546,9.54600000000015,3.33333333333331
9547,9.54700000000015,3.33333333333331
9548,9.54800000000015,3.33333333333331
9549,9.54900000000015,3.33333333333331
9550,9.55000000000015,3.33333333333331
9551,9.55100000000015,3.33333333333331
9552,9.55200000000015,3.33333333333331
9553,9.55300000000014,3.33333333333331
9554,9.55400000000014,3.33333333333331
9555,9.55500000000014,3.33333333333331
9556,9.55600000000014,3.33333333333331
9557,9.55700000000014,3.33333333333331
9558,9.55800000000014,3.33333333333331
9559,9.55900000000014,3.33333333333331
9560,9.56000000000014,3.33333333333331
9561,9.56100000000014,3.33333333333331
9562,9.56200000000014,3.33333333333331
9563,9.56300000000014,3.33333333333331
9564,9.56400000000014,3.33333333333331
9565,9.56500000000014,3.33333333333331
9566,9.56600000000014,3.33333333333331
9567,9.56700000000014,3.33333333333331
9568,9.56800000000014,3.33333333333331
9569,9.56900000000014,3.33333333333331
9570,9.57000000000014,3.33333333333331
9571,9.57100000000013,3.33333333333331
9572,9.57200000000013,3.33333333333331
9573,9.57300000000013,3.33333333333331
9574,9.57400000000013,3.33333333333331
9575,9.57500000000013,3.33333333333331
9576,9.57600000000013,3.33333333333331
9577,9.57700000000013,3.33333333333331
9578,9.57800000000013,3.33333333333331
9579,9.57900000000013,3.33333333333331
9580,9.58000000000013,3.33333333333331
9581,9.58100000000013,3.33333333333331
9582,9.58200000000013,3.33333333333331
9583,9.58300000000013,3.33333333333331
9584,9.58400000000013,3.33333333333331
9585,9.58500000000013,3.33333333333331
9586,9.58600000000013,3.33333333333331
9587,9.58700000000013,3.33333333333331
9588,9.58800000000013,3.33333333333331
9589,9.58900000000012,3.33333333333331
9590,9.59000000000012,3.33333333333331
9591,9.59100000000012,3.33333333333331
9592,9.59200000000012,3.33333333333331
9593,9.59300000000012,3.33333333333331
9594,9.59400000000012,3.33333333333331
9595,9.59500000000012,3.33333333333331
9596,9.59600000000012,3.33333333333331
9597,9.59700000000012,3.33333333333331
9598,9.59800000000012,3.33333333333331
9599,9.59900000000012,3.33333333333331
9600,9.60000000000012,3.33333333333331
9601,9.60100000000012,3.33333333333331
9602,9.60200000000012,3.33333333333331
9603,9.60300000000012,3.33333333333331
9604,9.60400000000012,3.33333333333331
9605,9.60500000000012,3.33333333333331
9606,9.60600000000012,3.33333333333331
9607,9.60700000000011,3.33333333333331
9608,9.60800000000011,3.33333333333331
9609,9.60900000000011,3.33333333333331
9610,9.61000000000011,3.33333333333331
9611,9.61100000000011,3.33333333333331
9612,9.61200000000011,3.33333333333331
9613,9.61300000000011,3.33333333333331
9614,9.61400000000011,3.33333333333331
9615,9.61500000000011,3.33333333333331
9616,9.61600000000011,3.33333333333331
9617,9.61700000000011,3.33333333333331
9618,9.61800000000011,3.33333333333331
9619,9.61900000000011,3.33333333333331
9620,9.62000000000011,3.33333333333331
9621,9.62100000000011,3.33333333333331
9622,9.62200000000011,3.33333333333331
9623,9.62300000000011,3.33333333333331
9624,9.62400000000011,3.33333333333331
9625,9.6250000000001,3.33333333333331
9626,9.6260000000001,3.33333333333331
9627,9.6270000000001,3.33333333333331
9628,9.6280000000001,3.33333333333331
9629,9.6290000000001,3.33333333333331
9630,9.6300000000001,3.33333333333331
9631,9.6310000000001,3.33333333333331
9632,9.6320000000001,3.33333333333331
9633,9.6330000000001,3.33333333333331
9634,9.6340000000001,3.33333333333331
9635,9.6350000000001,3.33333333333331
9636,9.6360000000001,3.33333333333331
9637,9.6370000000001,3.33333333333331
9638,9.6380000000001,3.33333333333331
9639,9.6390000000001,3.33333333333331
9640,9.6400000000001,3.33333333333331
9641,9.6410000000001,3.33333333333331
9642,9.6420000000001,3.33333333333331
9643,9.64300000000009,3.33333333333331
9644,9.64400000000009,3.33333333333331
9645,9.64500000000009,3.33333333333331
9646,9.64600000000009,3.33333333333331
9647,9.64700000000009,3.33333333333331
9648,9.64800000000009,3.33333333333331
9649,9.64900000000009,3.33333333333331
9650,9.65000000000009,3.33333333333331
9651,9.65100000000009,3.33333333333331
9652,9.65200000000009,3.33333333333331
9653,9.65300000000009,3.33333333333331
9654,9.65400000000009,3.33333333333331
9655,9.65500000000009,3.33333333333331
9656,9.65600000000009,3.33333333333331
9657,9.65700000000009,3.33333333333331
9658,9.65800000000009,3.33333333333331
9659,9.65900000000009,3.33333333333331
9660,9.66000000000009,3.33333333333331
9661,9.66100000000008,3.33333333333331
9662,9.66200000000008,3.33333333333331
9663,9.66300000000008,3.33333333333331
9664,9.66400000000008,3.33333333333331
9665,9.66500000000008,3.33333333333331
9666,9.66600000000008,3.33333333333331
9667,9.66700000000008,3.33333333333331
9668,9.66800000000008,3.33333333333331
9669,9.66900000000008,3.33333333333331
9670,9.67000000000008,3.33333333333331
9671,9.67100000000008,3.33333333333331
9672,9.67200000000008,3.33333333333331
9673,9.67300000000008,3.33333333333331
9674,9.67400000000008,3.33333333333331
9675,9.67500000000008,3.33333333333331
9676,9.67600000000008,3.33333333333331
9677,9.67700000000008,3.33333333333331
9678,9.67800000000008,3.33333333333331
9679,9.67900000000007,3.33333333333331
9680,9.68000000000007,3.33333333333331
9681,9.68100000000007,3.33333333333331
9682,9.68200000000007,3.33333333333331
9683,9.68300000000007,3.33333333333331
9684,9.68400000000007,3.33333333333331
9685,9.68500000000007,3.33333333333331
9686,9.68600000000007,3.33333333333331
9687,9.68700000000007,3.33333333333331
9688,9.68800000000007,3.33333333333331
9689,9.68900000000007,3.33333333333331
9690,9.69000000000007,3.33333333333331
9691,9.69100000000007,3.33333333333331
9692,9.69200000000007,3.33333333333331
9693,9.69300000000007,3.33333333333331
9694,9.69400000000007,3.33333333333331
9695,9.69500000000007,3.33333333333331
9696,9.69600000000007,3.33333333333331
9697,9.69700000000006,3.33333333333331
9698,9.69800000000006,3.33333333333331
9699,9.69900000000006,3.33333333333331
9700,9.70000000000006,3.33333333333331
9701,9.70100000000006,3.33333333333331
9702,9.70200000000006,3.33333333333331
9703,9.70300000000006,3.33333333333331
9704,9.70400000000006,3.33333333333331
9705,9.70500000000006,3.33333333333331
9706,9.70600000000006,3.33333333333331
9707,9.70700000000006,3.33333333333331
9708,9.70800000000006,3.33333333333331
9709,9.70900000000006,3.33333333333331
9710,9.71000000000006,3.33333333333331
9711,9.71100000000006,3.33333333333331
9712,9.71200000000006,3.33333333333331
9713,9.71300000000006,3.33333333333331
9714,9.71400000000006,3.33333333333331
9715,9.71500000000005,3.33333333333331
9716,9.71600000000005,3.33333333333331
9717,9.71700000000005,3.33333333333331
9718,9.71800000000005,3.33333333333331
9719,9.71900000000005,3.33333333333331
9720,9.72000000000005,3.33333333333331
9721,9.72100000000005,3.33333333333331
9722,9.72200000000005,3.33333333333331
9723,9.72300000000005,3.33333333333331
9724,9.72400000000005,3.33333333333331
9725,9.72500000000005,3.33333333333331
9726,9.72600000000005,3.33333333333331
9727,9.72700000000005,3.33333333333331
9728,9.72800000000005,3.33333333333331
9729,9.72900000000005,3.33333333333331
9730,9.73000000000005,3.33333333333331
9731,9.73100000000005,3.33333333333331
9732,9.73200000000005,3.33333333333331
9733,9.73300000000004,3.33333333333331
9734,9.73400000000004,3.33333333333331
9735,9.73500000000004,3.33333333333331
9736,9.73600000000004,3.33333333333331
9737,9.73700000000004,3.33333333333331
9738,9.73800000000004,3.33333333333331
9739,9.73900000000004,3.33333333333331
9740,9.74000000000004,3.33333333333331
9741,9.74100000000004,3.33333333333331
9742,9.74200000000004,3.33333333333331
9743,9.74300000000004,3.33333333333331
9744,9.74400000000004,3.33333333333331
9745,9.74500000000004,3.33333333333331
9746,9.74600000000004,3.33333333333331
9747,9.74700000000004,3.33333333333331
9748,9.74800000000004,3.33333333333331
9749,9.74900000000004,3.33333333333331
9750,9.75000000000004,3.33333333333331
9751,9.75100000000004,3.33333333333331
9752,9.75200000000003,3.33333333333331
9753,9.75300000000003,3.33333333333331
9754,9.75400000000003,3.33333333333331
9755,9.75500000000003,3.33333333333331
9756,9.75600000000003,3.33333333333331
9757,9.75700000000003,3.33333333333331
9758,9.75800000000003,3.33333333333331
9759,9.75900000000003,3.33333333333331
9760,9.76000000000003,3.33333333333331
9761,9.76100000000003,3.33333333333331
9762,9.76200000000003,3.33333333333331
9763,9.76300000000003,3.33333333333331
9764,9.76400000000003,3.33333333333331
9765,9.76500000000003,3.33333333333331
9766,9.76600000000003,3.33333333333331
9767,9.76700000000003,3.33333333333331
9768,9.76800000000003,3.33333333333331
9769,9.76900000000003,3.33333333333331
9770,9.77000000000002,3.33333333333331
9771,9.77100000000002,3.33333333333331
9772,9.77200000000002,3.33333333333331
9773,9.77300000000002,3.33333333333331
9774,9.77400000000002,3.33333333333331
9775,9.77500000000002,3.33333333333331
9776,9.77600000000002,3.33333333333331
9777,9.77700000000002,3.33333333333331
9778,9.77800000000002,3.33333333333331
9779,9.77900000000002,3.33333333333331
9780,9.78000000000002,3.33333333333331
9781,9.78100000000002,3.33333333333331
9782,9.78200000000002,3.33333333333331
9783,9.78300000000002,3.33333333333331
9784,9.78400000000002,3.33333333333331
9785,9.78500000000002,3.33333333333331
9786,9.78600000000002,3.33333333333331
9787,9.78700000000002,3.33333333333331
9788,9.78800000000001,3.33333333333331
9789,9.78900000000001,3.33333333333331
9790,9.79000000000001,3.33333333333331
9791,9.79100000000001,3.33333333333331
9792,9.79200000000001,3.33333333333331
9793,9.79300000000001,3.33333333333331
9794,9.79400000000001,3.33333333333331
9795,9.79500000000001,3.33333333333331
9796,9.79600000000001,3.33333333333331
9797,9.79700000000001,3.33333333333331
9798,9.79800000000001,3.33333333333331
9799,9.79900000000001,3.33333333333331
9800,9.80000000000001,3.33333333333331
9801,9.80100000000001,3.33333333333331
9802,9.80200000000001,3.33333333333331
9803,9.80300000000001,3.33333333333331
9804,9.80400000000001,3.33333333333331
9805,9.80500000000001,3.33333333333331
9806,9.806,3.33333333333331
9807,9.807,3.33333333333331
9808,9.808,3.33333333333331
9809,9.809,3.33333333333331
9810,9.81,3.33333333333331
9811,9.811,3.33333333333331
9812,9.812,3.33333333333331
9813,9.813,3.33333333333331
9814,9.814,3.33333333333331
9815,9.815,3.33333333333331
9816,9.816,3.33333333333331
9817,9.817,3.33333333333331
9818,9.818,3.33333333333331
9819,9.819,3.33333333333331
9820,9.82,3.33333333333331
9821,9.821,3.33333333333331
9822,9.822,3.33333333333331
9823,9.823,3.33333333333331
9824,9.82399999999999,3.33333333333331
9825,9.82499999999999,3.33333333333331
9826,9.82599999999999,3.33333333333331
9827,9.82699999999999,3.33333333333331
9828,9.82799999999999,3.33333333333331
9829,9.82899999999999,3.33333333333331
9830,9.82999999999999,3.33333333333331
9831,9.83099999999999,3.33333333333331
9832,9.83199999999999,3.33333333333331
9833,9.83299999999999,3.33333333333331
9834,9.83399999999999,3.33333333333331
9835,9.83499999999999,3.33333333333331
9836,9.83599999999999,3.33333333333331
9837,9.83699999999999,3.33333333333331
9838,9.83799999999999,3.33333333333331
9839,9.83899999999999,3.33333333333331
9840,9.83999999999999,3.33333333333331
9841,9.84099999999999,3.33333333333331
9842,9.84199999999998,3.33333333333331
9843,9.84299999999998,3.33333333333331
9844,9.84399999999998,3.33333333333331
9845,9.84499999999998,3.33333333333331
9846,9.84599999999998,3.33333333333331
9847,9.84699999999998,3.33333333333331
9848,9.84799999999998,3.33333333333331
9849,9.84899999999998,3.33333333333331
9850,9.84999999999998,3.33333333333331
9851,9.85099999999998,3.33333333333331
9852,9.85199999999998,3.33333333333331
9853,9.85299999999998,3.33333333333331
9854,9.85399999999998,3.33333333333331
9855,9.85499999999998,3.33333333333331
9856,9.85599999999998,3.33333333333331
9857,9.85699999999998,3.33333333333331
9858,9.85799999999998,3.33333333333331
9859,9.85899999999998,3.33333333333331
9860,9.85999999999997,3.33333333333331
9861,9.86099999999997,3.33333333333331
9862,9.86199999999997,3.33333333333331
9863,9.86299999999997,3.33333333333331
9864,9.86399999999997,3.33333333333331
9865,9.86499999999997,3.33333333333331
9866,9.86599999999997,3.33333333333331
9867,9.86699999999997,3.33333333333331
9868,9.86799999999997,3.33333333333331
9869,9.86899999999997,3.33333333333331
9870,9.86999999999997,3.33333333333331
9871,9.87099999999997,3.33333333333331
9872,9.87199999999997,3.33333333333331
9873,9.87299999999997,3.33333333333331
9874,9.87399999999997,3.33333333333331
9875,9.87499999999997,3.33333333333331
9876,9.87599999999997,3.33333333333331
9877,9.87699999999997,3.33333333333331
9878,9.87799999999996,3.33333333333331
9879,9.87899999999996,3.33333333333331
9880,9.87999999999996,3.33333333333331
9881,9.88099999999996,3.33333333333331
9882,9.88199999999996,3.33333333333331
9883,9.88299999999996,3.33333333333331
9884,9.88399999999996,3.33333333333331
9885,9.88499999999996,3.33333333333331
9886,9.88599999999996,3.33333333333331
9887,9.88699999999996,3.33333333333331
9888,9.88799999999996,3.33333333333331
9889,9.88899999999996,3.33333333333331
9890,9.88999999999996,3.33333333333331
9891,9.89099999999996,3.33333333333331
9892,9.89199999999996,3.33333333333331
9893,9.89299999999996,3.33333333333331
9894,9.89399999999996,3.33333333333331
9895,9.89499999999996,3.33333333333331
9896,9.89599999999995,3.33333333333331
9897,9.89699999999995,3.33333333333331
9898,9.89799999999995,3.33333333333331
9899,9.89899999999995,3.33333333333331
9900,9.89999999999995,3.33333333333331
9901,9.90099999999995,3.33333333333331
9902,9.90199999999995,3.33333333333331
9903,9.90299999999995,3.33333333333331
9904,9.90399999999995,3.33333333333331
9905,9.90499999999995,3.33333333333331
9906,9.90599999999995,3.33333333333331
9907,9.90699999999995,3.33333333333331
9908,9.90799999999995,3.33333333333331
9909,9.90899999999995,3.33333333333331
9910,9.90999999999995,3.33333333333331
9911,9.91099999999995,3.33333333333331
9912,9.91199999999995,3.33333333333331
9913,9.91299999999995,3.33333333333331
9914,9.91399999999994,3.33333333333331
9915,9.91499999999994,3.33333333333331
9916,9.91599999999994,3.33333333333331
9917,9.91699999999994,3.33333333333331
9918,9.91799999999994,3.33333333333331
9919,9.91899999999994,3.33333333333331
9920,9.91999999999994,3.33333333333331
9921,9.92099999999994,3.33333333333331
9922,9.92199999999994,3.33333333333331
9923,9.92299999999994,3.33333333333331
9924,9.92399999999994,3.33333333333331
9925,9.92499999999994,3.33333333333331
9926,9.92599999999994,3.33333333333331
9927,9.92699999999994,3.33333333333331
9928,9.92799999999994,3.33333333333331
9929,9.92899999999994,3.33333333333331
9930,9.92999999999994,3.33333333333331
9931,9.93099999999994,3.33333333333331
9932,9.93199999999993,3.33333333333331
9933,9.93299999999993,3.33333333333331
9934,9.93399999999993,3.33333333333331
9935,9.93499999999993,3.33333333333331
9936,9.93599999999993,3.33333333333331
9937,9.93699999999993,3.33333333333331
9938,9.93799999999993,3.33333333333331
9939,9.93899999999993,3.33333333333331
9940,9.93999999999993,3.33333333333331
9941,9.94099999999993,3.33333333333331
9942,9.94199999999993,3.33333333333331
9943,9.94299999999993,3.33333333333331
9944,9.94399999999993,3.33333333333331
9945,9.94499999999993,3.33333333333331
9946,9.94599999999993,3.33333333333331
9947,9.94699999999993,3.33333333333331
9948,9.94799999999993,3.33333333333331
9949,9.94899999999993,3.33333333333331
9950,9.94999999999992,3.33333333333331
9951,9.95099999999992,3.33333333333331
9952,9.95199999999992,3.33333333333331
9953,9.95299999999992,3.33333333333331
9954,9.95399999999992,3.33333333333331
9955,9.95499999999992,3.33333333333331
9956,9.95599999999992,3.33333333333331
9957,9.95699999999992,3.33333333333331
9958,9.95799999999992,3.33333333333331
9959,9.95899999999992,3.33333333333331
9960,9.95999999999992,3.33333333333331
9961,9.96099999999992,3.33333333333331
9962,9.96199999999992,3.33333333333331
9963,9.96299999999992,3.33333333333331
9964,9.96399999999992,3.33333333333331
9965,9.96499999999992,3.33333333333331
9966,9.96599999999992,3.33333333333331
9967,9.96699999999992,3.33333333333331
9968,9.96799999999991,3.33333333333331
9969,9.96899999999991,3.33333333333331
9970,9.96999999999991,3.33333333333331
9971,9.97099999999991,3.33333333333331
9972,9.97199999999991,3.33333333333331
9973,9.97299999999991,3.33333333333331
9974,9.97399999999991,3.33333333333331
9975,9.97499999999991,3.33333333333331
9976,9.97599999999991,3.33333333333331
9977,9.97699999999991,3.33333333333331
9978,9.97799999999991,3.33333333333331
9979,9.97899999999991,3.33333333333331
9980,9.97999999999991,3.33333333333331
9981,9.98099999999991,3.33333333333331
9982,9.98199999999991,3.33333333333331
9983,9.98299999999991,3.33333333333331
9984,9.98399999999991,3.33333333333331
9985,9.98499999999991,3.33333333333331
9986,9.9859999999999,3.33333333333331
9987,9.9869999999999,3.33333333333331
9988,9.9879999999999,3.33333333333331
9989,9.9889999999999,3.33333333333331
9990,9.9899999999999,3.33333333333331
9991,9.9909999999999,3.33333333333331
9992,9.9919999999999,3.33333333333331
9993,9.9929999999999,3.33333333333331
9994,9.9939999999999,3.33333333333331
9995,9.9949999999999,3.33333333333331
9996,9.9959999999999,3.33333333333331
9997,9.9969999999999,3.33333333333331
9998,9.9979999999999,3.33333333333331
9999,9.9989999999999,3.33333333333331
10000,9.9999999999999,3.33333333333331
