Simulation:,Air Resistance
Trajectory,X,Y
Angle 45,0,0
Angle 45,49.3588817539458,49.2608817539458
Angle 45,98.5800823604754,98.2863557206483
Angle 45,147.664505071415,147.077595684994
Angle 45,196.613044714026,195.635764214701
Angle 45,245.42658779467,243.962012797975
Angle 45,294.10601260088,292.057481979043
Angle 45,342.652189301854,339.923301491604
Angle 45,391.065980047398,387.560590390237
Angle 45,439.348239065361,434.970457179806
Angle 45,487.499812757577,482.153999942888
Angle 45,535.521539794344,529.112306465278
Angle 45,583.414251207471,575.846454359588
Angle 45,631.178770481916,622.357511186983
Angle 45,678.815913646031,668.646534577091
Angle 45,726.326489360466,714.714572346115
Angle 45,773.711299005716,760.562662613174
Angle 45,820.971136768377,806.191833914923
Angle 45,868.106789726103,851.603105318455
Angle 45,915.119037931302,896.797486532548
Angle 45,962.008654493589,941.775978017256
Angle 45,1008.77640566102,986.539571091898
Angle 45,1055.42305090013,1031.08924804145
Angle 45,1101.94934297478,1075.4259822214
Angle 45,1148.35602802386,1119.55073816104
Angle 45,1194.64384563786,1163.46447166531
Angle 45,1240.81352893431,1207.16812991509
Angle 45,1286.86580463213,1250.66265156613
Angle 45,1332.80139312489,1293.94896684647
Angle 45,1378.62100855301,1337.02799765252
Angle 45,1424.32535887498,1379.90065764375
Angle 45,1469.91514593743,1422.56785233597
Angle 45,1515.39106554431,1465.03047919341
Angle 45,1560.75380752503,1507.28942771932
Angle 45,1606.00405580162,1549.34557954547
Angle 45,1651.14248845497,1591.19980852021
Angle 45,1696.16977779008,1632.85298079544
Angle 45,1741.08659040045,1674.30595491226
Angle 45,1785.89358723149,1715.55958188547
Angle 45,1830.59142364308,1756.61470528686
Angle 45,1875.18074947126,1797.47216132736
Angle 45,1919.66220908901,1838.13277893806
Angle 45,1964.03644146624,1878.59737985008
Angle 45,2008.3040802289,1918.86677867335
Angle 45,2052.46575371727,1958.94178297433
Angle 45,2096.52208504347,1998.82319335261
Angle 45,2140.47369214816,2038.5118035165
Angle 45,2184.32118785646,2078.00840035761
Angle 45,2228.06517993305,2117.31376402437
Angle 45,2271.70627113666,2156.42866799454
Angle 45,2315.24505927361,2195.35387914684
Angle 45,2358.68213725081,2234.09015783145
Angle 45,2402.01809312789,2272.63825793975
Angle 45,2445.25351016873,2310.99892697297
Angle 45,2488.38896689223,2349.17290610997
Angle 45,2531.42503712241,2387.16093027418
Angle 45,2574.36229003784,2424.96372819955
Angle 45,2617.20129022043,2462.58202249572
Angle 45,2659.94259770346,2500.0165297122
Angle 45,2702.58676801915,2537.26796040186
Angle 45,2745.1343522454,2574.33701918349
Angle 45,2787.58589705204,2611.22440480352
Angle 45,2829.94194474643,2647.930810197
Angle 45,2872.20303331844,2684.45692254777
Angle 45,2914.36969648482,2720.80342334779
Angle 45,2956.44246373305,2756.97098845578
Angle 45,2998.42186036455,2792.96028815503
Angle 45,3040.30840753735,2828.77198721053
Angle 45,3082.1026223082,2864.40674492532
Angle 45,3123.80501767412,2899.86521519612
Angle 45,3165.41610261343,2935.14804656826
Angle 45,3206.93638212621,2970.25588228992
Angle 45,3248.36635727429,3005.18936036568
Angle 45,3289.70652522064,3039.94911360933
Angle 45,3330.95737926837,3074.5357696961
Angle 45,3372.11940889908,3108.94995121419
Angle 45,3413.19309981088,3143.19227571561
Angle 45,3454.17893395575,3177.2633557665
Angle 45,3495.07738957661,3211.16379899667
Angle 45,3535.8889412437,3244.89420814864
Angle 45,3576.61405989074,3278.45518112599
Angle 45,3617.2532128504,3311.84731104121
Angle 45,3657.80686388948,3345.07118626281
Angle 45,3698.27547324358,3378.12739046199
Angle 45,3738.65949765133,3411.01650265869
Angle 45,3778.95939038823,3443.73909726698
Angle 45,3819.17560129999,3476.29574414008
Angle 45,3859.30857683553,3508.68700861465
Angle 45,3899.35876007953,3540.91345155466
Angle 45,3939.32659078456,3572.97562939467
Angle 45,3979.21250540287,3604.8740941826
Angle 45,4019.01693711769,3636.60939362199
Angle 45,4058.74031587422,3668.18207111374
Angle 45,4098.3830684102,3699.59266579738
Angle 45,4137.94561828613,3730.84171259178
Angle 45,4177.42838591508,3761.92974223544
Angle 45,4216.83178859216,3792.85728132627
Angle 45,4256.15624052363,3823.62485236091
Angle 45,4295.40215285563,3854.23297377356
Angle 45,4334.56993370255,3884.68215997439
Angle 45,4373.65998817515,3914.97292138746
Angle 45,4412.67271840816,3945.10576448822
Angle 45,4451.60852358776,3975.08119184053
Angle 45,4490.46779997852,4004.89970213336
Angle 45,4529.25094095015,4034.56179021687
Angle 45,4567.95833700389,4064.06794713829
Angle 45,4606.59037579857,4093.4186601772
Angle 45,4645.14744217635,4122.61441288052
Angle 45,4683.62991818818,4151.65568509705
Angle 45,4722.03818311893,4180.5429530116
Angle 45,4760.37261351223,4209.2766891788
Angle 45,4798.633583195,4237.8573625564
Angle 45,4836.82146330173,4266.28543853834
Angle 45,4874.9366222984,4294.56137898733
Angle 45,4912.97942600619,4322.68564226707
Angle 45,4950.95023762483,4350.65868327423
Angle 45,4988.84941775576,4378.48095346987
Angle 45,5026.67732442497,4406.15290091069
Angle 45,5064.43431310555,4433.67497027982
Angle 45,5102.12073674,4461.04760291731
Angle 45,5139.73694576232,4488.27123685026
Angle 45,5177.28328811974,4515.34630682266
Angle 45,5214.76010929429,4542.27324432483
Angle 45,5252.16775232409,4569.05247762258
Angle 45,5289.50655782433,4595.68443178606
Angle 45,5326.77686400814,4622.16952871828
Angle 45,5363.97900670705,4648.50818718327
Angle 45,5401.11331939137,4674.70082283402
Angle 45,5438.18013319023,4700.74784824006
Angle 45,5475.1797769114,4726.64967291477
Angle 45,5512.11257706095,4752.40670334232
Angle 45,5548.97885786262,4778.01934300447
Angle 45,5585.77894127695,4803.48799240691
Angle 45,5622.51314702027,4828.81304910546
Angle 45,5659.18179258339,4853.99490773188
Angle 45,5695.78519325015,4879.0339600195
Angle 45,5732.32366211566,4903.9305948285
Angle 45,5768.79751010445,4928.68519817098
Angle 45,5805.20704598833,4953.29815323572
Angle 45,5841.55257640406,4977.76984041272
Angle 45,5877.83440587087,5002.10063731745
Angle 45,5914.05283680768,5026.29091881489
Angle 45,5950.20816955024,5050.34105704324
Angle 45,5986.30070236803,5074.2514214375
Angle 45,6022.3307314809,5098.02237875267
Angle 45,6058.29855107564,5121.65429308686
Angle 45,6094.20445332231,5145.14752590401
Angle 45,6130.04872839035,5168.50243605651
Angle 45,6165.83166446457,5191.71937980749
Angle 45,6201.55354776094,5214.79871085296
Angle 45,6237.21466254219,5237.74078034364
Angle 45,6272.81529113323,5260.5459369067
Angle 45,6308.35571393645,5283.2145266671
Angle 45,6343.83620944678,5305.74689326889
Angle 45,6379.25705426665,5328.14337789619
Angle 45,6414.61852312071,5350.40431929402
Angle 45,6449.92088887046,5372.53005378884
Angle 45,6485.16442252866,5394.52091530902
Angle 45,6520.34939327364,5416.37723540496
Angle 45,6555.47606846338,5438.09934326913
Angle 45,6590.54471364949,5459.68756575585
Angle 45,6625.55559259105,5481.14222740087
Angle 45,6660.50896726819,5502.46365044082
Angle 45,6695.4050978957,5523.65215483243
Angle 45,6730.2442429363,5544.70805827153
Angle 45,6765.02665911391,5565.63167621196
Angle 45,6799.75260142669,5586.42332188418
Angle 45,6834.42232316001,5607.08330631382
Angle 45,6869.03607589917,5627.61193833998
Angle 45,6903.59410954211,5648.00952463338
Angle 45,6938.09667231189,5668.2763697143
Angle 45,6972.54401076908,5688.41277597045
Angle 45,7006.93636982397,5708.41904367454
Angle 45,7041.27399274873,5728.29547100179
Angle 45,7075.55712118935,5748.04235404725
Angle 45,7109.78599517749,5767.65998684291
Angle 45,7143.96085314224,5787.14866137473
Angle 45,7178.08193192167,5806.50866759943
Angle 45,7212.14946677432,5825.74029346124
Angle 45,7246.16369139055,5844.84382490836
Angle 45,7280.12483790376,5863.81954590937
Angle 45,7314.03313690154,5882.66773846944
Angle 45,7347.88881743657,5901.38868264646
Angle 45,7381.69210703758,5919.98265656692
Angle 45,7415.44323172007,5938.44993644173
Angle 45,7449.14241599694,5956.7907965819
Angle 45,7482.78988288904,5975.00550941403
Angle 45,7516.38585393558,5993.09434549567
Angle 45,7549.93054920443,6011.05757353061
Angle 45,7583.42418730235,6028.89546038398
Angle 45,7616.86698538504,6046.60827109719
Angle 45,7650.25915916715,6064.19626890284
Angle 45,7683.60092293214,6081.65971523939
Angle 45,7716.8924895421,6098.99886976578
Angle 45,7750.13407044737,6116.21399037589
Angle 45,7783.32587569614,6133.30533321291
Angle 45,7816.46811394393,6150.27315268352
Angle 45,7849.56099246296,6167.11770147203
Angle 45,7882.6047171514,6183.83923055436
Angle 45,7915.5994925426,6200.43798921189
Angle 45,7948.54552181413,6216.91422504523
Angle 45,7981.44300679679,6233.26818398787
Angle 45,8014.2921479835,6249.50011031967
Angle 45,8047.09314453813,6265.61024668032
Angle 45,8079.84619430418,6281.59883408261
Angle 45,8112.55149381343,6297.46611192564
Angle 45,8145.20923829448,6313.21231800793
Angle 45,8177.81962168116,6328.83768854037
Angle 45,8210.38283662096,6344.34245815913
Angle 45,8242.89907448323,6359.72685993842
Angle 45,8275.36852536746,6374.99112540318
Angle 45,8307.79137811129,6390.13548454167
Angle 45,8340.16782029864,6405.16016581792
Angle 45,8372.49803826757,6420.06539618413
Angle 45,8404.7822171182,6434.85140109293
Angle 45,8437.02054072047,6449.51840450963
Angle 45,8469.21319172186,6464.06662892425
Angle 45,8501.36035155502,6478.49629536357
Angle 45,8533.4622004453,6492.807623403
Angle 45,8565.51891741827,6507.00083117846
Angle 45,8597.53068030709,6521.07613539806
Angle 45,8629.49766575984,6535.0337513538
Angle 45,8661.4200492468,6548.87389293306
Angle 45,8693.29800506762,6562.59677263014
Angle 45,8725.13170635842,6576.20260155764
Angle 45,8756.92132509886,6589.69158945771
Angle 45,8788.66703211909,6603.06394471335
Angle 45,8820.36899710666,6616.31987435951
Angle 45,8852.02738861339,6629.45958409416
Angle 45,8883.64237406206,6642.4832782893
Angle 45,8915.21411975323,6655.39116000181
Angle 45,8946.74279087176,6668.18343098433
Angle 45,8978.22855149346,6680.86029169602
Angle 45,9009.67156459159,6693.42194131319
Angle 45,9041.07199204328,6705.86857773993
Angle 45,9072.42999463595,6718.20039761867
Angle 45,9103.7457320736,6730.41759634058
Angle 45,9135.01936298312,6742.52036805602
Angle 45,9166.25104492045,6754.5089056848
Angle 45,9197.44093437674,6766.38340092648
Angle 45,9228.58918678444,6778.14404427052
Angle 45,9259.69595652336,6789.79102500638
Angle 45,9290.76139692656,6801.32453123361
Angle 45,9321.78566028638,6812.7447498718
Angle 45,9352.76889786019,6824.05186667049
Angle 45,9383.71125987629,6835.24606621903
Angle 45,9414.6128955396,6846.32753195636
Angle 45,9445.47395303739,6857.29644618077
Angle 45,9476.29457954492,6868.15299005951
Angle 45,9507.07492123103,6878.8973436384
Angle 45,9537.81512326372,6889.52968585142
Angle 45,9568.51532981557,6900.05019453015
Angle 45,9599.17568406927,6910.45904641318
Angle 45,9629.79632822296,6920.75641715553
Angle 45,9660.3774034956,6930.94248133789
Angle 45,9690.91905013225,6941.01741247594
Angle 45,9721.42140740935,6950.98138302949
Angle 45,9751.88461363992,6960.83456441166
Angle 45,9782.30880617868,6970.57712699793
Angle 45,9812.69412142722,6980.20924013521
Angle 45,9843.04069483904,6989.73107215079
Angle 45,9873.34866092459,6999.14279036129
Angle 45,9903.61815325623,7008.4445610815
Angle 45,9933.8493044732,7017.63654963325
Angle 45,9964.0422462865,7026.71892035416
Angle 45,9994.19710948374,7035.69183660635
Angle 45,10024.314023934,7044.55546078513
Angle 45,10054.3931185925,7053.30995432764
Angle 45,10084.4345215055,7061.9554777214
Angle 45,10114.4383598148,7070.49219051285
Angle 45,10144.4047597627,7078.92025131584
Angle 45,10174.3338466961,7087.23981782005
Angle 45,10204.2257450717,7095.45104679941
Angle 45,10234.0805784601,7103.5540941204
Angle 45,10263.8984695504,7111.54911475039
Angle 45,10293.679540155,7119.4362627659
Angle 45,10323.4239112134,7127.21569136078
Angle 45,10353.1317027973,7134.88755285437
Angle 45,10382.8030341144,7142.45199869969
Angle 45,10412.4380235132,7149.90917949147
Angle 45,10442.0367884868,7157.25924497419
Angle 45,10471.5994456778,7164.50234405012
Angle 45,10501.1261108818,7171.63862478724
Angle 45,10530.6168990523,7178.66823442719
Angle 45,10560.0719243045,7185.59131939312
Angle 45,10589.4912999193,7192.40802529755
Angle 45,10618.8751383479,7199.11849695017
Angle 45,10648.2235512156,7205.72287836558
Angle 45,10677.5366493256,7212.22131277106
Angle 45,10706.8145426637,7218.61394261419
Angle 45,10736.0573404014,7224.90090957054
Angle 45,10765.2651509009,7231.0823545513
Angle 45,10794.4380817182,7237.15841771079
Angle 45,10823.5762396072,7243.12923845405
Angle 45,10852.6797305242,7248.99495544432
Angle 45,10881.7486596309,7254.75570661051
Angle 45,10910.7831312987,7260.41162915462
Angle 45,10939.7832491126,7265.96285955915
Angle 45,10968.7491158746,7271.40953359444
Angle 45,10997.680833608,7276.75178632603
Angle 45,11026.5785035607,7281.98975212189
Angle 45,11055.442226209,7287.12356465976
Angle 45,11084.2721012616,7292.15335693427
Angle 45,11113.0682276628,7297.07926126424
Angle 45,11141.8307035967,7301.90140929974
Angle 45,11170.5596264903,7306.61993202929
Angle 45,11199.2550930175,7311.23495978689
Angle 45,11227.9171991026,7315.74662225913
Angle 45,11256.5460399236,7320.15504849218
Angle 45,11285.1417099163,7324.46036689879
Angle 45,11313.7043027774,7328.66270526529
Angle 45,11342.2339114679,7332.76219075845
Angle 45,11370.7306282173,7336.75894993247
Angle 45,11399.1945445262,7340.65310873578
Angle 45,11427.6257511705,7344.44479251789
Angle 45,11456.0243382043,7348.13412603624
Angle 45,11484.3903949636,7351.72123346293
Angle 45,11512.7240100698,7355.20623839148
Angle 45,11541.0252714328,7358.58926384358
Angle 45,11569.2942662547,7361.87043227571
Angle 45,11597.5310810329,7365.04986558588
Angle 45,11625.7358015636,7368.12768512019
Angle 45,11653.9085129451,7371.10401167947
Angle 45,11682.0492995812,7373.97896552583
Angle 45,11710.1582451843,7376.7526663892
Angle 45,11738.2354327789,7379.42523347384
Angle 45,11766.2809447048,7381.99678546485
Angle 45,11794.2948626203,7384.46744053459
Angle 45,11822.2772675058,7386.83731634911
Angle 45,11850.2282396663,7389.10653007454
Angle 45,11878.1478587356,7391.2751983835
Angle 45,11906.0362036788,7393.34343746139
Angle 45,11933.8933527957,7395.3113630127
Angle 45,11961.719383724,7397.17909026734
Angle 45,11989.5143734428,7398.94673398685
Angle 45,12017.2783982752,7400.61440847062
Angle 45,12045.0115338919,7402.18222756213
Angle 45,12072.7138553143,7403.65030465509
Angle 45,12100.3854369174,7405.01875269957
Angle 45,12128.0263524332,7406.28768420814
Angle 45,12155.6366749538,7407.45721126194
Angle 45,12183.2164769344,7408.52744551674
Angle 45,12210.7658301965,7409.49849820899
Angle 45,12238.284805931,7410.37048016176
Angle 45,12265.7734747012,7411.14350179078
Angle 45,12293.2319064462,7411.81767311036
Angle 45,12320.6601704834,7412.39310373931
Angle 45,12348.0583355121,7412.8699029068
Angle 45,12375.4264696166,7413.24817945829
Angle 45,12402.7646402688,7413.52804186128
Angle 45,12430.0729143317,7413.7095982112
Angle 45,12457.3513580619,7413.79295623711
Angle 45,12484.6000371135,7413.77822330751
Angle 45,12511.8190165404,7413.66550643602
Angle 45,12539.0083607995,7413.45491228711
Angle 45,12566.168133754,7413.14654718175
Angle 45,12593.298398676,7412.74051710303
Angle 45,12620.3992182501,7412.23692770179
Angle 45,12647.4706545757,7411.63588430222
Angle 45,12674.5127691705,7410.93749190736
Angle 45,12701.5256229735,7410.14185520469
Angle 45,12728.5092763476,7409.24907857156
Angle 45,12755.4637890831,7408.25926608071
Angle 45,12782.3892204004,7407.1725215057
Angle 45,12809.2856289529,7405.98894832631
Angle 45,12836.1530728303,7404.70864973391
Angle 45,12862.9916095615,7403.33172863685
Angle 45,12889.8012961171,7401.85828766576
Angle 45,12916.5821889132,7400.28842917886
Angle 45,12943.3343438137,7398.62225526722
Angle 45,12970.0578161336,7396.85986775998
Angle 45,12996.7526606417,7395.00136822963
Angle 45,13023.418931564,7393.04685799708
Angle 45,13050.0566825862,7390.99643813693
Angle 45,13076.665966857,7388.8502094825
Angle 45,13103.2468369909,7386.60827263098
Angle 45,13129.799345071,7384.27072794845
Angle 45,13156.3235426522,7381.83767557496
Angle 45,13182.8194807644,7379.30921542951
Angle 45,13209.2872099146,7376.68544721501
Angle 45,13235.7267800908,7373.96647042325
Angle 45,13262.1382407643,7371.1523843398
Angle 45,13288.521640893,7368.24328804892
Angle 45,13314.8770289241,7365.23928043838
Angle 45,13341.2044527972,7362.14046020429
Angle 45,13367.5039599473,7358.94692585592
Angle 45,13393.7755973075,7355.65877572045
Angle 45,13420.0194113122,7352.27610794769
Angle 45,13446.2354478998,7348.7990205148
Angle 45,13472.4237525159,7345.22761123095
Angle 45,13498.5843701159,7341.56197774197
Angle 45,13524.7173451683,7337.80221753494
Angle 45,13550.8227216573,7333.94842794283
Angle 45,13576.9005430861,7330.00070614894
Angle 45,13602.9508524795,7325.95914919152
Angle 45,13628.973692387,7321.82385396822
Angle 45,13654.9691048855,7317.5949172405
Angle 45,13680.9371315828,7313.27243563812
Angle 45,13706.8778136198,7308.85650566348
Angle 45,13732.791191674,7304.34722369602
Angle 45,13758.6773059621,7299.74468599651
Angle 45,13784.536196243,7295.04898871136
Angle 45,13810.3679018208,7290.26022787689
Angle 45,13836.1724615478,7285.37849942354
Angle 45,13861.949913827,7280.40389918009
Angle 45,13887.7002966158,7275.3365228778
Angle 45,13913.4236474279,7270.17646615459
Angle 45,13939.1200033373,7264.92382455909
Angle 45,13964.7894009803,7259.57869355473
Angle 45,13990.4318765591,7254.14116852376
Angle 45,14016.0474658442,7248.6113447713
Angle 45,14041.6362041778,7242.98931752924
Angle 45,14067.1981264762,7237.27518196023
Angle 45,14092.7332672331,7231.46903316158
Angle 45,14118.2416605226,7225.57096616908
Angle 45,14143.7233400016,7219.58107596089
Angle 45,14169.1783389132,7213.49945746135
Angle 45,14194.6066900895,7207.32620554468
Angle 45,14220.0084259543,7201.06141503882
Angle 45,14245.3835785262,7194.70518072902
Angle 45,14270.7321794215,7188.25759736161
Angle 45,14296.054259857,7181.71875964757
Angle 45,14321.3498506531,7175.08876226618
Angle 45,14346.6189822365,7168.36769986852
Angle 45,14371.8616846432,7161.55566708111
Angle 45,14397.0779875213,7154.65275850929
Angle 45,14422.267920134,7147.65906874079
Angle 45,14447.4315113626,7140.57469234909
Angle 45,14472.568789709,7133.39972389687
Angle 45,14497.6797832991,7126.13425793934
Angle 45,14522.7645198853,7118.7783890276
Angle 45,14547.8230268496,7111.33221171189
Angle 45,14572.8553312064,7103.7958205449
Angle 45,14597.8614596052,7096.16931008499
Angle 45,14622.8414383339,7088.45277489936
Angle 45,14647.7952933214,7080.64630956722
Angle 45,14672.7230501404,7072.75000868292
Angle 45,14697.6247340104,7064.76396685904
Angle 45,14722.5003698007,7056.68827872945
Angle 45,14747.349982033,7048.52303895231
Angle 45,14772.1735948843,7040.2683422131
Angle 45,14796.9712321899,7031.9242832275
Angle 45,14821.7429174463,7023.49095674441
Angle 45,14846.4886738138,7014.96845754874
Angle 45,14871.2085241195,7006.35688046432
Angle 45,14895.90249086,6997.65632035667
Angle 45,14920.5705962047,6988.86687213582
Angle 45,14945.2128619979,6979.98863075904
Angle 45,14969.8293097622,6971.02169123356
Angle 45,14994.4199607013,6961.96614861922
Angle 45,15018.9848357023,6952.82209803115
Angle 45,15043.5239553394,6943.58963464236
Angle 45,15068.0373398757,6934.2688536863
Angle 45,15092.5250092667,6924.85985045946
Angle 45,15116.9869831631,6915.36272032378
Angle 45,15141.4232809132,6905.7775587092
Angle 45,15165.8339215658,6896.1044611161
Angle 45,15190.2189238734,6886.34352311762
Angle 45,15214.5783062945,6876.49484036213
Angle 45,15238.9120869965,6866.55850857551
Angle 45,15263.2202838587,6856.53462356346
Angle 45,15287.5029144746,6846.42328121377
Angle 45,15311.7599961553,6836.22457749854
Angle 45,15335.9915459317,6825.93860847644
Angle 45,15360.1975805573,6815.56547029477
Angle 45,15384.3781165115,6805.10525919171
Angle 45,15408.5331700016,6794.5580714983
Angle 45,15432.662756966,6783.92400364063
Angle 45,15456.7668930766,6773.20315214177
Angle 45,15480.845593742,6762.3956136238
Angle 45,15504.8988741097,6751.50148480982
Angle 45,15528.926749069,6740.52086252581
Angle 45,15552.9292332537,6729.45384370257
Angle 45,15576.906341045,6718.3005253776
Angle 45,15600.8580865737,6707.06100469688
Angle 45,15624.7844837232,6695.73537891673
Angle 45,15648.6855461323,6684.32374540552
Angle 45,15672.5612871975,6672.82620164547
Angle 45,15696.4117200759,6661.24284523428
Angle 45,15720.2368576876,6649.57377388687
Angle 45,15744.0367127187,6637.81908543695
Angle 45,15767.8112976236,6625.97887783868
Angle 45,15791.5606246279,6614.05324916823
Angle 45,15815.2847057307,6602.04229762528
Angle 45,15838.9835527075,6589.94612153459
Angle 45,15862.6571771124,6577.76481934746
Angle 45,15886.3055902812,6565.49848964313
Angle 45,15909.9288033336,6553.14723113026
Angle 45,15933.5268271758,6540.71114264829
Angle 45,15957.0996725035,6528.19032316877
Angle 45,15980.6473498036,6515.5848717967
Angle 45,16004.1698693575,6502.89488777183
Angle 45,16027.6672412434,6490.1204704699
Angle 45,16051.1394753387,6477.2617194039
Angle 45,16074.5865813225,6464.3187342252
Angle 45,16098.0085686784,6451.29161472482
Angle 45,16121.4054466967,6438.18046083447
Angle 45,16144.777224477,6424.98537262774
Angle 45,16168.1239109305,6411.70645032109
Angle 45,16191.4455147829,6398.34379427501
Angle 45,16214.7420445764,6384.89750499492
Angle 45,16238.0135086722,6371.36768313225
Angle 45,16261.2599152534,6357.75442948536
Angle 45,16284.4812723266,6344.05784500047
Angle 45,16307.6775877253,6330.2780307726
Angle 45,16330.8488691114,6316.41508804637
Angle 45,16353.9951239781,6302.46911821694
Angle 45,16377.1163596522,6288.44022283074
Angle 45,16400.2125832964,6274.32850358631
Angle 45,16423.2838019118,6260.13406233505
Angle 45,16446.33002234,6245.85700108194
Angle 45,16469.3512512656,6231.49742198628
Angle 45,16492.3474952185,6217.05542736231
Angle 45,16515.3187605765,6202.5311196799
Angle 45,16538.2650535669,6187.9246015652
Angle 45,16561.1863802695,6173.23597580116
Angle 45,16584.0827466186,6158.46534532816
Angle 45,16606.9541584053,6143.61281324453
Angle 45,16629.8006212796,6128.6784828071
Angle 45,16652.6221407529,6113.66245743161
Angle 45,16675.4187222001,6098.56484069328
Angle 45,16698.1903708619,6083.38573632715
Angle 45,16720.937091847,6068.12524822857
Angle 45,16743.6588901343,6052.78348045355
Angle 45,16766.3557705748,6037.36053721911
Angle 45,16789.0277378943,6021.85652290365
Angle 45,16811.6747966954,6006.27154204726
Angle 45,16834.2969514594,5990.60569935195
Angle 45,16856.8942065486,5974.85909968201
Angle 45,16879.4665662085,5959.03184806417
Angle 45,16902.0140345698,5943.12404968783
Angle 45,16924.5366156508,5927.1358099053
Angle 45,16947.0343133591,5911.0672342319
Angle 45,16969.5071314938,5894.91842834613
Angle 45,16991.9550737477,5878.68949808982
Angle 45,17014.3781437094,5862.38054946818
Angle 45,17036.776344865,5845.99168864991
Angle 45,17059.1496806005,5829.52302196722
Angle 45,17081.4981542037,5812.97465591589
Angle 45,17103.8217688662,5796.34669715527
Angle 45,17126.1205276854,5779.63925250824
Angle 45,17148.3944336665,5762.85242896121
Angle 45,17170.6434897243,5745.98633366403
Angle 45,17192.8676986855,5729.04107392994
Angle 45,17215.0670632905,5712.01675723544
Angle 45,17237.241586195,5694.91349122017
Angle 45,17259.3912699727,5677.73138368681
Angle 45,17281.5161171162,5660.47054260084
Angle 45,17303.6161300399,5643.13107609044
Angle 45,17325.6913110811,5625.71309244621
Angle 45,17347.7416625024,5608.216700121
Angle 45,17369.7671864932,5590.64200772964
Angle 45,17391.7678851717,5572.98912404867
Angle 45,17413.7437605869,5555.25815801608
Angle 45,17435.6948147201,5537.44921873099
Angle 45,17457.621049487,5519.56241545332
Angle 45,17479.5224667391,5501.59785760349
Angle 45,17501.399068266,5483.55565476201
Angle 45,17523.2508557968,5465.43591666913
Angle 45,17545.077831002,5447.23875322442
Angle 45,17566.8799954954,5428.96427448642
Angle 45,17588.6573508353,5410.6125906721
Angle 45,17610.4098985268,5392.18381215654
Angle 45,17632.1376400233,5373.67804947234
Angle 45,17653.8405767281,5355.09541330922
Angle 45,17675.5187099961,5336.43601451349
Angle 45,17697.1720411358,5317.69996408751
Angle 45,17718.8005714103,5298.88737318922
Angle 45,17740.4043020398,5279.99835313149
Angle 45,17761.9832342023,5261.03301538167
Angle 45,17783.537369036,5241.9914715609
Angle 45,17805.0667076404,5222.87383344358
Angle 45,17826.5712510782,5203.68021295672
Angle 45,17848.0510003769,5184.41072217933
Angle 45,17869.5059565299,5165.06547334176
Angle 45,17890.9361204986,5145.64457882505
Angle 45,17912.3414932138,5126.14815116025
Angle 45,17933.722075577,5106.57630302771
Angle 45,17955.0778684622,5086.92914725644
Angle 45,17976.4088727172,5067.2067968233
Angle 45,17997.7150891654,5047.40936485233
Angle 45,18018.9965186067,5027.536964614
Angle 45,18040.2531618198,5007.58970952441
Angle 45,18061.4850195627,4987.56771314455
Angle 45,18082.692092575,4967.47108917952
Angle 45,18103.8743815789,4947.29995147769
Angle 45,18125.0318872805,4927.05441402991
Angle 45,18146.1646103716,4906.7345909687
Angle 45,18167.2725515308,4886.34059656737
Angle 45,18188.3557114251,4865.87254523922
Angle 45,18209.4140907108,4845.33055153661
Angle 45,18230.4476900357,4824.71473015016
Angle 45,18251.4565100394,4804.0251959078
Angle 45,18272.4405513556,4783.26206377389
Angle 45,18293.3998146128,4762.42544884835
Angle 45,18314.3343004358,4741.51546636565
Angle 45,18335.2440094471,4720.53223169396
Angle 45,18356.1289422681,4699.47586033417
Angle 45,18376.9890995202,4678.34646791893
Angle 45,18397.8244818263,4657.14417021169
Angle 45,18418.6350898121,4635.86908310574
Angle 45,18439.4209241069,4614.52132262321
Angle 45,18460.1819853456,4593.10100491404
Angle 45,18480.9182741689,4571.60824625503
Angle 45,18501.6297912255,4550.04316304881
Angle 45,18522.3165371726,4528.40587182279
Angle 45,18542.9785126773,4506.69648922811
Angle 45,18563.615718418,4484.91513203868
Angle 45,18584.228155085,4463.06191715002
Angle 45,18604.8158233823,4441.13696157826
Angle 45,18625.3787240282,4419.14038245907
Angle 45,18645.9168577567,4397.07229704653
Angle 45,18666.4302253185,4374.9328227121
Angle 45,18686.9188274823,4352.72207694351
Angle 45,18707.3826650355,4330.4401773436
Angle 45,18727.8217387856,4308.08724162928
Angle 45,18748.2360495611,4285.66338763038
Angle 45,18768.6255982127,4263.16873328851
Angle 45,18788.9903856142,4240.60339665593
Angle 45,18809.3304126635,4217.96749589443
Angle 45,18829.6456802838,4195.26114927412
Angle 45,18849.9361894245,4172.48447517236
Angle 45,18870.2019410622,4149.63759207252
Angle 45,18890.4429362015,4126.72061856284
Angle 45,18910.6591758765,4103.73367333524
Angle 45,18930.8506611512,4080.67687518417
Angle 45,18951.0173931205,4057.55034300537
Angle 45,18971.1593729118,4034.35419579469
Angle 45,18991.2766016849,4011.08855264692
Angle 45,19011.3690806339,3987.75353275453
Angle 45,19031.4368109875,3964.3492554065
Angle 45,19051.4797940099,3940.87583998707
Angle 45,19071.4980310022,3917.33340597452
Angle 45,19091.4915233026,3893.72207293995
Angle 45,19111.460272288,3870.04196054604
Angle 45,19131.404279374,3846.29318854582
Angle 45,19151.3235460165,3822.47587678138
Angle 45,19171.2180737123,3798.59014518267
Angle 45,19191.0878639996,3774.63611376624
Angle 45,19210.9329184593,3750.61390263395
Angle 45,19230.7532387154,3726.52363197171
Angle 45,19250.5488264363,3702.36542204825
Angle 45,19270.3196833349,3678.13939321382
Angle 45,19290.0658111699,3653.84566589889
Angle 45,19309.7872117466,3629.48436061293
Angle 45,19329.4838869172,3605.05559794307
Angle 45,19349.1558385818,3580.55949855285
Angle 45,19368.8030686894,3555.99618318089
Angle 45,19388.425579238,3531.36577263965
Angle 45,19408.0233722761,3506.66838781409
Angle 45,19427.5964499027,3481.90414966038
Angle 45,19447.1448142684,3457.0731792046
Angle 45,19466.6684675759,3432.17559754144
Angle 45,19486.1674120809,3407.21152583287
Angle 45,19505.6416500925,3382.18108530687
Angle 45,19525.0911839739,3357.08439725606
Angle 45,19544.5160161434,3331.92158303644
Angle 45,19563.9161490745,3306.69276406601
Angle 45,19583.291585297,3281.39806182351
Angle 45,19602.6423273974,3256.03759784707
Angle 45,19621.9683780193,3230.61149373287
Angle 45,19641.2697398645,3205.11987113385
Angle 45,19660.5464156933,3179.56285175835
Angle 45,19679.798408325,3153.94055736878
Angle 45,19699.0257206388,3128.25310978033
Angle 45,19718.2283555739,3102.50063085957
Angle 45,19737.4063161305,3076.6832425232
Angle 45,19756.5596053702,3050.80106673662
Angle 45,19775.6882264164,3024.85422551268
Angle 45,19794.7921824551,2998.84284091029
Angle 45,19813.8714767351,2972.76703503309
Angle 45,19832.9261125687,2946.62693002814
Angle 45,19851.9560933325,2920.42264808454
Angle 45,19870.9614224672,2894.15431143212
Angle 45,19889.9421034787,2867.82204234008
Angle 45,19908.8981399383,2841.42596311567
Angle 45,19927.8295354833,2814.96619610283
Angle 45,19946.7362938175,2788.44286368086
Angle 45,19965.6184187113,2761.85608826306
Angle 45,19984.4759140027,2735.20599229543
Angle 45,20003.3087835972,2708.49269825528
Angle 45,20022.1170314688,2681.71632864991
Angle 45,20040.9006616598,2654.87700601529
Angle 45,20059.6596782817,2627.97485291468
Angle 45,20078.3940855156,2601.00999193731
Angle 45,20097.1038876121,2573.98254569707
Angle 45,20115.7890888924,2546.8926368311
Angle 45,20134.449693748,2519.74038799852
Angle 45,20153.0857066416,2492.52592187905
Angle 45,20171.6971321074,2465.2493611717
Angle 45,20190.2839747511,2437.91082859344
Angle 45,20208.8462392506,2410.51044687781
Angle 45,20227.3839303563,2383.04833877365
Angle 45,20245.8970528914,2355.52462704375
Angle 45,20264.3856117521,2327.93943446351
Angle 45,20282.8496119081,2300.2928838196
Angle 45,20301.289058403,2272.58509790866
Angle 45,20319.7039563545,2244.81619953596
Angle 45,20338.0943109544,2216.98631151406
Angle 45,20356.4601274696,2189.09555666152
Angle 45,20374.8014112417,2161.14405780154
Angle 45,20393.1181676876,2133.13193776068
Angle 45,20411.4104022999,2105.0593193675
Angle 45,20429.678120647,2076.9263254513
Angle 45,20447.9213283731,2048.73307884072
Angle 45,20466.1400311992,2020.47970236254
Angle 45,20484.3342349225,1992.16631884026
Angle 45,20502.5039454173,1963.79305109287
Angle 45,20520.6491686348,1935.3600219335
Angle 45,20538.7699106036,1906.86735416817
Angle 45,20556.8661774299,1878.31517059441
Angle 45,20574.9379752975,1849.70359400003
Angle 45,20592.9853104682,1821.0327471618
Angle 45,20611.0081892821,1792.30275284416
Angle 45,20629.0066181576,1763.51373379792
Angle 45,20646.9806035915,1734.66581275899
Angle 45,20664.9301521595,1705.75911244706
Angle 45,20682.8552705164,1676.79375556439
Angle 45,20700.7559653958,1647.76986479445
Angle 45,20718.6322436106,1618.68756280068
Angle 45,20736.4841120535,1589.54697222523
Angle 45,20754.3115776963,1560.34821568768
Angle 45,20772.1146475909,1531.09141578376
Angle 45,20789.8933288689,1501.77669508408
Angle 45,20807.6476287421,1472.40417613293
Angle 45,20825.3775545023,1442.97398144694
Angle 45,20843.0831135216,1413.48623351387
Angle 45,20860.7643132527,1383.94105479137
Angle 45,20878.4211612286,1354.33856770572
Angle 45,20896.0536650631,1324.67889465057
Angle 45,20913.6618324507,1294.96215798571
Angle 45,20931.2456711668,1265.18848003586
Angle 45,20948.8051890675,1235.35798308941
Angle 45,20966.3403940903,1205.47078939718
Angle 45,20983.8512942535,1175.52702117123
Angle 45,21001.3378976568,1145.52680058363
Angle 45,21018.8002124812,1115.4702497652
Angle 45,21036.2382469888,1085.35749080435
Angle 45,21053.6520095233,1055.18864574586
Angle 45,21071.0415085098,1024.96383658965
Angle 45,21088.4067524549,994.68318528959
Angle 45,21105.7477499468,964.346813752309
Angle 45,21123.0645096553,933.954843835998
Angle 45,21140.3570403318,903.507397349216
Angle 45,21157.6253508094,873.004596049709
Angle 45,21174.869450003,842.446561643228
Angle 45,21192.0893469091,811.83341578235
Angle 45,21209.2850506059,781.165280065306
Angle 45,21226.4565702536,750.442276034815
Angle 45,21243.6039150939,719.664525176917
Angle 45,21260.7270944506,688.832148919813
Angle 45,21277.8261177289,657.945268632713
Angle 45,21294.900994416,627.004005624682
Angle 45,21311.951734081,596.008481143496
Angle 45,21328.9783463744,564.958816374498
Angle 45,21345.9808410288,533.855132439461
Angle 45,21362.9592278583,502.697550395458
Angle 45,21379.9135167587,471.48619123373
Angle 45,21396.8437177075,440.221175878565
Angle 45,21413.7498407639,408.902625186178
Angle 45,21430.6318960687,377.5306599436
Angle 45,21447.489893844,346.105400867562
Angle 45,21464.3238443938,314.626968603399
Angle 45,21481.1337581032,283.095483723943
Angle 45,21497.9196454388,251.511066728432
Angle 45,21514.6815169487,219.873838041417
Angle 45,21531.419383262,188.18391801168
Angle 45,21548.1332550894,156.441426911153
Angle 45,21564.8231432222,124.646484933839
Angle 45,21581.4890585334,92.7992121947446
Angle 45,21598.1310119764,60.8997287288151
Angle 45,21614.7490145859,28.9481544898719
Angle 45,21629.7588359694,0
Angle 46,0,0
Angle 46,48.4899328915199,50.1147954228392
Angle 46,96.8446108000611,99.9918035661815
Angle 46,145.064923375807,149.63221620878
Angle 46,193.151751965452,199.037213729053
Angle 46,241.105969714551,248.207965245159
Angle 46,288.928441668278,297.14562875292
Angle 46,336.620024870633,345.851351261608
Angle 46,384.181568462119,394.326268927663
Angle 46,431.613913775926,442.57150718636
Angle 46,478.917894432631,490.588180881471
Angle 46,526.094336433471,538.377394392952
Angle 46,573.144058252181,585.940241762706
Angle 46,620.067870925446,633.277806818437
Angle 46,666.866578141989,680.391163295644
Angle 46,713.540976330309,727.281374957784
Angle 46,760.091854745105,773.949495714636
Angle 46,806.519995552401,820.396569738895
Angle 46,852.8261739134,866.623631581042
Angle 46,899.011158067093,912.631706282501
Angle 46,945.07570941163,958.421809487127
Angle 46,991.020582584498,1003.99494755105
Angle 46,1036.8465255415,1049.35211765091
Angle 46,1082.5542796346,1094.49430789048
Angle 46,1128.14457968855,1139.4224974058
Angle 46,1173.61815407653,1184.13765646867
Angle 46,1218.97572479451,1228.64074658874
Angle 46,1264.2180075347,1272.93272061409
Angle 46,1309.34571175778,1317.01452283032
Angle 46,1354.35954076421,1360.88708905829
Angle 46,1399.26019176444,1404.55134675036
Angle 46,1444.0483559481,1448.00821508534
Angle 46,1488.72471855225,1491.25860506206
Angle 46,1533.28995892861,1534.30341959156
Angle 46,1577.74475060983,1577.14355358805
Angle 46,1622.08976137484,1619.77989405852
Angle 46,1666.32565331327,1662.21332019112
Angle 46,1710.45308288892,1704.4447034423
Angle 46,1754.47270100235,1746.47490762271
Angle 46,1798.38515305264,1788.30478898188
Angle 46,1842.1910789982,1829.93519629178
Angle 46,1885.89111341676,1871.36697092918
Angle 46,1929.48588556455,1912.60094695684
Angle 46,1972.97601943462,1953.63795120365
Angle 46,2016.36213381434,1994.47880334361
Angle 46,2059.64484234216,2035.1243159737
Angle 46,2102.82475356348,2075.5752946908
Angle 46,2145.90247098589,2115.83253816742
Angle 46,2188.87859313352,2155.89683822647
Angle 46,2231.75371360071,2195.76897991502
Angle 46,2274.52842110492,2235.44974157703
Angle 46,2317.20329953896,2274.93989492513
Angle 46,2359.77892802244,2314.24020511136
Angle 46,2402.25588095258,2353.35143079709
Angle 46,2444.63472805429,2392.27432422186
Angle 46,2486.91603442959,2431.00963127139
Angle 46,2529.1003606064,2469.55809154469
Angle 46,2571.18826258657,2507.92043842019
Angle 46,2613.1802918934,2546.0973991211
Angle 46,2655.07699561839,2584.08969477981
Angle 46,2696.8789164675,2621.89804050157
Angle 46,2738.58659280665,2659.52314542715
Angle 46,2780.20055870675,2696.96571279486
Angle 46,2821.72134398804,2734.22644000166
Angle 46,2863.14947426386,2771.30601866348
Angle 46,2904.48547098391,2808.20513467477
Angle 46,2945.72985147683,2844.92446826731
Angle 46,2986.88312899231,2881.46469406819
Angle 46,3027.9458127426,2917.82648115712
Angle 46,3068.91840794351,2954.01049312293
Angle 46,3109.80141585484,2990.01738811941
Angle 46,3150.59533382031,3025.84781892037
Angle 46,3191.30065530696,3061.50243297408
Angle 46,3231.91786994405,3096.98187245696
Angle 46,3272.44746356143,3132.28677432656
Angle 46,3312.88991822748,3167.41777037399
Angle 46,3353.24571228645,3202.37548727554
Angle 46,3393.51532039546,3237.16054664376
Angle 46,3433.69921356087,3271.77356507785
Angle 46,3473.79785917438,3306.21515421345
Angle 46,3513.81172104843,3340.48592077176
Angle 46,3553.74125945139,3374.5864666081
Angle 46,3593.58693114213,3408.51738875985
Angle 46,3633.34918940421,3442.27927949378
Angle 46,3673.02848407969,3475.87272635284
Angle 46,3712.6252616024,3509.29831220229
Angle 46,3752.13996503093,3542.5566152754
Angle 46,3791.57303408105,3575.64820921842
Angle 46,3830.92490515789,3608.57366313517
Angle 46,3870.19601138755,3641.33354163095
Angle 46,3909.38678264846,3673.92840485603
Angle 46,3948.49764560228,3706.3588085485
Angle 46,3987.52902372439,3738.62530407672
Angle 46,4026.48133733408,3770.72843848115
Angle 46,4065.35500362427,3802.66875451579
Angle 46,4104.15043669099,3834.44679068901
Angle 46,4142.86804756236,3866.06308130396
Angle 46,4181.50824422729,3897.51815649849
Angle 46,4220.07143166382,3928.81254228462
Angle 46,4258.55801186714,3959.94676058747
Angle 46,4296.96838387716,3990.92132928377
Angle 46,4335.30294380588,4021.73676223999
Angle 46,4373.56208486436,4052.39356934986
Angle 46,4411.74619738934,4082.89225657163
Angle 46,4449.85566886956,4113.23332596474
Angle 46,4487.89088397181,4143.41727572619
Angle 46,4525.85222456659,4173.44460022639
Angle 46,4563.74006975348,4203.31579004464
Angle 46,4601.55479588626,4233.03133200421
Angle 46,4639.29677659763,4262.591709207
Angle 46,4676.96638282375,4291.9974010678
Angle 46,4714.56398282836,4321.24888334815
Angle 46,4752.08994222672,4350.34662818984
Angle 46,4789.54462400923,4379.291104148
Angle 46,4826.92838856471,4408.08277622385
Angle 46,4864.24159370351,4436.72210589702
Angle 46,4901.48459468026,4465.20955115758
Angle 46,4938.65774421638,4493.54556653766
Angle 46,4975.76139252234,4521.73060314269
Angle 46,5012.79588731963,4549.76510868239
Angle 46,5049.7615738625,4577.64952750131
Angle 46,5086.6587949594,4605.38430060908
Angle 46,5123.48789099423,4632.96986571029
Angle 46,5160.24919994729,4660.40665723413
Angle 46,5196.94305741601,4687.69510636358
Angle 46,5233.56979663542,4714.83564106433
Angle 46,5270.12974849842,4741.82868611346
Angle 46,5306.62324157575,4768.67466312765
Angle 46,5343.05060213581,4795.37399059122
Angle 46,5379.41215416417,4821.92708388381
Angle 46,5415.7082193829,4848.33435530773
Angle 46,5451.93911726969,4874.5962141151
Angle 46,5488.10516507668,4900.7130665346
Angle 46,5524.20667784919,4926.68531579799
Angle 46,5560.24396844408,4952.51336216635
Angle 46,5596.21734754806,4978.197602956
Angle 46,5632.12712369568,5003.73843256419
Angle 46,5667.97360328713,5029.13624249447
Angle 46,5703.7570906059,5054.39142138185
Angle 46,5739.47788783616,5079.50435501763
Angle 46,5775.13629508001,5104.47542637401
Angle 46,5810.73261037446,5129.30501562844
Angle 46,5846.26712970827,5153.99350018769
Angle 46,5881.74014703862,5178.54125471172
Angle 46,5917.15195430752,5202.94865113723
Angle 46,5952.50284145808,5227.21605870102
Angle 46,5987.7930964506,5251.3438439631
Angle 46,6023.02300527848,5275.33237082957
Angle 46,6058.1928519839,5299.1820005752
Angle 46,6093.30291867341,5322.8930918659
Angle 46,6128.35348553325,5346.46600078083
Angle 46,6163.3448308446,5369.90108083439
Angle 46,6198.27723099856,5393.19868299793
Angle 46,6233.15096051106,5416.35915572124
Angle 46,6267.96629203748,5439.38284495388
Angle 46,6302.72349638727,5462.2700941662
Angle 46,6337.42284253824,5485.02124437027
Angle 46,6372.06459765081,5507.6366341405
Angle 46,6406.64902708206,5530.11659963408
Angle 46,6441.17639439962,5552.46147461126
Angle 46,6475.64696139542,5574.67159045541
Angle 46,6510.06098809925,5596.74727619284
Angle 46,6544.41873279225,5618.68885851249
Angle 46,6578.72045202017,5640.49666178537
Angle 46,6612.96640060652,5662.17100808387
Angle 46,6647.1568316656,5683.71221720085
Angle 46,6681.2919966153,5705.12060666854
Angle 46,6715.37214518991,5726.39649177724
Angle 46,6749.39752545262,5747.54018559393
Angle 46,6783.36838380798,5768.5519989806
Angle 46,6817.28496501425,5789.43224061244
Angle 46,6851.14751219554,5810.1812169959
Angle 46,6884.95626685384,5830.79923248652
Angle 46,6918.71146888096,5851.28658930662
Angle 46,6952.4133565703,5871.64358756281
Angle 46,6986.06216662848,5891.87052526337
Angle 46,7019.65813418691,5911.96769833546
Angle 46,7053.20149281318,5931.93540064211
Angle 46,7086.69247452231,5951.77392399912
Angle 46,7120.13130978795,5971.48355819181
Angle 46,7153.51822755339,5991.06459099157
Angle 46,7186.8534552425,6010.51730817229
Angle 46,7220.13721877052,6029.84199352662
Angle 46,7253.36974255475,6049.0389288821
Angle 46,7286.55124952512,6068.10839411718
Angle 46,7319.68196113467,6087.05066717697
Angle 46,7352.76209736987,6105.86602408904
Angle 46,7385.79187676087,6124.55473897891
Angle 46,7418.77151639163,6143.11708408548
Angle 46,7451.70123190994,6161.55332977633
Angle 46,7484.58123753736,6179.86374456286
Angle 46,7517.41174607897,6198.0485951153
Angle 46,7550.19296893313,6216.10814627762
Angle 46,7582.92511610106,6234.04266108226
Angle 46,7615.60839619635,6251.85240076478
Angle 46,7648.24301645437,6269.53762477836
Angle 46,7680.82918274155,6287.09859080818
Angle 46,7713.3670995646,6304.53555478569
Angle 46,7745.8569700796,6321.84877090272
Angle 46,7778.29899610107,6339.03849162554
Angle 46,7810.69337811082,6356.10496770873
Angle 46,7843.04031526679,6373.04844820899
Angle 46,7875.34000541183,6389.86918049878
Angle 46,7907.59264508229,6406.56741027993
Angle 46,7939.79842951659,6423.14338159704
Angle 46,7971.95755266369,6439.59733685083
Angle 46,8004.07020719147,6455.92951681138
Angle 46,8036.13658449499,6472.14016063125
Angle 46,8068.15687470474,6488.22950585849
Angle 46,8100.13126669471,6504.19778844956
Angle 46,8132.05994809045,6520.04524278212
Angle 46,8163.94310527704,6535.77210166775
Angle 46,8195.7809234069,6551.37859636459
Angle 46,8227.57358640767,6566.86495658977
Angle 46,8259.32127698984,6582.2314105319
Angle 46,8291.0241766544,6597.47818486333
Angle 46,8322.68246570045,6612.60550475241
Angle 46,8354.29632323258,6627.61359387557
Angle 46,8385.86592716836,6642.50267442939
Angle 46,8417.39145424562,6657.27296714253
Angle 46,8448.8730800297,6671.92469128756
Angle 46,8480.31097892064,6686.45806469275
Angle 46,8511.70532416029,6700.87330375374
Angle 46,8543.05628783933,6715.1706234451
Angle 46,8574.36404090425,6729.35023733187
Angle 46,8605.62875316423,6743.41235758093
Angle 46,8636.85059329798,6757.35719497239
Angle 46,8668.02972886045,6771.1849589108
Angle 46,8699.16632628961,6784.89585743632
Angle 46,8730.26055091299,6798.49009723582
Angle 46,8761.31256695425,6811.96788365391
Angle 46,8792.32253753973,6825.32942070384
Angle 46,8823.2906247048,6838.57491107836
Angle 46,8854.21698940029,6851.70455616052
Angle 46,8885.10179149874,6864.71855603436
Angle 46,8915.94518980069,6877.61710949553
Angle 46,8946.74734204084,6890.40041406188
Angle 46,8977.50840489413,6903.06866598391
Angle 46,9008.22853398189,6915.62206025519
Angle 46,9038.90788387774,6928.06079062274
Angle 46,9069.54660811363,6940.38504959725
Angle 46,9100.14485918565,6952.59502846331
Angle 46,9130.7027885599,6964.69091728958
Angle 46,9161.22054667826,6976.67290493879
Angle 46,9191.6982829641,6988.54117907783
Angle 46,9222.13614582796,7000.2959261876
Angle 46,9252.53428267314,7011.93733157299
Angle 46,9282.8928399013,7023.46557937259
Angle 46,9313.21196291791,7034.88085256852
Angle 46,9343.49179613774,7046.18333299608
Angle 46,9373.73248299027,7057.37320135339
Angle 46,9403.93416592503,7068.45063721095
Angle 46,9434.09698641689,7079.41581902117
Angle 46,9464.22108497136,7090.2689241278
Angle 46,9494.30660112974,7101.01012877532
Angle 46,9524.35367347434,7111.63960811831
Angle 46,9554.36243963354,7122.15753623069
Angle 46,9584.33303628688,7132.56408611497
Angle 46,9614.2655991701,7142.85942971142
Angle 46,9644.16026308007,7153.04373790715
Angle 46,9674.01716187976,7163.11718054523
Angle 46,9703.83642850312,7173.07992643364
Angle 46,9733.61819495991,7182.9321433543
Angle 46,9763.3625923405,7192.67399807188
Angle 46,9793.06975082066,7202.30565634274
Angle 46,9822.73979966626,7211.8272829237
Angle 46,9852.37286723791,7221.23904158078
Angle 46,9881.96908099568,7230.54109509796
Angle 46,9911.52856750363,7239.73360528577
Angle 46,9941.05145243437,7248.81673298995
Angle 46,9970.53786057363,7257.7906381
Angle 46,9999.98791582469,7266.65547955768
Angle 46,10029.4017412129,7275.41141536551
Angle 46,10058.7794588899,7284.05860259518
Angle 46,10088.1211901382,7292.59719739594
Angle 46,10117.4270553756,7301.02735500291
Angle 46,10146.6971741591,7309.34922974542
Angle 46,10175.9316651894,7317.56297505521
Angle 46,10205.1306463154,7325.66874347468
Angle 46,10234.2942345377,7333.66668666501
Angle 46,10263.4225460137,7341.55695541434
Angle 46,10292.5156960608,7349.33969964579
Angle 46,10321.5737991611,7357.01506842555
Angle 46,10350.5969689654,7364.58320997086
Angle 46,10379.5853182969,7372.04427165797
Angle 46,10408.5389591556,7379.39840003005
Angle 46,10437.4580027222,7386.64574080513
Angle 46,10466.3425593618,7393.78643888385
Angle 46,10495.192738628,7400.82063835736
Angle 46,10524.0086492669,7407.74848251502
Angle 46,10552.7903992208,7414.57011385216
Angle 46,10581.5380956322,7421.28567407779
Angle 46,10610.2518448471,7427.89530412222
Angle 46,10638.9317524197,7434.39914414472
Angle 46,10667.5779231153,7440.79733354106
Angle 46,10696.1904609144,7447.09001095111
Angle 46,10724.7694690164,7453.27731426633
Angle 46,10753.3150498434,7459.35938063724
Angle 46,10781.8273050435,7465.33634648091
Angle 46,10810.3063354947,7471.2083474883
Angle 46,10838.7522413086,7476.97551863172
Angle 46,10867.1651218336,7482.63799417212
Angle 46,10895.5450756588,7488.19590766642
Angle 46,10923.8922006176,7493.64939197479
Angle 46,10952.206593791,7498.99857926789
Angle 46,10980.4883515109,7504.24360103411
Angle 46,11008.7375693643,7509.38458808671
Angle 46,11036.954342196,7514.421670571
Angle 46,11065.1387641125,7519.35497797147
Angle 46,11093.2909284852,7524.18463911884
Angle 46,11121.4109279539,7528.91078219716
Angle 46,11149.4988544302,7533.5335347508
Angle 46,11177.5547991009,7538.05302369148
Angle 46,11205.578852431,7542.46937530521
Angle 46,11233.5711041676,7546.78271525923
Angle 46,11261.5316433429,7550.99316860894
Angle 46,11289.4605582772,7555.10085980474
Angle 46,11317.3579365829,7559.10591269891
Angle 46,11345.2238651672,7563.0084505524
Angle 46,11373.0584302355,7566.80859604164
Angle 46,11400.8617172946,7570.50647126529
Angle 46,11428.6338111562,7574.10219775098
Angle 46,11456.3747959395,7577.59589646198
Angle 46,11484.0847550751,7580.98768780394
Angle 46,11511.7637713078,7584.27769163146
Angle 46,11539.4119266996,7587.46602725475
Angle 46,11567.0293026334,7590.55281344622
Angle 46,11594.6159798155,7593.53816844701
Angle 46,11622.1720382793,7596.42220997357
Angle 46,11649.6975573879,7599.20505522412
Angle 46,11677.1926158376,7601.88682088517
Angle 46,11704.6572916609,7604.46762313792
Angle 46,11732.0916622294,7606.94757766473
Angle 46,11759.4958042572,7609.32679965549
Angle 46,11786.8697938035,7611.60540381401
Angle 46,11814.2137062762,7613.7835043643
Angle 46,11841.5276164346,7615.86121505699
Angle 46,11868.8115983923,7617.8386491755
Angle 46,11896.0657256206,7619.71591954238
Angle 46,11923.2900709515,7621.49313852551
Angle 46,11950.4847065802,7623.17041804431
Angle 46,11977.6497040687,7624.74786957593
Angle 46,12004.7851343485,7626.22560416136
Angle 46,12031.8910677236,7627.60373241162
Angle 46,12058.9675738734,7628.88236451378
Angle 46,12086.0147218561,7630.06161023712
Angle 46,12113.032580111,7631.14157893907
Angle 46,12140.021216462,7632.12237957132
Angle 46,12166.9806981202,7633.00412068576
Angle 46,12193.9110916872,7633.78691044043
Angle 46,12220.8124631577,7634.47085660551
Angle 46,12247.6848779225,7635.05606656918
Angle 46,12274.5284007718,7635.5426473435
Angle 46,12301.3430958975,7635.93070557031
Angle 46,12328.1290268965,7636.22034752702
Angle 46,12354.8862567738,7636.41167913241
Angle 46,12381.6148479449,7636.50480595241
Angle 46,12408.3148622391,7636.49983320586
Angle 46,12434.9863609023,7636.39686577021
Angle 46,12461.6294045998,7636.1960081872
Angle 46,12488.2440534193,7635.89736466858
Angle 46,12514.8303668739,7635.50103910166
Angle 46,12541.3884039046,7635.00713505501
Angle 46,12567.9182228837,7634.41575578395
Angle 46,12594.4198816173,7633.72700423619
Angle 46,12620.8934373482,7632.94098305731
Angle 46,12647.3389467592,7632.05779459624
Angle 46,12673.7564659754,7631.07754091077
Angle 46,12700.1460505674,7630.00032377299
Angle 46,12726.5077555541,7628.82624467466
Angle 46,12752.8416354056,7627.55540483266
Angle 46,12779.1477440462,7626.1879051943
Angle 46,12805.4261348567,7624.72384644264
Angle 46,12831.6768606782,7623.16332900186
Angle 46,12857.8999738141,7621.50645304245
Angle 46,12884.0955260335,7619.7533184865
Angle 46,12910.2635685736,7617.90402501291
Angle 46,12936.4041521432,7615.95867206258
Angle 46,12962.517326925,7613.91735884355
Angle 46,12988.6031425786,7611.78018433611
Angle 46,13014.6616482435,7609.54724729797
Angle 46,13040.692892542,7607.21864626926
Angle 46,13066.6969235818,7604.79447957759
Angle 46,13092.6737889588,7602.27484534309
Angle 46,13118.6235357606,7599.65984148333
Angle 46,13144.5462105686,7596.94956571832
Angle 46,13170.4418594613,7594.14411557545
Angle 46,13196.3105280168,7591.24358839429
Angle 46,13222.1522613162,7588.24808133156
Angle 46,13247.967103946,7585.15769136589
Angle 46,13273.7551000011,7581.97251530263
Angle 46,13299.5162930877,7578.69264977865
Angle 46,13325.250726326,7575.31819126704
Angle 46,13350.9584423534,7571.84923608185
Angle 46,13376.639483327,7568.28588038276
Angle 46,13402.2938909265,7564.6282201797
Angle 46,13427.9217063574,7560.8763513375
Angle 46,13453.5229703535,7557.03036958046
Angle 46,13479.0977231799,7553.0903704969
Angle 46,13504.6460046357,7549.05644954369
Angle 46,13530.1678540573,7544.92870205071
Angle 46,13555.6633103207,7540.70722322537
Angle 46,13581.1324118448,7536.39210815695
Angle 46,13606.575196594,7531.98345182107
Angle 46,13631.9917020813,7527.48134908403
Angle 46,13657.3819653708,7522.88589470709
Angle 46,13682.746023081,7518.19718335086
Angle 46,13708.0839113872,7513.41530957947
Angle 46,13733.395666025,7508.54036786486
Angle 46,13758.6813222924,7503.57245259098
Angle 46,13783.9409150534,7498.51165805791
Angle 46,13809.1744787401,7493.35807848606
Angle 46,13834.3820473563,7488.11180802019
Angle 46,13859.5636544801,7482.77294073356
Angle 46,13884.7193332663,7477.34157063192
Angle 46,13909.8491164502,7471.81779165751
Angle 46,13934.9530363497,7466.20169769303
Angle 46,13960.0311248682,7460.49338256558
Angle 46,13985.0834134981,7454.69294005059
Angle 46,14010.109933323,7448.8004638756
Angle 46,14035.1107150209,7442.81604772421
Angle 46,14060.0857888668,7436.73978523977
Angle 46,14085.035184736,7430.57177002921
Angle 46,14109.9589321066,7424.31209566677
Angle 46,14134.8570600624,7417.96085569765
Angle 46,14159.729597296,7411.51814364174
Angle 46,14184.5765721112,7404.98405299717
Angle 46,14209.3980124267,7398.35867724397
Angle 46,14234.1939457778,7391.64210984761
Angle 46,14258.9643993202,7384.8344442625
Angle 46,14283.7093998327,7377.93577393553
Angle 46,14308.4289737195,7370.94619230946
Angle 46,14333.1231470139,7363.86579282639
Angle 46,14357.7919453802,7356.69466893116
Angle 46,14382.4353941177,7349.43291407464
Angle 46,14407.0535181622,7342.0806217171
Angle 46,14431.6463420903,7334.63788533146
Angle 46,14456.2138901209,7327.10479840657
Angle 46,14480.756186119,7319.48145445039
Angle 46,14505.2732535983,7311.76794699319
Angle 46,14529.7651157235,7303.96436959065
Angle 46,14554.2317953142,7296.07081582705
Angle 46,14578.6733148466,7288.08737931824
Angle 46,14603.0896964571,7280.01415371476
Angle 46,14627.480961945,7271.85123270479
Angle 46,14651.8471327751,7263.59871001715
Angle 46,14676.1882300807,7255.25667942421
Angle 46,14700.5042746663,7246.82523474478
Angle 46,14724.7952870106,7238.304469847
Angle 46,14749.0612872693,7229.69447865115
Angle 46,14773.3022952776,7220.99535513241
Angle 46,14797.5183305535,7212.20719332369
Angle 46,14821.7094123001,7203.33008731827
Angle 46,14845.8755594091,7194.36413127253
Angle 46,14870.0167904626,7185.3094194086
Angle 46,14894.1331237368,7176.16604601695
Angle 46,14918.2245772046,7166.93410545901
Angle 46,14942.2911685378,7157.61369216966
Angle 46,14966.3329151106,7148.20490065979
Angle 46,14990.3498340021,7138.70782551874
Angle 46,15014.3419419991,7129.12256141678
Angle 46,15038.3092555988,7119.44920310747
Angle 46,15062.2517910114,7109.68784543005
Angle 46,15086.1695641635,7099.83858331179
Angle 46,15110.0625907001,7089.90151177025
Angle 46,15133.9308859877,7079.87672591561
Angle 46,15157.7744651172,7069.76432095282
Angle 46,15181.5933429064,7059.56439218389
Angle 46,15205.3875339026,7049.27703500995
Angle 46,15229.1570523858,7038.90234493348
Angle 46,15252.9019123709,7028.44041756031
Angle 46,15276.6221276108,7017.89134860177
Angle 46,15300.3177115988,7007.25523387661
Angle 46,15323.9886775717,6996.53216931311
Angle 46,15347.6350385121,6985.72225095093
Angle 46,15371.2568071512,6974.8255749431
Angle 46,15394.8539959717,6963.84223755788
Angle 46,15418.4266172102,6952.77233518064
Angle 46,15441.9746828599,6941.61596431564
Angle 46,15465.4982046734,6930.37322158785
Angle 46,15488.9971941654,6919.04420374472
Angle 46,15512.4716626151,6907.62900765785
Angle 46,15535.9216210689,6896.12773032471
Angle 46,15559.3470803432,6884.54046887031
Angle 46,15582.7480510271,6872.86732054879
Angle 46,15606.1245434845,6861.10838274502
Angle 46,15629.4765678573,6849.26375297617
Angle 46,15652.8041340676,6837.33352889322
Angle 46,15676.1072518205,6825.31780828243
Angle 46,15699.3859306067,6813.21668906686
Angle 46,15722.6401797048,6801.03026930774
Angle 46,15745.8700081843,6788.75864720588
Angle 46,15769.0754249076,6776.40192110305
Angle 46,15792.2564385333,6763.96018948327
Angle 46,15815.4130575179,6751.43355097417
Angle 46,15838.545290119,6738.82210434819
Angle 46,15861.6531443974,6726.12594852388
Angle 46,15884.7366282198,6713.34518256704
Angle 46,15907.7957492613,6700.47990569196
Angle 46,15930.8305150079,6687.53021726252
Angle 46,15953.8409327589,6674.4962167933
Angle 46,15976.8270096293,6661.37800395068
Angle 46,15999.7887525527,6648.17567855389
Angle 46,16022.7261682831,6634.88934057603
Angle 46,16045.6392633978,6621.51909014503
Angle 46,16068.5280442999,6608.06502754468
Angle 46,16091.3925172202,6594.52725321548
Angle 46,16114.2326882202,6580.90586775559
Angle 46,16137.0485631942,6567.2009719217
Angle 46,16159.8401478717,6553.41266662986
Angle 46,16182.6074478199,6539.54105295629
Angle 46,16205.350468446,6525.58623213817
Angle 46,16228.0692149994,6511.54830557441
Angle 46,16250.7636925744,6497.42737482635
Angle 46,16273.4339061123,6483.2235416185
Angle 46,16296.0798604038,6468.93690783915
Angle 46,16318.7015600913,6454.56757554108
Angle 46,16341.299009671,6440.11564694212
Angle 46,16363.8722134958,6425.58122442576
Angle 46,16386.4211757769,6410.96441054174
Angle 46,16408.9459005864,6396.26530800651
Angle 46,16431.4463918594,6381.48401970382
Angle 46,16453.9226533968,6366.62064868514
Angle 46,16476.3746888665,6351.67529817012
Angle 46,16498.8025018068,6336.64807154705
Angle 46,16521.2060956276,6321.53907237321
Angle 46,16543.5854736134,6306.3484043753
Angle 46,16565.9406389249,6291.07617144974
Angle 46,16588.2715946015,6275.72247766301
Angle 46,16610.5783435635,6260.28742725196
Angle 46,16632.860888614,6244.77112462404
Angle 46,16655.1192324412,6229.17367435762
Angle 46,16677.3533776206,6213.49518120212
Angle 46,16699.5633266171,6197.73575007828
Angle 46,16721.7490817868,6181.89548607831
Angle 46,16743.9106453797,6165.97449446603
Angle 46,16766.0480195412,6149.97288067699
Angle 46,16788.1612063144,6133.89075031858
Angle 46,16810.2502076422,6117.72820917012
Angle 46,16832.3150253694,6101.4853631829
Angle 46,16854.3556612446,6085.16231848021
Angle 46,16876.3721169222,6068.75918135733
Angle 46,16898.3643939645,6052.27605828155
Angle 46,16920.3324938438,6035.71305589213
Angle 46,16942.2764179441,6019.07028100019
Angle 46,16964.1961675632,6002.3478405887
Angle 46,16986.091743915,5985.54584181231
Angle 46,17007.9631481307,5968.66439199727
Angle 46,17029.8103812615,5951.70359864126
Angle 46,17051.6334442802,5934.66356941324
Angle 46,17073.4323380828,5917.54441215321
Angle 46,17095.207063491,5900.34623487209
Angle 46,17116.9576212538,5883.06914575139
Angle 46,17138.6840120491,5865.71325314302
Angle 46,17160.386236486,5848.27866556901
Angle 46,17182.0642951064,5830.7654917212
Angle 46,17203.7181883871,5813.17384046094
Angle 46,17225.3479167411,5795.50382081875
Angle 46,17246.9534805198,5777.75554199399
Angle 46,17268.534880015,5759.92911335446
Angle 46,17290.0921154601,5742.02464443603
Angle 46,17311.6251870322,5724.04224494223
Angle 46,17333.134094854,5705.98202474382
Angle 46,17354.6188389952,5687.84409387835
Angle 46,17376.0794194745,5669.62856254969
Angle 46,17397.5158362612,5651.33554112757
Angle 46,17418.9280892769,5632.96514014703
Angle 46,17440.3161783973,5614.51747030797
Angle 46,17461.6801034537,5595.99264247456
Angle 46,17483.0198642348,5577.39076767474
Angle 46,17504.3354604884,5558.71195709961
Angle 46,17525.6268919228,5539.95632210287
Angle 46,17546.8941582088,5521.1239742002
Angle 46,17568.1372589809,5502.21502506866
Angle 46,17589.3561938394,5483.22958654606
Angle 46,17610.5509623513,5464.16777063029
Angle 46,17631.7215640526,5445.02968947869
Angle 46,17652.8679984495,5425.8154554073
Angle 46,17673.9902650198,5406.52518089027
Angle 46,17695.088363215,5387.15897855905
Angle 46,17716.1622924611,5367.71696120171
Angle 46,17737.2120521606,5348.19924176222
Angle 46,17758.2376416941,5328.60593333965
Angle 46,17779.2390604213,5308.93714918742
Angle 46,17800.2163076828,5289.19300271251
Angle 46,17821.1693828016,5269.37360747471
Angle 46,17842.0982850844,5249.47907718572
Angle 46,17863.0030138232,5229.50952570841
Angle 46,17883.8835682966,5209.46506705592
Angle 46,17904.739947771,5189.34581539087
Angle 46,17925.5721515027,5169.15188502444
Angle 46,17946.3801787384,5148.88339041552
Angle 46,17967.1640287173,5128.54044616981
Angle 46,17987.9237006721,5108.12316703894
Angle 46,18008.6591938304,5087.63166791953
Angle 46,18029.3705074161,5067.06606385228
Angle 46,18050.0576406508,5046.42647002103
Angle 46,18070.7205927547,5025.71300175181
Angle 46,18091.3593629485,5004.92577451186
Angle 46,18111.9739504544,4984.0649039087
Angle 46,18132.5643544973,4963.1305056891
Angle 46,18153.1305743062,4942.12269573813
Angle 46,18173.6726091154,4921.04159007812
Angle 46,18194.1904581656,4899.88730486765
Angle 46,18214.6841207056,4878.65995640055
Angle 46,18235.153595993,4857.35966110483
Angle 46,18255.5988832956,4835.98653554166
Angle 46,18276.0199818927,4814.5406964043
Angle 46,18296.4168910761,4793.02226051704
Angle 46,18316.7896101514,4771.43134483412
Angle 46,18337.1381384391,4749.76806643864
Angle 46,18357.4624752758,4728.03254254149
Angle 46,18377.7626200153,4706.22489048023
Angle 46,18398.0385720297,4684.34522771797
Angle 46,18418.2903307105,4662.39367184226
Angle 46,18438.5178954699,4640.37034056398
Angle 46,18458.7212657416,4618.27535171615
Angle 46,18478.900440982,4596.10882325286
Angle 46,18499.0554206713,4573.87087324804
Angle 46,18519.1862043147,4551.56161989435
Angle 46,18539.2927914429,4529.181181502
Angle 46,18559.375181614,4506.72967649756
Angle 46,18579.4333744135,4484.20722342279
Angle 46,18599.4673694564,4461.61394093345
Angle 46,18619.4771663871,4438.94994779807
Angle 46,18639.4627648813,4416.21536289681
Angle 46,18659.4241646466,4393.41030522017
Angle 46,18679.3613654231,4370.53489386785
Angle 46,18699.2743669853,4347.58924804747
Angle 46,18719.1631691419,4324.57348707333
Angle 46,18739.0277717378,4301.48773036525
Angle 46,18758.8681746542,4278.33209744722
Angle 46,18778.6843778099,4255.10670794625
Angle 46,18798.4763811623,4231.81168159105
Angle 46,18818.244184708,4208.44713821079
Angle 46,18837.9877884837,4185.01319773385
Angle 46,18857.7071925675,4161.50998018651
Angle 46,18877.4023970792,4137.93760569171
Angle 46,18897.0734021814,4114.29619446777
Angle 46,18916.7202080803,4090.58586682707
Angle 46,18936.3428150268,4066.80674317479
Angle 46,18955.9412233168,4042.9589440076
Angle 46,18975.5154332924,4019.04258991237
Angle 46,18995.0654453425,3995.05780156486
Angle 46,19014.5912599038,3971.00469972839
Angle 46,19034.0928774612,3946.88340525259
Angle 46,19053.5702985491,3922.69403907202
Angle 46,19073.0235237517,3898.43672220487
Angle 46,19092.4525537037,3874.11157575164
Angle 46,19111.8573890918,3849.71872089383
Angle 46,19131.2380306542,3825.25827889258
Angle 46,19150.5944791825,3800.73037108735
Angle 46,19169.9267355217,3776.13511889457
Angle 46,19189.234800571,3751.47264380634
Angle 46,19208.5186752848,3726.74306738902
Angle 46,19227.778360673,3701.94651128195
Angle 46,19247.0138578018,3677.08309719608
Angle 46,19266.2251677945,3652.15294691258
Angle 46,19285.4122918319,3627.15618228156
Angle 46,19304.5752311533,3602.09292522064
Angle 46,19323.7139870566,3576.96329771364
Angle 46,19342.8285608995,3551.76742180922
Angle 46,19361.9189540997,3526.50541961949
Angle 46,19380.9851681356,3501.17741331866
Angle 46,19400.0272045471,3475.78352514169
Angle 46,19419.0450649359,3450.32387738288
Angle 46,19438.0387509663,3424.79859239457
Angle 46,19457.0082643655,3399.2077925857
Angle 46,19475.9536069245,3373.55160042048
Angle 46,19494.8747804984,3347.830138417
Angle 46,19513.771787007,3322.04352914589
Angle 46,19532.6446284355,3296.19189522887
Angle 46,19551.4933068345,3270.27535933748
Angle 46,19570.3178243214,3244.29404419161
Angle 46,19589.11818308,3218.24807255816
Angle 46,19607.8943853615,3192.13756724968
Angle 46,19626.646433485,3165.96265112298
Angle 46,19645.3743298378,3139.72344707773
Angle 46,19664.0780768758,3113.4200780551
Angle 46,19682.7576771243,3087.0526670364
Angle 46,19701.4131331782,3060.62133704166
Angle 46,19720.0444477024,3034.12621112829
Angle 46,19738.6516234326,3007.56741238968
Angle 46,19757.2346631751,2980.94506395381
Angle 46,19775.7935698079,2954.25928898192
Angle 46,19794.3283462807,2927.51021066707
Angle 46,19812.8389956156,2900.69795223281
Angle 46,19831.3255209071,2873.8226369318
Angle 46,19849.7879253227,2846.88438804439
Angle 46,19868.2262121037,2819.88332887729
Angle 46,19886.6403845646,2792.8195827622
Angle 46,19905.0304460946,2765.69327305439
Angle 46,19923.3964001571,2738.50452313137
Angle 46,19941.7382502903,2711.2534563915
Angle 46,19960.056000108,2683.94019625263
Angle 46,19978.3496532991,2656.56486615073
Angle 46,19996.6192136288,2629.1275895385
Angle 46,20014.8646849382,2601.62848988403
Angle 46,20033.0860711451,2574.06769066944
Angle 46,20051.283376244,2546.44531538948
Angle 46,20069.4566043068,2518.76148755021
Angle 46,20087.6057594826,2491.01633066761
Angle 46,20105.7308459984,2463.20996826625
Angle 46,20123.831868159,2435.3425238779
Angle 46,20141.9088303477,2407.4141210402
Angle 46,20159.9617370263,2379.4248832953
Angle 46,20177.9905927353,2351.37493418853
Angle 46,20195.9954020945,2323.264397267
Angle 46,20213.9761698028,2295.09339607832
Angle 46,20231.9329006388,2266.86205416919
Angle 46,20249.865599461,2238.57049508413
Angle 46,20267.7742712075,2210.21884236407
Angle 46,20285.6589208972,2181.80721954507
Angle 46,20303.5195536291,2153.33575015696
Angle 46,20321.356174583,2124.804557722
Angle 46,20339.1687890196,2096.21376575358
Angle 46,20356.9574022805,2067.56349775487
Angle 46,20374.7220197888,2038.85387721751
Angle 46,20392.462647049,2010.08502762029
Angle 46,20410.179289647,1981.25707242782
Angle 46,20427.8719532507,1952.37013508922
Angle 46,20445.54064361,1923.42433903683
Angle 46,20463.1853665569,1894.41980768488
Angle 46,20480.8061280054,1865.35666442818
Angle 46,20498.4029339523,1836.23503264085
Angle 46,20515.9757904767,1807.05503567499
Angle 46,20533.5247037406,1777.81679685938
Angle 46,20551.0496799887,1748.52043949824
Angle 46,20568.5507255486,1719.16608686988
Angle 46,20586.0278468311,1689.75386222544
Angle 46,20603.4810503302,1660.28388878764
Angle 46,20620.910342623,1630.75628974944
Angle 46,20638.3157303702,1601.17118827281
Angle 46,20655.697220316,1571.52870748747
Angle 46,20673.0548192879,1541.82897048957
Angle 46,20690.3885341974,1512.07210034048
Angle 46,20707.6983720396,1482.25822006552
Angle 46,20724.9843398933,1452.38745265266
Angle 46,20742.2464449215,1422.45992105135
Angle 46,20759.4846943709,1392.4757481712
Angle 46,20776.6990955723,1362.43505688077
Angle 46,20793.8896559405,1332.33797000634
Angle 46,20811.0563829745,1302.18461033064
Angle 46,20828.1992842576,1271.97510059166
Angle 46,20845.3183674569,1241.7095634814
Angle 46,20862.4136403242,1211.38812164464
Angle 46,20879.4851106952,1181.01089767775
Angle 46,20896.5327864902,1150.57801412746
Angle 46,20913.5566757135,1120.08959348963
Angle 46,20930.5567864539,1089.54575820809
Angle 46,20947.5331268845,1058.94663067341
Angle 46,20964.4857052629,1028.29233322171
Angle 46,20981.4145299307,997.582988133444
Angle 46,20998.3196093141,966.818717632276
Angle 46,21015.2009519236,935.999643883834
Angle 46,21032.0585663539,905.125888994563
Angle 46,21048.8924612842,874.197575010544
Angle 46,21065.7026454778,843.214823916327
Angle 46,21082.4891277823,812.177757633768
Angle 46,21099.2519171295,781.086498020868
Angle 46,21115.9910225354,749.941166870618
Angle 46,21132.7064531003,718.741885909853
Angle 46,21149.3982180084,687.488776798103
Angle 46,21166.0663265281,656.181961126457
Angle 46,21182.7107880117,624.821560416424
Angle 46,21199.3316118955,593.407696118807
Angle 46,21215.9288076997,561.940489612576
Angle 46,21232.5023850283,530.420062203745
Angle 46,21249.0523535692,498.846535124262
Angle 46,21265.5787230939,467.220029530896
Angle 46,21282.0815034574,435.540666504131
Angle 46,21298.5607045984,403.808567047068
Angle 46,21315.016336539,372.02385208433
Angle 46,21331.4484093848,340.18664246097
Angle 46,21347.8569333244,308.297058941389
Angle 46,21364.2419186298,276.355222208252
Angle 46,21380.6033756561,244.361252861421
Angle 46,21396.9413148413,212.31527141688
Angle 46,21413.2557467063,180.217398305671
Angle 46,21429.5466818548,148.06775387284
Angle 46,21445.8141309733,115.866458376379
Angle 46,21462.0581048306,83.6136319861799
Angle 46,21478.2786142781,51.3093947829912
Angle 46,21494.4756702495,18.9538667573814
Angle 46,21503.9352118079,0
Angle 47,0,0
Angle 47,47.6062135258026,50.9534137878246
Angle 47,95.0796393080178,101.6667035052
Angle 47,142.421153000732,152.141078681401
Angle 47,189.631622079695,202.377737264629
Angle 47,236.71190594328,252.377865764486
Angle 47,283.662856011891,302.142639392251
Angle 47,330.485315825818,351.673222198993
Angle 47,377.180121141596,400.970767211557
Angle 47,423.74810002688,450.036416566483
Angle 47,470.190072953862,498.871301641862
Angle 47,516.506852891271,547.476543187202
Angle 47,562.69924539496,595.853251451313
Angle 47,608.768048697126,644.002526308265
Angle 47,654.714053794182,691.92545738144
Angle 47,700.538044533286,739.623124165726
Angle 47,746.240797697594,787.096596147875
Angle 47,791.823083090205,834.346932925066
Angle 47,837.285663616874,881.375184321699
Angle 47,882.629295367476,928.182390504458
Angle 47,927.854727696264,974.769582095664
Angle 47,972.962703300936,1021.13778028497
Angle 47,1017.95395830053,1067.28799693937
Angle 47,1062.82922231217,1113.22123471169
Angle 47,1107.5892185267,1158.93848714733
Angle 47,1152.23466378317,1204.44073878965
Angle 47,1196.76626864226,1249.72896528363
Angle 47,1241.18473745866,1294.80413347819
Angle 47,1285.49076845232,1339.66720152687
Angle 47,1329.68505377877,1384.31911898724
Angle 47,1373.76827959829,1428.76082691872
Angle 47,1417.74112614424,1472.99325797909
Angle 47,1461.60426779028,1517.01733651957
Angle 47,1505.35837311665,1560.83397867862
Angle 47,1549.0041049756,1604.44409247429
Angle 47,1592.54212055572,1647.84857789539
Angle 47,1635.97307144553,1691.04832699128
Angle 47,1679.297603696,1734.04422396042
Angle 47,1722.51635788234,1776.8371452377
Angle 47,1765.62996916479,1819.42795958055
Angle 47,1808.63906734864,1861.81752815375
Angle 47,1851.54427694339,1904.00670461324
Angle 47,1894.34621722101,1945.99633518859
Angle 47,1937.04550227353,1987.78725876442
Angle 47,1979.64274106966,2029.38030696068
Angle 47,2022.13853751077,2070.77630421183
Angle 47,2064.53349048599,2111.97606784492
Angle 47,2106.8281939266,2152.9804081566
Angle 47,2149.02323685969,2193.7901284891
Angle 47,2191.119203461,2234.40602530512
Angle 47,2233.11667310713,2274.82888826181
Angle 47,2275.01622042697,2315.05950028364
Angle 47,2316.81841535245,2355.09863763432
Angle 47,2358.52382316863,2394.94706998781
Angle 47,2400.13300456303,2434.60556049828
Angle 47,2441.6465156744,2474.07486586921
Angle 47,2483.06490814073,2513.35573642152
Angle 47,2524.38872914668,2552.44891616083
Angle 47,2565.61852147033,2591.35514284381
Angle 47,2606.75482352935,2630.07514804365
Angle 47,2647.79816942649,2668.60965721466
Angle 47,2688.74908899454,2706.95938975602
Angle 47,2729.60810784062,2745.12505907475
Angle 47,2770.37574738989,2783.10737264772
Angle 47,2811.05252492878,2820.90703208304
Angle 47,2851.63895364748,2858.52473318045
Angle 47,2892.13554268203,2895.9611659911
Angle 47,2932.54279715574,2933.21701487644
Angle 47,2972.86121822015,2970.29295856638
Angle 47,3013.09130309539,3007.18967021675
Angle 47,3053.23354511006,3043.90781746594
Angle 47,3093.28843374056,3080.44806249091
Angle 47,3133.25645464993,3116.81106206237
Angle 47,3173.13808972616,3152.99746759934
Angle 47,3212.93381712004,3189.00792522304
Angle 47,3252.64411128248,3224.84307580998
Angle 47,3292.2694430014,3260.50355504452
Angle 47,3331.81027943809,3295.98999347064
Angle 47,3371.26708416313,3331.30301654318
Angle 47,3410.64031719187,3366.44324467831
Angle 47,3449.93043501946,3401.41129330351
Angle 47,3489.13789065532,3436.20777290681
Angle 47,3528.26313365739,3470.83328908545
Angle 47,3567.30661016572,3505.28844259399
Angle 47,3606.26876293578,3539.57382939177
Angle 47,3645.1500313713,3573.69004068977
Angle 47,3683.95085155668,3607.63766299696
Angle 47,3722.67165628905,3641.41727816604
Angle 47,3761.31287510985,3675.0294634386
Angle 47,3799.8749343361,3708.4747914898
Angle 47,3838.35825709117,3741.75383047239
Angle 47,3876.76326333532,3774.86714406036
Angle 47,3915.09036989569,3807.81529149189
Angle 47,3953.33999049604,3840.5988276119
Angle 47,3991.51253578607,3873.21830291405
Angle 47,4029.6084133704,3905.67426358223
Angle 47,4067.62802783717,3937.96725153154
Angle 47,4105.57178078628,3970.09780444884
Angle 47,4143.44007085736,4002.06645583274
Angle 47,4181.23329375726,4033.8737350332
Angle 47,4218.95184228737,4065.52016729054
Angle 47,4256.59610637042,4097.00627377414
Angle 47,4294.16647307714,4128.33257162059
Angle 47,4331.66332665246,4159.49957397136
Angle 47,4369.08704854146,4190.50779001015
Angle 47,4406.43801741495,4221.3577249997
Angle 47,4443.71660919484,4252.04988031821
Angle 47,4480.92319707908,4282.58475349531
Angle 47,4518.05815156636,4312.9628382477
Angle 47,4555.12184048058,4343.18462451424
Angle 47,4592.11462899488,4373.25059849075
Angle 47,4629.03687965548,4403.16124266439
Angle 47,4665.88895240526,4432.91703584758
Angle 47,4702.67120460694,4462.51845321162
Angle 47,4739.38399106614,4491.96596631985
Angle 47,4776.02766405401,4521.26004316053
Angle 47,4812.60257332969,4550.40114817922
Angle 47,4849.10906616251,4579.38974231091
Angle 47,4885.54748735386,4608.22628301173
Angle 47,4921.91817925883,4636.91122429031
Angle 47,4958.22148180765,4665.44501673881
Angle 47,4994.45773252676,4693.82810756355
Angle 47,5030.62726655979,4722.0609406154
Angle 47,5066.73041668812,4750.1439564197
Angle 47,5102.76751335134,4778.07759220596
Angle 47,5138.73888466742,4805.86228193722
Angle 47,5174.64485645258,4833.49845633896
Angle 47,5210.48575224109,4860.98654292791
Angle 47,5246.26189330464,4888.32696604034
Angle 47,5281.97359867165,4915.52014686015
Angle 47,5317.62118514627,4942.56650344664
Angle 47,5353.20496732718,4969.466450762
Angle 47,5388.72525762619,4996.22040069838
Angle 47,5424.18236628656,5022.82876210487
Angle 47,5459.57660140124,5049.29194081402
Angle 47,5494.90826893075,5075.61033966813
Angle 47,5530.17767272096,5101.7843585453
Angle 47,5565.38511452061,5127.81439438517
Angle 47,5600.53089399868,5153.70084121433
Angle 47,5635.61530876147,5179.44409017158
Angle 47,5670.63865436964,5205.04452953284
Angle 47,5705.60122435486,5230.50254473579
Angle 47,5740.50331023646,5255.81851840431
Angle 47,5775.34520153775,5280.99283037264
Angle 47,5810.12718580222,5306.02585770922
Angle 47,5844.84954860956,5330.91797474044
Angle 47,5879.51257359147,5355.66955307396
Angle 47,5914.11654244732,5380.28096162192
Angle 47,5948.6617349596,5404.75256662385
Angle 47,5983.14842900923,5429.0847316694
Angle 47,6017.57690059068,5453.27781772074
Angle 47,6051.94742382691,5477.33218313483
Angle 47,6086.26027098418,5501.24818368541
Angle 47,6120.51571248667,5525.02617258482
Angle 47,6154.71401693089,5548.66650050548
Angle 47,6188.85545110005,5572.16951560133
Angle 47,6222.94027997812,5595.5355635289
Angle 47,6256.96876676387,5618.76498746823
Angle 47,6290.94117288467,5641.85812814363
Angle 47,6324.85775801014,5664.81532384412
Angle 47,6358.7187800657,5687.63691044378
Angle 47,6392.52449524592,5710.32322142184
Angle 47,6426.27515802775,5732.87458788259
Angle 47,6459.97102118358,5755.29133857505
Angle 47,6493.61233579419,5777.57379991254
Angle 47,6527.19935126152,5799.722295992
Angle 47,6560.73231532134,5821.7371486131
Angle 47,6594.21147405573,5843.6186772972
Angle 47,6627.63707190546,5865.36719930616
Angle 47,6661.00935168225,5886.98302966089
Angle 47,6694.32855458082,5908.46648115979
Angle 47,6727.59492019092,5929.81786439698
Angle 47,6760.80868650911,5951.03748778037
Angle 47,6793.97008995053,5972.12565754956
Angle 47,6827.07936536041,5993.08267779356
Angle 47,6860.1367460256,6013.90885046836
Angle 47,6893.14246368583,6034.60447541432
Angle 47,6926.09674854497,6055.16985037341
Angle 47,6958.99982928211,6075.60527100629
Angle 47,6991.85193306249,6095.91103090921
Angle 47,7024.65328554839,6116.08742163081
Angle 47,7057.40411090984,6136.13473268867
Angle 47,7090.10463183523,6156.05325158585
Angle 47,7122.75506954183,6175.84326382712
Angle 47,7155.35564378616,6195.50505293517
Angle 47,7187.90657287426,6215.03890046658
Angle 47,7220.4080736719,6234.44508602776
Angle 47,7252.86036161456,6253.7238872906
Angle 47,7285.26365071745,6272.87558000814
Angle 47,7317.61815358531,6291.90043802994
Angle 47,7349.92408142217,6310.79873331746
Angle 47,7382.18164404097,6329.57073595921
Angle 47,7414.39104987309,6348.2167141858
Angle 47,7446.55250597777,6366.73693438486
Angle 47,7478.66621805149,6385.13166111585
Angle 47,7510.73239043711,6403.40115712466
Angle 47,7542.75122613309,6421.54568335822
Angle 47,7574.72292680245,6439.56549897885
Angle 47,7606.64769278179,6457.46086137858
Angle 47,7638.52572309005,6475.23202619328
Angle 47,7670.35721543732,6492.87924731677
Angle 47,7702.14236623348,6510.40277691468
Angle 47,7733.88137059675,6527.80286543831
Angle 47,7765.57442236221,6545.0797616383
Angle 47,7797.22171409014,6562.23371257824
Angle 47,7828.82343707436,6579.26496364809
Angle 47,7860.37978135043,6596.17375857762
Angle 47,7891.89093570376,6612.9603394496
Angle 47,7923.35708767768,6629.62494671296
Angle 47,7954.77842358139,6646.16781919586
Angle 47,7986.15512849783,6662.58919411859
Angle 47,8017.48738629147,6678.88930710639
Angle 47,8048.77537961605,6695.06839220224
Angle 47,8080.01928992217,6711.12668187944
Angle 47,8111.21929746488,6727.06440705412
Angle 47,8142.37558131116,6742.88179709775
Angle 47,8173.48831934728,6758.5790798494
Angle 47,8204.55768828616,6774.15648162802
Angle 47,8235.58386367459,6789.61422724455
Angle 47,8266.56701990044,6804.95254001402
Angle 47,8297.50733019971,6820.17164176748
Angle 47,8328.4049666636,6835.27175286388
Angle 47,8359.26010024543,6850.25309220185
Angle 47,8390.07290076756,6865.11587723137
Angle 47,8420.84353692818,6879.86032396542
Angle 47,8451.57217630803,6894.48664699149
Angle 47,8482.25898537715,6908.99505948296
Angle 47,8512.90412950142,6923.38577321055
Angle 47,8543.50777294911,6937.6589985535
Angle 47,8574.0700788974,6951.8149445108
Angle 47,8604.59120943874,6965.85381871231
Angle 47,8635.07132558723,6979.77582742977
Angle 47,8665.51058728487,6993.58117558772
Angle 47,8695.90915340782,7007.27006677446
Angle 47,8726.26718177252,7020.84270325275
Angle 47,8756.58482914181,7034.29928597061
Angle 47,8786.86225123095,7047.64001457192
Angle 47,8817.09960271362,7060.86508740702
Angle 47,8847.2970372278,7073.9747015432
Angle 47,8877.45470738167,7086.96905277515
Angle 47,8907.57276475936,7099.8483356353
Angle 47,8937.65135992676,7112.61274340412
Angle 47,8967.69064243714,7125.26246812037
Angle 47,8997.69076083684,7137.79770059122
Angle 47,9027.6518626708,7150.21863040234
Angle 47,9057.57409448811,7162.52544592798
Angle 47,9087.45760184748,7174.71833434086
Angle 47,9117.30252932266,7186.7974816221
Angle 47,9147.10902050778,7198.76307257107
Angle 47,9176.8772180227,7210.61529081513
Angle 47,9206.60726351824,7222.35431881933
Angle 47,9236.29929768142,7233.98033789612
Angle 47,9265.95346024061,7245.49352821486
Angle 47,9295.56988997065,7256.8940688114
Angle 47,9325.14872469791,7268.18213759757
Angle 47,9354.69010130532,7279.35791137051
Angle 47,9384.19415573734,7290.42156582212
Angle 47,9413.6610230049,7301.37327554832
Angle 47,9443.09083719023,7312.21321405827
Angle 47,9472.48373145176,7322.94155378364
Angle 47,9501.83983802889,7333.55846608765
Angle 47,9531.15928824673,7344.06412127424
Angle 47,9560.44221252079,7354.45868859705
Angle 47,9589.68874036168,7364.74233626841
Angle 47,9618.89900037972,7374.91523146829
Angle 47,9648.0731202895,7384.97754035318
Angle 47,9677.21122691443,7394.92942806487
Angle 47,9706.31344619124,7404.7710587393
Angle 47,9735.37990317445,7414.50259551524
Angle 47,9764.41072204077,7424.124200543
Angle 47,9793.4060260935,7433.63603499307
Angle 47,9822.36593776685,7443.03825906469
Angle 47,9851.29057863027,7452.3310319944
Angle 47,9880.18006939273,7461.51451206456
Angle 47,9909.03452990689,7470.58885661178
Angle 47,9937.85407917338,7479.55422203535
Angle 47,9966.63883534491,7488.41076380558
Angle 47,9995.38891573041,7497.15863647216
Angle 47,10024.1044367991,7505.7979936724
Angle 47,10052.7855141847,7514.32898813949
Angle 47,10081.4322626892,7522.75177171071
Angle 47,10110.0447962871,7531.06649533556
Angle 47,10138.623228129,7539.27330908387
Angle 47,10167.1676705462,7547.37236215393
Angle 47,10195.678235054,7555.36380288044
Angle 47,10224.1550323556,7563.24777874259
Angle 47,10252.5981723464,7571.02443637195
Angle 47,10281.0077641173,7578.69392156043
Angle 47,10309.3839159589,7586.25637926817
Angle 47,10337.7267353649,7593.71195363133
Angle 47,10366.036329036,7601.06078796994
Angle 47,10394.3128028836,7608.30302479569
Angle 47,10422.5562620335,7615.4388058196
Angle 47,10450.7668108295,7622.46827195977
Angle 47,10478.9445528369,7629.39156334903
Angle 47,10507.0895908464,7636.20881934258
Angle 47,10535.2020268773,7642.92017852554
Angle 47,10563.2819621812,7649.52577872057
Angle 47,10591.3294972458,7656.02575699535
Angle 47,10619.3447317979,7662.4202496701
Angle 47,10647.3277648073,7668.70939232503
Angle 47,10675.2786944898,7674.89331980775
Angle 47,10703.1976183112,7680.97216624069
Angle 47,10731.0846329902,7686.94606502846
Angle 47,10758.9398345021,7692.81514886516
Angle 47,10786.763318082,7698.57954974169
Angle 47,10814.5551782281,7704.23939895302
Angle 47,10842.3155087053,7709.79482710542
Angle 47,10870.0444025482,7715.24596412367
Angle 47,10897.7419520646,7720.59293925824
Angle 47,10925.4082488387,7725.83588109241
Angle 47,10953.0433837341,7730.97491754942
Angle 47,10980.6474468974,7736.01017589952
Angle 47,11008.2205277614,7740.94178276707
Angle 47,11035.762715048,7745.7698641375
Angle 47,11063.2740967715,7750.49454536438
Angle 47,11090.7547602419,7755.11595117634
Angle 47,11118.2047920679,7759.63420568403
Angle 47,11145.6242781603,7764.04943238701
Angle 47,11173.0133037344,7768.36175418066
Angle 47,11200.3719533142,7772.57129336302
Angle 47,11227.7003107343,7776.67817164163
Angle 47,11254.9984591441,7780.6825101403
Angle 47,11282.2664810099,7784.58442940591
Angle 47,11309.5044581185,7788.38404941516
Angle 47,11336.7124715802,7792.08148958123
Angle 47,11363.8906018316,7795.67686876056
Angle 47,11391.0389286387,7799.17030525944
Angle 47,11418.1575311001,7802.56191684066
Angle 47,11445.2464876495,7805.85182073015
Angle 47,11472.3058760593,7809.04013362353
Angle 47,11499.3357734431,7812.12697169267
Angle 47,11526.3362562587,7815.11245059225
Angle 47,11553.3074003112,7817.9966854662
Angle 47,11580.2492807561,7820.77979095426
Angle 47,11607.1619721016,7823.46188119834
Angle 47,11634.0455482122,7826.04306984903
Angle 47,11660.9000823112,7828.52347007193
Angle 47,11687.7256469838,7830.90319455406
Angle 47,11714.5223141798,7833.18235551018
Angle 47,11741.2901552165,7835.36106468915
Angle 47,11768.029240782,7837.43943338017
Angle 47,11794.7396409373,7839.41757241909
Angle 47,11821.42142512,7841.29559219464
Angle 47,11848.0746621463,7843.07360265463
Angle 47,11874.6994202146,7844.75171331216
Angle 47,11901.295766908,7846.33003325178
Angle 47,11927.8637691969,7847.80867113562
Angle 47,11954.4034934425,7849.18773520951
Angle 47,11980.9150053988,7850.46733330908
Angle 47,12007.3983702161,7851.64757286577
Angle 47,12033.8536524434,7852.72856091293
Angle 47,12060.2809160315,7853.71040409178
Angle 47,12086.6802243354,7854.59320865742
Angle 47,12113.0516401177,7855.37708048478
Angle 47,12139.3952255508,7856.06212507455
Angle 47,12165.71104222,7856.64844755905
Angle 47,12191.9991511263,7857.13615270819
Angle 47,12218.259612689,7857.52534493524
Angle 47,12244.4924867489,7857.81612830269
Angle 47,12270.6978325705,7858.00860652806
Angle 47,12296.8757088451,7858.10288298965
Angle 47,12323.0261736937,7858.0990607323
Angle 47,12349.1492846696,7857.9972424731
Angle 47,12375.245098761,7857.79753060709
Angle 47,12401.3136723943,7857.50002721294
Angle 47,12427.3550614361,7857.10483405855
Angle 47,12453.3693211969,7856.61205260672
Angle 47,12479.356506433,7856.02178402065
Angle 47,12505.3166713498,7855.33412916961
Angle 47,12531.2498696044,7854.54918863438
Angle 47,12557.1561543083,7853.66706271278
Angle 47,12583.0355780303,7852.68785142516
Angle 47,12608.8881927991,7851.61165451985
Angle 47,12634.7140501064,7850.43857147856
Angle 47,12660.5132009092,7849.16870152178
Angle 47,12686.2856956328,7847.80214361416
Angle 47,12712.0315841736,7846.33899646983
Angle 47,12737.7509159019,7844.77935855772
Angle 47,12763.4437396644,7843.12332810682
Angle 47,12789.1101037873,7841.37100311148
Angle 47,12814.7500560789,7839.52248133657
Angle 47,12840.3636438323,7837.57786032272
Angle 47,12865.9509138282,7835.53723739148
Angle 47,12891.5119123378,7833.40070965044
Angle 47,12917.0466851255,7831.16837399835
Angle 47,12942.5552774517,7828.8403271302
Angle 47,12968.0377340753,7826.41666554226
Angle 47,12993.4940992568,7823.89748553711
Angle 47,13018.9244167611,7821.28288322862
Angle 47,13044.32872986,7818.57295454694
Angle 47,13069.7070813351,7815.76779524338
Angle 47,13095.0595134807,7812.86750089535
Angle 47,13120.3860681063,7809.87216691122
Angle 47,13145.6867865398,7806.78188853514
Angle 47,13170.9617096299,7803.59676085188
Angle 47,13196.2108777489,7800.31687879161
Angle 47,13221.4343307958,7796.94233713461
Angle 47,13246.6321081988,7793.473230516
Angle 47,13271.8042489183,7789.90965343047
Angle 47,13296.9507914493,7786.25170023688
Angle 47,13322.0717738247,7782.49946516288
Angle 47,13347.1672336179,7778.65304230957
Angle 47,13372.2372079453,7774.71252565596
Angle 47,13397.2817334695,7770.6780090636
Angle 47,13422.3008464021,7766.549586281
Angle 47,13447.294582506,7762.32735094812
Angle 47,13472.2629770987,7758.01139660081
Angle 47,13497.2060650552,7753.60181667519
Angle 47,13522.1238808103,7749.09870451204
Angle 47,13547.0164583616,7744.50215336111
Angle 47,13571.8838312725,7739.81225638544
Angle 47,13596.726032675,7735.02910666562
Angle 47,13621.5430952722,7730.15279720401
Angle 47,13646.3350513414,7725.18342092899
Angle 47,13671.1019327367,7720.12107069906
Angle 47,13695.8437708922,7714.96583930703
Angle 47,13720.5605968243,7709.71781948409
Angle 47,13745.2524411349,7704.37710390392
Angle 47,13769.919334014,7698.94378518665
Angle 47,13794.5613052428,7693.41795590294
Angle 47,13819.178384196,7687.79970857789
Angle 47,13843.7705998453,7682.08913569501
Angle 47,13868.3379807617,7676.28632970009
Angle 47,13892.8805551186,7670.39138300507
Angle 47,13917.3983506943,7664.40438799188
Angle 47,13941.8913948753,7658.32543701623
Angle 47,13966.3597146588,7652.15462241135
Angle 47,13990.8033366555,7645.89203649176
Angle 47,14015.2222870926,7639.53777155691
Angle 47,14039.6165918166,7633.09191989486
Angle 47,14063.9862762959,7626.5545737859
Angle 47,14088.3313656241,7619.92582550614
Angle 47,14112.6518845223,7613.20576733106
Angle 47,14136.9478573422,7606.39449153898
Angle 47,14161.2193080688,7599.49209041463
Angle 47,14185.4662603235,7592.4986562525
Angle 47,14209.6887373665,7585.4142813603
Angle 47,14233.8867621001,7578.23905806235
Angle 47,14258.060357071,7570.97307870284
Angle 47,14282.2095444737,7563.61643564924
Angle 47,14306.3343461528,7556.16922129547
Angle 47,14330.434783606,7548.63152806518
Angle 47,14354.5108779871,7541.00344841494
Angle 47,14378.5626501086,7533.28507483739
Angle 47,14402.5901204446,7525.47649986437
Angle 47,14426.5933091336,7517.57781607
Angle 47,14450.5722359814,7509.58911607375
Angle 47,14474.5269204635,7501.51049254343
Angle 47,14498.4573817287,7493.34203819817
Angle 47,14522.3636386011,7485.08384581141
Angle 47,14546.2457095833,7476.73600821374
Angle 47,14570.1036128591,7468.29861829583
Angle 47,14593.9373662965,7459.77176901122
Angle 47,14617.7469874502,7451.15555337916
Angle 47,14641.5324935646,7442.45006448735
Angle 47,14665.2939015763,7433.65539549466
Angle 47,14689.0312281174,7424.77163963385
Angle 47,14712.7444895177,7415.79889021423
Angle 47,14736.4337018079,7406.73724062421
Angle 47,14760.0988807223,7397.58678433399
Angle 47,14783.7400417014,7388.34761489803
Angle 47,14807.3571998947,7379.01982595758
Angle 47,14830.9503701636,7369.60351124319
Angle 47,14854.5195670842,7360.0987645771
Angle 47,14878.0648049498,7350.50567987569
Angle 47,14901.5860977739,7340.82435115183
Angle 47,14925.0834592926,7331.0548725172
Angle 47,14948.556902968,7321.19733818461
Angle 47,14972.00644199,7311.25184247028
Angle 47,14995.4320892801,7301.21847979601
Angle 47,15018.8338574932,7291.09734469143
Angle 47,15042.2117590207,7280.88853179612
Angle 47,15065.5658059933,7270.59213586177
Angle 47,15088.8960102837,7260.20825175421
Angle 47,15112.202383509,7249.73697445551
Angle 47,15135.4849370337,7239.17839906599
Angle 47,15158.7436819725,7228.53262080618
Angle 47,15181.9786291925,7217.79973501878
Angle 47,15205.1897893162,7206.97983717056
Angle 47,15228.3771727243,7196.07302285428
Angle 47,15251.540789558,7185.07938779047
Angle 47,15274.680649722,7173.99902782928
Angle 47,15297.7967628871,7162.83203895225
Angle 47,15320.8891384923,7151.57851727403
Angle 47,15343.9577857485,7140.23855904411
Angle 47,15367.00271364,7128.81226064847
Angle 47,15390.0239309279,7117.29971861126
Angle 47,15413.0214461524,7105.70102959633
Angle 47,15435.9952676354,7094.01629040886
Angle 47,15458.9454034832,7082.2455979969
Angle 47,15481.871861589,7070.38904945284
Angle 47,15504.7746496355,7058.44674201488
Angle 47,15527.6537750977,7046.41877306851
Angle 47,15550.509245245,7034.30524014787
Angle 47,15573.3410671441,7022.10624093714
Angle 47,15596.1492476615,7009.82187327188
Angle 47,15618.933793466,6997.45223514035
Angle 47,15641.6947110312,6984.99742468475
Angle 47,15664.4320066381,6972.45754020247
Angle 47,15687.1456863775,6959.83268014735
Angle 47,15709.8357561527,6947.12294313078
Angle 47,15732.5022216816,6934.3284279229
Angle 47,15755.1450884997,6921.4492334537
Angle 47,15777.7643619623,6908.48545881412
Angle 47,15800.3600472468,6895.43720325705
Angle 47,15822.9321493555,6882.30456619841
Angle 47,15845.4806731179,6869.08764721812
Angle 47,15868.005623193,6855.78654606105
Angle 47,15890.5070040718,6842.40136263794
Angle 47,15912.98482008,6828.93219702635
Angle 47,15935.43907538,6815.37914947146
Angle 47,15957.8697739734,6801.74232038696
Angle 47,15980.2769197037,6788.02181035584
Angle 47,16002.660516258,6774.21772013114
Angle 47,16025.0205671701,6760.33015063677
Angle 47,16047.3570758224,6746.35920296817
Angle 47,16069.6700454485,6732.30497839302
Angle 47,16091.9594791352,6718.16757835189
Angle 47,16114.2253798251,6703.94710445893
Angle 47,16136.4677503189,6689.64365850238
Angle 47,16158.6865932775,6675.25734244523
Angle 47,16180.8819112245,6660.78825842573
Angle 47,16203.0537065483,6646.23650875793
Angle 47,16225.2019815045,6631.60219593215
Angle 47,16247.326738218,6616.88542261546
Angle 47,16269.4279786854,6602.08629165212
Angle 47,16291.5057047773,6587.204906064
Angle 47,16313.5599182401,6572.24136905094
Angle 47,16335.5906206987,6557.19578399112
Angle 47,16357.5978136584,6542.06825444142
Angle 47,16379.581498507,6526.85888413767
Angle 47,16401.5416765174,6511.56777699498
Angle 47,16423.4783488494,6496.19503710795
Angle 47,16445.3915165517,6480.74076875096
Angle 47,16467.2811805646,6465.20507637829
Angle 47,16489.1473417215,6449.58806462437
Angle 47,16510.9900007515,6433.8898383039
Angle 47,16532.8091582811,6418.11050241196
Angle 47,16554.6048148366,6402.25016212417
Angle 47,16576.376970846,6386.30892279671
Angle 47,16598.1256266411,6370.2868899664
Angle 47,16619.8507824596,6354.18416935074
Angle 47,16641.552438447,6338.00086684789
Angle 47,16663.2305946586,6321.7370885367
Angle 47,16684.8852510619,6305.39294067661
Angle 47,16706.5164075382,6288.96852970763
Angle 47,16728.1240638845,6272.46396225024
Angle 47,16749.708219816,6255.87934510531
Angle 47,16771.2688749675,6239.2147852539
Angle 47,16792.8060288955,6222.4703898572
Angle 47,16814.3196810805,6205.64626625627
Angle 47,16835.8098309285,6188.74252197191
Angle 47,16857.2764777728,6171.75926470439
Angle 47,16878.7196208765,6154.69660233325
Angle 47,16900.1392594339,6137.55464291703
Angle 47,16921.5353925724,6120.33349469298
Angle 47,16942.9080193544,6103.03326607676
Angle 47,16964.2571387794,6085.65406566212
Angle 47,16985.5827497855,6068.19600222056
Angle 47,17006.8848512514,6050.65918470099
Angle 47,17028.1634419979,6033.04372222928
Angle 47,17049.4185207903,6015.34972410795
Angle 47,17070.6500863396,5997.57729981568
Angle 47,17091.8581373046,5979.72655900689
Angle 47,17113.0426722935,5961.79761151129
Angle 47,17134.2036898656,5943.79056733342
Angle 47,17155.3411885332,5925.70553665209
Angle 47,17176.4551667632,5907.54262981994
Angle 47,17197.5456229789,5889.30195736286
Angle 47,17218.6125555615,5870.98362997946
Angle 47,17239.655962852,5852.5877585405
Angle 47,17260.6758431528,5834.11445408829
Angle 47,17281.6721947292,5815.56382783611
Angle 47,17302.6450158111,5796.93599116759
Angle 47,17323.5943045949,5778.23105563604
Angle 47,17344.5200592447,5759.44913296385
Angle 47,17365.4222778942,5740.59033504177
Angle 47,17386.3009586482,5721.65477392825
Angle 47,17407.1560995839,5702.64256184876
Angle 47,17427.9876987531,5683.55381119502
Angle 47,17448.7957541831,5664.38863452433
Angle 47,17469.5802638785,5645.14714455875
Angle 47,17490.3412258229,5625.82945418441
Angle 47,17511.0786379801,5606.43567645068
Angle 47,17531.7924982957,5586.96592456942
Angle 47,17552.4828046987,5567.42031191412
Angle 47,17573.1495551029,5547.79895201913
Angle 47,17593.7927474082,5528.1019585788
Angle 47,17614.4123795024,5508.32944544664
Angle 47,17635.0084492622,5488.48152663442
Angle 47,17655.5809545551,5468.55831631136
Angle 47,17676.1298932404,5448.5599288032
Angle 47,17696.6552631707,5428.48647859129
Angle 47,17717.1570621936,5408.33808031168
Angle 47,17737.6352881524,5388.11484875422
Angle 47,17758.0899388884,5367.81689886158
Angle 47,17778.5210122411,5347.44434572833
Angle 47,17798.9285060508,5326.99730459992
Angle 47,17819.3124181587,5306.47589087178
Angle 47,17839.6727464091,5285.88022008827
Angle 47,17860.0094886504,5265.21040794171
Angle 47,17880.3226427362,5244.46657027134
Angle 47,17900.6122065268,5223.64882306234
Angle 47,17920.8781778905,5202.75728244473
Angle 47,17941.1205547046,5181.7920646924
Angle 47,17961.3393348568,5160.753286222
Angle 47,17981.5345162465,5139.6410635919
Angle 47,18001.706096786,5118.45551350109
Angle 47,18021.8540744012,5097.19675278811
Angle 47,18041.9784470338,5075.86489842995
Angle 47,18062.0792126414,5054.46006754096
Angle 47,18082.1563691994,5032.98237737169
Angle 47,18102.2099147018,5011.43194530781
Angle 47,18122.2398471625,4989.80888886895
Angle 47,18142.2461646163,4968.11332570755
Angle 47,18162.2288651203,4946.34537360774
Angle 47,18182.1879467545,4924.50515048414
Angle 47,18202.1234076233,4902.59277438071
Angle 47,18222.0352458566,4880.60836346958
Angle 47,18241.9234596105,4858.55203604985
Angle 47,18261.7880470689,4836.42391054637
Angle 47,18281.6290064439,4814.22410550859
Angle 47,18301.4463359775,4791.95273960933
Angle 47,18321.2400339421,4769.60993164353
Angle 47,18341.0100986419,4747.19580052707
Angle 47,18360.7565284135,4724.71046529551
Angle 47,18380.4793216274,4702.15404510286
Angle 47,18400.1784766883,4679.52665922032
Angle 47,18419.853992037,4656.82842703505
Angle 47,18439.5058661504,4634.0594680489
Angle 47,18459.134097543,4611.21990187713
Angle 47,18478.7386847677,4588.30984824716
Angle 47,18498.3196264168,4565.32942699728
Angle 47,18517.8769211228,4542.27875807534
Angle 47,18537.4105675593,4519.15796153751
Angle 47,18556.920564442,4495.96715754696
Angle 47,18576.4069105295,4472.70646637254
Angle 47,18595.8696046243,4449.37600838749
Angle 47,18615.3086455734,4425.97590406814
Angle 47,18634.7240322694,4402.50627399256
Angle 47,18654.1157636512,4378.96723883926
Angle 47,18673.4838387048,4355.35891938587
Angle 47,18692.8282564644,4331.68143650778
Angle 47,18712.1490160129,4307.93491117683
Angle 47,18731.4461164828,4284.11946445995
Angle 47,18750.7195570568,4260.23521751783
Angle 47,18769.9693369691,4236.28229160356
Angle 47,18789.1954555057,4212.26080806128
Angle 47,18808.3979120051,4188.17088832481
Angle 47,18827.5767058595,4164.01265391633
Angle 47,18846.7318365152,4139.78622644495
Angle 47,18865.8633034733,4115.4917276054
Angle 47,18884.9711062906,4091.12927917664
Angle 47,18904.0552445802,4066.69900302047
Angle 47,18923.1157180123,4042.20102108017
Angle 47,18942.1525263147,4017.63545537912
Angle 47,18961.1656692736,3993.0024280194
Angle 47,18980.1551467343,3968.30206118041
Angle 47,18999.1209586019,3943.5344771175
Angle 47,19018.0631048417,3918.69979816055
Angle 47,19036.9815854801,3893.79814671261
Angle 47,19055.8764006051,3868.82964524845
Angle 47,19074.7475503671,3843.79441631323
Angle 47,19093.5950349791,3818.69258252105
Angle 47,19112.4188547178,3793.52426655357
Angle 47,19131.219009924,3768.28959115861
Angle 47,19149.9955010029,3742.9886791487
Angle 47,19168.7483284252,3717.62165339976
Angle 47,19187.4774927272,3692.1886368496
Angle 47,19206.1829945117,3666.68975249658
Angle 47,19224.8648344484,3641.12512339815
Angle 47,19243.5230132743,3615.49487266947
Angle 47,19262.1575317944,3589.799123482
Angle 47,19280.7683908824,3564.03799906204
Angle 47,19299.3555914808,3538.21162268938
Angle 47,19317.9191346018,3512.32011769584
Angle 47,19336.4590213273,3486.36360746388
Angle 47,19354.9752528101,3460.34221542515
Angle 47,19373.4678302737,3434.25606505911
Angle 47,19391.9367550131,3408.10527989162
Angle 47,19410.3820283954,3381.88998349347
Angle 47,19428.8036518598,3355.610299479
Angle 47,19447.2016269185,3329.26635150471
Angle 47,19465.5759551569,3302.85826326779
Angle 47,19483.9266382341,3276.38615850472
Angle 47,19502.2536778834,3249.85016098987
Angle 47,19520.5570759123,3223.25039453407
Angle 47,19538.8368342037,3196.58698298323
Angle 47,19557.0929547154,3169.86005021684
Angle 47,19575.3254394813,3143.06972014666
Angle 47,19593.534290611,3116.21611671523
Angle 47,19611.7195102909,3089.2993638945
Angle 47,19629.8811007841,3062.3195856844
Angle 47,19648.0190644309,3035.27690611144
Angle 47,19666.1334036493,3008.17144922729
Angle 47,19684.224120935,2981.00333910738
Angle 47,19702.2912188621,2953.77269984949
Angle 47,19720.3347000831,2926.47965557234
Angle 47,19738.3545673295,2899.12433041422
Angle 47,19756.3508234121,2871.70684853152
Angle 47,19774.323471221,2844.2273340974
Angle 47,19792.2725137263,2816.68591130036
Angle 47,19810.1979539781,2789.08270434281
Angle 47,19828.0997951069,2761.41783743976
Angle 47,19845.9780403239,2733.69143481733
Angle 47,19863.8326929214,2705.90362071144
Angle 47,19881.6637562725,2678.05451936635
Angle 47,19899.4712338322,2650.14425503333
Angle 47,19917.2551291371,2622.17295196926
Angle 47,19935.0154458055,2594.14073443522
Angle 47,19952.7521875384,2566.04772669513
Angle 47,19970.4653581188,2537.89405301439
Angle 47,19988.1549614126,2509.67983765848
Angle 47,20005.8210013684,2481.40520489158
Angle 47,20023.4634820181,2453.07027897523
Angle 47,20041.0824074769,2424.67518416695
Angle 47,20058.6777819432,2396.22004471885
Angle 47,20076.2496096995,2367.70498487631
Angle 47,20093.7978951118,2339.1301288766
Angle 47,20111.3226426304,2310.49560094752
Angle 47,20128.8238567899,2281.80152530604
Angle 47,20146.3015422089,2253.04802615699
Angle 47,20163.7557035911,2224.23522769166
Angle 47,20181.1863457244,2195.36325408651
Angle 47,20198.593473482,2166.43222950177
Angle 47,20215.9770918219,2137.44227808015
Angle 47,20233.3372057872,2108.3935239455
Angle 47,20250.6738205064,2079.28609120146
Angle 47,20267.9869411934,2050.12010393015
Angle 47,20285.2765731476,2020.89568619084
Angle 47,20302.5427217539,1991.61296201862
Angle 47,20319.7853924832,1962.27205542311
Angle 47,20337.0045908922,1932.87309038714
Angle 47,20354.2003226234,1903.41619086542
Angle 47,20371.3725934055,1873.90148078325
Angle 47,20388.5214090532,1844.32908403523
Angle 47,20405.6467754676,1814.69912448396
Angle 47,20422.7486986359,1785.01172595871
Angle 47,20439.8271846318,1755.26701225418
Angle 47,20456.8822396153,1725.46510712921
Angle 47,20473.913869833,1695.60613430546
Angle 47,20490.922081618,1665.69021746616
Angle 47,20507.90688139,1635.71748025485
Angle 47,20524.8682756554,1605.68804627409
Angle 47,20541.8062710071,1575.6020390842
Angle 47,20558.7208741248,1545.45958220202
Angle 47,20575.6120917751,1515.2607990996
Angle 47,20592.4799308111,1485.00581320302
Angle 47,20609.3243981728,1454.69474789111
Angle 47,20626.1455008872,1424.32772649418
Angle 47,20642.9432460677,1393.90487229284
Angle 47,20659.717640915,1363.42630851673
Angle 47,20676.4686927162,1332.89215834328
Angle 47,20693.1964088454,1302.30254489653
Angle 47,20709.9007967635,1271.65759124586
Angle 47,20726.5818640183,1240.95742040483
Angle 47,20743.2396182441,1210.20215532991
Angle 47,20759.8740671623,1179.39191891933
Angle 47,20776.4852185808,1148.52683401184
Angle 47,20793.0730803942,1117.60702338554
Angle 47,20809.6376605839,1086.63260975667
Angle 47,20826.1789672178,1055.60371577844
Angle 47,20842.6970084505,1024.52046403985
Angle 47,20859.1917925231,993.382977064487
Angle 47,20875.663327763,962.191377309391
Angle 47,20892.1116225844,930.945787163866
Angle 47,20908.5366854876,899.646328948326
Angle 47,20924.9385250591,868.293124913139
Angle 47,20941.317149972,836.886297237476
Angle 47,20957.6725689854,805.425968028165
Angle 47,20974.0047909442,773.912259318553
Angle 47,20990.3138247799,742.345293067366
Angle 47,21006.5996795093,710.725191157586
Angle 47,21022.8623642356,679.052075395319
Angle 47,21039.1018881473,647.326067508681
Angle 47,21055.3182605188,615.547289146681
Angle 47,21071.51149071,583.715861878113
Angle 47,21087.6815881662,551.831907190451
Angle 47,21103.8285624182,519.895546488753
Angle 47,21119.9524230819,487.906901094568
Angle 47,21136.0531798584,455.866092244844
Angle 47,21152.1308425337,423.773241090854
Angle 47,21168.1854209788,391.628468697112
Angle 47,21184.2169251494,359.431896040305
Angle 47,21200.2253650859,327.183644008226
Angle 47,21216.2107509133,294.883833398718
Angle 47,21232.1730928407,262.532584918612
Angle 47,21248.1124011617,230.130019182682
Angle 47,21264.0286862539,197.676256712604
Angle 47,21279.9219585788,165.171417935911
Angle 47,21295.7922286819,132.615623184965
Angle 47,21311.6395071923,100.008992695931
Angle 47,21327.4638048224,67.3516466077521
Angle 47,21343.2651323682,34.6437049611344
Angle 47,21359.0435007089,1.88528769753906
Angle 47,21359.9488530561,0
Angle 48,0,0
Angle 48,46.7079928462737,51.776481397624
Angle 48,93.2857055119843,103.310545342595
Angle 48,139.733999265146,154.603418861646
Angle 48,186.053727324606,205.656317222233
Angle 48,232.245734959568,256.470444077382
Angle 48,278.31085958758,307.046991608292
Angle 48,324.249930870993,357.387140664737
Angle 48,370.063770811941,407.492060903313
Angle 48,415.753193845859,457.362910923564
Angle 48,461.31900693356,507.000838402023
Angle 48,506.762009651913,556.406980224213
Angle 48,552.08299428313,605.582462614648
Angle 48,597.282745902705,654.528401264856
Angle 48,642.36204246601,703.245901459473
Angle 48,687.321654893589,751.736058200443
Angle 48,732.162347155166,799.999956329345
Angle 48,776.884876352392,848.038670647899
Angle 48,821.489992800346,895.853266036668
Angle 48,865.978440107825,943.444797571997
Angle 48,910.350955256441,990.814310641219
Angle 48,954.608268678529,1037.96284105616
Angle 48,998.751104333921,1084.89141516495
Angle 48,1042.78017978557,1131.60104996223
Angle 48,1086.69620627407,1178.09275319773
Angle 48,1130.49988879108,1224.36752348322
Angle 48,1174.19192615165,1270.42635039796
Angle 48,1217.77301106557,1316.2702145926
Angle 48,1261.24383020754,1361.90008789155
Angle 48,1304.60506428648,1407.31693339391
Angle 48,1347.85738811371,1452.52170557294
Angle 48,1391.00147067024,1497.51535037407
Angle 48,1434.03797517298,1542.29880531152
Angle 48,1476.96755914014,1586.8729995636
Angle 48,1519.79087445559,1631.23885406657
Angle 48,1562.5085674323,1675.39728160719
Angle 48,1605.12127887496,1719.34918691401
Angle 48,1647.62964414162,1763.09546674732
Angle 48,1690.03429320451,1806.63700998784
Angle 48,1732.33585070998,1849.97469772421
Angle 48,1774.5349360376,1893.10940333919
Angle 48,1816.63216335845,1936.0419925947
Angle 48,1858.62814169252,1978.77332371569
Angle 48,1900.52347496542,2021.30424747281
Angle 48,1942.31876206421,2063.63560726395
Angle 48,1984.01459689248,2105.76823919466
Angle 48,2025.61156842469,2147.70297215748
Angle 48,2067.1102607597,2189.44062791015
Angle 48,2108.51125317365,2230.98202115278
Angle 48,2149.81512017202,2272.32795960393
Angle 48,2191.02243154103,2313.47924407572
Angle 48,2232.13375239834,2354.43666854785
Angle 48,2273.14964324299,2395.20102024065
Angle 48,2314.07066000477,2435.77307968718
Angle 48,2354.89735409283,2476.1536208043
Angle 48,2395.63027244365,2516.34341096281
Angle 48,2436.26995756839,2556.34321105669
Angle 48,2476.81694759958,2596.15377557134
Angle 48,2517.27177633716,2635.775852651
Angle 48,2557.63497329398,2675.2101841652
Angle 48,2597.90706374058,2714.45750577438
Angle 48,2638.08856874944,2753.51854699464
Angle 48,2678.18000523868,2792.39403126159
Angle 48,2718.18188601507,2831.08467599344
Angle 48,2758.09471981654,2869.59119265322
Angle 48,2797.91901135414,2907.91428681015
Angle 48,2837.65526135342,2946.05465820033
Angle 48,2877.30396659522,2984.0130007865
Angle 48,2916.86561995605,3021.79000281714
Angle 48,2956.34071044778,3059.38634688474
Angle 48,2995.72972325696,3096.80270998334
Angle 48,3035.03313978354,3134.03976356537
Angle 48,3074.25143767909,3171.09817359768
Angle 48,3113.38509088455,3207.97860061695
Angle 48,3152.4345696675,3244.68169978431
Angle 48,3191.40034065892,3281.20812093932
Angle 48,3230.28286688946,3317.55850865325
Angle 48,3269.08260782532,3353.7335022817
Angle 48,3307.80001940358,3389.73373601654
Angle 48,3346.43555406714,3425.55983893719
Angle 48,3384.98966079917,3461.21243506128
Angle 48,3423.46278515715,3496.69214339469
Angle 48,3461.85536930649,3531.99957798092
Angle 48,3500.16785205367,3567.13534794989
Angle 48,3538.40066887901,3602.10005756611
Angle 48,3576.55425196899,3636.89430627627
Angle 48,3614.62903024821,3671.51868875622
Angle 48,3652.62542941089,3705.97379495744
Angle 48,3690.543871952,3740.26021015282
Angle 48,3728.38477719805,3774.37851498201
Angle 48,3766.14856133738,3808.32928549614
Angle 48,3803.83563745019,3842.113093202
Angle 48,3841.44641553812,3875.73050510572
Angle 48,3878.98130255348,3909.1820837559
Angle 48,3916.44070242817,3942.4683872862
Angle 48,3953.82501610215,3975.58996945748
Angle 48,3991.13464155162,4008.54737969936
Angle 48,4028.36997381686,4041.34116315132
Angle 48,4065.53140502965,4073.97186070333
Angle 48,4102.61932444049,4106.44000903596
Angle 48,4139.63411844534,4138.74614066001
Angle 48,4176.57617061213,4170.89078395572
Angle 48,4213.4458617069,4202.87446321148
Angle 48,4250.24356971966,4234.69769866209
Angle 48,4286.96966988987,4266.36100652653
Angle 48,4323.6245347317,4297.86489904541
Angle 48,4360.20853405893,4329.20988451784
Angle 48,4396.72203500952,4360.39646733796
Angle 48,4433.16540206996,4391.42514803102
Angle 48,4469.53899709928,4422.29642328902
Angle 48,4505.84317935276,4453.010786006
Angle 48,4542.07830550539,4483.56872531284
Angle 48,4578.24472967503,4513.97072661175
Angle 48,4614.34280344529,4544.21727161028
Angle 48,4650.37287588817,4574.30883835502
Angle 48,4686.33529358636,4604.24590126485
Angle 48,4722.23040065536,4634.02893116384
Angle 48,4758.05853876526,4663.65839531379
Angle 48,4793.82004716235,4693.1347574464
Angle 48,4829.51526269035,4722.45847779506
Angle 48,4865.14451981154,4751.63001312627
Angle 48,4900.7081506275,4780.64981677076
Angle 48,4936.20648489971,4809.51833865423
Angle 48,4971.63985006984,4838.23602532772
Angle 48,5007.00857127985,4866.80331999772
Angle 48,5042.31297139184,4895.22066255584
Angle 48,5077.55337100762,4923.48848960829
Angle 48,5112.73008848815,4951.60723450487
Angle 48,5147.84343997264,4979.57732736781
Angle 48,5182.89373939756,5007.39919512015
Angle 48,5217.88129851526,5035.07326151391
Angle 48,5252.80642691256,5062.59994715792
Angle 48,5287.66943202898,5089.9796695453
Angle 48,5322.47061917481,5117.21284308077
Angle 48,5357.21029154903,5144.29987910749
Angle 48,5391.88875025689,5171.24118593377
Angle 48,5426.50629432743,5198.03716885941
Angle 48,5461.06322073071,5224.68823020178
Angle 48,5495.55982439486,5251.19476932159
Angle 48,5529.99639822296,5277.55718264846
Angle 48,5564.37323310969,5303.77586370615
Angle 48,5598.69061795783,5329.85120313755
Angle 48,5632.94883969454,5355.78358872939
Angle 48,5667.14818328747,5381.57340543674
Angle 48,5701.28893176066,5407.22103540718
Angle 48,5735.37136621033,5432.72685800478
Angle 48,5769.3957658204,5458.09124983379
Angle 48,5803.36240787789,5483.31458476213
Angle 48,5837.27156778816,5508.39723394457
Angle 48,5871.1235190899,5533.33956584572
Angle 48,5904.91853347004,5558.14194626281
Angle 48,5938.65688077846,5582.80473834813
Angle 48,5972.33882904251,5607.32830263138
Angle 48,6005.96464448138,5631.71299704167
Angle 48,6039.53459152035,5655.95917692937
Angle 48,6073.04893280481,5680.06719508774
Angle 48,6106.50792921416,5704.03740177429
Angle 48,6139.9118398756,5727.87014473196
Angle 48,6173.26092217767,5751.56576921008
Angle 48,6206.55543178371,5775.12461798517
Angle 48,6239.79562264513,5798.54703138141
Angle 48,6272.98174701459,5821.83334729107
Angle 48,6306.11405545897,5844.98390119457
Angle 48,6339.19279687221,5867.99902618051
Angle 48,6372.21821848806,5890.87905296534
Angle 48,6405.19056589261,5913.62430991298
Angle 48,6438.11008303674,5936.23512305413
Angle 48,6470.97701224839,5958.71181610552
Angle 48,6503.79159424477,5981.05471048881
Angle 48,6536.55406814432,6003.2641253495
Angle 48,6569.26467147865,6025.34037757547
Angle 48,6601.92364020427,6047.28378181549
Angle 48,6634.53120871424,6069.09465049747
Angle 48,6667.08760984968,6090.77329384656
Angle 48,6699.59307491111,6112.3200199031
Angle 48,6732.04783366976,6133.73513454034
Angle 48,6764.45211437866,6155.01894148209
Angle 48,6796.80614378366,6176.1717423201
Angle 48,6829.11014713433,6197.19383653135
Angle 48,6861.36434819473,6218.08552149516
Angle 48,6893.56896925405,6238.84709251012
Angle 48,6925.72423113716,6259.47884281089
Angle 48,6957.83035321503,6279.98106358485
Angle 48,6989.88755341505,6300.35404398859
Angle 48,7021.89604823121,6320.5980711642
Angle 48,7053.85605273422,6340.71343025551
Angle 48,7085.76778058146,6360.70040442411
Angle 48,7117.63144402687,6380.55927486526
Angle 48,7149.4472539307,6400.29032082361
Angle 48,7181.21541976921,6419.89381960886
Angle 48,7212.93614964416,6439.37004661119
Angle 48,7244.60965029234,6458.71927531666
Angle 48,7276.23612709486,6477.94177732234
Angle 48,7307.81578408645,6497.03782235145
Angle 48,7339.34882396457,6516.00767826824
Angle 48,7370.83544809852,6534.85161109285
Angle 48,7402.27585653832,6553.56988501595
Angle 48,7433.67024802367,6572.16276241332
Angle 48,7465.01881999262,6590.63050386027
Angle 48,7496.32176859034,6608.97336814597
Angle 48,7527.57928867761,6627.19161228759
Angle 48,7558.7915738394,6645.28549154441
Angle 48,7589.95881639319,6663.25525943174
Angle 48,7621.08120739734,6681.10116773476
Angle 48,7652.15893665929,6698.82346652225
Angle 48,7683.19219274369,6716.42240416016
Angle 48,7714.18116298049,6733.89822732512
Angle 48,7745.12603347285,6751.25118101783
Angle 48,7776.02698910506,6768.4815085763
Angle 48,7806.88421355033,6785.58945168905
Angle 48,7837.69788927848,6802.57525040811
Angle 48,7868.46819756364,6819.43914316204
Angle 48,7899.19531849174,6836.18136676872
Angle 48,7929.87943096802,6852.80215644811
Angle 48,7960.5207127244,6869.30174583492
Angle 48,7991.11934032684,6885.68036699112
Angle 48,8021.67548918257,6901.9382504184
Angle 48,8052.18933354723,6918.07562507052
Angle 48,8082.66104653198,6934.09271836556
Angle 48,8113.09080011056,6949.9897561981
Angle 48,8143.47876512618,6965.76696295124
Angle 48,8173.82511129841,6981.42456150861
Angle 48,8204.13000722999,6996.96277326626
Angle 48,8234.39362041359,7012.38181814442
Angle 48,8264.61611723842,7027.68191459922
Angle 48,8294.79766299687,7042.86327963434
Angle 48,8324.938421891,7057.92612881249
Angle 48,8355.03855703904,7072.87067626691
Angle 48,8385.09823048175,7087.69713471267
Angle 48,8415.11760318877,7102.40571545802
Angle 48,8445.09683506486,7116.99662841555
Angle 48,8475.03608495613,7131.47008211333
Angle 48,8504.93551065615,7145.82628370592
Angle 48,8534.79526891205,7160.06543898537
Angle 48,8564.6155154305,7174.18775239209
Angle 48,8594.39640488369,7188.19342702565
Angle 48,8624.13809091519,7202.08266465553
Angle 48,8653.84072614582,7215.85566573175
Angle 48,8683.5044621794,7229.51262939552
Angle 48,8713.12944960848,7243.05375348967
Angle 48,8742.71583801995,7256.47923456918
Angle 48,8772.26377600073,7269.78926791148
Angle 48,8801.77341114322,7282.98404752681
Angle 48,8831.24489005085,7296.0637661684
Angle 48,8860.67835834351,7309.02861534272
Angle 48,8890.07396066291,7321.87878531948
Angle 48,8919.43184067792,7334.61446514176
Angle 48,8948.75214108985,7347.23584263593
Angle 48,8978.03500363766,7359.74310442157
Angle 48,9007.28056910317,7372.13643592131
Angle 48,9036.48897731614,7384.41602137063
Angle 48,9065.66036715935,7396.58204382757
Angle 48,9094.79487657365,7408.63468518238
Angle 48,9123.89264256293,7420.57412616715
Angle 48,9152.95380119902,7432.40054636533
Angle 48,9181.97848762657,7444.11412422124
Angle 48,9210.96683606796,7455.71503704945
Angle 48,9239.91897982796,7467.20346104421
Angle 48,9268.83505129858,7478.57957128872
Angle 48,9297.71518196373,7489.84354176443
Angle 48,9326.55950240385,7500.99554536021
Angle 48,9355.36814230056,7512.03575388151
Angle 48,9384.14123044119,7522.96433805951
Angle 48,9412.87889472333,7533.78146756007
Angle 48,9441.5812621593,7544.48731099285
Angle 48,9470.2484588806,7555.08203592013
Angle 48,9498.8806101423,7565.56580886582
Angle 48,9527.47784032739,7575.93879532422
Angle 48,9556.04027295114,7586.20115976887
Angle 48,9584.56803066534,7596.35306566128
Angle 48,9613.06123526256,7606.39467545964
Angle 48,9641.52000768036,7616.32615062747
Angle 48,9669.94446800545,7626.14765164225
Angle 48,9698.33473547781,7635.85933800395
Angle 48,9726.69092849484,7645.46136824359
Angle 48,9755.01316461532,7654.95389993166
Angle 48,9783.30156056355,7664.33708968663
Angle 48,9811.55623223324,7673.61109318326
Angle 48,9839.77729469154,7682.77606516102
Angle 48,9867.96486218289,7691.83215943231
Angle 48,9896.11904813301,7700.77952889082
Angle 48,9924.23996515263,7709.61832551965
Angle 48,9952.32772504142,7718.34870039958
Angle 48,9980.38243879176,7726.97080371715
Angle 48,10008.4042165924,7735.48478477279
Angle 48,10036.3931678325,7743.8907919889
Angle 48,10064.3494011047,7752.18897291781
Angle 48,10092.2730242097,7760.37947424985
Angle 48,10120.1641441591,7768.46244182123
Angle 48,10148.0228671793,7776.43802062198
Angle 48,10175.8492987153,7784.30635480385
Angle 48,10203.643543434,7792.06758768809
Angle 48,10231.4057052276,7799.72186177331
Angle 48,10259.1358872177,7807.26931874322
Angle 48,10286.8341917581,7814.71009947436
Angle 48,10314.5007204386,7822.04434404382
Angle 48,10342.1355740884,7829.27219173688
Angle 48,10369.7388527795,7836.39378105466
Angle 48,10397.3106558301,7843.40924972171
Angle 48,10424.8510818078,7850.31873469356
Angle 48,10452.3602285333,7857.12237216429
Angle 48,10479.8381930831,7863.82029757399
Angle 48,10507.2850717935,7870.41264561624
Angle 48,10534.7009602633,7876.89955024558
Angle 48,10562.0859533574,7883.28114468485
Angle 48,10589.4401452099,7889.55756143261
Angle 48,10616.7636292272,7895.72893227048
Angle 48,10644.0564980914,7901.79538827045
Angle 48,10671.3188437634,7907.75705980215
Angle 48,10698.5507574859,7913.61407654011
Angle 48,10725.7523297865,7919.366567471
Angle 48,10752.9236504813,7925.01466090079
Angle 48,10780.0648086773,7930.55848446197
Angle 48,10807.175892776,7935.99816512062
Angle 48,10834.2569904763,7941.33382918356
Angle 48,10861.3081887772,7946.56560230546
Angle 48,10888.3295739814,7951.6936094958
Angle 48,10915.3212316981,7956.71797512599
Angle 48,10942.2832468458,7961.63882293632
Angle 48,10969.2157036553,7966.45627604292
Angle 48,10996.118685673,7971.17045694475
Angle 48,11022.9922757635,7975.78148753046
Angle 48,11049.8365561127,7980.28948908532
Angle 48,11076.6516082306,7984.69458229805
Angle 48,11103.4375129544,7988.99688726771
Angle 48,11130.1943504513,7993.19652351042
Angle 48,11156.9222002212,7997.29360996624
Angle 48,11183.6211411,8001.28826500586
Angle 48,11210.2912512621,8005.18060643737
Angle 48,11236.9326082231,8008.97075151293
Angle 48,11263.5452888434,8012.65881693548
Angle 48,11290.12936933,8016.2449188654
Angle 48,11316.6849252403,8019.72917292709
Angle 48,11343.2120314841,8023.11169421564
Angle 48,11369.7107623269,8026.39259730336
Angle 48,11396.1811913926,8029.57199624635
Angle 48,11422.6233916661,8032.65000459104
Angle 48,11449.0374354962,8035.62673538065
Angle 48,11475.4233945985,8038.50230116172
Angle 48,11501.7813400579,8041.27681399056
Angle 48,11528.1113423314,8043.95038543962
Angle 48,11554.413471251,8046.52312660396
Angle 48,11580.6877960264,8048.9951481076
Angle 48,11606.9343852476,8051.36656010987
Angle 48,11633.1533068877,8053.63747231176
Angle 48,11659.3446283055,8055.80799396218
Angle 48,11685.5084162486,8057.87823386431
Angle 48,11711.6447368556,8059.84830038178
Angle 48,11737.7536556591,8061.71830144496
Angle 48,11763.8352375883,8063.48834455713
Angle 48,11789.8895469719,8065.15853680067
Angle 48,11815.9166475403,8066.72898484323
Angle 48,11841.9166024288,8068.19979494385
Angle 48,11867.88947418,8069.57107295904
Angle 48,11893.8353247467,8070.84292434892
Angle 48,11919.7542154942,8072.01545418322
Angle 48,11945.6462072033,8073.08876714735
Angle 48,11971.5113600729,8074.06296754839
Angle 48,11997.3497337226,8074.93815932106
Angle 48,12023.1613871954,8075.71444603371
Angle 48,12048.9463789603,8076.39193089423
Angle 48,12074.704766915,8076.97071675593
Angle 48,12100.4366083887,8077.45090612347
Angle 48,12126.1419601445,8077.8326011587
Angle 48,12151.8208783823,8078.11590368646
Angle 48,12177.4734187413,8078.3009152004
Angle 48,12203.0996363027,8078.3877368688
Angle 48,12228.6995855922,8078.37646954025
Angle 48,12254.273320583,8078.26721374942
Angle 48,12279.8208946983,8078.06006972276
Angle 48,12305.3423608136,8077.75513738415
Angle 48,12330.8377712601,8077.35251636057
Angle 48,12356.3071778265,8076.85230598772
Angle 48,12381.7506317623,8076.2546053156
Angle 48,12407.1681837803,8075.55951311407
Angle 48,12432.5598840591,8074.76712787844
Angle 48,12457.9257822456,8073.87754783492
Angle 48,12483.2659274584,8072.89087094616
Angle 48,12508.5803682895,8071.80719491668
Angle 48,12533.8691528077,8070.62661719829
Angle 48,12559.1323285609,8069.34923499553
Angle 48,12584.3699425788,8067.97514527105
Angle 48,12609.5820413759,8066.50444475091
Angle 48,12634.7686709534,8064.93722992994
Angle 48,12659.9298768027,8063.27359707703
Angle 48,12685.0657039077,8061.5136422404
Angle 48,12710.1761967475,8059.6574612528
Angle 48,12735.261399299,8057.70514973676
Angle 48,12760.3213550397,8055.65680310976
Angle 48,12785.3561069503,8053.51251658936
Angle 48,12810.3656975175,8051.27238519835
Angle 48,12835.3501687367,8048.9365037698
Angle 48,12860.3095621144,8046.50496695219
Angle 48,12885.2439186711,8043.97786921435
Angle 48,12910.1532789443,8041.35530485057
Angle 48,12935.0376829905,8038.63736798547
Angle 48,12959.8971703885,8035.82415257902
Angle 48,12984.7317802418,8032.91575243142
Angle 48,13009.5415511817,8029.91226118798
Angle 48,13034.3265213691,8026.81377234398
Angle 48,13059.0867284985,8023.6203792495
Angle 48,13083.8222097996,8020.33217511417
Angle 48,13108.5330020405,8016.94925301199
Angle 48,13133.2191415305,8013.47170588602
Angle 48,13157.8806641227,8009.89962655308
Angle 48,13182.5176052167,8006.2331077084
Angle 48,13207.1299997613,8002.47224193029
Angle 48,13231.7178822572,7998.61712168473
Angle 48,13256.2812867602,7994.6678393299
Angle 48,13280.8202468831,7990.62448712078
Angle 48,13305.3347957993,7986.4871572136
Angle 48,13329.8249662448,7982.25594167033
Angle 48,13354.2907905216,7977.93093246314
Angle 48,13378.7323005,7973.51222147878
Angle 48,13403.1495276216,7968.99990052296
Angle 48,13427.5425029018,7964.3940613247
Angle 48,13451.9112569328,7959.6947955406
Angle 48,13476.2558198864,7954.90219475917
Angle 48,13500.5762215164,7950.01635050504
Angle 48,13524.8724911618,7945.03735424314
Angle 48,13549.1446577493,7939.96529738293
Angle 48,13573.3927497962,7934.80027128247
Angle 48,13597.616795413,7929.5423672526
Angle 48,13621.8168223065,7924.19167656092
Angle 48,13645.9928577821,7918.74829043591
Angle 48,13670.1449287471,7913.21230007088
Angle 48,13694.2730617131,7907.58379662795
Angle 48,13718.377282799,7901.86287124196
Angle 48,13742.4576177336,7896.0496150244
Angle 48,13766.5140918585,7890.14411906726
Angle 48,13790.546730131,7884.14647444683
Angle 48,13814.5555571266,7878.05677222753
Angle 48,13838.5405970421,7871.87510346562
Angle 48,13862.501873698,7865.60155921296
Angle 48,13886.4394105419,7859.23623052067
Angle 48,13910.3532306507,7852.77920844279
Angle 48,13934.2433567336,7846.23058403986
Angle 48,13958.109811135,7839.59044838256
Angle 48,13981.9526158372,7832.85889255518
Angle 48,14005.7717924633,7826.03600765916
Angle 48,14029.5673622798,7819.12188481657
Angle 48,14053.3393461994,7812.11661517351
Angle 48,14077.0877647842,7805.02028990352
Angle 48,14100.8126382479,7797.83300021094
Angle 48,14124.5139864591,7790.55483733425
Angle 48,14148.1918289439,7783.1858925493
Angle 48,14171.8461848884,7775.72625717262
Angle 48,14195.4770731422,7768.17602256462
Angle 48,14219.0845122204,7760.53528013273
Angle 48,14242.668520307,7752.8041213346
Angle 48,14266.2291152575,7744.98263768113
Angle 48,14289.7663146013,7737.0709207396
Angle 48,14313.2801355454,7729.06906213668
Angle 48,14336.770594976,7720.97715356141
Angle 48,14360.2377094625,7712.79528676815
Angle 48,14383.6814952593,7704.52355357954
Angle 48,14407.1019683091,7696.16204588934
Angle 48,14430.4991442456,7687.71085566529
Angle 48,14453.8730383963,7679.17007495193
Angle 48,14477.2236657851,7670.53979587335
Angle 48,14500.5510411351,7661.82011063594
Angle 48,14523.8551788717,7653.01111153111
Angle 48,14547.136093125,7644.11289093789
Angle 48,14570.3937977327,7635.12554132561
Angle 48,14593.6283062428,7626.04915525647
Angle 48,14616.8396319165,7616.88382538809
Angle 48,14640.0277877307,7607.62964447602
Angle 48,14663.1927863812,7598.28670537622
Angle 48,14686.3346402849,7588.85510104753
Angle 48,14709.4533615828,7579.33492455401
Angle 48,14732.5489621429,7569.72626906737
Angle 48,14755.6214535628,7560.02922786928
Angle 48,14778.670847172,7550.24389435365
Angle 48,14801.6971540356,7540.37036202892
Angle 48,14824.700384956,7530.40872452025
Angle 48,14847.6805504761,7520.35907557172
Angle 48,14870.6376608823,7510.22150904849
Angle 48,14893.5717262065,7499.99611893891
Angle 48,14916.4827562293,7489.68299935657
Angle 48,14939.3707604827,7479.28224454239
Angle 48,14962.2357482523,7468.79394886658
Angle 48,14985.0777285807,7458.21820683065
Angle 48,15007.8967102695,7447.5551130693
Angle 48,15030.6927018826,7436.80476235238
Angle 48,15053.4657117482,7425.96724958669
Angle 48,15076.2157479619,7415.04266981786
Angle 48,15098.9428183894,7404.03111823209
Angle 48,15121.6469306687,7392.93269015796
Angle 48,15144.3280922132,7381.74748106813
Angle 48,15166.9863102142,7370.47558658103
Angle 48,15189.6215916432,7359.11710246251
Angle 48,15212.233943255,7347.67212462745
Angle 48,15234.8233715901,7336.14074914137
Angle 48,15257.389882977,7324.52307222196
Angle 48,15279.9334835354,7312.8191902406
Angle 48,15302.4541791783,7301.02919972385
Angle 48,15324.9519756147,7289.15319735488
Angle 48,15347.4268783523,7277.19127997489
Angle 48,15369.8788926997,7265.1435445845
Angle 48,15392.3080237695,7253.0100883451
Angle 48,15414.7142764803,7240.79100858012
Angle 48,15437.0976555596,7228.48640277638
Angle 48,15459.4581655462,7216.09636858527
Angle 48,15481.7958107926,7203.62100382401
Angle 48,15504.1105954676,7191.06040647681
Angle 48,15526.402523559,7178.41467469603
Angle 48,15548.6715988757,7165.68390680326
Angle 48,15570.9178250504,7152.86820129048
Angle 48,15593.1412055419,7139.96765682102
Angle 48,15615.3417436381,7126.98237223066
Angle 48,15637.5194424575,7113.91244652857
Angle 48,15659.6743049525,7100.75797889826
Angle 48,15681.8063339115,7087.51906869857
Angle 48,15703.9155319612,7074.19581546449
Angle 48,15726.001901569,7060.78831890805
Angle 48,15748.0654450459,7047.29667891919
Angle 48,15770.1061645481,7033.7209955665
Angle 48,15792.1240620801,7020.06136909804
Angle 48,15814.1191394964,7006.31789994204
Angle 48,15836.0913985045,6992.49068870766
Angle 48,15858.0408406667,6978.57983618563
Angle 48,15879.967467403,6964.58544334894
Angle 48,15901.8712799926,6950.50761135341
Angle 48,15923.7522795772,6936.34644153836
Angle 48,15945.6104671624,6922.10203542709
Angle 48,15967.4458436206,6907.77449472748
Angle 48,15989.2584096931,6893.36392133247
Angle 48,16011.0481659921,6878.87041732055
Angle 48,16032.8151130034,6864.29408495619
Angle 48,16054.5592510884,6849.6350266903
Angle 48,16076.2805804861,6834.89334516059
Angle 48,16097.9791013158,6820.06914319195
Angle 48,16119.6548135791,6805.16252379681
Angle 48,16141.3077171619,6790.17359017543
Angle 48,16162.9378118369,6775.10244571618
Angle 48,16184.5450972656,6759.94919399582
Angle 48,16206.1295730003,6744.71393877975
Angle 48,16227.6912384866,6729.39678402216
Angle 48,16249.2300930654,6713.99783386628
Angle 48,16270.7461359748,6698.51719264447
Angle 48,16292.2393663526,6682.95496487843
Angle 48,16313.7097832379,6667.3112552792
Angle 48,16335.1573855738,6651.58616874735
Angle 48,16356.5821722089,6635.77981037295
Angle 48,16377.9841418997,6619.89228543566
Angle 48,16399.3632933125,6603.92369940469
Angle 48,16420.7196250257,6587.87415793882
Angle 48,16442.0531355313,6571.74376688632
Angle 48,16463.3638232375,6555.53263228491
Angle 48,16484.6516864701,6539.24086036169
Angle 48,16505.916723475,6522.86855753298
Angle 48,16527.1589324201,6506.4158304042
Angle 48,16548.3783113968,6489.88278576974
Angle 48,16569.5748584226,6473.26953061275
Angle 48,16590.7485714425,6456.57617210494
Angle 48,16611.8994483313,6439.80281760636
Angle 48,16633.0274868951,6422.94957466516
Angle 48,16654.1326848736,6406.0165510173
Angle 48,16675.2150399419,6389.00385458629
Angle 48,16696.274549712,6371.91159348283
Angle 48,16717.3112117353,6354.73987600453
Angle 48,16738.3250235039,6337.48881063553
Angle 48,16759.3159824524,6320.15850604612
Angle 48,16780.2840859604,6302.74907109236
Angle 48,16801.2293313534,6285.26061481567
Angle 48,16822.1517159053,6267.69324644236
Angle 48,16843.0512368397,6250.04707538321
Angle 48,16863.9278913322,6232.322211233
Angle 48,16884.7816765114,6214.51876376999
Angle 48,16905.6125894614,6196.63684295541
Angle 48,16926.420627223,6178.67655893297
Angle 48,16947.2057867957,6160.63802202825
Angle 48,16967.9680651392,6142.52134274818
Angle 48,16988.7074591752,6124.32663178043
Angle 48,17009.4239657892,6106.05399999282
Angle 48,17030.1175818319,6087.70355843268
Angle 48,17050.7883041209,6069.27541832623
Angle 48,17071.4361294427,6050.76969107791
Angle 48,17092.0610545537,6032.18648826973
Angle 48,17112.6630761822,6013.52592166054
Angle 48,17133.2421910301,5994.78810318536
Angle 48,17153.7983957743,5975.97314495464
Angle 48,17174.331687068,5957.08115925351
Angle 48,17194.8420615428,5938.11225854106
Angle 48,17215.32951581,5919.06655544953
Angle 48,17235.794046462,5899.94416278355
Angle 48,17256.235650074,5880.74519351933
Angle 48,17276.6543232054,5861.46976080383
Angle 48,17297.0500624013,5842.11797795394
Angle 48,17317.4228641942,5822.68995845566
Angle 48,17337.7727251051,5803.18581596317
Angle 48,17358.0996416452,5783.60566429804
Angle 48,17378.4036103172,5763.94961744825
Angle 48,17398.6846276169,5744.21778956738
Angle 48,17418.9426900346,5724.41029497361
Angle 48,17439.1777940562,5704.52724814885
Angle 48,17459.389936165,5684.56876373776
Angle 48,17479.5791128428,5664.53495654681
Angle 48,17499.7453205714,5644.42594154331
Angle 48,17519.888555834,5624.24183385441
Angle 48,17540.0088151163,5603.98274876614
Angle 48,17560.106094908,5583.64880172235
Angle 48,17580.1803917042,5563.24010832376
Angle 48,17600.2317020066,5542.75678432686
Angle 48,17620.2600223246,5522.19894564291
Angle 48,17640.265349177,5501.56670833687
Angle 48,17660.2476790929,5480.86018862636
Angle 48,17680.2070086133,5460.07950288053
Angle 48,17700.1433342917,5439.22476761902
Angle 48,17720.0566526962,5418.29609951085
Angle 48,17739.9469604101,5397.29361537329
Angle 48,17759.8142540332,5376.21743217078
Angle 48,17779.6585301833,5355.06766701376
Angle 48,17799.4797854969,5333.84443715755
Angle 48,17819.2780166308,5312.5478600012
Angle 48,17839.053220263,5291.17805308635
Angle 48,17858.805393094,5269.735134096
Angle 48,17878.5345318478,5248.21922085342
Angle 48,17898.240633273,5226.63043132089
Angle 48,17917.9236941443,5204.96888359852
Angle 48,17937.5837112629,5183.23469592309
Angle 48,17957.2206814583,5161.42798666678
Angle 48,17976.8346015887,5139.54887433598
Angle 48,17996.4254685428,5117.59747757005
Angle 48,18015.9932792402,5095.57391514007
Angle 48,18035.5380306327,5073.47830594764
Angle 48,18055.0597197056,5051.31076902357
Angle 48,18074.5583434781,5029.07142352666
Angle 48,18094.0338990048,5006.7603887424
Angle 48,18113.4863833767,4984.37778408172
Angle 48,18132.9157937217,4961.92372907969
Angle 48,18152.3221272063,4939.39834339425
Angle 48,18171.7053810357,4916.80174680489
Angle 48,18191.0655524556,4894.13405921136
Angle 48,18210.4026387525,4871.39540063237
Angle 48,18229.7166372552,4848.58589120425
Angle 48,18249.0075453349,4825.70565117963
Angle 48,18268.275360407,4802.75480092617
Angle 48,18287.5200799314,4779.73346092512
Angle 48,18306.7417014136,4756.64175177008
Angle 48,18325.9402224057,4733.47979416561
Angle 48,18345.1156405069,4710.24770892588
Angle 48,18364.2679533646,4686.94561697331
Angle 48,18383.3971586753,4663.57363933725
Angle 48,18402.5032541853,4640.13189715256
Angle 48,18421.5862376914,4616.62051165827
Angle 48,18440.6461070421,4593.03960419621
Angle 48,18459.682860138,4569.3892962096
Angle 48,18478.6964949327,4545.6697092417
Angle 48,18497.6870094338,4521.88096493442
Angle 48,18516.6544017034,4498.0231850269
Angle 48,18535.5986698589,4474.09649135415
Angle 48,18554.5198120738,4450.10100584561
Angle 48,18573.4178265786,4426.03685052378
Angle 48,18592.2927116612,4401.90414750282
Angle 48,18611.1444656677,4377.70301898709
Angle 48,18629.9730870035,4353.43358726979
Angle 48,18648.7785741333,4329.09597473152
Angle 48,18667.5609255826,4304.69030383886
Angle 48,18686.3201399375,4280.21669714296
Angle 48,18705.0562158461,4255.67527727809
Angle 48,18723.7691520188,4231.06616696023
Angle 48,18742.4589472291,4206.38948898566
Angle 48,18761.1256003141,4181.64536622948
Angle 48,18779.7691101751,4156.8339216442
Angle 48,18798.3894757786,4131.95527825833
Angle 48,18816.9866961563,4107.00955917489
Angle 48,18835.5607704063,4081.99688757
Angle 48,18854.1116976932,4056.91738669144
Angle 48,18872.6394772491,4031.77117985718
Angle 48,18891.1441083739,4006.55839045396
Angle 48,18909.625590436,3981.27914193585
Angle 48,18928.0839228726,3955.93355782275
Angle 48,18946.5191051908,3930.521761699
Angle 48,18964.9311369675,3905.04387721191
Angle 48,18983.3200178504,3879.50002807028
Angle 48,19001.6857475583,3853.890338043
Angle 48,19020.0283258815,3828.21493095754
Angle 48,19038.3477526827,3802.47393069853
Angle 48,19056.6440278971,3776.66746120631
Angle 48,19074.9171515332,3750.79564647546
Angle 48,19093.1671236729,3724.85861055333
Angle 48,19111.3939444724,3698.85647753863
Angle 48,19129.5976141622,3672.78937157993
Angle 48,19147.7781330481,3646.65741687422
Angle 48,19165.9355015112,3620.46073766546
Angle 48,19184.0697200085,3594.19945824313
Angle 48,19202.1807890732,3567.87370294075
Angle 48,19220.2687093155,3541.48359613444
Angle 48,19238.3334814224,3515.02926224147
Angle 48,19256.3751061588,3488.51082571881
Angle 48,19274.3935843673,3461.92841106164
Angle 48,19292.3889169689,3435.28214280197
Angle 48,19310.3611049634,3408.5721455071
Angle 48,19328.3101494297,3381.79854377824
Angle 48,19346.2360515258,3354.96146224902
Angle 48,19364.1388124901,3328.06102558407
Angle 48,19382.0184336406,3301.09735847754
Angle 48,19399.8749163761,3274.07058565168
Angle 48,19417.7082621762,3246.98083185539
Angle 48,19435.5184726017,3219.82822186276
Angle 48,19453.3055492948,3192.61288047165
Angle 48,19471.0694939794,3165.33493250224
Angle 48,19488.8103084617,3137.99450279559
Angle 48,19506.5279946302,3110.59171621221
Angle 48,19524.2225544562,3083.12669763061
Angle 48,19541.8939899937,3055.59957194589
Angle 48,19559.5423033802,3028.01046406827
Angle 48,19577.1674968367,3000.35949892172
Angle 48,19594.7695726678,2972.64680144248
Angle 48,19612.3485332624,2944.87249657766
Angle 48,19629.9043810933,2917.03670928381
Angle 48,19647.4371187183,2889.1395645255
Angle 48,19664.9467487797,2861.18118727391
Angle 48,19682.4332740047,2833.16170250541
Angle 48,19699.8966972059,2805.08123520015
Angle 48,19717.3370212812,2776.93991034064
Angle 48,19734.7542492142,2748.73785291035
Angle 48,19752.1483840743,2720.47518789232
Angle 48,19769.5194290171,2692.15204026772
Angle 48,19786.8673872841,2663.7685350145
Angle 48,19804.1922622034,2635.32479710595
Angle 48,19821.4940571898,2606.82095150936
Angle 48,19838.7727757446,2578.25712318455
Angle 48,19856.0284214561,2549.63343708258
Angle 48,19873.2609979998,2520.95001814429
Angle 48,19890.4705091383,2492.20699129895
Angle 48,19907.6569587216,2463.40448146291
Angle 48,19924.8203506872,2434.54261353816
Angle 48,19941.9606890603,2405.62151241104
Angle 48,19959.0779779538,2376.6413029508
Angle 48,19976.1722215685,2347.60211000829
Angle 48,19993.2434241933,2318.50405841459
Angle 48,20010.2915902051,2289.34727297963
Angle 48,20027.3167240692,2260.13187849088
Angle 48,20044.3188303391,2230.85799971196
Angle 48,20061.2979136567,2201.52576138131
Angle 48,20078.2539787524,2172.13528821089
Angle 48,20095.1870304454,2142.68670488478
Angle 48,20112.0970736433,2113.18013605789
Angle 48,20128.9841133426,2083.61570635461
Angle 48,20145.8481546286,2053.99354036752
Angle 48,20162.6892026755,2024.31376265603
Angle 48,20179.5072627463,1994.57649774508
Angle 48,20196.302340193,1964.78187012385
Angle 48,20213.0744404567,1934.93000424441
Angle 48,20229.8235690677,1905.02102452047
Angle 48,20246.549731645,1875.05505532603
Angle 48,20263.2529338971,1845.03222099412
Angle 48,20279.9331816215,1814.95264581552
Angle 48,20296.5904807049,1784.81645403742
Angle 48,20313.2248371232,1754.62376986221
Angle 48,20329.8362569415,1724.37471744616
Angle 48,20346.4247463141,1694.06942089815
Angle 48,20362.9903114845,1663.70800427843
Angle 48,20379.5329587854,1633.29059159735
Angle 48,20396.0526946388,1602.81730681406
Angle 48,20412.5495255558,1572.28827383533
Angle 48,20429.0234581366,1541.70361651426
Angle 48,20445.4744990707,1511.06345864904
Angle 48,20461.9026551367,1480.36792398172
Angle 48,20478.3079332021,1449.61713619696
Angle 48,20494.6903402237,1418.81121892085
Angle 48,20511.0498832472,1387.95029571963
Angle 48,20527.3865694072,1357.03449009851
Angle 48,20543.7004059275,1326.06392550043
Angle 48,20559.9914001204,1295.03872530488
Angle 48,20576.2595593874,1263.95901282669
Angle 48,20592.5048912184,1232.82491131483
Angle 48,20608.7274031921,1201.63654395119
Angle 48,20624.9271029761,1170.39403384945
Angle 48,20641.1039983262,1139.09750405387
Angle 48,20657.2580970868,1107.74707753808
Angle 48,20673.3894071907,1076.34287720398
Angle 48,20689.4979366591,1044.88502588051
Angle 48,20705.5836936012,1013.37364632252
Angle 48,20721.6466862145,981.808861209632
Angle 48,20737.6869227846,950.190793145037
Angle 48,20753.7044116847,918.519564654404
Angle 48,20769.6991613763,886.795298184716
Angle 48,20785.6711804082,855.018116103141
Angle 48,20801.6204774172,823.188140695903
Angle 48,20817.5470611271,791.305494167165
Angle 48,20833.4509403497,759.370298637906
Angle 48,20849.3321239835,727.382676144813
Angle 48,20865.1906210145,695.342748639178
Angle 48,20881.0264405156,663.250637985792
Angle 48,20896.8395916465,631.106465961855
Angle 48,20912.6300836537,598.910354255886
Angle 48,20928.3979258704,566.66242446664
Angle 48,20944.1431277161,534.362798102031
Angle 48,20959.8656986966,502.011596578059
Angle 48,20975.5656484042,469.608941217744
Angle 48,20991.2429865169,437.154953250069
Angle 48,21006.8977227986,404.64975380892
Angle 48,21022.529867099,372.093463932041
Angle 48,21038.1394293533,339.48620455999
Angle 48,21053.7264195822,306.8280965351
Angle 48,21069.2908478914,274.119260600449
Angle 48,21084.8327244719,241.359817398836
Angle 48,21100.3520595994,208.549887471755
Angle 48,21115.8488636344,175.689591258388
Angle 48,21131.3231470219,142.779049094593
Angle 48,21146.7749202912,109.818381211899
Angle 48,21162.2041940559,76.807707736516
Angle 48,21177.6109790134,43.7471486883377
Angle 48,21192.9952859451,10.6368239799603
Angle 48,21197.9229497177,0
Angle 49,0,0
Angle 49,45.7955444596534,52.5837475378704
Angle 49,91.4633558619495,104.922828343866
Angle 49,137.0042807036,157.018486679485
Angle 49,182.419157565289,208.871954871386
Angle 49,227.7088172097,260.48445345857
Angle 49,272.874082678034,311.857191337294
Angle 49,317.91576938501,362.991365903731
Angle 49,362.834685212421,413.888163194442
Angle 49,407.631630601235,464.548758024687
Angle 49,452.307398642282,514.974314124623
Angle 49,496.862775165561,565.165984273421
Angle 49,541.298538828179,615.124910431338
Angle 49,585.615461200947,664.852223869798
Angle 49,629.814306853672,714.349045299496
Angle 49,673.895833439151,763.61648499657
Angle 49,717.8607917759,812.655642926888
Angle 49,761.709925929641,861.467608868459
Angle 49,805.443973293565,910.053462532028
Angle 49,849.063664667393,958.414273679862
Angle 49,892.569724335261,1006.55110224278
Angle 49,935.962870142449,1054.46499843547
Angle 49,979.243813570966,1102.15700287004
Angle 49,1022.41325981402,1149.62814666799
Angle 49,1065.47190784941,1196.87945157045
Angle 49,1108.42045051178,1243.91193004688
Angle 49,1151.2595745639,1290.72658540214
Angle 49,1193.98996076684,1337.32441188202
Angle 49,1236.61228394913,1383.70639477722
Angle 49,1279.12721307495,1429.87351052585
Angle 49,1321.5354113113,1475.82672681447
Angle 49,1363.83753609419,1521.5670026776
Angle 49,1406.0342391939,1567.09528859591
Angle 49,1448.12616677934,1612.4125265929
Angle 49,1490.11395948135,1657.51965033031
Angle 49,1531.99825245528,1702.41758520207
Angle 49,1573.77967544253,1747.10724842701
Angle 49,1615.45885283128,1791.58954914018
Angle 49,1657.03640371635,1835.86538848295
Angle 49,1698.51294195825,1879.93565969181
Angle 49,1739.88907624128,1923.80124818594
Angle 49,1781.16541013096,1967.46303165352
Angle 49,1822.34254213057,2010.92188013691
Angle 49,1863.42106573689,2054.17865611658
Angle 49,1904.40156949521,2097.23421459392
Angle 49,1945.28463705355,2140.08940317286
Angle 49,1986.07084721613,2182.74506214043
Angle 49,2026.76077399609,2225.20202454618
Angle 49,2067.35498666748,2267.46111628046
Angle 49,2107.85404981658,2309.52315615177
Angle 49,2148.25852339243,2351.3889559629
Angle 49,2188.56896275675,2393.05932058612
Angle 49,2228.78591873316,2434.53504803737
Angle 49,2268.90993765564,2475.81692954939
Angle 49,2308.94156141649,2516.9057496439
Angle 49,2348.88132751349,2557.80228620281
Angle 49,2388.72976909651,2598.50731053845
Angle 49,2428.48741501348,2639.0215874629
Angle 49,2468.15478985566,2679.34587535638
Angle 49,2507.73241400247,2719.48092623472
Angle 49,2547.22080366553,2759.42748581595
Angle 49,2586.62047093223,2799.18629358602
Angle 49,2625.93192380869,2838.75808286361
Angle 49,2665.15566626214,2878.14358086416
Angle 49,2704.29219826275,2917.34350876301
Angle 49,2743.34201582489,2956.35858175769
Angle 49,2782.30561104785,2995.1895091295
Angle 49,2821.18347215603,3033.83699430419
Angle 49,2859.97608353863,3072.30173491187
Angle 49,2898.68392578874,3110.5844228462
Angle 49,2937.307475742,3148.68574432278
Angle 49,2975.84720651469,3186.60637993677
Angle 49,3014.30358754142,3224.3470047198
Angle 49,3052.67708461219,3261.90828819616
Angle 49,3090.9681599091,3299.29089443826
Angle 49,3129.17727204249,3336.49548212135
Angle 49,3167.3048760867,3373.52270457764
Angle 49,3205.35142361531,3410.37320984961
Angle 49,3243.3173627359,3447.04764074276
Angle 49,3281.20313812447,3483.54663487764
Angle 49,3319.00919105932,3519.87082474124
Angle 49,3356.73595945453,3556.02083773771
Angle 49,3394.38387789304,3591.99729623851
Angle 49,3431.95337765927,3627.80081763186
Angle 49,3469.44488677134,3663.43201437165
Angle 49,3506.85883001291,3698.89149402569
Angle 49,3544.19562896457,3734.17985932338
Angle 49,3581.45570203486,3769.29770820281
Angle 49,3618.63946449092,3804.24563385725
Angle 49,3655.74732848872,3839.02422478111
Angle 49,3692.7797031029,3873.6340648153
Angle 49,3729.73699435631,3908.07573319205
Angle 49,3766.61960524913,3942.34980457923
Angle 49,3803.42793578758,3976.45684912404
Angle 49,3840.16238301239,4010.39743249627
Angle 49,3876.82334102682,4044.17211593097
Angle 49,3913.41120102436,4077.78145627062
Angle 49,3949.92635131615,4111.22600600686
Angle 49,3986.36917735791,4144.5063133216
Angle 49,4022.74006177675,4177.62292212774
Angle 49,4059.03938439746,4210.5763721094
Angle 49,4095.26752226857,4243.36719876159
Angle 49,4131.4248496881,4275.99593342951
Angle 49,4167.51173822897,4308.4631033473
Angle 49,4203.52855676408,4340.76923167645
Angle 49,4239.47567149115,4372.91483754361
Angle 49,4275.35344595717,4404.90043607808
Angle 49,4311.16224108265,4436.72653844879
Angle 49,4346.90241518551,4468.39365190092
Angle 49,4382.57432400471,4499.90227979199
Angle 49,4418.17832072355,4531.25292162764
Angle 49,4453.71475599281,4562.44607309696
Angle 49,4489.18397795345,4593.48222610735
Angle 49,4524.58633225915,4624.36186881909
Angle 49,4559.92216209858,4655.08548567942
Angle 49,4595.19180821731,4685.65355745631
Angle 49,4630.39560893958,4716.06656127174
Angle 49,4665.53390018976,4746.32497063475
Angle 49,4700.60701551348,4776.42925547397
Angle 49,4735.61528609865,4806.37988216987
Angle 49,4770.55904079616,4836.17731358662
Angle 49,4805.43860614029,4865.82200910359
Angle 49,4840.25430636896,4895.31442464651
Angle 49,4875.00646344372,4924.65501271827
Angle 49,4909.69539706947,4953.84422242936
Angle 49,4944.32142471397,4982.88249952805
Angle 49,4978.88486162717,5011.77028643011
Angle 49,5013.38602086022,5040.50802224831
Angle 49,5047.82521328431,5069.09614282156
Angle 49,5082.20274760933,5097.53508074369
Angle 49,5116.51893040225,5125.825265392
Angle 49,5150.77406610527,5153.96712295539
Angle 49,5184.96845705387,5181.96107646231
Angle 49,5219.10240349452,5209.80754580828
Angle 49,5253.17620360226,5237.50694778319
Angle 49,5287.19015349809,5265.05969609831
Angle 49,5321.14454726607,5292.46620141296
Angle 49,5355.03967697035,5319.72687136091
Angle 49,5388.87583267191,5346.84211057655
Angle 49,5422.65330244513,5373.81232072069
Angle 49,5456.37237239416,5400.63790050616
Angle 49,5490.03332666919,5427.31924572311
Angle 49,5523.63644748237,5453.85674926405
Angle 49,5557.18201512373,5480.25080114858
Angle 49,5590.67030797676,5506.50178854796
Angle 49,5624.10160253393,5532.61009580933
Angle 49,5657.47617341196,5558.57610447971
Angle 49,5690.79429336697,5584.40019332975
Angle 49,5724.0562333094,5610.08273837726
Angle 49,5757.26226231884,5635.62411291042
Angle 49,5790.41264765859,5661.02468751085
Angle 49,5823.50765479015,5686.28483007636
Angle 49,5856.5475473875,5711.40490584352
Angle 49,5889.53258735124,5736.38527740997
Angle 49,5922.46303482254,5761.2263047565
Angle 49,5955.33914819694,5785.92834526896
Angle 49,5988.16118413806,5810.49175375984
Angle 49,6020.92939759104,5834.91688248976
Angle 49,6053.64404179595,5859.20408118864
Angle 49,6086.30536830096,5883.35369707673
Angle 49,6118.91362697539,5907.36607488537
Angle 49,6151.46906602267,5931.2415568776
Angle 49,6183.97193199306,5954.98048286851
Angle 49,6216.42246979628,5978.58319024545
Angle 49,6248.82092271403,6002.05001398798
Angle 49,6281.16753241229,6025.38128668766
Angle 49,6313.46253895356,6048.57733856762
Angle 49,6345.70618080896,6071.63849750202
Angle 49,6377.89869487009,6094.56508903516
Angle 49,6410.04031646091,6117.35743640059
Angle 49,6442.13127934942,6140.0158605399
Angle 49,6474.17181575917,6162.54068012139
Angle 49,6506.16215638068,6184.93221155854
Angle 49,6538.1025303828,6207.19076902832
Angle 49,6569.99316542382,6229.31666448932
Angle 49,6601.83428766254,6251.31020769968
Angle 49,6633.62612176921,6273.17170623494
Angle 49,6665.36889093634,6294.90146550556
Angle 49,6697.06281688935,6316.49978877445
Angle 49,6728.70811989722,6337.96697717426
Angle 49,6760.30501878288,6359.30332972444
Angle 49,6791.85373093358,6380.50914334828
Angle 49,6823.35447231113,6401.5847128897
Angle 49,6854.80745746201,6422.53033112991
Angle 49,6886.21289952738,6443.3462888039
Angle 49,6917.57101025298,6464.03287461683
Angle 49,6948.88199999893,6484.59037526019
Angle 49,6980.14607774943,6505.01907542792
Angle 49,7011.3634511223,6525.31925783226
Angle 49,7042.53432637849,6545.49120321959
Angle 49,7073.65890843146,6565.535190386
Angle 49,7104.73740085645,6585.45149619282
Angle 49,7135.77000589962,6605.24039558197
Angle 49,7166.75692448719,6624.90216159118
Angle 49,7197.69835623436,6644.43706536905
Angle 49,7228.5944994542,6663.84537619006
Angle 49,7259.44555116648,6683.12736146932
Angle 49,7290.25170710629,6702.28328677735
Angle 49,7321.01316173268,6721.31341585457
Angle 49,7351.73010823719,6740.21801062578
Angle 49,7382.40273855218,6758.99733121451
Angle 49,7413.03124335924,6777.65163595716
Angle 49,7443.61581209738,6796.1811814171
Angle 49,7474.15663297116,6814.58622239864
Angle 49,7504.65389295879,6832.86701196088
Angle 49,7535.10777782009,6851.0238014314
Angle 49,7565.51847210436,6869.05684041991
Angle 49,7595.88615915818,6886.96637683173
Angle 49,7626.21102113318,6904.75265688117
Angle 49,7656.49323899361,6922.41592510485
Angle 49,7686.73299252394,6939.95642437481
Angle 49,7716.93046033632,6957.37439591164
Angle 49,7747.085819878,6974.67007929738
Angle 49,7777.19924743861,6991.84371248842
Angle 49,7807.27091815744,7008.89553182823
Angle 49,7837.30100603056,7025.82577206
Angle 49,7867.28968391797,7042.63466633924
Angle 49,7897.23712355056,7059.32244624618
Angle 49,7927.14349553706,7075.88934179814
Angle 49,7957.00896937094,7092.33558146181
Angle 49,7986.83371343717,7108.66139216541
Angle 49,8016.61789501895,7124.86699931074
Angle 49,8046.36168030437,7140.95262678518
Angle 49,8076.065234393,7156.91849697358
Angle 49,8105.72872130238,7172.76483077004
Angle 49,8135.35230397447,7188.49184758964
Angle 49,8164.93614428207,7204.09976538008
Angle 49,8194.48040303508,7219.58880063317
Angle 49,8223.98523998677,7234.95916839633
Angle 49,8253.45081383994,7250.21108228391
Angle 49,8282.87728225307,7265.34475448855
Angle 49,8312.26480184637,7280.3603957923
Angle 49,8341.61352820774,7295.2582155778
Angle 49,8370.92361589871,7310.03842183933
Angle 49,8400.19521846034,7324.70122119373
Angle 49,8429.42848841897,7339.24681889133
Angle 49,8458.62357729203,7353.67541882674
Angle 49,8487.78063559367,7367.98722354963
Angle 49,8516.89981284044,7382.18243427532
Angle 49,8545.98125755681,7396.26125089546
Angle 49,8575.02511728075,7410.22387198846
Angle 49,8604.03153856912,7424.07049483003
Angle 49,8633.00066700314,7437.80131540348
Angle 49,8661.93264719366,7451.41652841006
Angle 49,8690.82762278655,7464.91632727922
Angle 49,8719.68573646785,7478.30090417874
Angle 49,8748.50712996903,7491.57045002487
Angle 49,8777.29194407207,7504.72515449238
Angle 49,8806.04031861459,7517.76520602449
Angle 49,8834.75239249484,7530.69079184282
Angle 49,8863.42830367672,7543.50209795726
Angle 49,8892.06818919469,7556.19930917569
Angle 49,8920.67218515867,7568.78260911378
Angle 49,8949.24042675887,7581.2521802046
Angle 49,8977.77304827057,7593.60820370828
Angle 49,9006.27018305886,7605.85085972152
Angle 49,9034.73196358338,7617.98032718709
Angle 49,9063.15852140287,7629.99678390327
Angle 49,9091.5499871799,7641.90040653324
Angle 49,9119.90649068531,7653.69137061438
Angle 49,9148.22816080282,7665.36985056754
Angle 49,9176.51512553343,7676.93601970628
Angle 49,9204.76751199988,7688.39005024601
Angle 49,9232.98544645105,7699.73211331308
Angle 49,9261.16905426627,7710.9623789539
Angle 49,9289.31845995964,7722.08101614387
Angle 49,9317.43378718431,7733.08819279638
Angle 49,9345.51515873664,7743.98407577173
Angle 49,9373.56269656048,7754.76883088594
Angle 49,9401.57652175122,7765.44262291959
Angle 49,9429.55675455994,7776.00561562658
Angle 49,9457.50351439747,7786.45797174284
Angle 49,9485.41691983845,7796.79985299501
Angle 49,9513.29708862525,7807.03142010903
Angle 49,9541.144137672,7817.15283281876
Angle 49,9568.95818306846,7827.16424987448
Angle 49,9596.73934008395,7837.06582905141
Angle 49,9624.48772317117,7846.85772715813
Angle 49,9652.20344597003,7856.54010004499
Angle 49,9679.88662131142,7866.11310261248
Angle 49,9707.53736122097,7875.57688881955
Angle 49,9735.15577692279,7884.93161169188
Angle 49,9762.74197884313,7894.17742333014
Angle 49,9790.29607661402,7903.31447491816
Angle 49,9817.81817907693,7912.34291673111
Angle 49,9845.30839428635,7921.26289814362
Angle 49,9872.76682951334,7930.07456763786
Angle 49,9900.19359124909,7938.77807281158
Angle 49,9927.58878520839,7947.37356038613
Angle 49,9954.95251633315,7955.86117621442
Angle 49,9982.2848887958,7964.24106528888
Angle 49,10009.5860060027,7972.5133717493
Angle 49,10036.8559705978,7980.67823889078
Angle 49,10064.0948844653,7988.73580917147
Angle 49,10091.302848734,7996.68622422045
Angle 49,10118.4799637797,8004.52962484543
Angle 49,10145.6263292292,8012.26615104047
Angle 49,10172.7420439628,8019.89594199374
Angle 49,10199.8272061184,8027.41913609513
Angle 49,10226.8819130941,8034.83587094386
Angle 49,10253.9062615517,8042.14628335613
Angle 49,10280.9003474195,8049.35050937267
Angle 49,10307.8642658962,8056.44868426623
Angle 49,10334.798111453,8063.44094254914
Angle 49,10361.7019778377,8070.32741798075
Angle 49,10388.575958077,8077.10824357488
Angle 49,10415.4201444802,8083.78355160722
Angle 49,10442.2346286417,8090.35347362274
Angle 49,10469.0195014445,8096.81814044302
Angle 49,10495.7748530627,8103.17768217356
Angle 49,10522.5007729649,8109.43222821112
Angle 49,10549.1973499173,8115.58190725094
Angle 49,10575.8646719859,8121.62684729402
Angle 49,10602.5028265402,8127.5671756543
Angle 49,10629.111900256,8133.40301896584
Angle 49,10655.6919791177,8139.13450319
Angle 49,10682.243148422,8144.76175362257
Angle 49,10708.7654927803,8150.28489490084
Angle 49,10735.2590961215,8155.70405101069
Angle 49,10761.7240416952,8161.01934529367
Angle 49,10788.1604120741,8166.23090045398
Angle 49,10814.5682891572,8171.33883856547
Angle 49,10840.9477541723,8176.34328107863
Angle 49,10867.2988876789,8181.24434882755
Angle 49,10893.621769571,8186.04216203679
Angle 49,10919.9164790799,8190.73684032832
Angle 49,10946.1830947767,8195.32850272835
Angle 49,10972.4216945753,8199.81726767422
Angle 49,10998.632355735,8204.20325302118
Angle 49,11024.8151548632,8208.48657604921
Angle 49,11050.9701679183,8212.66735346978
Angle 49,11077.0974702119,8216.74570143259
Angle 49,11103.1971364122,8220.7217355323
Angle 49,11129.2692405459,8224.59557081523
Angle 49,11155.3138560015,8228.36732178603
Angle 49,11181.3310555316,8232.03710241432
Angle 49,11207.3209112555,8235.60502614135
Angle 49,11233.2834946622,8239.07120588653
Angle 49,11259.2188766127,8242.43575405411
Angle 49,11285.1271273427,8245.69878253964
Angle 49,11311.0083164651,8248.86040273654
Angle 49,11336.862512973,8251.92072554263
Angle 49,11362.6897852419,8254.87986136656
Angle 49,11388.4902010324,8257.73792013434
Angle 49,11414.2638274928,8260.49501129568
Angle 49,11440.0107311617,8263.15124383052
Angle 49,11465.7309779708,8265.7067262553
Angle 49,11491.4246332471,8268.16156662943
Angle 49,11517.0917617154,8270.51587256156
Angle 49,11542.7324275015,8272.76975121594
Angle 49,11568.346694134,8274.9233093187
Angle 49,11593.9346245473,8276.9766531641
Angle 49,11619.4962810843,8278.92988862085
Angle 49,11645.0317254984,8280.78312113823
Angle 49,11670.5410189564,8282.5364557524
Angle 49,11696.024222041,8284.1899970925
Angle 49,11721.4813947536,8285.74384938682
Angle 49,11746.9125965162,8287.19811646897
Angle 49,11772.3178861746,8288.55290178393
Angle 49,11797.6973220005,8289.80830839418
Angle 49,11823.0509616941,8290.96443898572
Angle 49,11848.3788623871,8292.02139587414
Angle 49,11873.6810806445,8292.9792810106
Angle 49,11898.9576724677,8293.83819598783
Angle 49,11924.2086932966,8294.59824204611
Angle 49,11949.4341980126,8295.25952007915
Angle 49,11974.6342409409,8295.82213064008
Angle 49,11999.8088758527,8296.28617394728
Angle 49,12024.9581559685,8296.65174989027
Angle 49,12050.0821339599,8296.91895803553
Angle 49,12075.1808619526,8297.08789763235
Angle 49,12100.2543915285,8297.15866761856
Angle 49,12125.3027737289,8297.13136662635
Angle 49,12150.3260590563,8297.00609298799
Angle 49,12175.3242974776,8296.78294474153
Angle 49,12200.2975384259,8296.46201963647
Angle 49,12225.245830804,8296.04341513948
Angle 49,12250.169222986,8295.52722843999
Angle 49,12275.0677628205,8294.91355645579
Angle 49,12299.9414976328,8294.20249583866
Angle 49,12324.7904742277,8293.39414297987
Angle 49,12349.6147388919,8292.48859401576
Angle 49,12374.4143373965,8291.48594483319
Angle 49,12399.1893149998,8290.38629107506
Angle 49,12423.9397164495,8289.18972814576
Angle 49,12448.6655859859,8287.89635121653
Angle 49,12473.3669673437,8286.50625523094
Angle 49,12498.043903755,8285.0195349102
Angle 49,12522.696437952,8283.43628475849
Angle 49,12547.3246121693,8281.75659906833
Angle 49,12571.9284681466,8279.98057192579
Angle 49,12596.5080471312,8278.10829721578
Angle 49,12621.0633898808,8276.13986862731
Angle 49,12645.594536666,8274.07537965859
Angle 49,12670.1015272729,8271.91492362231
Angle 49,12694.5844010054,8269.65859365068
Angle 49,12719.0431966885,8267.30648270061
Angle 49,12743.4779526702,8264.85868355876
Angle 49,12767.8887068247,8262.31528884657
Angle 49,12792.2754965546,8259.67639102532
Angle 49,12816.6383587936,8256.9420824011
Angle 49,12840.9773300094,8254.11245512975
Angle 49,12865.2924462062,8251.18760122184
Angle 49,12889.5837429269,8248.1676125475
Angle 49,12913.8512552566,8245.05258084134
Angle 49,12938.0950178246,8241.84259770728
Angle 49,12962.3150648071,8238.53775462332
Angle 49,12986.5114299303,8235.13814294636
Angle 49,13010.6841464725,8231.64385391689
Angle 49,13034.8332472671,8228.05497866376
Angle 49,13058.9587647054,8224.37160820879
Angle 49,13083.0607307386,8220.59383347149
Angle 49,13107.1391768815,8216.7217452736
Angle 49,13131.1941342142,8212.75543434374
Angle 49,13155.2256333855,8208.69499132187
Angle 49,13179.2337046151,8204.54050676391
Angle 49,13203.2183776968,8200.29207114615
Angle 49,13227.1796820006,8195.9497748697
Angle 49,13251.1176464759,8191.51370826495
Angle 49,13275.0322996539,8186.98396159589
Angle 49,13298.9236696505,8182.36062506453
Angle 49,13322.7917841689,8177.64378881514
Angle 49,13346.6366705025,8172.83354293858
Angle 49,13370.4583555373,8167.92997747652
Angle 49,13394.2568657549,8162.93318242566
Angle 49,13418.0322272352,8157.8432477419
Angle 49,13441.7844656589,8152.66026334451
Angle 49,13465.5136063106,8147.38431912016
Angle 49,13489.2196740812,8142.0155049271
Angle 49,13512.9026934709,8136.55391059909
Angle 49,13536.5626885917,8130.99962594947
Angle 49,13560.1996831703,8125.3527407751
Angle 49,13583.8137005511,8119.61334486028
Angle 49,13607.4047636982,8113.78152798067
Angle 49,13630.9728951991,8107.85737990713
Angle 49,13654.5181172667,8101.84099040953
Angle 49,13678.0404517424,8095.73244926056
Angle 49,13701.539920099,8089.53184623946
Angle 49,13725.016543443,8083.23927113574
Angle 49,13748.4703425179,8076.85481375287
Angle 49,13771.9013377064,8070.37856391188
Angle 49,13795.3095490339,8063.81061145501
Angle 49,13818.6949961704,8057.15104624924
Angle 49,13842.057698434,8050.39995818985
Angle 49,13865.3976747934,8043.55743720386
Angle 49,13888.7149438705,8036.62357325357
Angle 49,13912.0095239435,8029.59845633988
Angle 49,13935.2814329493,8022.48217650574
Angle 49,13958.5306884867,8015.27482383948
Angle 49,13981.7573078188,8007.97648847809
Angle 49,14004.9613078762,8000.58726061052
Angle 49,14028.1427052591,7993.10723048089
Angle 49,14051.3015162409,7985.5364883917
Angle 49,14074.4377567702,7977.87512470695
Angle 49,14097.5514424742,7970.12322985533
Angle 49,14120.6425886611,7962.28089433322
Angle 49,14143.7112103231,7954.34820870779
Angle 49,14166.7573221387,7946.32526361998
Angle 49,14189.7809384764,7938.21214978746
Angle 49,14212.7820733963,7930.00895800759
Angle 49,14235.7607406538,7921.71577916029
Angle 49,14258.7169537021,7913.33270421091
Angle 49,14281.6507256946,7904.85982421302
Angle 49,14304.5620694882,7896.29723031121
Angle 49,14327.4509976456,7887.64501374384
Angle 49,14350.3175224385,7878.9032658457
Angle 49,14373.1616558499,7870.07207805075
Angle 49,14395.9834095774,7861.15154189465
Angle 49,14418.7827950352,7852.14174901746
Angle 49,14441.5598233576,7843.04279116609
Angle 49,14464.3145054013,7833.8547601969
Angle 49,14487.0468517483,7824.5777480781
Angle 49,14509.7568727085,7815.21184689226
Angle 49,14532.4445783226,7805.75714883866
Angle 49,14555.1099783649,7796.2137462357
Angle 49,14577.7530823455,7786.58173152317
Angle 49,14600.3738995138,7776.86119726459
Angle 49,14622.9724388605,7767.05223614945
Angle 49,14645.5487091209,7757.15494099542
Angle 49,14668.102718777,7747.16940475051
Angle 49,14690.634476061,7737.09572049525
Angle 49,14713.143988957,7726.93398144476
Angle 49,14735.6312652046,7716.68428095085
Angle 49,14758.0963123011,7706.34671250401
Angle 49,14780.5391375041,7695.92136973545
Angle 49,14802.9597478347,7685.40834641899
Angle 49,14825.3581500796,7674.80773647307
Angle 49,14847.734350794,7664.11963396257
Angle 49,14870.0883563043,7653.34413310066
Angle 49,14892.4201727106,7642.48132825064
Angle 49,14914.7298058896,7631.53131392769
Angle 49,14937.0172614968,7620.49418480065
Angle 49,14959.2825449698,7609.37003569366
Angle 49,14981.5256615302,7598.15896158787
Angle 49,15003.7466161865,7586.86105762308
Angle 49,15025.945413737,7575.4764190993
Angle 49,15048.1220587719,7564.00514147836
Angle 49,15070.2765556764,7552.44732038537
Angle 49,15092.4089086326,7540.8030516103
Angle 49,15114.5191216229,7529.07243110933
Angle 49,15136.607198432,7517.25555500637
Angle 49,15158.6731426496,7505.3525195944
Angle 49,15180.7169576729,7493.3634213368
Angle 49,15202.7386467094,7481.28835686872
Angle 49,15224.7382127791,7469.12742299834
Angle 49,15246.7156587172,7456.8807167081
Angle 49,15268.6709871766,7444.54833515597
Angle 49,15290.6042006305,7432.13037567657
Angle 49,15312.5153013745,7419.62693578237
Angle 49,15334.4042915297,7407.03811316476
Angle 49,15356.2711730447,7394.36400569517
Angle 49,15378.1159476982,7381.60471142613
Angle 49,15399.9386171016,7368.76032859224
Angle 49,15421.7391827012,7355.83095561118
Angle 49,15443.5176457809,7342.81669108469
Angle 49,15465.2740074645,7329.71763379943
Angle 49,15487.008268718,7316.53388272794
Angle 49,15508.7204303524,7303.26553702943
Angle 49,15530.4104930254,7289.91269605064
Angle 49,15552.0784572447,7276.47545932665
Angle 49,15573.7243233696,7262.95392658161
Angle 49,15595.3480916138,7249.34819772947
Angle 49,15616.9497620475,7235.65837287472
Angle 49,15638.5293346,7221.88455231303
Angle 49,15660.0868090619,7208.02683653188
Angle 49,15681.6221850874,7194.08532621121
Angle 49,15703.1354621965,7180.06012222397
Angle 49,15724.6266397777,7165.95132563666
Angle 49,15746.0957170899,7151.75903770991
Angle 49,15767.5426932648,7137.48335989888
Angle 49,15788.9675673091,7123.12439385383
Angle 49,15810.370338107,7108.68224142045
Angle 49,15831.7510044223,7094.15700464035
Angle 49,15853.1095649004,7079.54878575139
Angle 49,15874.4460180709,7064.85768718802
Angle 49,15895.7603623495,7050.08381158166
Angle 49,15917.0525960405,7035.22726176093
Angle 49,15938.3227173387,7020.28814075195
Angle 49,15959.5707243317,7005.26655177857
Angle 49,15980.7966150021,6990.16259826258
Angle 49,16002.0003872295,6974.9763838239
Angle 49,16023.1820387929,6959.70801228074
Angle 49,16044.3415673725,6944.35758764973
Angle 49,16065.4789705519,6928.92521414601
Angle 49,16086.5942458205,6913.41099618333
Angle 49,16107.6873905753,6897.81503837411
Angle 49,16128.7584021228,6882.13744552946
Angle 49,16149.8072776814,6866.37832265916
Angle 49,16170.8340143835,6850.53777497168
Angle 49,16191.8386092772,6834.61590787412
Angle 49,16212.8210593285,6818.61282697212
Angle 49,16233.7813614234,6802.52863806979
Angle 49,16254.7195123695,6786.3634471696
Angle 49,16275.6355088987,6770.11736047218
Angle 49,16296.5293476684,6753.79048437624
Angle 49,16317.4010252641,6737.38292547832
Angle 49,16338.2505382008,6720.89479057259
Angle 49,16359.0778829253,6704.32618665063
Angle 49,16379.8830558181,6687.67722090116
Angle 49,16400.666053195,6670.94800070976
Angle 49,16421.4268713094,6654.13863365858
Angle 49,16442.1655063539,6637.24922752601
Angle 49,16462.8819544622,6620.27989028631
Angle 49,16483.5762117112,6603.23073010931
Angle 49,16504.2482741225,6586.10185535994
Angle 49,16524.8981376644,6568.89337459788
Angle 49,16545.5257982537,6551.6053965771
Angle 49,16566.1312517575,6534.23803024543
Angle 49,16586.714493995,6516.79138474408
Angle 49,16607.2755207392,6499.26556940713
Angle 49,16627.8143277189,6481.66069376108
Angle 49,16648.33091062,6463.97686752424
Angle 49,16668.8252650877,6446.21420060625
Angle 49,16689.2973867281,6428.37280310746
Angle 49,16709.7472711096,6410.45278531839
Angle 49,16730.174913765,6392.45425771908
Angle 49,16750.580310193,6374.3773309785
Angle 49,16770.9634558598,6356.22211595389
Angle 49,16791.3243462011,6337.98872369011
Angle 49,16811.6629766232,6319.67726541894
Angle 49,16831.9793425052,6301.28785255844
Angle 49,16852.2734392,6282.82059671214
Angle 49,16872.5452620365,6264.27560966843
Angle 49,16892.7948063209,6245.65300339971
Angle 49,16913.0220673384,6226.95289006169
Angle 49,16933.2270403544,6208.17538199258
Angle 49,16953.4097206166,6189.32059171231
Angle 49,16973.5701033562,6170.38863192171
Angle 49,16993.7081837895,6151.37961550169
Angle 49,17013.8239571193,6132.29365551237
Angle 49,17033.9174185368,6113.13086519229
Angle 49,17053.9885632224,6093.89135795743
Angle 49,17074.0373863479,6074.57524740044
Angle 49,17094.0638830776,6055.18264728963
Angle 49,17114.0680485696,6035.71367156814
Angle 49,17134.0498779776,6016.16843435295
Angle 49,17154.009366452,5996.54704993395
Angle 49,17173.9465091416,5976.84963277301
Angle 49,17193.8613011948,5957.07629750296
Angle 49,17213.753737761,5937.22715892662
Angle 49,17233.623813992,5917.30233201584
Angle 49,17253.4715250435,5897.30193191041
Angle 49,17273.296866076,5877.22607391711
Angle 49,17293.0998322568,5857.07487350863
Angle 49,17312.8804187608,5836.84844632252
Angle 49,17332.638620772,5816.54690816015
Angle 49,17352.3744334848,5796.17037498561
Angle 49,17372.0878521051,5775.71896292466
Angle 49,17391.7788718519,5755.19278826358
Angle 49,17411.4474879584,5734.59196744809
Angle 49,17431.093695673,5713.91661708226
Angle 49,17450.7174902612,5693.16685392731
Angle 49,17470.3188670059,5672.34279490052
Angle 49,17489.8978212093,5651.44455707406
Angle 49,17509.454348194,5630.47225767383
Angle 49,17528.988443304,5609.42601407828
Angle 49,17548.5001019058,5588.30594381723
Angle 49,17567.98931939,5567.11216457069
Angle 49,17587.4560911719,5545.84479416762
Angle 49,17606.900412693,5524.50395058476
Angle 49,17626.3222794221,5503.08975194537
Angle 49,17645.7216868561,5481.60231651805
Angle 49,17665.0986305217,5460.04176271544
Angle 49,17684.4531059758,5438.408209093
Angle 49,17703.7851088069,5416.70177434776
Angle 49,17723.0946346365,5394.92257731705
Angle 49,17742.3816791195,5373.0707369772
Angle 49,17761.6462379456,5351.1463724423
Angle 49,17780.8883068404,5329.14960296289
Angle 49,17800.1078815663,5307.08054792463
Angle 49,17819.3049579235,5284.93932684706
Angle 49,17838.4795317509,5262.72605938223
Angle 49,17857.6315989274,5240.44086531343
Angle 49,17876.7611553726,5218.08386455379
Angle 49,17895.8681970477,5195.65517714503
Angle 49,17914.9527199568,5173.15492325608
Angle 49,17934.0147201474,5150.5832231817
Angle 49,17953.0541937118,5127.94019734119
Angle 49,17972.0711367877,5105.22596627698
Angle 49,17991.0655455589,5082.44065065331
Angle 49,18010.037416257,5059.58437125481
Angle 49,18028.9867451612,5036.65724898515
Angle 49,18047.9135286002,5013.65940486564
Angle 49,18066.8177629523,4990.59096003386
Angle 49,18085.6994446466,4967.45203574228
Angle 49,18104.5585701639,4944.2427533568
Angle 49,18123.3951360373,4920.96323435541
Angle 49,18142.2091388532,4897.61360032674
Angle 49,18161.0005752521,4874.19397296867
Angle 49,18179.7694419292,4850.70447408691
Angle 49,18198.5157356355,4827.14522559356
Angle 49,18217.2394531782,4803.51634950568
Angle 49,18235.9405914219,4779.8179679439
Angle 49,18254.6191472891,4756.05020313095
Angle 49,18273.2751177609,4732.2131773902
Angle 49,18291.9084998779,4708.30701314429
Angle 49,18310.5192907408,4684.33183291359
Angle 49,18329.1074875112,4660.28775931485
Angle 49,18347.6730874123,4636.17491505964
Angle 49,18366.2160877294,4611.993422953
Angle 49,18384.7364858111,4587.7434058919
Angle 49,18403.2342790694,4563.42498686382
Angle 49,18421.7094649806,4539.03828894526
Angle 49,18440.162041086,4514.58343530031
Angle 49,18458.5920049926,4490.06054917913
Angle 49,18476.9993543735,4465.46975391652
Angle 49,18495.3840869688,4440.81117293041
Angle 49,18513.7462005862,4416.08492972041
Angle 49,18532.0856931011,4391.29114786635
Angle 49,18550.4025624581,4366.42995102671
Angle 49,18568.6968066709,4341.50146293726
Angle 49,18586.9684238229,4316.50580740948
Angle 49,18605.2174120683,4291.44310832911
Angle 49,18623.4437696321,4266.31348965468
Angle 49,18641.647494811,4241.11707541598
Angle 49,18659.8285859737,4215.8539897126
Angle 49,18677.9870415616,4190.52435671245
Angle 49,18696.1228600895,4165.12830065024
Angle 49,18714.2360401455,4139.66594582597
Angle 49,18732.3265803923,4114.13741660351
Angle 49,18750.3944795672,4088.54283740903
Angle 49,18768.4397364826,4062.88233272955
Angle 49,18786.4623500267,4037.15602711142
Angle 49,18804.4623191639,4011.36404515884
Angle 49,18822.4396429353,3985.50651153238
Angle 49,18840.3943204588,3959.58355094742
Angle 49,18858.3263509302,3933.59528817275
Angle 49,18876.2357336232,3907.54184802899
Angle 49,18894.1224678898,3881.42335538713
Angle 49,18911.986553161,3855.23993516706
Angle 49,18929.827988947,3828.99171233602
Angle 49,18947.6467748378,3802.67881190715
Angle 49,18965.4429105032,3776.30135893797
Angle 49,18983.2163956938,3749.85947852892
Angle 49,19000.9672302409,3723.35329582182
Angle 49,19018.6954140571,3696.78293599842
Angle 49,19036.4009471365,3670.14852427891
Angle 49,19054.0838295553,3643.45018592039
Angle 49,19071.744061472,3616.68804621542
Angle 49,19089.3816431278,3589.86223049052
Angle 49,19106.9965748467,3562.97286410469
Angle 49,19124.5888570363,3536.02007244792
Angle 49,19142.1584901878,3509.00398093972
Angle 49,19159.7054748764,3481.92471502761
Angle 49,19177.2298117615,3454.78240018566
Angle 49,19194.7315015871,3427.57716191305
Angle 49,19212.2105451822,3400.30912573251
Angle 49,19229.666943461,3372.97841718892
Angle 49,19247.1006974229,3345.5851618478
Angle 49,19264.5118081534,3318.12948529387
Angle 49,19281.9002768237,3290.61151312953
Angle 49,19299.2661046913,3263.03137097347
Angle 49,19316.6092931004,3235.38918445913
Angle 49,19333.9298434818,3207.6850792333
Angle 49,19351.2277573533,3179.91918095464
Angle 49,19368.5030363199,3152.0916152922
Angle 49,19385.7556820741,3124.202507924
Angle 49,19402.9856963961,3096.25198453558
Angle 49,19420.1930811539,3068.24017081852
Angle 49,19437.3778383036,3040.16719246902
Angle 49,19454.5399698897,3012.03317518648
Angle 49,19471.6794780449,2983.83824467201
Angle 49,19488.7963649908,2955.58252662703
Angle 49,19505.8906330378,2927.2661467518
Angle 49,19522.9622845852,2898.88923074407
Angle 49,19540.0113221216,2870.45190429755
Angle 49,19557.0377482249,2841.95429310057
Angle 49,19574.0415655625,2813.3965228346
Angle 49,19591.0227768913,2784.77871917289
Angle 49,19607.9813850583,2756.101007779
Angle 49,19624.917393,2727.36351430544
Angle 49,19641.8308037433,2698.56636439223
Angle 49,19658.7216204051,2669.70968366551
Angle 49,19675.5898461926,2640.79359773615
Angle 49,19692.4354844034,2611.81823219834
Angle 49,19709.2585384258,2582.78371262821
Angle 49,19726.0590117384,2553.69016458243
Angle 49,19742.8369079107,2524.53771359684
Angle 49,19759.5922306029,2495.32648518506
Angle 49,19776.3249835662,2466.05660483714
Angle 49,19793.0351706426,2436.72819801814
Angle 49,19809.7227957653,2407.34139016681
Angle 49,19826.3878629585,2377.89630669421
Angle 49,19843.0303763375,2348.39307298235
Angle 49,19859.650340109,2318.83181438281
Angle 49,19876.2477585708,2289.21265621547
Angle 49,19892.822636112,2259.53572376705
Angle 49,19909.3749772133,2229.80114228987
Angle 49,19925.9047864465,2200.00903700045
Angle 49,19942.412068475,2170.15953307822
Angle 49,19958.8968280537,2140.25275566414
Angle 49,19975.3590700287,2110.28882985945
Angle 49,19991.7987993379,2080.26788072427
Angle 49,20008.2160210106,2050.19003327634
Angle 49,20024.6107401674,2020.05541248972
Angle 49,20040.9829620207,1989.86414329343
Angle 49,20057.3326918743,1959.61635057019
Angle 49,20073.6599351234,1929.31215915512
Angle 49,20089.9646972549,1898.95169383446
Angle 49,20106.2469838469,1868.53507934427
Angle 49,20122.5068005692,1838.06244036912
Angle 49,20138.7441531828,1807.53390154089
Angle 49,20154.9590475403,1776.94958743745
Angle 49,20171.1514895854,1746.30962258137
Angle 49,20187.3214853534,1715.61413143873
Angle 49,20203.4690409707,1684.86323841781
Angle 49,20219.5941626549,1654.05706786786
Angle 49,20235.6968567148,1623.19574407786
Angle 49,20251.7771295504,1592.27939127527
Angle 49,20267.8349876527,1561.30813362479
Angle 49,20283.8704376035,1530.28209522717
Angle 49,20299.8834860759,1499.20140011793
Angle 49,20315.8741398336,1468.06617226618
Angle 49,20331.842405731,1436.87653557341
Angle 49,20347.7882907133,1405.63261387225
Angle 49,20363.7118018164,1374.33453092531
Angle 49,20379.6129461665,1342.98241042394
Angle 49,20395.4917309802,1311.57637598708
Angle 49,20411.3481635648,1280.11655116005
Angle 49,20427.1822513174,1248.60305941337
Angle 49,20442.9940017253,1217.0360241416
Angle 49,20458.7834223661,1185.41556866217
Angle 49,20474.5505209069,1153.74181621419
Angle 49,20490.2953051048,1122.01488995732
Angle 49,20506.0177828065,1090.23491297064
Angle 49,20521.7179619484,1058.40200825142
Angle 49,20537.395850556,1026.51629871409
Angle 49,20553.0514567444,994.577907189008
Angle 49,20568.6847887177,962.586956421392
Angle 49,20584.2958547689,930.543569070176
Angle 49,20599.8846632802,898.447867706889
Angle 49,20615.4512227223,866.299974814552
Angle 49,20630.9955416544,834.100012786566
Angle 49,20646.5176287244,801.848103925614
Angle 49,20662.0174926684,769.544370442567
Angle 49,20677.4951423104,737.188934455397
Angle 49,20692.9505865628,704.781917988089
Angle 49,20708.3838344255,672.323442969572
Angle 49,20723.7948949861,639.813631232642
Angle 49,20739.1837774196,607.252604512901
Angle 49,20754.5504909886,574.640484447695
Angle 49,20769.8950450426,541.977392575063
Angle 49,20785.217449018,509.263450332691
Angle 49,20800.5177124382,476.498779056869
Angle 49,20815.795844913,443.683499981455
Angle 49,20831.0518561387,410.817734236849
Angle 49,20846.2857558978,377.901602848969
Angle 49,20861.4975540589,344.935226738231
Angle 49,20876.6872605763,311.918726718542
Angle 49,20891.8548854901,278.852223496293
Angle 49,20907.0004389257,245.73583766936
Angle 49,20922.1239310939,212.569689726111
Angle 49,20937.2253722903,179.353900044419
Angle 49,20952.3047728956,146.088588890684
Angle 49,20967.3621433751,112.773876418852
Angle 49,20982.3974942782,79.4098826694548
Angle 49,20997.4108362388,45.9967275686387
Angle 49,21012.4021799748,12.5345309272142
Angle 49,21018.0013323795,0
Angle 50,0,0
Angle 50,44.8691463065592,53.3749663074771
Angle 50,89.6131454637987,106.503061387658
Angle 50,134.232828816911,159.385546464574
Angle 50,178.729019932112,212.023670654597
Angle 50,223.102534693124,264.418671115934
Angle 50,267.354181396153,316.571773195801
Angle 50,311.484760843397,368.484190575326
Angle 50,355.495066435108,420.157125412212
Angle 50,399.385884260229,471.59176848121
Angle 50,443.157993185647,522.789299312434
Angle 50,486.812164944069,573.750886327569
Angle 50,530.349164220561,624.477686974
Angle 50,573.76974873777,674.970847856906
Angle 50,617.074669339842,725.231504869348
Angle 50,660.264670075082,775.260783320405
Angle 50,703.340488277355,825.059798061373
Angle 50,746.302854646268,874.629653610068
Angle 50,789.152493326146,923.971444273282
Angle 50,831.890121983825,973.086254267397
Angle 50,874.516451885285,1021.97515783722
Angle 50,917.032187971143,1070.63921937305
Angle 50,959.438028931022,1119.07949352601
Angle 50,1001.73466727683,1167.29702532169
Angle 50,1043.92278941493,1215.29285027209
Angle 50,1086.00307571731,1263.06799448602
Angle 50,1127.97620059162,1310.6234747777
Angle 50,1169.84283255025,1357.96029877401
Angle 50,1211.60363427839,1405.07946501999
Angle 50,1253.25926270109,1451.98196308292
Angle 50,1294.81036904933,1498.66877365486
Angle 50,1336.25759892518,1545.14086865371
Angle 50,1377.60159236596,1591.39921132287
Angle 50,1418.84298390754,1637.44475632938
Angle 50,1459.98240264668,1683.27844986074
Angle 50,1501.02047230252,1728.90122972034
Angle 50,1541.95781127714,1774.3140254215
Angle 50,1582.79503271532,1819.51775828022
Angle 50,1623.53274456339,1864.51334150658
Angle 50,1664.17154962732,1909.3016802949
Angle 50,1704.71204562989,1953.88367191261
Angle 50,1745.15482526719,1998.26020578788
Angle 50,1785.50047626416,2042.43216359603
Angle 50,1825.74958142952,2086.40041934471
Angle 50,1865.9027187098,2130.16583945798
Angle 50,1905.9604612427,2173.72928285913
Angle 50,1945.92337740968,2217.09160105243
Angle 50,1985.79203088778,2260.25363820368
Angle 50,2025.56698070084,2303.21623121978
Angle 50,2065.24878126986,2345.98020982706
Angle 50,2104.8379824628,2388.54639664866
Angle 50,2144.33512964361,2430.91560728079
Angle 50,2183.74076372064,2473.08865036801
Angle 50,2223.05542119436,2515.06632767744
Angle 50,2262.27963420444,2556.84943417199
Angle 50,2301.41393057621,2598.43875808262
Angle 50,2340.45883386645,2639.83508097962
Angle 50,2379.41486340859,2681.03917784292
Angle 50,2418.2825343573,2722.05181713148
Angle 50,2457.06235773248,2762.87376085177
Angle 50,2495.75484046261,2803.5057646253
Angle 50,2534.36048542764,2843.94857775532
Angle 50,2572.87979150117,2884.20294329256
Angle 50,2611.31325359215,2924.26959810017
Angle 50,2649.66136268602,2964.1492729178
Angle 50,2687.92460588528,3003.84269242479
Angle 50,2726.10346644952,3043.35057530261
Angle 50,2764.19842383496,3082.67363429641
Angle 50,2802.20995373343,3121.81257627588
Angle 50,2840.13852811088,3160.76810229516
Angle 50,2877.98461524532,3199.54090765215
Angle 50,2915.74867976435,3238.13168194693
Angle 50,2953.43118268212,3276.54110913951
Angle 50,2991.03258143588,3314.76986760676
Angle 50,3028.55332992196,3352.81863019873
Angle 50,3065.99387853143,3390.68806429411
Angle 50,3103.35467418515,3428.3788318551
Angle 50,3140.63616036845,3465.89158948154
Angle 50,3177.83877716535,3503.22698846436
Angle 50,3214.96296129235,3540.38567483832
Angle 50,3252.00914613174,3577.36828943418
Angle 50,3288.97776176458,3614.17546793013
Angle 50,3325.86923500313,3650.8078409026
Angle 50,3362.68398942299,3687.26603387644
Angle 50,3399.42244539474,3723.55066737451
Angle 50,3436.08502011526,3759.6623569666
Angle 50,3472.67212763858,3795.60171331776
Angle 50,3509.18417890638,3831.36934223607
Angle 50,3545.62158177813,3866.96584471976
Angle 50,3581.98474106077,3902.39181700383
Angle 50,3618.27405853811,3937.64785060603
Angle 50,3654.48993299983,3972.73453237229
Angle 50,3690.63276027007,4007.65244452165
Angle 50,3726.70293323574,4042.40216469058
Angle 50,3762.70084187441,4076.9842659768
Angle 50,3798.62687328195,4111.39931698256
Angle 50,3834.48141169969,4145.6478818574
Angle 50,3870.26483854137,4179.73052034039
Angle 50,3905.97753241968,4213.64778780188
Angle 50,3941.61986917254,4247.40023528474
Angle 50,3977.19222188897,4280.98840954509
Angle 50,4012.69496093472,4314.4128530926
Angle 50,4048.12845397758,4347.67410423025
Angle 50,4083.49306601229,4380.77269709367
Angle 50,4118.78915938531,4413.70916168997
Angle 50,4154.01709381911,4446.48402393616
Angle 50,4189.17722643631,4479.09780569707
Angle 50,4224.26991178343,4511.55102482289
Angle 50,4259.29550185442,4543.84419518622
Angle 50,4294.25434611386,4575.97782671867
Angle 50,4329.1467915199,4607.95242544714
Angle 50,4363.97318254693,4639.76849352954
Angle 50,4398.73386120795,4671.42652929022
Angle 50,4433.42916707674,4702.92702725492
Angle 50,4468.05943730965,4734.27047818531
Angle 50,4502.62500666724,4765.45736911323
Angle 50,4537.12620753562,4796.4881833744
Angle 50,4571.56336994751,4827.36340064189
Angle 50,4605.93682160311,4858.08349695908
Angle 50,4640.24688789066,4888.64894477231
Angle 50,4674.49389190678,4919.06021296322
Angle 50,4708.67815447661,4949.31776688057
Angle 50,4742.79999417364,4979.42206837189
Angle 50,4776.85972733936,5009.37357581459
Angle 50,4810.85766810266,5039.17274414688
Angle 50,4844.794128399,5068.82002489825
Angle 50,4878.66941798938,5098.31586621966
Angle 50,4912.48384447905,5127.66071291333
Angle 50,4946.237713336,5156.85500646231
Angle 50,4979.9313279093,5185.89918505961
Angle 50,5013.56498944715,5214.79368363709
Angle 50,5047.13899711477,5243.53893389399
Angle 50,5080.65364801202,5272.13536432516
Angle 50,5114.10923719092,5300.58340024902
Angle 50,5147.50605767286,5328.88346383512
Angle 50,5180.84440046569,5357.03597413152
Angle 50,5214.12455458054,5385.0413470918
Angle 50,5247.34680704853,5412.89999560176
Angle 50,5280.51144293721,5440.61232950594
Angle 50,5313.61874536687,5468.17875563372
Angle 50,5346.66899552662,5495.59967782526
Angle 50,5379.6624726903,5522.87549695706
Angle 50,5412.59945423225,5550.00661096734
Angle 50,5445.4802156428,5576.9934148811
Angle 50,5478.30503054371,5603.83630083491
Angle 50,5511.07417070333,5630.53565810149
Angle 50,5543.78790605161,5657.09187311396
Angle 50,5576.446504695,5683.50532948989
Angle 50,5609.05023293113,5709.77640805512
Angle 50,5641.59935526329,5735.90548686722
Angle 50,5674.09413441483,5761.89294123886
Angle 50,5706.53483134332,5787.7391437608
Angle 50,5738.92170525463,5813.44446432476
Angle 50,5771.25501361674,5839.00927014596
Angle 50,5803.53501217351,5864.43392578548
Angle 50,5835.76195495824,5889.71879317238
Angle 50,5867.93609430705,5914.86423162563
Angle 50,5900.05768087217,5939.87059787572
Angle 50,5932.12696363505,5964.73824608616
Angle 50,5964.14418991931,5989.46752787472
Angle 50,5996.10960540357,6014.05879233444
Angle 50,6028.02345413413,6038.51238605445
Angle 50,6059.88597853751,6062.82865314057
Angle 50,6091.69741943283,6087.00793523574
Angle 50,6123.45801604407,6111.05057154018
Angle 50,6155.16800601222,6134.95689883143
Angle 50,6186.82762540722,6158.72725148413
Angle 50,6218.43710873986,6182.36196148964
Angle 50,6249.99668897347,6205.86135847545
Angle 50,6281.50659753551,6229.22576972444
Angle 50,6312.96706432906,6252.45552019386
Angle 50,6344.37831774413,6275.55093253425
Angle 50,6375.7405846689,6298.51232710808
Angle 50,6407.05409050077,6321.34002200827
Angle 50,6438.31905915736,6344.0343330765
Angle 50,6469.53571308733,6366.59557392134
Angle 50,6500.70427328112,6389.02405593624
Angle 50,6531.82495928155,6411.32008831734
Angle 50,6562.89798919431,6433.48397808109
Angle 50,6593.92357969833,6455.51603008171
Angle 50,6624.90194605605,6477.41654702853
Angle 50,6655.83330212357,6499.18582950309
Angle 50,6686.71786036068,6520.82417597616
Angle 50,6717.55583184079,6542.33188282456
Angle 50,6748.34742626073,6563.70924434782
Angle 50,6779.09285195051,6584.95655278468
Angle 50,6809.79231588286,6606.07409832953
Angle 50,6840.4460236828,6627.06216914855
Angle 50,6871.05417963697,6647.92105139584
Angle 50,6901.61698670297,6668.65102922928
Angle 50,6932.13464651854,6689.2523848264
Angle 50,6962.60735941065,6709.72539839996
Angle 50,6993.03532440447,6730.07034821345
Angle 50,7023.41873923234,6750.2875105965
Angle 50,7053.75780034247,6770.37715996008
Angle 50,7084.05270290773,6790.33956881157
Angle 50,7114.30364083421,6810.17500776978
Angle 50,7144.51080676975,6829.88374557973
Angle 50,7174.67439211236,6849.46604912738
Angle 50,7204.79458701859,6868.9221834542
Angle 50,7234.87158041169,6888.25241177162
Angle 50,7264.90555998986,6907.45699547534
Angle 50,7294.89671223425,6926.53619415956
Angle 50,7324.84522241695,6945.49026563104
Angle 50,7354.75127460891,6964.31946592309
Angle 50,7384.61505168773,6983.02404930938
Angle 50,7414.43673534536,7001.60426831769
Angle 50,7444.2165060958,7020.06037374355
Angle 50,7473.95454328257,7038.39261466371
Angle 50,7503.6510250863,7056.60123844952
Angle 50,7533.30612853201,7074.68649078026
Angle 50,7562.92002949652,7092.64861565627
Angle 50,7592.49290271563,7110.48785541205
Angle 50,7622.02492179132,7128.20445072918
Angle 50,7651.51625919879,7145.79864064921
Angle 50,7680.96708629352,7163.27066258642
Angle 50,7710.37757331818,7180.62075234043
Angle 50,7739.74788940946,7197.84914410879
Angle 50,7769.07820260494,7214.95607049943
Angle 50,7798.36867984969,7231.94176254299
Angle 50,7827.619487003,7248.8064497051
Angle 50,7856.83078884495,7265.55035989857
Angle 50,7886.00274908284,7282.17371949539
Angle 50,7915.13553035769,7298.67675333879
Angle 50,7944.22929425059,7315.05968475507
Angle 50,7973.28420128899,7331.32273556544
Angle 50,8002.30041095293,7347.46612609769
Angle 50,8031.27808168119,7363.49007519784
Angle 50,8060.21737087742,7379.39480024167
Angle 50,8089.11843491616,7395.18051714616
Angle 50,8117.98142914881,7410.84744038089
Angle 50,8146.80650790953,7426.39578297927
Angle 50,8175.5938245211,7441.82575654979
Angle 50,8204.3435313007,7457.13757128714
Angle 50,8233.05577956562,7472.3314359832
Angle 50,8261.73071963896,7487.40755803808
Angle 50,8290.36850085518,7502.36614347096
Angle 50,8318.9692715657,7517.2073969309
Angle 50,8347.53317914435,7531.93152170759
Angle 50,8376.06036999281,7546.53871974202
Angle 50,8404.55098954599,7561.02919163706
Angle 50,8433.00518227734,7575.40313666795
Angle 50,8461.42309170414,7589.66075279279
Angle 50,8489.80486039265,7603.80223666288
Angle 50,8518.15062996331,7617.82778363307
Angle 50,8546.46054109586,7631.73758777193
Angle 50,8574.7347335343,7645.53184187199
Angle 50,8602.973346092,7659.21073745979
Angle 50,8631.17651665655,7672.77446480596
Angle 50,8659.34438219471,7686.22321293518
Angle 50,8687.47707875724,7699.55716963607
Angle 50,8715.57474148368,7712.77652147107
Angle 50,8743.63750460711,7725.88145378622
Angle 50,8771.66550145886,7738.87215072087
Angle 50,8799.65886447313,7751.74879521734
Angle 50,8827.61772519161,7764.51156903058
Angle 50,8855.54221426803,7777.16065273765
Angle 50,8883.4324614727,7789.69622574725
Angle 50,8911.28859569693,7802.11846630913
Angle 50,8939.11074495746,7814.4275515235
Angle 50,8966.89903640088,7826.62365735034
Angle 50,8994.65359630792,7838.70695861863
Angle 50,9022.37455009775,7850.67762903562
Angle 50,9050.06202233222,7862.53584119598
Angle 50,9077.71613672011,7874.28176659088
Angle 50,9105.33701612123,7885.91557561706
Angle 50,9132.92478255059,7897.43743758587
Angle 50,9160.47955718249,7908.8475207322
Angle 50,9188.00146035452,7920.14599222336
Angle 50,9215.49061157161,7931.33301816802
Angle 50,9242.94712950998,7942.40876362493
Angle 50,9270.37113202106,7953.37339261177
Angle 50,9297.7627361354,7964.22706811379
Angle 50,9325.12205806653,7974.96995209255
Angle 50,9352.44921321476,7985.60220549452
Angle 50,9379.74431617096,7996.12398825965
Angle 50,9407.00748072033,8006.53545932994
Angle 50,9434.23881984612,8016.83677665789
Angle 50,9461.43844573327,8027.02809721502
Angle 50,9488.60646977208,8037.10957700022
Angle 50,9515.74300256185,8047.08137104817
Angle 50,9542.84815391441,8056.94363343763
Angle 50,9569.92203285768,8066.69651729974
Angle 50,9596.96474763922,8076.34017482628
Angle 50,9623.97640572968,8085.87475727789
Angle 50,9650.95711382628,8095.30041499222
Angle 50,9677.9069778562,8104.61729739204
Angle 50,9704.82610298001,8113.82555299342
Angle 50,9731.71459359502,8122.92532941369
Angle 50,9758.57255333862,8131.91677337955
Angle 50,9785.40008509159,8140.80003073497
Angle 50,9812.19729098138,8149.57524644924
Angle 50,9838.96427238536,8158.24256462479
Angle 50,9865.70112993407,8166.80212850513
Angle 50,9892.40796351437,8175.25408048269
Angle 50,9919.08487227269,8183.59856210661
Angle 50,9945.7319546181,8191.83571409057
Angle 50,9972.34930822551,8199.96567632046
Angle 50,9998.93703003873,8207.98858786217
Angle 50,10025.4952162735,8215.90458696925
Angle 50,10052.0239624208,8223.71381109052
Angle 50,10078.5233632493,8231.41639687778
Angle 50,10104.9935128092,8239.0124801933
Angle 50,10131.4345044344,8246.50219611745
Angle 50,10157.8464307461,8253.88567895622
Angle 50,10184.2293836552,8261.16306224868
Angle 50,10210.5834543658,8268.3344787745
Angle 50,10236.9087333777,8275.40006056137
Angle 50,10263.2053104892,8282.3599388924
Angle 50,10289.4732748004,8289.21424431354
Angle 50,10315.7127147157,8295.96310664091
Angle 50,10341.9237179467,8302.60665496815
Angle 50,10368.1063715151,8309.14501767368
Angle 50,10394.2607617554,8315.57832242804
Angle 50,10420.3869743177,8321.9066962011
Angle 50,10446.4850941705,8328.13026526927
Angle 50,10472.5552056033,8334.24915522274
Angle 50,10498.5973922296,8340.26349097259
Angle 50,10524.6117369892,8346.17339675801
Angle 50,10550.5983221513,8351.97899615336
Angle 50,10576.5572293171,8357.68041207527
Angle 50,10602.4885394222,8363.27776678975
Angle 50,10628.3923327395,8368.77118191918
Angle 50,10654.2686888819,8374.16077844936
Angle 50,10680.1176868046,8379.44667673653
Angle 50,10705.939404808,8384.62899651427
Angle 50,10731.7339205403,8389.70785690052
Angle 50,10757.501311,8394.68337640446
Angle 50,10783.2416525383,8399.55567293343
Angle 50,10808.9550208622,8404.3248637998
Angle 50,10834.6414910365,8408.9910657278
Angle 50,10860.3011374865,8413.5543948604
Angle 50,10885.9340340007,8418.01496676608
Angle 50,10911.5402537334,8422.3728964456
Angle 50,10937.1198692068,8426.62829833882
Angle 50,10962.6729523139,8430.78128633137
Angle 50,10988.1995743209,8434.83197376141
Angle 50,11013.6998058694,8438.78047342629
Angle 50,11039.1737169795,8442.62689758927
Angle 50,11064.6213770518,8446.37135798611
Angle 50,11090.0428548699,8450.01396583174
Angle 50,11115.4382186031,8453.55483182682
Angle 50,11140.8075358088,8456.99406616438
Angle 50,11166.1508734346,8460.33177853631
Angle 50,11191.4682978212,8463.56807813997
Angle 50,11216.7598747049,8466.70307368463
Angle 50,11242.0256692195,8469.73687339802
Angle 50,11267.2657458991,8472.66958503277
Angle 50,11292.4801686807,8475.50131587288
Angle 50,11317.6690009061,8478.23217274013
Angle 50,11342.8323053249,8480.86226200046
Angle 50,11367.9701440965,8483.39168957042
Angle 50,11393.0825787928,8485.82056092348
Angle 50,11418.1696704004,8488.14898109635
Angle 50,11443.2314793231,8490.37705469536
Angle 50,11468.2680653843,8492.50488590268
Angle 50,11493.2794878294,8494.53257848267
Angle 50,11518.2658053284,8496.46023578804
Angle 50,11543.2270759779,8498.28796076616
Angle 50,11568.1633573038,8500.0158559652
Angle 50,11593.0747062637,8501.64402354034
Angle 50,11617.9611792493,8503.17256525993
Angle 50,11642.8228320885,8504.60158251163
Angle 50,11667.6597200484,8505.93117630849
Angle 50,11692.471897837,8507.16144729509
Angle 50,11717.2594196062,8508.29249575355
Angle 50,11742.0223389538,8509.32442160964
Angle 50,11766.7607089263,8510.25732443873
Angle 50,11791.4745820209,8511.09130347184
Angle 50,11816.1640101881,8511.82645760159
Angle 50,11840.8290448341,8512.46288538816
Angle 50,11865.4697368233,8513.0006850652
Angle 50,11890.0861364805,8513.43995454576
Angle 50,11914.6782935936,8513.78079142814
Angle 50,11939.2462574158,8514.02329300175
Angle 50,11963.790076668,8514.16755625296
Angle 50,11988.3097995414,8514.21367787087
Angle 50,12012.8054736999,8514.16175425313
Angle 50,12037.2771462824,8514.01188151167
Angle 50,12061.7248639052,8513.76415547842
Angle 50,12086.1486726649,8513.41867171105
Angle 50,12110.5486181401,8512.97552549863
Angle 50,12134.9247453946,8512.43481186727
Angle 50,12159.2770989791,8511.79662558578
Angle 50,12183.6057229343,8511.06106117123
Angle 50,12207.9106607932,8510.22821289459
Angle 50,12232.1919555833,8509.2981747862
Angle 50,12256.4496498292,8508.27104064136
Angle 50,12280.6837855553,8507.14690402579
Angle 50,12304.8944042879,8505.92585828112
Angle 50,12329.0815470581,8504.60799653032
Angle 50,12353.2452544037,8503.19341168311
Angle 50,12377.3855663725,8501.68219644137
Angle 50,12401.5025225241,8500.07444330447
Angle 50,12425.5961619326,8498.37024457463
Angle 50,12449.6665231892,8496.56969236219
Angle 50,12473.713644405,8494.67287859093
Angle 50,12497.7375632127,8492.67989500328
Angle 50,12521.73831677,8490.59083316554
Angle 50,12545.7159417615,8488.4057844731
Angle 50,12569.6704744017,8486.12484015555
Angle 50,12593.6019504371,8483.74809128186
Angle 50,12617.5104051493,8481.27562876544
Angle 50,12641.395873357,8478.70754336922
Angle 50,12665.2583894187,8476.04392571073
Angle 50,12689.0979872356,8473.28486626702
Angle 50,12712.9147002538,8470.43045537974
Angle 50,12736.708561467,8467.48078326003
Angle 50,12760.4796034191,8464.43593999342
Angle 50,12784.2278582067,8461.29601554477
Angle 50,12807.9533574819,8458.06109976309
Angle 50,12831.6561324547,8454.73128238638
Angle 50,12855.3362138956,8451.30665304638
Angle 50,12878.9936321383,8447.78730127337
Angle 50,12902.6284170822,8444.17331650091
Angle 50,12926.2405981955,8440.46478807046
Angle 50,12949.8302045168,8436.66180523611
Angle 50,12973.397264659,8432.76445716918
Angle 50,12996.9418068108,8428.77283296283
Angle 50,13020.4638587401,8424.68702163658
Angle 50,13043.9634477965,8420.50711214089
Angle 50,13067.4406009135,8416.23319336161
Angle 50,13090.8953446119,8411.86535412447
Angle 50,13114.3277050017,8407.40368319949
Angle 50,13137.7377077853,8402.84826930537
Angle 50,13161.1253782601,8398.19920111385
Angle 50,13184.490741321,8393.45656725403
Angle 50,13207.8338214631,8388.62045631665
Angle 50,13231.1546427845,8383.69095685837
Angle 50,13254.4532289891,8378.66815740595
Angle 50,13277.7296033888,8373.55214646043
Angle 50,13300.9837889068,8368.34301250131
Angle 50,13324.2158080801,8363.04084399064
Angle 50,13347.425683062,8357.64572937708
Angle 50,13370.6134356249,8352.15775709995
Angle 50,13393.7790871633,8346.57701559323
Angle 50,13416.9226586961,8340.90359328953
Angle 50,13440.0441708696,8335.13757862399
Angle 50,13463.1436439603,8329.27906003823
Angle 50,13486.2210978772,8323.32812598412
Angle 50,13509.2765521649,8317.28486492767
Angle 50,13532.3100260064,8311.14936535279
Angle 50,13555.3215382256,8304.92171576499
Angle 50,13578.31110729,8298.60200469517
Angle 50,13601.2787513137,8292.19032070318
Angle 50,13624.22448806,8285.68675238157
Angle 50,13647.1483349441,8279.09138835907
Angle 50,13670.050309036,8272.40431730422
Angle 50,13692.930427063,8265.62562792886
Angle 50,13715.7887054129,8258.75540899162
Angle 50,13738.6251601362,8251.79374930132
Angle 50,13761.4398069493,8244.74073772045
Angle 50,13784.2326612369,8237.59646316844
Angle 50,13807.0037380551,8230.36101462508
Angle 50,13829.753052134,8223.03448113374
Angle 50,13852.4806178804,8215.61695180464
Angle 50,13875.1864493805,8208.10851581807
Angle 50,13897.8705604031,8200.50926242755
Angle 50,13920.5329644017,8192.81928096297
Angle 50,13943.1736745177,8185.03866083368
Angle 50,13965.7927035833,8177.16749153155
Angle 50,13988.3900641238,8169.205862634
Angle 50,14010.9657683604,8161.15386380694
Angle 50,14033.5198282135,8153.01158480776
Angle 50,14056.0522553049,8144.77911548819
Angle 50,14078.5630609607,8136.45654579719
Angle 50,14101.0522562143,8128.04396578375
Angle 50,14123.5198518087,8119.54146559971
Angle 50,14145.9658581997,8110.94913550246
Angle 50,14168.3902855584,8102.26706585769
Angle 50,14190.7931437738,8093.49534714202
Angle 50,14213.1744424562,8084.63406994568
Angle 50,14235.534190939,8075.68332497503
Angle 50,14257.8723982822,8066.64320305518
Angle 50,14280.1890732747,8057.51379513248
Angle 50,14302.4842244374,8048.29519227697
Angle 50,14324.7578600255,8038.98748568486
Angle 50,14347.0099880316,8029.5907666809
Angle 50,14369.2406161881,8020.10512672074
Angle 50,14391.4497519702,8010.53065739325
Angle 50,14413.6374025986,8000.86745042283
Angle 50,14435.803575042,7991.11559767163
Angle 50,14457.9482760197,7981.27519114174
Angle 50,14480.0715120049,7971.34632297739
Angle 50,14502.1732892268,7961.32908546708
Angle 50,14524.2536136734,7951.22357104565
Angle 50,14546.3124910947,7941.02987229635
Angle 50,14568.3499270044,7930.74808195283
Angle 50,14590.3659266836,7920.37829290118
Angle 50,14612.3604951827,7909.92059818179
Angle 50,14634.3336373247,7899.37509099131
Angle 50,14656.2853577072,7888.74186468452
Angle 50,14678.2156607055,7878.02101277611
Angle 50,14700.1245504753,7867.21262894252
Angle 50,14722.0120309549,7856.31680702366
Angle 50,14743.8781058682,7845.33364102468
Angle 50,14765.7227787273,7834.26322511757
Angle 50,14787.5460528349,7823.1056536429
Angle 50,14809.3479312872,7811.86102111132
Angle 50,14831.1284169762,7800.52942220526
Angle 50,14852.8875125924,7789.11095178034
Angle 50,14874.6252206277,7777.60570486695
Angle 50,14896.3415433775,7766.0137766717
Angle 50,14918.0364829436,7754.33526257882
Angle 50,14939.7100412364,7742.57025815159
Angle 50,14961.3622199779,7730.71885913365
Angle 50,14982.9930207041,7718.7811614504
Angle 50,15004.6024447674,7706.75726121018
Angle 50,15026.1904933392,7694.64725470563
Angle 50,15047.7571674124,7682.45123841482
Angle 50,15069.302467804,7670.1693090025
Angle 50,15090.8263951576,7657.80156332119
Angle 50,15112.3289499457,7645.34809841235
Angle 50,15133.8101324724,7632.80901150743
Angle 50,15155.2699428758,7620.1844000289
Angle 50,15176.7083811304,7607.47436159131
Angle 50,15198.1254470497,7594.67899400222
Angle 50,15219.5211402885,7581.79839526319
Angle 50,15240.8954603453,7568.83266357067
Angle 50,15262.2484065651,7555.78189731688
Angle 50,15283.5799781413,7542.64619509066
Angle 50,15304.8901741182,7529.4256556783
Angle 50,15326.1789933938,7516.1203780643
Angle 50,15347.4464347218,7502.73046143215
Angle 50,15368.692496714,7489.25600516502
Angle 50,15389.9171778429,7475.69710884648
Angle 50,15411.1204764437,7462.05387226113
Angle 50,15432.302390717,7448.32639539523
Angle 50,15453.4629187307,7434.51477843733
Angle 50,15474.6020584228,7420.61912177877
Angle 50,15495.7198076034,7406.63952601428
Angle 50,15516.816163957,7392.57609194245
Angle 50,15537.8911250449,7378.4289205662
Angle 50,15558.9446883074,7364.19811309325
Angle 50,15579.976851066,7349.88377093652
Angle 50,15600.9876105259,7335.48599571448
Angle 50,15621.9769637779,7321.0048892516
Angle 50,15642.9449078007,7306.44055357858
Angle 50,15663.8914394634,7291.79309093269
Angle 50,15684.8165555274,7277.06260375807
Angle 50,15705.7202526485,7262.24919470592
Angle 50,15726.6025273795,7247.35296663473
Angle 50,15747.4633761719,7232.3740226105
Angle 50,15768.3027953784,7217.31246590688
Angle 50,15789.1207812547,7202.16840000526
Angle 50,15809.917329962,7186.94192859496
Angle 50,15830.692437569,7171.63315557324
Angle 50,15851.4461000535,7156.24218504539
Angle 50,15872.1783133054,7140.76912132473
Angle 50,15892.889073128,7125.21406893264
Angle 50,15913.5783752405,7109.57713259851
Angle 50,15934.2462152797,7093.85841725971
Angle 50,15954.8925888024,7078.05802806151
Angle 50,15975.5174912872,7062.17607035695
Angle 50,15996.1209181366,7046.21264970677
Angle 50,16016.7028646788,7030.1678718792
Angle 50,16037.26332617,7014.04184284985
Angle 50,16057.8022977963,6997.83466880144
Angle 50,16078.3197746753,6981.54645612364
Angle 50,16098.8157518586,6965.17731141281
Angle 50,16119.2902243331,6948.7273414717
Angle 50,16139.7431870236,6932.1966533092
Angle 50,16160.1746347943,6915.58535414
Angle 50,16180.5845624506,6898.89355138426
Angle 50,16200.9729647413,6882.12135266725
Angle 50,16221.3398363602,6865.26886581898
Angle 50,16241.6851719482,6848.33619887379
Angle 50,16262.0089660949,6831.32346006991
Angle 50,16282.3112133405,6814.23075784905
Angle 50,16302.5919081777,6797.05820085588
Angle 50,16322.8510450534,6779.80589793761
Angle 50,16343.0886183705,6762.47395814342
Angle 50,16363.3046224898,6745.06249072397
Angle 50,16383.4990517315,6727.57160513085
Angle 50,16403.6719003773,6710.00141101597
Angle 50,16423.8231626718,6692.35201823104
Angle 50,16443.9528328242,6674.62353682689
Angle 50,16464.0609050106,6656.81607705291
Angle 50,16484.1473733748,6638.92974935635
Angle 50,16504.2122320307,6620.96466438169
Angle 50,16524.2554750635,6602.92093296994
Angle 50,16544.2770965318,6584.79866615795
Angle 50,16564.2770904688,6566.5979751777
Angle 50,16584.2554508841,6548.31897145552
Angle 50,16604.2121717656,6529.96176661138
Angle 50,16624.1472470803,6511.52647245812
Angle 50,16644.0606707771,6493.01320100061
Angle 50,16663.9524367871,6474.42206443503
Angle 50,16683.822539026,6455.75317514794
Angle 50,16703.6709713954,6437.00664571555
Angle 50,16723.4977277844,6418.18258890279
Angle 50,16743.3028020708,6399.28111766246
Angle 50,16763.0861881231,6380.30234513438
Angle 50,16782.8478798016,6361.24638464442
Angle 50,16802.5878709602,6342.11334970364
Angle 50,16822.3061554475,6322.90335400734
Angle 50,16842.0027271086,6303.6165114341
Angle 50,16861.6775797862,6284.25293604484
Angle 50,16881.3307073226,6264.81274208184
Angle 50,16900.9621035604,6245.29604396773
Angle 50,16920.5717623443,6225.70295630451
Angle 50,16940.1596775226,6206.03359387253
Angle 50,16959.7258429483,6186.28807162943
Angle 50,16979.2702524805,6166.46650470914
Angle 50,16998.792899986,6146.5690084208
Angle 50,17018.2937793403,6126.59569824768
Angle 50,17037.7728844292,6106.54668984611
Angle 50,17057.23020915,6086.42209904438
Angle 50,17076.6657474128,6066.22204184164
Angle 50,17096.0794931418,6045.94663440676
Angle 50,17115.4714402764,6025.59599307724
Angle 50,17134.841582773,6005.17023435801
Angle 50,17154.1899146056,5984.66947492033
Angle 50,17173.5164297673,5964.09383160056
Angle 50,17192.8211222718,5943.44342139907
Angle 50,17212.1039861541,5922.71836147895
Angle 50,17231.3650154721,5901.91876916492
Angle 50,17250.6042043076,5881.04476194201
Angle 50,17269.8215467675,5860.09645745445
Angle 50,17289.0170369851,5839.07397350433
Angle 50,17308.1906691211,5817.97742805046
Angle 50,17327.3424373647,5796.80693920706
Angle 50,17346.4723359349,5775.56262524252
Angle 50,17365.5803590814,5754.24460457812
Angle 50,17384.666501086,5732.8529957868
Angle 50,17403.7307562635,5711.38791759179
Angle 50,17422.7731189625,5689.8494888654
Angle 50,17441.7935835673,5668.23782862766
Angle 50,17460.7921444979,5646.55305604503
Angle 50,17479.7687962119,5624.79529042909
Angle 50,17498.723533205,5602.96465123518
Angle 50,17517.6563500124,5581.06125806109
Angle 50,17536.5672412095,5559.08523064571
Angle 50,17555.456201413,5537.0366888677
Angle 50,17574.3232252821,5514.91575274407
Angle 50,17593.1683075191,5492.72254242888
Angle 50,17611.9914428707,5470.45717821183
Angle 50,17630.7926261285,5448.11978051691
Angle 50,17649.5718521308,5425.71046990096
Angle 50,17668.3291157623,5403.22936705235
Angle 50,17687.0644119562,5380.67659278951
Angle 50,17705.7777356945,5358.05226805957
Angle 50,17724.4690820087,5335.35651393696
Angle 50,17743.1384459815,5312.58945162192
Angle 50,17761.7858227466,5289.75120243916
Angle 50,17780.4112074904,5266.84188783639
Angle 50,17799.0145954527,5243.86162938289
Angle 50,17817.5959819271,5220.81054876807
Angle 50,17836.1553622624,5197.68876780003
Angle 50,17854.692731863,5174.49640840412
Angle 50,17873.2080861899,5151.23359262146
Angle 50,17891.7014207616,5127.90044260751
Angle 50,17910.1727311545,5104.49708063057
Angle 50,17928.6220130042,5081.02362907038
Angle 50,17947.0492620059,5057.48021041656
Angle 50,17965.4544739153,5033.8669472672
Angle 50,17983.8376445491,5010.18396232737
Angle 50,18002.1987697863,4986.43137840759
Angle 50,18020.5378455682,4962.60931842242
Angle 50,18038.8548678998,4938.71790538889
Angle 50,18057.1498328499,4914.75726242508
Angle 50,18075.4227365524,4890.72751274857
Angle 50,18093.6735752065,4866.62877967494
Angle 50,18111.9023450776,4842.46118661632
Angle 50,18130.1090424977,4818.22485707981
Angle 50,18148.2936638667,4793.91991466605
Angle 50,18166.4562056522,4769.54648306763
Angle 50,18184.5966643909,4745.10468606765
Angle 50,18202.7150366887,4720.59464753813
Angle 50,18220.8113192214,4696.01649143857
Angle 50,18238.8855087357,4671.37034181437
Angle 50,18256.9376020494,4646.65632279533
Angle 50,18274.9675960519,4621.87455859414
Angle 50,18292.9754877053,4597.02517350482
Angle 50,18310.9612740445,4572.10829190123
Angle 50,18328.9249521778,4547.12403823553
Angle 50,18346.8665192878,4522.07253703662
Angle 50,18364.7859726316,4496.95391290867
Angle 50,18382.6833095415,4471.76829052953
Angle 50,18400.5585274253,4446.51579464922
Angle 50,18418.4116237673,4421.19655008842
Angle 50,18436.2425961282,4395.81068173689
Angle 50,18454.0514421461,4370.35831455198
Angle 50,18471.8381595367,4344.83957355705
Angle 50,18489.6027460938,4319.25458383997
Angle 50,18507.3451996901,4293.60347055157
Angle 50,18525.0655182771,4267.88635890412
Angle 50,18542.7636998862,4242.10337416976
Angle 50,18560.4397426284,4216.25464167898
Angle 50,18578.0936446956,4190.3402868191
Angle 50,18595.7254043602,4164.36043503272
Angle 50,18613.3350199762,4138.31521181619
Angle 50,18630.9224899792,4112.20474271805
Angle 50,18648.4878128868,4086.02915333754
Angle 50,18666.0309872994,4059.78856932303
Angle 50,18683.5520119002,4033.4831163705
Angle 50,18701.0508854556,4007.11292022201
Angle 50,18718.5276068158,3980.67810666417
Angle 50,18735.982174915,3954.1788015266
Angle 50,18753.4145887718,3927.61513068041
Angle 50,18770.8248474895,3900.98722003666
Angle 50,18788.2129502567,3874.29519554486
Angle 50,18805.5788963472,3847.53918319141
Angle 50,18822.9226851206,3820.71930899809
Angle 50,18840.2443160228,3793.83569902057
Angle 50,18857.5437885857,3766.88847934683
Angle 50,18874.8211024282,3739.87777609568
Angle 50,18892.0762572562,3712.80371541524
Angle 50,18909.3092528628,3685.66642348142
Angle 50,18926.5200891285,3658.4660264964
Angle 50,18943.7087660221,3631.20265068712
Angle 50,18960.8752836001,3603.87642230381
Angle 50,18978.0196420075,3576.48746761841
Angle 50,18995.141841478,3549.03591292312
Angle 50,19012.2418823342,3521.52188452889
Angle 50,19029.3197649878,3493.94550876392
Angle 50,19046.3754899397,3466.30691197215
Angle 50,19063.4090577807,3438.60622051176
Angle 50,19080.4204691911,3410.84356075372
Angle 50,19097.4097249415,3383.01905908025
Angle 50,19114.3768258924,3355.13284188337
Angle 50,19131.3217729951,3327.1850355634
Angle 50,19148.2445672913,3299.17576652749
Angle 50,19165.1452099136,3271.10516118813
Angle 50,19182.0237020855,3242.97334596168
Angle 50,19198.8800451217,3214.78044726692
Angle 50,19215.7142404284,3186.52659152355
Angle 50,19232.5262895032,3158.21190515074
Angle 50,19249.3161939351,3129.83651456569
Angle 50,19266.0839554054,3101.40054618213
Angle 50,19282.829575687,3072.9041264089
Angle 50,19299.553056645,3044.34738164849
Angle 50,19316.2544002368,3015.73043829558
Angle 50,19332.9336085119,2987.05342273563
Angle 50,19349.5906836125,2958.31646134341
Angle 50,19366.2256277733,2929.51968048156
Angle 50,19382.8384433218,2900.66320649921
Angle 50,19399.4291326781,2871.74716573048
Angle 50,19415.9976983553,2842.77168449311
Angle 50,19432.5441429595,2813.73688908701
Angle 50,19449.0684691898,2784.64290579288
Angle 50,19465.5706798384,2755.48986087075
Angle 50,19482.050777791,2726.27788055861
Angle 50,19498.5087660263,2697.007091071
Angle 50,19514.9446476163,2667.67761859761
Angle 50,19531.3584257268,2638.28958930186
Angle 50,19547.7501036166,2608.84312931956
Angle 50,19564.1196846383,2579.33836475748
Angle 50,19580.467172238,2549.775421692
Angle 50,19596.7925699554,2520.1544261677
Angle 50,19613.0958814237,2490.47550419603
Angle 50,19629.3771103699,2460.73878175391
Angle 50,19645.6362606146,2430.94438478239
Angle 50,19661.873336072,2401.09243918525
Angle 50,19678.0883407502,2371.18307082772
Angle 50,19694.2812787508,2341.21640553506
Angle 50,19710.4521542693,2311.19256909126
Angle 50,19726.6009715947,2281.11168723768
Angle 50,19742.7277351099,2250.97388567173
Angle 50,19758.8324492913,2220.77929004553
Angle 50,19774.9151187091,2190.5280259646
Angle 50,19790.9757480271,2160.22021898653
Angle 50,19807.0143420026,2129.85599461968
Angle 50,19823.0309054867,2099.43547832183
Angle 50,19839.025443424,2068.95879549894
Angle 50,19854.9979608524,2038.42607150383
Angle 50,19870.9484629036,2007.83743163483
Angle 50,19886.8769548024,1977.1930011346
Angle 50,19902.7834418672,1946.49290518874
Angle 50,19918.6679295097,1915.7372689246
Angle 50,19934.5304232346,1884.92621740993
Angle 50,19950.3709286401,1854.0598756517
Angle 50,19966.1894514173,1823.13836859475
Angle 50,19981.9859973505,1792.16182112062
Angle 50,19997.7605723167,1761.13035804622
Angle 50,20013.513182286,1730.04410412266
Angle 50,20029.2438333214,1698.90318403395
Angle 50,20044.9525315782,1667.7077223958
Angle 50,20060.6392833048,1636.45784375439
Angle 50,20076.3040948416,1605.15367258515
Angle 50,20091.9469726219,1573.79533329153
Angle 50,20107.567923171,1542.38295020379
Angle 50,20123.1669531064,1510.9166475778
Angle 50,20138.7440691378,1479.39654959388
Angle 50,20154.2992780668,1447.82278035552
Angle 50,20169.832586787,1416.19546388827
Angle 50,20185.3440022834,1384.51472413854
Angle 50,20200.8335316329,1352.78068497238
Angle 50,20216.3011820038,1320.99347017438
Angle 50,20231.7469606555,1289.15320344646
Angle 50,20247.1708749389,1257.2600084067
Angle 50,20262.5729322959,1225.31400858824
Angle 50,20277.9531402591,1193.31532743809
Angle 50,20293.311506452,1161.26408831601
Angle 50,20308.6480385888,1129.16041449334
Angle 50,20323.9627444741,1097.00442915195
Angle 50,20339.2556320026,1064.79625538301
Angle 50,20354.5267091595,1032.53601618597
Angle 50,20369.7759840196,1000.22383446739
Angle 50,20385.0034647478,967.859833039866
Angle 50,20400.2091595985,935.444134620909
Angle 50,20415.3930769156,902.976861831868
Angle 50,20430.5552251322,870.45813719684
Angle 50,20445.6956127707,837.888083141586
Angle 50,20460.8142484424,805.26682199246
Angle 50,20475.9111408471,772.594475975343
Angle 50,20490.9862987734,739.871167214572
Angle 50,20506.0397310983,707.097017731897
Angle 50,20521.0714467868,674.272149445418
Angle 50,20536.081454892,641.396684168554
Angle 50,20551.0697645547,608.470743608994
Angle 50,20566.0363850033,575.494449367676
Angle 50,20580.9813255538,542.467922937753
Angle 50,20595.904595609,509.391285703583
Angle 50,20610.8062046589,476.264658939709
Angle 50,20625.6861622803,443.088163809854
Angle 50,20640.5444781363,409.861921365927
Angle 50,20655.3811619766,376.586052547021
Angle 50,20670.1962236369,343.260678178429
Angle 50,20684.9896730386,309.885918970662
Angle 50,20699.7615201891,276.461895518475
Angle 50,20714.511775181,242.988728299897
Angle 50,20729.2404481921,209.466537675266
Angle 50,20743.9475494855,175.895443886278
Angle 50,20758.6330894085,142.275567055031
Angle 50,20773.2970783935,108.607027183084
Angle 50,20787.9395269567,74.8899441505206
Angle 50,20802.5604456986,41.1244377150143
Angle 50,20817.1598453034,7.31062751090551
Angle 50,20820.3071357808,0
Angle 51,0,0
Angle 51,43.9290805768429,54.1498966935424
Angle 51,87.7356379102219,108.05076311536
Angle 51,131.420487818872,161.703877170359
Angle 51,174.984438483461,215.110504485806
Angle 51,218.428290541464,268.271898563101
Angle 51,261.752837180563,321.189300927196
Angle 51,304.958864230589,373.863941273694
Angle 51,348.047150254049,426.297037613676
Angle 51,391.018466635251,478.489796416304
Angle 51,433.873577668058,530.443412749231
Angle 51,476.613240642297,582.159070416862
Angle 51,519.238205928844,633.637942096511
Angle 51,561.749217063416,684.881189472482
Angle 51,604.147010829083,735.889963368118
Angle 51,646.432317337534,786.66540387586
Angle 51,688.605860109109,837.208640485341
Angle 51,730.668356151634,887.520792209554
Angle 51,772.62051603806,937.602967709134
Angle 51,814.463043982947,987.456265414786
Angle 51,856.196637917803,1037.08177364788
Angle 51,897.821989565298,1086.48057073928
Angle 51,939.339784512379,1135.65372514636
Angle 51,980.7507022823,1184.6022955684
Angle 51,1022.05541640559,1233.32733106012
Angle 51,1063.25459448997,1281.82987114374
Angle 51,1104.34889828926,1330.11094591925
Angle 51,1145.33898377125,1378.17157617311
Angle 51,1186.22550118459,1426.01277348546
Angle 51,1227.00909512474,1473.63554033562
Angle 51,1267.69040459891,1521.04087020622
Angle 51,1308.27006309006,1568.22974768569
Angle 51,1348.74869862004,1615.20314856939
Angle 51,1389.12693381178,1661.96203995924
Angle 51,1429.40538595054,1708.50738036192
Angle 51,1469.58466704435,1754.84011978565
Angle 51,1509.66538388359,1800.96119983572
Angle 51,1549.64813809965,1846.87155380847
Angle 51,1589.53352622285,1892.57210678412
Angle 51,1629.32213973945,1938.06377571817
Angle 51,1669.01456514792,1983.34746953161
Angle 51,1708.61138401437,2028.42408919979
Angle 51,1748.11317302728,2073.29452784008
Angle 51,1787.52050405132,2117.95967079835
Angle 51,1826.83394418057,2162.42039573415
Angle 51,1866.05405579092,2206.67757270484
Angle 51,1905.18139659173,2250.7320642484
Angle 51,1944.21651967683,2294.5847254653
Angle 51,1983.15997357473,2338.23640409901
Angle 51,2022.01230229826,2381.68794061565
Angle 51,2060.77404539337,2424.94016828234
Angle 51,2099.44573798742,2467.99391324464
Angle 51,2138.0279108367,2510.84999460282
Angle 51,2176.52109037331,2553.50922448723
Angle 51,2214.92579875147,2595.97240813248
Angle 51,2253.24255389312,2638.2403439508
Angle 51,2291.47186953298,2680.31382360428
Angle 51,2329.6142552629,2722.19363207622
Angle 51,2367.67021657571,2763.88054774146
Angle 51,2405.64025490843,2805.37534243587
Angle 51,2443.52486768491,2846.67878152482
Angle 51,2481.3245483579,2887.7916239708
Angle 51,2519.03978645054,2928.71462240012
Angle 51,2556.67106759734,2969.44852316874
Angle 51,2594.21887358456,3009.99406642726
Angle 51,2631.68368239012,3050.35198618498
Angle 51,2669.06596822291,3090.52301037325
Angle 51,2706.36620156163,3130.50786090785
Angle 51,2743.5848491931,3170.3072537507
Angle 51,2780.72237425008,3209.92189897062
Angle 51,2817.7792362486,3249.35250080347
Angle 51,2854.75589112473,3288.59975771135
Angle 51,2891.65279127101,3327.66436244118
Angle 51,2928.47038557226,3366.54700208243
Angle 51,2965.209119441,3405.24835812416
Angle 51,3001.86943485243,3443.76910651133
Angle 51,3038.4517703789,3482.10991770036
Angle 51,3074.95656122397,3520.27145671401
Angle 51,3111.38423925603,3558.25438319562
Angle 51,3147.73523304148,3596.05935146252
Angle 51,3184.00996787749,3633.68701055893
Angle 51,3220.20886582433,3671.13800430807
Angle 51,3256.33234573731,3708.41297136373
Angle 51,3292.38082329829,3745.51254526108
Angle 51,3328.35471104683,3782.43735446693
Angle 51,3364.25441841086,3819.18802242934
Angle 51,3400.08035173706,3855.76516762659
Angle 51,3435.83291432082,3892.16940361561
Angle 51,3471.5125064358,3928.40133907975
Angle 51,3507.11952536311,3964.46157787596
Angle 51,3542.65436542022,4000.35071908147
Angle 51,3578.11741798938,4036.06935703981
Angle 51,3613.50907154575,4071.6180814063
Angle 51,3648.82971168521,4106.99747719301
Angle 51,3684.07972115174,4142.20812481315
Angle 51,3719.25947986456,4177.25060012492
Angle 51,3754.36936494483,4212.12547447486
Angle 51,3789.4097507421,4246.83331474062
Angle 51,3824.3810088604,4281.3746833733
Angle 51,3859.28350818403,4315.75013843919
Angle 51,3894.11761490298,4349.96023366111
Angle 51,3928.88369253812,4384.00551845915
Angle 51,3963.582101966,4417.88653799104
Angle 51,3998.21320144342,4451.60383319192
Angle 51,4032.77734663163,4485.15794081378
Angle 51,4067.2748906203,4518.54939346427
Angle 51,4101.70618395115,4551.77871964523
Angle 51,4136.07157464133,4584.84644379062
Angle 51,4170.37140820648,4617.7530863041
Angle 51,4204.60602768356,4650.49916359612
Angle 51,4238.77577365335,4683.08518812061
Angle 51,4272.88098426272,4715.51166841122
Angle 51,4306.92199524662,4747.77910911718
Angle 51,4340.89913994979,4779.88801103869
Angle 51,4374.81274934824,4811.83887116195
Angle 51,4408.66315207047,4843.63218269374
Angle 51,4442.45067441839,4875.26843509569
Angle 51,4476.17564038806,4906.74811411806
Angle 51,4509.83837169013,4938.07170183318
Angle 51,4543.43918777006,4969.23967666852
Angle 51,4576.97840582812,5000.25251343937
Angle 51,4610.45634083909,5031.11068338118
Angle 51,4643.87330557181,5061.81465418147
Angle 51,4677.22961060843,5092.36489001142
Angle 51,4710.52556436347,5122.76185155718
Angle 51,4743.76147310268,5153.00599605065
Angle 51,4776.93764096158,5183.09777730014
Angle 51,4810.05436996391,5213.03764572047
Angle 51,4843.11196003976,5242.82604836291
Angle 51,4876.11070904359,5272.46342894472
Angle 51,4909.0509127719,5301.95022787832
Angle 51,4941.93286498087,5331.28688230022
Angle 51,4974.75685740361,5360.47382609958
Angle 51,5007.52317976738,5389.51148994651
Angle 51,5040.23211981047,5418.40030131998
Angle 51,5072.88396329899,5447.14068453549
Angle 51,5105.4789940434,5475.73306077244
Angle 51,5138.01749391489,5504.17784810118
Angle 51,5170.49974286153,5532.47546150978
Angle 51,5202.92601892426,5560.62631293047
Angle 51,5235.29659825271,5588.6308112659
Angle 51,5267.61175512084,5616.48936241502
Angle 51,5299.87176194231,5644.20236929871
Angle 51,5332.07688928583,5671.77023188517
Angle 51,5364.2274058902,5699.193347215
Angle 51,5396.32357867925,5726.47210942605
Angle 51,5428.36567277658,5753.60690977798
Angle 51,5460.35395152016,5780.59813667658
Angle 51,5492.28867647672,5807.44617569782
Angle 51,5524.17010745601,5834.15140961167
Angle 51,5555.99850252491,5860.71421840565
Angle 51,5587.77411802134,5887.13497930816
Angle 51,5619.49720856804,5913.41406681153
Angle 51,5651.16802708618,5939.55185269489
Angle 51,5682.78682480884,5965.54870604675
Angle 51,5714.3538512943,5991.40499328737
Angle 51,5745.86935443924,6017.12107819091
Angle 51,5777.3335804917,6042.69732190734
Angle 51,5808.74677406399,6068.13408298416
Angle 51,5840.10917814538,6093.43171738781
Angle 51,5871.42103411473,6118.590578525
Angle 51,5902.68258175288,6143.61101726373
Angle 51,5933.89405925496,6168.49338195409
Angle 51,5965.05570324258,6193.23801844893
Angle 51,5996.16774877583,6217.84527012426
Angle 51,6027.23042936516,6242.31547789945
Angle 51,6058.24397698318,6266.64898025728
Angle 51,6089.20862207628,6290.84611326374
Angle 51,6120.12459357608,6314.90721058767
Angle 51,6150.99211891086,6338.83260352014
Angle 51,6181.8114240168,6362.62262099378
Angle 51,6212.58273334904,6386.27758960175
Angle 51,6243.30626989275,6409.79783361666
Angle 51,6273.98225517397,6433.18367500927
Angle 51,6304.61090927038,6456.43543346693
Angle 51,6335.19245082189,6479.55342641199
Angle 51,6365.72709704122,6502.5379690199
Angle 51,6396.21506372427,6525.38937423722
Angle 51,6426.65656526041,6548.10795279944
Angle 51,6457.05181464264,6570.69401324858
Angle 51,6487.40102347768,6593.14786195072
Angle 51,6517.70440199589,6615.46980311327
Angle 51,6547.96215906115,6637.66013880216
Angle 51,6578.17450218053,6659.7191689588
Angle 51,6608.34163751399,6681.64719141693
Angle 51,6638.46376988384,6703.44450191928
Angle 51,6668.54110278418,6725.11139413414
Angle 51,6698.57383839022,6746.64815967168
Angle 51,6728.56217756746,6768.0550881002
Angle 51,6758.50631988083,6789.3324669622
Angle 51,6788.40646360369,6810.48058179032
Angle 51,6818.26280572672,6831.49971612311
Angle 51,6848.07554196677,6852.39015152071
Angle 51,6877.84486677553,6873.15216758029
Angle 51,6907.5709733482,6893.78604195149
Angle 51,6937.25405363198,6914.2920503516
Angle 51,6966.89429833452,6934.67046658066
Angle 51,6996.49189693227,6954.92156253647
Angle 51,7026.04703767869,6975.04560822936
Angle 51,7055.55990761248,6995.04287179692
Angle 51,7085.03069256558,7014.91361951858
Angle 51,7114.45957717121,7034.65811583006
Angle 51,7143.84674487172,7054.27662333768
Angle 51,7173.19237792645,7073.76940283257
Angle 51,7202.49665741943,7093.13671330475
Angle 51,7231.75976326699,7112.3788119571
Angle 51,7260.98187422539,7131.49595421919
Angle 51,7290.16316789826,7150.48839376101
Angle 51,7319.30382074396,7169.35638250661
Angle 51,7348.40400808299,7188.10017064754
Angle 51,7377.4639041051,7206.72000665631
Angle 51,7406.48368187659,7225.2161372996
Angle 51,7435.46351334725,7243.58880765149
Angle 51,7464.40356935748,7261.83826110647
Angle 51,7493.30401964516,7279.96473939242
Angle 51,7522.16503285249,7297.96848258348
Angle 51,7550.98677653281,7315.84972911275
Angle 51,7579.7694171573,7333.60871578497
Angle 51,7608.51312012158,7351.24567778907
Angle 51,7637.2180497523,7368.76084871059
Angle 51,7665.88436931363,7386.15446054407
Angle 51,7694.51224101367,7403.42674370524
Angle 51,7723.1018260108,7420.57792704325
Angle 51,7751.65328442,7437.60823785268
Angle 51,7780.16677531899,7454.51790188554
Angle 51,7808.64245675447,7471.30714336314
Angle 51,7837.08048574814,7487.97618498789
Angle 51,7865.48101830273,7504.52524795498
Angle 51,7893.84420940797,7520.95455196401
Angle 51,7922.17021304646,7537.26431523052
Angle 51,7950.4591821995,7553.45475449744
Angle 51,7978.71126885288,7569.5260850464
Angle 51,8006.92662400253,7585.47852070908
Angle 51,8035.1053976602,7601.31227387835
Angle 51,8063.24773885905,7617.02755551938
Angle 51,8091.35379565913,7632.62457518072
Angle 51,8119.42371515286,7648.10354100521
Angle 51,8147.45764347046,7663.46465974088
Angle 51,8175.45572578524,7678.70813675174
Angle 51,8203.41810631896,7693.83417602851
Angle 51,8231.344928347,7708.84298019929
Angle 51,8259.23633420358,7723.7347505401
Angle 51,8287.09246528685,7738.50968698542
Angle 51,8314.91346206398,7753.16798813862
Angle 51,8342.69946407619,7767.70985128231
Angle 51,8370.45060994367,7782.13547238865
Angle 51,8398.16703737052,7796.44504612959
Angle 51,8425.8488831496,7810.638765887
Angle 51,8453.49628316733,7824.71682376277
Angle 51,8481.10937240845,7838.67941058889
Angle 51,8508.68828496076,7852.52671593733
Angle 51,8536.23315401971,7866.25892813003
Angle 51,8563.74411189307,7879.87623424867
Angle 51,8591.22129000545,7893.37882014448
Angle 51,8618.66481890284,7906.76687044795
Angle 51,8646.07482825705,7920.0405685785
Angle 51,8673.45144687018,7933.20009675407
Angle 51,8700.79480267893,7946.24563600062
Angle 51,8728.10502275897,7959.17736616169
Angle 51,8755.3822333292,7971.99546590777
Angle 51,8782.62655975603,7984.70011274567
Angle 51,8809.83812655754,7997.29148302787
Angle 51,8837.01705740765,8009.76975196175
Angle 51,8864.16347514022,8022.1350936188
Angle 51,8891.27750175313,8034.3876809438
Angle 51,8918.35925841233,8046.52768576391
Angle 51,8945.40886545578,8058.5552787977
Angle 51,8972.42644239744,8070.47062966418
Angle 51,8999.41210793116,8082.27390689174
Angle 51,9026.36597993457,8093.96527792708
Angle 51,9053.28817547287,8105.54490914401
Angle 51,9080.17881080268,8117.01296585231
Angle 51,9107.03800137574,8128.36961230649
Angle 51,9133.86586184268,8139.61501171445
Angle 51,9160.66250605665,8150.74932624623
Angle 51,9187.42804707703,8161.77271704257
Angle 51,9214.16259717298,8172.68534422353
Angle 51,9240.86626782705,8183.487366897
Angle 51,9267.53916973874,8194.17894316724
Angle 51,9294.18141282796,8204.76023014328
Angle 51,9320.79310623854,8215.23138394736
Angle 51,9347.37435834167,8225.5925597233
Angle 51,9373.9252767393,8235.84391164485
Angle 51,9400.44596826753,8245.98559292394
Angle 51,9426.93653899995,8256.01775581895
Angle 51,9453.39709425097,8265.94055164294
Angle 51,9479.82773857907,8275.75413077181
Angle 51,9506.2285757901,8285.45864265243
Angle 51,9532.5997089405,8295.05423581079
Angle 51,9558.94124034047,8304.54105785998
Angle 51,9585.25327155717,8313.9192555083
Angle 51,9611.53590341786,8323.18897456723
Angle 51,9637.78923601299,8332.35035995934
Angle 51,9664.01336869931,8341.40355572631
Angle 51,9690.20840010294,8350.34870503675
Angle 51,9716.37442812238,8359.18595019406
Angle 51,9742.51154993155,8367.9154326443
Angle 51,9768.61986198275,8376.53729298395
Angle 51,9794.69946000963,8385.05167096768
Angle 51,9820.75043903015,8393.45870551607
Angle 51,9846.77289334943,8401.75853472333
Angle 51,9872.76691656274,8409.95129586494
Angle 51,9898.73260155826,8418.03712540534
Angle 51,9924.67004052,8426.01615900547
Angle 51,9950.57932493061,8433.88853153039
Angle 51,9976.46054557416,8441.65437705684
Angle 51,10002.3137925389,8449.31382888071
Angle 51,10028.1391552202,8456.86701952461
Angle 51,10053.9367223229,8464.31408074526
Angle 51,10079.7065818646,8471.65514354099
Angle 51,10105.4488211777,8478.8903381591
Angle 51,10131.1635269127,8486.01979410327
Angle 51,10156.8507850404,8493.04364014094
Angle 51,10182.5106808549,8499.96200431059
Angle 51,10208.1432989761,8506.77501392907
Angle 51,10233.7487233521,8513.48279559891
Angle 51,10259.3270372621,8520.08547521552
Angle 51,10284.8783233188,8526.58317797446
Angle 51,10310.4026634712,8532.97602837863
Angle 51,10335.9001390069,8539.26415024545
Angle 51,10361.3708305547,8545.44766671404
Angle 51,10386.8148180872,8551.52670025229
Angle 51,10412.2321809231,8557.50137266406
Angle 51,10437.62299773,8563.37180509617
Angle 51,10462.9873465269,8569.13811804556
Angle 51,10488.3253046861,8574.80043136623
Angle 51,10513.6369489365,8580.35886427634
Angle 51,10538.9223553652,8585.81353536514
Angle 51,10564.1815994207,8591.16456259998
Angle 51,10589.4147559148,8596.41206333327
Angle 51,10614.6218990251,8601.55615430934
Angle 51,10639.8031022976,8606.59695167143
Angle 51,10664.9584386491,8611.53457096852
Angle 51,10690.0879803692,8616.36912716218
Angle 51,10715.1917991231,8621.10073463346
Angle 51,10740.2699659538,8625.72950718967
Angle 51,10765.3225512845,8630.2555580712
Angle 51,10790.3496249207,8634.67899995827
Angle 51,10815.351256053,8638.99994497769
Angle 51,10840.3275132591,8643.21850470964
Angle 51,10865.2784645062,8647.3347901943
Angle 51,10890.2041771534,8651.3489119386
Angle 51,10915.1047179539,8655.2609799229
Angle 51,10939.9801530574,8659.07110360758
Angle 51,10964.8305480123,8662.77939193974
Angle 51,10989.6559677684,8666.38595335974
Angle 51,11014.4564766783,8669.89089580786
Angle 51,11039.2321385009,8673.29432673079
Angle 51,11063.9830164026,8676.59635308827
Angle 51,11088.7091729602,8679.79708135951
Angle 51,11113.4106701631,8682.89661754977
Angle 51,11138.0875694154,8685.89506719684
Angle 51,11162.7399315382,8688.79253537746
Angle 51,11187.3678167722,8691.58912671382
Angle 51,11211.9712847795,8694.28494537992
Angle 51,11236.5503946461,8696.88009510805
Angle 51,11261.1052048844,8699.3746791951
Angle 51,11285.6357734349,8701.76880050895
Angle 51,11310.142157669,8704.06256149482
Angle 51,11334.6244143911,8706.25606418158
Angle 51,11359.0825998406,8708.34941018803
Angle 51,11383.5167696947,8710.34270072921
Angle 51,11407.9269790702,8712.23603662262
Angle 51,11432.3132825259,8714.0295182945
Angle 51,11456.675734065,8715.72324578599
Angle 51,11481.0143871372,8717.31731875935
Angle 51,11505.329294641,8718.81183650414
Angle 51,11529.6205089262,8720.20689794334
Angle 51,11553.8880817959,8721.5026016395
Angle 51,11578.1320645088,8722.69904580082
Angle 51,11602.3525077816,8723.79632828727
Angle 51,11626.5494617913,8724.7945466166
Angle 51,11650.7229761774,8725.69379797042
Angle 51,11674.873100044,8726.49417920019
Angle 51,11698.9998819627,8727.19578683323
Angle 51,11723.1033699741,8727.79871707865
Angle 51,11747.1836115909,8728.30306583336
Angle 51,11771.2406537993,8728.70892868794
Angle 51,11795.2745430623,8729.01640093255
Angle 51,11819.2853253213,8729.22557756281
Angle 51,11843.2730459986,8729.33655328566
Angle 51,11867.2377499999,8729.3494225252
Angle 51,11891.1794817163,8729.26427942843
Angle 51,11915.0982850271,8729.0812178711
Angle 51,11938.9942033016,8728.80033146344
Angle 51,11962.8672794017,8728.42171355587
Angle 51,11986.7175556845,8727.94545724473
Angle 51,12010.5450740043,8727.37165537795
Angle 51,12034.3498757148,8726.70040056071
Angle 51,12058.1320016721,8725.93178516104
Angle 51,12081.8914922364,8725.06590131546
Angle 51,12105.628387275,8724.10284093455
Angle 51,12129.342726164,8723.04269570845
Angle 51,12153.0345477914,8721.88555711246
Angle 51,12176.7038905588,8720.63151641248
Angle 51,12200.3507923845,8719.2806646705
Angle 51,12223.9752907052,8717.83309275003
Angle 51,12247.577422479,8716.28889132152
Angle 51,12271.1572241876,8714.64815086777
Angle 51,12294.7147318388,8712.91096168923
Angle 51,12318.2499809685,8711.0774139094
Angle 51,12341.763006644,8709.14759748007
Angle 51,12365.2538434656,8707.12160218661
Angle 51,12388.7225255696,8704.99951765325
Angle 51,12412.1690866304,8702.78143334825
Angle 51,12435.5935598635,8700.46743858909
Angle 51,12458.9959780273,8698.05762254765
Angle 51,12482.376373426,8695.55207425529
Angle 51,12505.7347779121,8692.950882608
Angle 51,12529.0712228889,8690.25413637142
Angle 51,12552.3857393126,8687.46192418588
Angle 51,12575.6783576955,8684.57433457142
Angle 51,12598.9491081079,8681.59145593275
Angle 51,12622.198020181,8678.51337656418
Angle 51,12645.4251231094,8675.34018465452
Angle 51,12668.6304456533,8672.071968292
Angle 51,12691.8140161418,8668.70881546905
Angle 51,12714.9758624744,8665.25081408715
Angle 51,12738.1160121245,8661.69805196162
Angle 51,12761.2344921417,8658.05061682629
Angle 51,12784.3313291539,8654.30859633832
Angle 51,12807.4065493706,8650.47207808279
Angle 51,12830.460178585,8646.54114957736
Angle 51,12853.492242177,8642.51589827692
Angle 51,12876.5027651151,8638.39641157812
Angle 51,12899.4917719601,8634.18277682395
Angle 51,12922.4592868665,8629.8750813082
Angle 51,12945.405333586,8625.47341227997
Angle 51,12968.32993547,8620.97785694809
Angle 51,12991.2331154717,8616.38850248554
Angle 51,13014.1148961494,8611.70543603378
Angle 51,13036.9752996689,8606.92874470711
Angle 51,13059.8143478059,8602.05851559697
Angle 51,13082.6320619489,8597.09483577616
Angle 51,13105.4284631021,8592.0377923031
Angle 51,13128.2035718877,8586.88747222601
Angle 51,13150.9574085484,8581.64396258702
Angle 51,13173.6899929507,8576.30735042636
Angle 51,13196.4013445873,8570.87772278634
Angle 51,13219.0914825793,8565.35516671547
Angle 51,13241.7604256798,8559.73976927242
Angle 51,13264.408192276,8554.03161752997
Angle 51,13287.0348003917,8548.230798579
Angle 51,13309.6402676909,8542.33739953228
Angle 51,13332.2246114794,8536.35150752843
Angle 51,13354.7878487084,8530.27320973563
Angle 51,13377.3299959769,8524.10259335546
Angle 51,13399.8510695341,8517.83974562662
Angle 51,13422.3510852826,8511.48475382862
Angle 51,13444.830058781,8505.03770528543
Angle 51,13467.2880052466,8498.49868736911
Angle 51,13489.7249395578,8491.86778750342
Angle 51,13512.1408762576,8485.14509316729
Angle 51,13534.5358295555,8478.33069189839
Angle 51,13556.9098133308,8471.42467129658
Angle 51,13579.2628411352,8464.4271190273
Angle 51,13601.5949261954,8457.33812282499
Angle 51,13623.9060814159,8450.15777049642
Angle 51,13646.196319382,8442.88614992402
Angle 51,13668.4656523622,8435.5233490691
Angle 51,13690.7140923111,8428.06945597512
Angle 51,13712.9416508722,8420.52455877088
Angle 51,13735.1483393805,8412.88874567361
Angle 51,13757.3341688654,8405.16210499217
Angle 51,13779.4991500535,8397.34472513002
Angle 51,13801.643293371,8389.43669458832
Angle 51,13823.7666089468,8381.43810196892
Angle 51,13845.8691066153,8373.34903597723
Angle 51,13867.9507959187,8365.16958542522
Angle 51,13890.0116861104,8356.89983923425
Angle 51,13912.0517861569,8348.5398864379
Angle 51,13934.0711047416,8340.08981618476
Angle 51,13956.0696502664,8331.54971774117
Angle 51,13978.0474308555,8322.91968049396
Angle 51,14000.0044543575,8314.19979395309
Angle 51,14021.9407283481,8305.39014775429
Angle 51,14043.8562601332,8296.49083166166
Angle 51,14065.7510567517,8287.5019355702
Angle 51,14087.6251249775,8278.42354950833
Angle 51,14109.478471323,8269.25576364039
Angle 51,14131.3111020418,8259.998668269
Angle 51,14153.1230231306,8250.65235383753
Angle 51,14174.9142403331,8241.21691093241
Angle 51,14196.6847591416,8231.69243028544
Angle 51,14218.4345848005,8222.07900277608
Angle 51,14240.1637223087,8212.37671943369
Angle 51,14261.8721764223,8202.58567143969
Angle 51,14283.5599516573,8192.70595012974
Angle 51,14305.2270522923,8182.73764699588
Angle 51,14326.8734823713,8172.68085368856
Angle 51,14348.4992457062,8162.53566201869
Angle 51,14370.1043458795,8152.30216395968
Angle 51,14391.6887862472,8141.98045164934
Angle 51,14413.2525699413,8131.57061739185
Angle 51,14434.7956998723,8121.07275365963
Angle 51,14456.3181787322,8110.48695309517
Angle 51,14477.8200089969,8099.81330851286
Angle 51,14499.3011929288,8089.05191290075
Angle 51,14520.7617325798,8078.20285942227
Angle 51,14542.2016297934,8067.26624141795
Angle 51,14563.6208862077,8056.24215240704
Angle 51,14585.019503258,8045.13068608918
Angle 51,14606.3974821793,8033.93193634592
Angle 51,14627.7548240087,8022.64599724231
Angle 51,14649.0915295885,8011.27296302839
Angle 51,14670.4075995684,7999.81292814066
Angle 51,14691.703034408,7988.2659872035
Angle 51,14712.9778343797,7976.63223503062
Angle 51,14734.2319995712,7964.91176662633
Angle 51,14755.4655298878,7953.10467718695
Angle 51,14776.6784250549,7941.21106210206
Angle 51,14797.8706846212,7929.23101695575
Angle 51,14819.0423079604,7917.16463752784
Angle 51,14840.1932942742,7905.01201979506
Angle 51,14861.3236425945,7892.77325993221
Angle 51,14882.4333517864,7880.44845431326
Angle 51,14903.52242055,7868.03769951241
Angle 51,14924.5908474235,7855.54109230518
Angle 51,14945.6386307853,7842.95872966934
Angle 51,14966.6657688566,7830.29070878595
Angle 51,14987.6722597037,7817.53712704029
Angle 51,15008.6581012408,7804.69808202272
Angle 51,15029.623291232,7791.7736715296
Angle 51,15050.5678272938,7778.7639935641
Angle 51,15071.491706898,7765.66914633701
Angle 51,15092.3949273731,7752.48922826751
Angle 51,15113.277485908,7739.22433798392
Angle 51,15134.139379553,7725.8745743244
Angle 51,15154.9806052234,7712.44003633762
Angle 51,15175.8011597008,7698.92082328339
Angle 51,15196.6010396362,7685.3170346333
Angle 51,15217.3802415521,7671.62877007127
Angle 51,15238.1387618446,7657.8561294941
Angle 51,15258.876596786,7643.99921301202
Angle 51,15279.5937425269,7630.05812094913
Angle 51,15300.2901950985,7616.03295384387
Angle 51,15320.9659504153,7601.92381244944
Angle 51,15341.6210042766,7587.73079773422
Angle 51,15362.2553523692,7573.45401088209
Angle 51,15382.8689902698,7559.09355329281
Angle 51,15403.4619134469,7544.64952658227
Angle 51,15424.034117263,7530.12203258282
Angle 51,15444.5855969771,7515.51117334347
Angle 51,15465.1163477466,7500.81705113015
Angle 51,15485.6263646297,7486.03976842587
Angle 51,15506.1156425873,7471.17942793087
Angle 51,15526.5841764854,7456.23613256279
Angle 51,15547.0319610971,7441.20998545676
Angle 51,15567.4589911048,7426.10108996545
Angle 51,15587.8652611022,7410.90954965915
Angle 51,15608.2507655967,7395.6354683258
Angle 51,15628.615499011,7380.27894997096
Angle 51,15648.9594556855,7364.8400988178
Angle 51,15669.2826298804,7349.31901930702
Angle 51,15689.5850157775,7333.71581609679
Angle 51,15709.8666074827,7318.03059406265
Angle 51,15730.1273990273,7302.26345829734
Angle 51,15750.3673843706,7286.41451411068
Angle 51,15770.5865574018,7270.48386702937
Angle 51,15790.7849119418,7254.47162279676
Angle 51,15810.9624417453,7238.37788737267
Angle 51,15831.1191405027,7222.20276693308
Angle 51,15851.255001842,7205.94636786987
Angle 51,15871.3700193309,7189.60879679054
Angle 51,15891.4641864786,7173.19016051783
Angle 51,15911.5374967377,7156.69056608941
Angle 51,15931.5899435061,7140.1101207575
Angle 51,15951.6215201289,7123.44893198845
Angle 51,15971.6322199003,7106.70710746236
Angle 51,15991.6220360652,7089.88475507259
Angle 51,16011.5909618215,7072.98198292534
Angle 51,16031.5389903214,7055.99889933914
Angle 51,16051.4661146736,7038.93561284437
Angle 51,16071.3723279451,7021.79223218267
Angle 51,16091.2576231626,7004.56886630649
Angle 51,16111.1219933146,6987.26562437843
Angle 51,16130.965431353,6969.8826157707
Angle 51,16150.7879301952,6952.41995006449
Angle 51,16170.5894827252,6934.87773704935
Angle 51,16190.3700817957,6917.25608672255
Angle 51,16210.1297202301,6899.55510928838
Angle 51,16229.8683908233,6881.77491515749
Angle 51,16249.5860863444,6863.91561494618
Angle 51,16269.2827995377,6845.97731947566
Angle 51,16288.9585231244,6827.96013977132
Angle 51,16308.6132498045,6809.86418706197
Angle 51,16328.2469722584,6791.68957277903
Angle 51,16347.8596831481,6773.43640855579
Angle 51,16367.4513751194,6755.10480622651
Angle 51,16387.0220408028,6736.69487782569
Angle 51,16406.5716728158,6718.20673558713
Angle 51,16426.1002637639,6699.6404919431
Angle 51,16445.6078062424,6680.99625952348
Angle 51,16465.0942928377,6662.27415115482
Angle 51,16484.5597161292,6643.47427985945
Angle 51,16504.0040686904,6624.59675885453
Angle 51,16523.4273430906,6605.64170155111
Angle 51,16542.8295318964,6586.6092215532
Angle 51,16562.2106276729,6567.49943265672
Angle 51,16581.5706229855,6548.31244884858
Angle 51,16600.9095104013,6529.04838430564
Angle 51,16620.2272824901,6509.70735339368
Angle 51,16639.5239318263,6490.28947066639
Angle 51,16658.79945099,6470.79485086427
Angle 51,16678.0538325686,6451.22360891365
Angle 51,16697.2870691578,6431.57585992553
Angle 51,16716.4991533636,6411.85171919453
Angle 51,16735.6900778029,6392.05130219776
Angle 51,16754.8598351054,6372.17472459377
Angle 51,16774.0084179145,6352.22210222131
Angle 51,16793.135818889,6332.19355109828
Angle 51,16812.2420307041,6312.08918742054
Angle 51,16831.3270460527,6291.90912756075
Angle 51,16850.390857647,6271.65348806716
Angle 51,16869.4334582191,6251.32238566249
Angle 51,16888.454840523,6230.91593724264
Angle 51,16907.4549973353,6210.43425987555
Angle 51,16926.4339214565,6189.87747079993
Angle 51,16945.3916057126,6169.24568742405
Angle 51,16964.3280429555,6148.53902732448
Angle 51,16983.2432260651,6127.75760824483
Angle 51,17002.1371479497,6106.90154809451
Angle 51,17021.0098015477,6085.97096494742
Angle 51,17039.8611798285,6064.96597704067
Angle 51,17058.6912757934,6043.8867027733
Angle 51,17077.5000824772,6022.73326070498
Angle 51,17096.287592949,6001.50576955464
Angle 51,17115.0538003135,5980.20434819923
Angle 51,17133.7986977116,5958.82911567229
Angle 51,17152.5222783222,5937.38019116269
Angle 51,17171.2245353626,5915.85769401325
Angle 51,17189.9054620899,5894.26174371936
Angle 51,17208.565051802,5872.59245992764
Angle 51,17227.2032978386,5850.84996243456
Angle 51,17245.820193582,5829.03437118503
Angle 51,17264.4157324584,5807.14580627106
Angle 51,17282.9899079389,5785.18438793031
Angle 51,17301.5427135401,5763.1502365447
Angle 51,17320.0741428254,5741.04347263903
Angle 51,17338.5841894059,5718.86421687951
Angle 51,17357.0728469413,5696.61259007237
Angle 51,17375.5401091408,5674.28871316239
Angle 51,17393.985969764,5651.89270723151
Angle 51,17412.410422622,5629.42469349735
Angle 51,17430.8134615779,5606.88479331175
Angle 51,17449.1950805482,5584.27312815933
Angle 51,17467.5552735033,5561.58981965604
Angle 51,17485.8940344685,5538.83498954764
Angle 51,17504.2113575247,5516.0087597083
Angle 51,17522.5072368096,5493.11125213903
Angle 51,17540.781666518,5470.14258896628
Angle 51,17559.0346409033,5447.10289244038
Angle 51,17577.2661542775,5423.9922849341
Angle 51,17595.4762010127,5400.8108889411
Angle 51,17613.6647755416,5377.55882707448
Angle 51,17631.8318723581,5354.23622206521
Angle 51,17649.9774860184,5330.84319676066
Angle 51,17668.1016111416,5307.37987412308
Angle 51,17686.2042424104,5283.84637722806
Angle 51,17704.285374572,5260.242829263
Angle 51,17722.3450024386,5236.56935352562
Angle 51,17740.3831208883,5212.82607342239
Angle 51,17758.3997248656,5189.013112467
Angle 51,17776.3948093824,5165.13059427883
Angle 51,17794.3683695184,5141.17864258143
Angle 51,17812.3204004219,5117.15738120091
Angle 51,17830.2508973106,5093.06693406446
Angle 51,17848.1598554719,5068.90742519877
Angle 51,17866.0472702638,5044.67897872847
Angle 51,17883.9131371156,5020.38171887459
Angle 51,17901.7574515282,4996.015769953
Angle 51,17919.5802090752,4971.58125637283
Angle 51,17937.3814054031,4947.07830263495
Angle 51,17955.1610362319,4922.50703333035
Angle 51,17972.9190973561,4897.86757313864
Angle 51,17990.6555846447,4873.16004682642
Angle 51,18008.3704940423,4848.38457924575
Angle 51,18026.0638215694,4823.54129533256
Angle 51,18043.7355633227,4798.63032010512
Angle 51,18061.3857154764,4773.65177866238
Angle 51,18079.0142742818,4748.60579618251
Angle 51,18096.6212360685,4723.49249792122
Angle 51,18114.2065972446,4698.31200921027
Angle 51,18131.7703542975,4673.06445545582
Angle 51,18149.3125037938,4647.74996213692
Angle 51,18166.8330423806,4622.36865480388
Angle 51,18184.3319667853,4596.92065907674
Angle 51,18201.8092738163,4571.40610064363
Angle 51,18219.2649603636,4545.82510525927
Angle 51,18236.6990233992,4520.17779874333
Angle 51,18254.1114599774,4494.46430697888
Angle 51,18271.5022672353,4468.6847559108
Angle 51,18288.8714423932,4442.83927154421
Angle 51,18306.2189827552,4416.92797994291
Angle 51,18323.5448857094,4390.95100722777
Angle 51,18340.8491487285,4364.90847957517
Angle 51,18358.13176937,4338.80052321544
Angle 51,18375.3927452765,4312.62726443126
Angle 51,18392.6320741765,4286.38882955611
Angle 51,18409.8497538845,4260.08534497268
Angle 51,18427.0457823012,4233.71693711129
Angle 51,18444.2201574142,4207.28373244837
Angle 51,18461.3728772981,4180.78585750482
Angle 51,18478.5039401149,4154.22343884452
Angle 51,18495.6133441144,4127.59660307268
Angle 51,18512.7010876346,4100.90547683435
Angle 51,18529.7671691016,4074.15018681283
Angle 51,18546.8115870305,4047.33085972807
Angle 51,18563.8343400252,4020.4476223352
Angle 51,18580.8354267791,3993.50060142287
Angle 51,18597.814846075,3966.48992381178
Angle 51,18614.7725967856,3939.41571635307
Angle 51,18631.7086778738,3912.2781059268
Angle 51,18648.623088393,3885.07721944041
Angle 51,18665.515827487,3857.81318382712
Angle 51,18682.3868943908,3830.48612604445
Angle 51,18699.2362884304,3803.09617307263
Angle 51,18716.0640090233,3775.64345191312
Angle 51,18732.8700556783,3748.12808958699
Angle 51,18749.6544279966,3720.55021313345
Angle 51,18766.4171256711,3692.90994960831
Angle 51,18783.158148487,3665.20742608245
Angle 51,18799.877496322,3637.44276964026
Angle 51,18816.5751691467,3609.61610737817
Angle 51,18833.2511670243,3581.7275664031
Angle 51,18849.9054901111,3553.77727383096
Angle 51,18866.5381386567,3525.76535678512
Angle 51,18883.1491130041,3497.69194239492
Angle 51,18899.7384135898,3469.55715779416
Angle 51,18916.3060409442,3441.36113011956
Angle 51,18932.8519956913,3413.10398650935
Angle 51,18949.3762785493,3384.78585410166
Angle 51,18965.8788903305,3356.40686003313
Angle 51,18982.3598319416,3327.96713143737
Angle 51,18998.8191043836,3299.46679544347
Angle 51,19015.2567087521,3270.90597917454
Angle 51,19031.6726462374,3242.28480974624
Angle 51,19048.0669181244,3213.60341426529
Angle 51,19064.439525793,3184.861919828
Angle 51,19080.7904707181,3156.06045351881
Angle 51,19097.1197544697,3127.19914240885
Angle 51,19113.4273787127,3098.27811355445
Angle 51,19129.7133452075,3069.29749399571
Angle 51,19145.9776558097,3040.25741075503
Angle 51,19162.2203124703,3011.15799083571
Angle 51,19178.4413172357,2981.99936122045
Angle 51,19194.6406722478,2952.78164886998
Angle 51,19210.8183797441,2923.50498072158
Angle 51,19226.9744420576,2894.16948368766
Angle 51,19243.108861617,2864.77528465438
Angle 51,19259.2216409468,2835.32251048017
Angle 51,19275.3127826671,2805.8112879944
Angle 51,19291.3822894937,2776.24174399587
Angle 51,19307.4301642381,2746.6140052515
Angle 51,19323.4564098079,2716.92819849488
Angle 51,19339.4610292061,2687.18445042491
Angle 51,19355.4440255317,2657.38288770436
Angle 51,19371.4054019795,2627.52363695856
Angle 51,19387.3451618401,2597.60682477396
Angle 51,19403.2633084999,2567.63257769678
Angle 51,19419.1598454409,2537.60102223167
Angle 51,19435.034776241,2507.51228484028
Angle 51,19450.888104574,2477.36649193999
Angle 51,19466.7198342091,2447.16376990246
Angle 51,19482.5299690114,2416.90424505238
Angle 51,19498.3185129415,2386.58804366604
Angle 51,19514.0854700558,2356.21529197008
Angle 51,19529.830844506,2325.78611614008
Angle 51,19545.5546405395,2295.30064229927
Angle 51,19561.2568624992,2264.75899651722
Angle 51,19576.9375148232,2234.16130480852
Angle 51,19592.5966020452,2203.50769313145
Angle 51,19608.2341287938,2172.79828738668
Angle 51,19623.8500997932,2142.03321341601
Angle 51,19639.4445198626,2111.21259700102
Angle 51,19655.017393916,2080.33656386182
Angle 51,19670.5687269628,2049.40523965577
Angle 51,19686.0985241068,2018.41874997617
Angle 51,19701.6067905471,1987.37722035105
Angle 51,19717.0935315772,1956.28077624182
Angle 51,19732.5587525851,1925.12954304211
Angle 51,19748.0024590535,1893.92364607642
Angle 51,19763.4246565594,1862.66321059895
Angle 51,19778.8253507742,1831.34836179231
Angle 51,19794.2045474633,1799.97922476633
Angle 51,19809.5622524861,1768.55592455676
Angle 51,19824.8984717962,1737.07858612413
Angle 51,19840.2132114408,1705.54733435246
Angle 51,19855.5064775608,1673.9622940481
Angle 51,19870.7782763905,1642.32358993849
Angle 51,19886.028614258,1610.63134667098
Angle 51,19901.2574975843,1578.88568881162
Angle 51,19916.4649328837,1547.086740844
Angle 51,19931.6509267634,1515.23462716802
Angle 51,19946.8154859234,1483.32947209878
Angle 51,19961.9586171565,1451.37139986534
Angle 51,19977.080327348,1419.3605346096
Angle 51,19992.1806234755,1387.29700038515
Angle 51,20007.2595126087,1355.18092115608
Angle 51,20022.3170019097,1323.01242079586
Angle 51,20037.3530986321,1290.79162308621
Angle 51,20052.3678101213,1258.51865171594
Angle 51,20067.3611438143,1226.19363027985
Angle 51,20082.3331072395,1193.81668227757
Angle 51,20097.2837080162,1161.38793111251
Angle 51,20112.2129538549,1128.90750009068
Angle 51,20127.120852557,1096.37551241966
Angle 51,20142.0074120141,1063.79209120744
Angle 51,20156.8726402087,1031.15735946136
Angle 51,20171.7165452132,998.471440087044
Angle 51,20186.5391351901,965.734455887287
Angle 51,20201.3404183919,932.946529561011
Angle 51,20216.1204031603,900.107783702194
Angle 51,20230.8790979269,867.218340798808
Angle 51,20245.6165112122,834.278323231776
Angle 51,20260.3326516258,801.287853273918
Angle 51,20275.0275278661,768.247053088921
Angle 51,20289.70114872,735.156044730299
Angle 51,20304.3535230629,702.014950140375
Angle 51,20318.9846598581,668.823891149255
Angle 51,20333.594568157,635.58298947382
Angle 51,20348.1832570986,602.292366716714
Angle 51,20362.7507359093,568.952144365352
Angle 51,20377.297013903,535.562443790915
Angle 51,20391.8221004802,502.123386247374
Angle 51,20406.3260051283,468.635092870502
Angle 51,20420.8087374215,435.0976846769
Angle 51,20435.2703070199,401.511282563032
Angle 51,20449.7107236697,367.876007304261
Angle 51,20464.1299972032,334.191979553892
Angle 51,20478.5281375379,300.459319842229
Angle 51,20492.9051546767,266.678148575626
Angle 51,20507.2610587078,232.848586035555
Angle 51,20521.5958598038,198.970752377675
Angle 51,20535.9095682221,165.044767630908
Angle 51,20550.2021943044,131.070751696526
Angle 51,20564.4737484763,97.0488243472351
Angle 51,20578.7242412474,62.9791052262764
Angle 51,20592.9536832106,28.8617138465267
Angle 51,20604.9565954587,0
Angle 52,0,0
Angle 52,42.9756336236323,54.9083026447636
Angle 52,85.8314051090374,109.565462077747
Angle 52,128.568114379096,163.972772593745
Angle 52,171.186553863327,218.131516042879
Angle 52,213.687508591101,272.042961984616
Angle 52,256.0717562834,325.708367839388
Angle 52,298.340067443152,379.128979037859
Angle 52,340.493205444163,432.30602916789
Angle 52,382.531926618678,485.24074011923
Angle 52,424.456980343593,537.934322225995
Angle 52,466.26910912534,590.387974406949
Angle 52,507.969048683473,642.602884303659
Angle 52,549.557528032983,694.580228416534
Angle 52,591.035269565355,746.321172238806
Angle 52,632.402989128394,797.826870388479
Angle 52,673.661396104847,849.098466738291
Angle 52,714.811193489836,900.13709454372
Angle 52,755.85307796713,950.943876569064
Angle 52,796.787739984268,1001.51992521165
Angle 52,837.615863826559,1051.86634262418
Angle 52,878.338127689988,1101.98422083526
Angle 52,918.955203753019,1151.87464186814
Angle 52,959.467758247355,1201.53867785772
Angle 52,999.876451527635,1250.97739116579
Angle 52,1040.18193814011,1300.19183449464
Angle 52,1080.38486689033,1349.18305099895
Angle 52,1120.48588090976,1397.95207439604
Angle 52,1160.48561772157,1446.4999290746
Angle 52,1200.38470930529,1494.82763020175
Angle 52,1240.18378216067,1542.93618382857
Angle 52,1279.88345737052,1590.82658699416
Angle 52,1319.4843506627,1638.49982782814
Angle 52,1358.9870724712,1685.95688565168
Angle 52,1398.3922279963,1733.19873107717
Angle 52,1437.70041726393,1780.22632610635
Angle 52,1476.91223518417,1827.04062422712
Angle 52,1516.02827160886,1873.64257050895
Angle 52,1555.04911138846,1920.03310169698
Angle 52,1593.97533442809,1966.21314630472
Angle 52,1632.8075157427,2012.18362470548
Angle 52,1671.54622551159,2057.94544922259
Angle 52,1710.19202913208,2103.49952421822
Angle 52,1748.74548727241,2148.84674618106
Angle 52,1787.20715592399,2193.98800381279
Angle 52,1825.57758645282,2238.92417811325
Angle 52,1863.85732565024,2283.65614246457
Angle 52,1902.04691578303,2328.184762714
Angle 52,1940.14689464266,2372.51089725574
Angle 52,1978.15779559408,2416.6353971115
Angle 52,2016.08014762362,2460.55910601012
Angle 52,2053.91447538637,2504.28286046595
Angle 52,2091.66129925287,2547.80748985628
Angle 52,2129.32113535517,2591.13381649764
Angle 52,2166.89449563224,2634.26265572115
Angle 52,2204.38188787476,2677.19481594675
Angle 52,2241.78381576937,2719.93109875653
Angle 52,2279.1007789422,2762.47229896702
Angle 52,2316.33327300196,2804.81920470054
Angle 52,2353.48178958229,2846.97259745555
Angle 52,2390.5468163837,2888.93325217615
Angle 52,2427.52883721481,2930.70193732058
Angle 52,2464.42833203313,2972.27941492883
Angle 52,2501.24577698527,3013.66644068941
Angle 52,2537.98164444657,3054.86376400516
Angle 52,2574.6364030603,3095.87212805826
Angle 52,2611.21051777625,3136.69226987435
Angle 52,2647.70444988885,3177.32492038587
Angle 52,2684.1186570748,3217.77080449446
Angle 52,2720.45359343015,3258.03064113272
Angle 52,2756.70970950699,3298.10514332498
Angle 52,2792.88745234954,3337.99501824744
Angle 52,2828.98726552988,3377.70096728747
Angle 52,2865.00958918316,3417.22368610213
Angle 52,2900.9548600423,3456.56386467598
Angle 52,2936.82351147238,3495.72218737813
Angle 52,2972.61597350446,3534.69933301857
Angle 52,3008.33267286901,3573.49597490378
Angle 52,3043.97403302891,3612.11278089164
Angle 52,3079.54047421201,3650.55041344564
Angle 52,3115.03241344332,3688.80952968841
Angle 52,3150.45026457671,3726.89078145457
Angle 52,3185.79443832628,3764.79481534294
Angle 52,3221.06534229728,3802.52227276807
Angle 52,3256.26338101668,3840.0737900111
Angle 52,3291.38895596328,3877.44999827011
Angle 52,3326.44246559757,3914.65152370966
Angle 52,3361.42430539103,3951.6789875099
Angle 52,3396.33486785525,3988.53300591493
Angle 52,3431.17454257054,4025.21419028065
Angle 52,3465.94371621425,4061.72314712199
Angle 52,3500.64277258874,4098.06047815955
Angle 52,3535.27209264896,4134.22678036575
Angle 52,3569.83205452972,4170.22264601025
Angle 52,3604.32303357262,4206.04866270503
Angle 52,3638.74540235259,4241.70541344873
Angle 52,3673.09953070421,4277.19347667061
Angle 52,3707.38578574759,4312.51342627385
Angle 52,3741.604531914,4347.66583167843
Angle 52,3775.75613097117,4382.65125786342
Angle 52,3809.84094204827,4417.47026540883
Angle 52,3843.85932166059,4452.12341053693
Angle 52,3877.81162373391,4486.61124515304
Angle 52,3911.69819962857,4520.93431688589
Angle 52,3945.51939816327,4555.09316912751
Angle 52,3979.27556563858,4589.08834107259
Angle 52,4012.96704586009,4622.92036775743
Angle 52,4046.59418016142,4656.58978009837
Angle 52,4080.15730742679,4690.09710492989
Angle 52,4113.65676411344,4723.44286504212
Angle 52,4147.09288427373,4756.627579218
Angle 52,4180.46599957699,4789.65176226997
Angle 52,4213.77643933107,4822.51592507631
Angle 52,4247.02453050368,4855.22057461691
Angle 52,4280.21059774344,4887.76621400879
Angle 52,4313.33496340071,4920.15334254113
Angle 52,4346.39794754812,4952.38245570986
Angle 52,4379.39986800094,4984.45404525197
Angle 52,4412.3410403371,5016.36859917929
Angle 52,4445.22177791707,5048.12660181202
Angle 52,4478.04239190344,5079.72853381178
Angle 52,4510.80319128028,5111.17487221431
Angle 52,4543.50448287233,5142.46609046185
Angle 52,4576.14657136387,5173.60265843506
Angle 52,4608.72975931741,5204.58504248472
Angle 52,4641.25434719222,5235.4137054629
Angle 52,4673.72063336251,5266.08910675393
Angle 52,4706.12891413553,5296.61170230498
Angle 52,4738.47948376938,5326.98194465624
Angle 52,4770.77263449063,5357.20028297085
Angle 52,4803.00865651175,5387.26716306446
Angle 52,4835.18783804831,5417.18302743446
Angle 52,4867.31046533599,5446.94831528889
Angle 52,4899.37682264743,5476.56346257508
Angle 52,4931.38719230882,5506.02890200787
Angle 52,4963.34185471632,5535.34506309766
Angle 52,4995.24108835234,5564.51237217803
Angle 52,5027.08516980155,5593.53125243313
Angle 52,5058.87437376678,5622.40212392479
Angle 52,5090.60897308466,5651.12540361924
Angle 52,5122.28923874118,5679.70150541368
Angle 52,5153.91543988697,5708.13084016245
Angle 52,5185.48784385246,5736.41381570297
Angle 52,5217.00671616287,5764.55083688142
Angle 52,5248.47232055298,5792.54230557808
Angle 52,5279.8849189818,5820.38862073249
Angle 52,5311.24477164705,5848.09017836828
Angle 52,5342.55213699939,5875.64737161777
Angle 52,5373.80727175665,5903.06059074628
Angle 52,5405.01043091773,5930.3302231762
Angle 52,5436.16186777648,5957.45665351087
Angle 52,5467.26183393534,5984.44026355806
Angle 52,5498.31057931883,6011.2814323534
Angle 52,5529.30835218694,6037.9805361834
Angle 52,5560.25539914832,6064.53794860833
Angle 52,5591.15196517331,6090.9540404848
Angle 52,5621.99829360689,6117.22917998821
Angle 52,5652.79462618141,6143.36373263484
Angle 52,5683.54120302924,6169.3580613038
Angle 52,5714.23826269521,6195.21252625875
Angle 52,5744.88604214897,6220.92748516936
Angle 52,5775.48477679717,6246.50329313259
Angle 52,5806.03470049556,6271.94030269375
Angle 52,5836.53604556084,6297.23886386732
Angle 52,5866.98904278256,6322.39932415761
Angle 52,5897.39392143466,6347.42202857917
Angle 52,5927.75090928709,6372.30731967703
Angle 52,5958.06023261718,6397.05553754669
Angle 52,5988.32211622091,6421.667019854
Angle 52,6018.53678342404,6446.14210185474
Angle 52,6048.70445609319,6470.48111641409
Angle 52,6078.82535464667,6494.68439402586
Angle 52,6108.89969806532,6518.75226283155
Angle 52,6138.92770390312,6542.68504863926
Angle 52,6168.90958829778,6566.48307494233
Angle 52,6198.84556598111,6590.14666293788
Angle 52,6228.73585028939,6613.67613154515
Angle 52,6258.58065317351,6637.07179742365
Angle 52,6288.38018520906,6660.33397499113
Angle 52,6318.13465560635,6683.46297644142
Angle 52,6347.84427222019,6706.45911176208
Angle 52,6377.50924155971,6729.32268875182
Angle 52,6407.12976879795,6752.0540130379
Angle 52,6436.70605778144,6774.65338809321
Angle 52,6466.23831103958,6797.1211152533
Angle 52,6495.72672979404,6819.4574937332
Angle 52,6525.17151396789,6841.6628206441
Angle 52,6554.5728621948,6863.73739100987
Angle 52,6583.93097182801,6885.68149778344
Angle 52,6613.24603894931,6907.49543186302
Angle 52,6642.51825837778,6929.17948210816
Angle 52,6671.74782367858,6950.73393535569
Angle 52,6700.93492717159,6972.15907643549
Angle 52,6730.07975993988,6993.45518818617
Angle 52,6759.18251183822,7014.62255147052
Angle 52,6788.24337150136,7035.66144519088
Angle 52,6817.26252635238,7056.57214630441
Angle 52,6846.24016261075,7077.35492983813
Angle 52,6875.17646530049,7098.01006890389
Angle 52,6904.07161825813,7118.53783471321
Angle 52,6932.92580414059,7138.93849659198
Angle 52,6961.73920443303,7159.21232199499
Angle 52,6990.51199945653,7179.35957652042
Angle 52,7019.24436837581,7199.3805239241
Angle 52,7047.9364892067,7219.27542613378
Angle 52,7076.58853882368,7239.04454326313
Angle 52,7105.20069296726,7258.68813362573
Angle 52,7133.77312625128,7278.20645374891
Angle 52,7162.30601217016,7297.59975838743
Angle 52,7190.79952310603,7316.86830053712
Angle 52,7219.25383033585,7336.01233144838
Angle 52,7247.66910403837,7355.0321006395
Angle 52,7276.04551330108,7373.92785590997
Angle 52,7304.38322612701,7392.69984335365
Angle 52,7332.68240944157,7411.34830737177
Angle 52,7360.9432290992,7429.87349068592
Angle 52,7389.16584989001,7448.27563435088
Angle 52,7417.35043554632,7466.55497776732
Angle 52,7445.49714874917,7484.71175869449
Angle 52,7473.6061511347,7502.74621326271
Angle 52,7501.6776033005,7520.65857598582
Angle 52,7529.71166481188,7538.44907977351
Angle 52,7557.7084942081,7556.11795594357
Angle 52,7585.66824900845,7573.66543423403
Angle 52,7613.59108571836,7591.0917428152
Angle 52,7641.47715983539,7608.39710830164
Angle 52,7669.32662585516,7625.58175576401
Angle 52,7697.13963727723,7642.64590874088
Angle 52,7724.91634661092,7659.58978925038
Angle 52,7752.65690538103,7676.41361780179
Angle 52,7780.36146413352,7693.11761340711
Angle 52,7808.03017244115,7709.70199359243
Angle 52,7835.66317890904,7726.16697440931
Angle 52,7863.26063118015,7742.51277044599
Angle 52,7890.82267594074,7758.73959483865
Angle 52,7918.34945892572,7774.84765928241
Angle 52,7945.841124924,7790.83717404243
Angle 52,7973.29781778374,7806.7083479648
Angle 52,8000.71968041757,7822.46138848741
Angle 52,8028.10685480772,7838.09650165077
Angle 52,8055.45948201112,7853.61389210864
Angle 52,8082.77770216445,7869.01376313877
Angle 52,8110.06165448911,7884.29631665337
Angle 52,8137.31147729617,7899.46175320966
Angle 52,8164.52730799122,7914.51027202026
Angle 52,8191.70928307924,7929.44207096354
Angle 52,8218.8575381693,7944.25734659393
Angle 52,8245.97220797935,7958.95629415208
Angle 52,8273.05342634088,7973.53910757504
Angle 52,8300.10132620349,7988.00597950636
Angle 52,8327.11603963952,8002.35710130603
Angle 52,8354.09769784854,8016.59266306051
Angle 52,8381.04643116183,8030.71285359255
Angle 52,8407.96236904682,8044.71786047106
Angle 52,8434.84564011143,8058.60787002085
Angle 52,8461.69637210845,8072.38306733234
Angle 52,8488.51469193979,8086.04363627118
Angle 52,8515.30072566072,8099.58975948785
Angle 52,8542.05459848411,8113.02161842719
Angle 52,8568.7764347845,8126.33939333785
Angle 52,8595.46635810229,8139.54326328172
Angle 52,8622.12449114775,8152.63340614326
Angle 52,8648.75095580506,8165.60999863883
Angle 52,8675.34587313627,8178.4732163259
Angle 52,8701.90936338527,8191.22323361228
Angle 52,8728.44154598165,8203.86022376523
Angle 52,8754.94253954458,8216.3843589206
Angle 52,8781.41246188661,8228.79581009179
Angle 52,8807.85143001744,8241.09474717881
Angle 52,8834.25956014767,8253.2813389772
Angle 52,8860.6369676925,8265.35575318688
Angle 52,8886.98376727537,8277.31815642106
Angle 52,8913.3000727316,8289.16871421501
Angle 52,8939.58599711196,8300.90759103477
Angle 52,8965.84165268622,8312.53495028593
Angle 52,8992.06715094669,8324.05095432222
Angle 52,9018.26260261165,8335.45576445418
Angle 52,9044.42811762883,8346.7495409577
Angle 52,9070.5638051788,8357.93244308255
Angle 52,9096.66977367836,8369.00462906089
Angle 52,9122.74613078383,8379.96625611569
Angle 52,9148.79298339444,8390.81748046915
Angle 52,9174.81043765554,8401.55845735107
Angle 52,9200.79859896187,8412.18934100715
Angle 52,9226.75757196074,8422.7102847073
Angle 52,9252.68746055526,8433.12144075389
Angle 52,9278.58836790746,8443.42296048992
Angle 52,9304.46039644141,8453.61499430725
Angle 52,9330.30364784631,8463.6976916547
Angle 52,9356.11822307956,8473.67120104613
Angle 52,9381.9042223698,8483.53567006858
Angle 52,9407.66174521989,8493.2912453902
Angle 52,9433.39089040991,8502.93807276831
Angle 52,9459.09175600009,8512.47629705737
Angle 52,9484.76443933375,8521.90606221684
Angle 52,9510.40903704019,8531.22751131914
Angle 52,9536.02564503758,8540.44078655747
Angle 52,9561.61435853576,8549.54602925369
Angle 52,9587.17527203911,8558.54337986604
Angle 52,9612.70847934934,8567.43297799698
Angle 52,9638.21407356821,8576.2149624009
Angle 52,9663.69214710037,8584.8894709918
Angle 52,9689.142791656,8593.45664085103
Angle 52,9714.56609825358,8601.91660823486
Angle 52,9739.96215722254,8610.26950858217
Angle 52,9765.33105820592,8618.51547652199
Angle 52,9790.67289016302,8626.6546458811
Angle 52,9815.98774137201,8634.68714969154
Angle 52,9841.27569943256,8642.61312019813
Angle 52,9866.53685126836,8650.43268886594
Angle 52,9891.77128312975,8658.14598638776
Angle 52,9916.97908059621,8665.75314269151
Angle 52,9942.16032857889,8673.25428694768
Angle 52,9967.31511132314,8680.64954757666
Angle 52,9992.44351241098,8687.93905225613
Angle 52,10017.5456147636,8695.12292792836
Angle 52,10042.6215006437,8702.20130080755
Angle 52,10067.6712516581,8709.17429638707
Angle 52,10092.69494876,8716.04203944674
Angle 52,10117.6926722516,8722.80465406007
Angle 52,10142.6645017862,8729.46226360144
Angle 52,10167.6105163708,8736.01499075331
Angle 52,10192.5307943685,8742.46295751338
Angle 52,10217.4254135005,8748.80628520173
Angle 52,10242.2944508488,8755.04509446794
Angle 52,10267.1379828585,8761.17950529819
Angle 52,10291.9560853399,8767.20963702233
Angle 52,10316.748833471,8773.13560832092
Angle 52,10341.5163017996,8778.95753723232
Angle 52,10366.2585642457,8784.67554115963
Angle 52,10390.9756941039,8790.28973687772
Angle 52,10415.6677640453,8795.80024054021
Angle 52,10440.33484612,8801.20716768639
Angle 52,10464.9770117594,8806.51063324818
Angle 52,10489.5943317782,8811.71075155699
Angle 52,10514.1868763767,8816.80763635069
Angle 52,10538.7547151431,8821.8014007804
Angle 52,10563.2979170558,8826.69215741739
Angle 52,10587.8165504851,8831.48001825988
Angle 52,10612.310683196,8836.16509473987
Angle 52,10636.7803823501,8840.74749772992
Angle 52,10661.2257145075,8845.22733754994
Angle 52,10685.6467456297,8849.60472397392
Angle 52,10710.0435410809,8853.87976623665
Angle 52,10734.4161656308,8858.05257304047
Angle 52,10758.7646834566,8862.12325256197
Angle 52,10783.0891581449,8866.09191245861
Angle 52,10807.3896526941,8869.95865987543
Angle 52,10831.6662295164,8873.72360145167
Angle 52,10855.9189504402,8877.38684332736
Angle 52,10880.1478767118,8880.94849114998
Angle 52,10904.353068998,8884.40865008099
Angle 52,10928.5345873877,8887.76742480241
Angle 52,10952.6924913948,8891.02491952335
Angle 52,10976.8268399594,8894.18123798655
Angle 52,11000.9376914505,8897.23648347489
Angle 52,11025.0251036683,8900.19075881784
Angle 52,11049.0891338457,8903.04416639795
Angle 52,11073.1298386508,8905.79680815733
Angle 52,11097.1472741892,8908.44878560398
Angle 52,11121.1414960056,8911.00019981832
Angle 52,11145.1125590864,8913.45115145948
Angle 52,11169.0605178618,8915.80174077172
Angle 52,11192.9854262074,8918.05206759076
Angle 52,11216.8873374471,8920.20223135014
Angle 52,11240.7663043546,8922.25233108748
Angle 52,11264.6223791558,8924.20246545081
Angle 52,11288.4556135309,8926.05273270481
Angle 52,11312.2660586167,8927.80323073709
Angle 52,11336.0537650084,8929.45405706441
Angle 52,11359.8187827621,8931.00530883887
Angle 52,11383.5611613964,8932.45708285412
Angle 52,11407.2809498955,8933.80947555151
Angle 52,11430.9781967102,8935.06258302627
Angle 52,11454.652949761,8936.21650103357
Angle 52,11478.3052564398,8937.27132499471
Angle 52,11501.9351636121,8938.22715000312
Angle 52,11525.5427176194,8939.08407083049
Angle 52,11549.127964281,8939.84218193275
Angle 52,11572.6909488964,8940.50157745614
Angle 52,11596.2317162478,8941.06235124316
Angle 52,11619.7503106017,8941.52459683857
Angle 52,11643.2467757113,8941.88840749533
Angle 52,11666.721154819,8942.15387618053
Angle 52,11690.1734906582,8942.32109558128
Angle 52,11713.603825456,8942.39015811063
Angle 52,11737.0122009349,8942.36115591337
Angle 52,11760.3986583152,8942.2341808719
Angle 52,11783.7632383176,8942.00932461205
Angle 52,11807.1059811648,8941.6866785088
Angle 52,11830.4269265843,8941.26633369213
Angle 52,11853.7261138105,8940.74838105269
Angle 52,11877.0035815869,8940.13291124754
Angle 52,11900.2593681683,8939.42001470581
Angle 52,11923.4935113232,8938.60978163438
Angle 52,11946.7060483363,8937.70230202352
Angle 52,11969.8970160103,8936.69766565248
Angle 52,11993.0664506686,8935.59596209507
Angle 52,12016.2143881575,8934.39728072522
Angle 52,12039.3408638485,8933.10171072253
Angle 52,12062.4459126407,8931.70934107771
Angle 52,12085.5295689629,8930.22026059814
Angle 52,12108.5918667764,8928.63455791322
Angle 52,12131.6328395769,8926.95232147988
Angle 52,12154.6525203972,8925.17363958788
Angle 52,12177.6509418092,8923.29860036525
Angle 52,12200.6281359267,8921.32729178356
Angle 52,12223.5841344076,8919.25980166326
Angle 52,12246.5189684562,8917.09621767895
Angle 52,12269.4326688258,8914.83662736458
Angle 52,12292.3252658208,8912.48111811875
Angle 52,12315.1967892997,8910.02977720978
Angle 52,12338.0472686768,8907.48269178098
Angle 52,12360.8767329253,8904.83994885568
Angle 52,12383.6852105793,8902.10163534236
Angle 52,12406.4727297366,8899.26783803973
Angle 52,12429.2393180606,8896.33864364169
Angle 52,12451.9850027837,8893.31413874241
Angle 52,12474.7098107089,8890.19440984122
Angle 52,12497.4137682127,8886.97954334761
Angle 52,12520.0969012476,8883.66962558605
Angle 52,12542.7592353446,8880.26474280093
Angle 52,12565.4007956154,8876.76498116133
Angle 52,12588.0216067556,8873.17042676589
Angle 52,12610.6216930465,8869.48116564748
Angle 52,12633.2010783581,8865.69728377804
Angle 52,12655.7597861516,8861.81886707316
Angle 52,12678.2978394816,8857.84600139685
Angle 52,12700.8152609994,8853.7787725661
Angle 52,12723.3120729546,8849.61726635548
Angle 52,12745.7882971986,8845.36156850173
Angle 52,12768.2439551866,8841.01176470824
Angle 52,12790.6790679803,8836.56794064955
Angle 52,12813.0936562509,8832.03018197583
Angle 52,12835.4877402809,8827.39857431723
Angle 52,12857.8613399677,8822.67320328832
Angle 52,12880.2144748254,8817.85415449239
Angle 52,12902.5471639879,8812.94151352576
Angle 52,12924.8594262114,8807.93536598207
Angle 52,12947.1512798769,8802.83579745646
Angle 52,12969.4227429931,8797.64289354981
Angle 52,12991.673833199,8792.35673987287
Angle 52,13013.9045677663,8786.97742205039
Angle 52,13036.1149636024,8781.50502572515
Angle 52,13058.305037253,8775.93963656207
Angle 52,13080.4748049046,8770.28134025216
Angle 52,13102.6242823873,8764.53022251651
Angle 52,13124.7534851774,8758.68636911016
Angle 52,13146.8624284004,8752.74986582608
Angle 52,13168.9511268333,8746.72079849893
Angle 52,13191.0195949075,8740.59925300887
Angle 52,13213.0678467115,8734.38531528539
Angle 52,13235.0958959936,8728.07907131099
Angle 52,13257.1037561644,8721.68060712484
Angle 52,13279.0914403001,8715.19000882651
Angle 52,13301.0589611445,8708.60736257949
Angle 52,13323.0063311121,8701.93275461482
Angle 52,13344.9335622909,8695.16627123456
Angle 52,13366.8406664449,8688.30799881535
Angle 52,13388.7276550171,8681.35802381178
Angle 52,13410.5945391318,8674.31643275984
Angle 52,13432.4413295979,8667.1833122803
Angle 52,13454.2680369111,8659.95874908198
Angle 52,13476.0746712571,8652.64282996508
Angle 52,13497.8612425139,8645.2356418244
Angle 52,13519.6277602551,8637.73727165255
Angle 52,13541.3742337519,8630.14780654312
Angle 52,13563.1006719765,8622.4673336938
Angle 52,13584.8070836047,8614.69594040943
Angle 52,13606.4934770183,8606.83371410507
Angle 52,13628.1598603082,8598.88074230901
Angle 52,13649.8062412771,8590.83711266566
Angle 52,13671.432627442,8582.70291293856
Angle 52,13693.0390260374,8574.47823101317
Angle 52,13714.6254440175,8566.16315489976
Angle 52,13736.1918880594,8557.75777273616
Angle 52,13757.7383645655,8549.26217279056
Angle 52,13779.2648796666,8540.67644346417
Angle 52,13800.7714392241,8532.00067329391
Angle 52,13822.2580488335,8523.23495095506
Angle 52,13843.7247138264,8514.37936526382
Angle 52,13865.1714392736,8505.43400517984
Angle 52,13886.5982299877,8496.39895980878
Angle 52,13908.0050905261,8487.27431840472
Angle 52,13929.3920251933,8478.06017037262
Angle 52,13950.759038044,8468.75660527068
Angle 52,13972.1061328856,8459.3637128127
Angle 52,13993.4333132808,8449.88158287037
Angle 52,14014.7405825507,8440.31030547552
Angle 52,14036.0279437773,8430.64997082238
Angle 52,14057.295399806,8420.90066926971
Angle 52,14078.5429532486,8411.06249134297
Angle 52,14099.7706064859,8401.13552773643
Angle 52,14120.9783616703,8391.1198693152
Angle 52,14142.1662207286,8381.01560711726
Angle 52,14163.3341853645,8370.82283235546
Angle 52,14184.4822570615,8360.54163641943
Angle 52,14205.6104370856,8350.1721108775
Angle 52,14226.7187264875,8339.71434747854
Angle 52,14247.8071261058,8329.16843815383
Angle 52,14268.8756365694,8318.53447501878
Angle 52,14289.9242583001,8307.81255037472
Angle 52,14310.9529915153,8297.00275671057
Angle 52,14331.9618362307,8286.10518670454
Angle 52,14352.9507922629,8275.11993322573
Angle 52,14373.9198592317,8264.04708933573
Angle 52,14394.8690365633,8252.88674829018
Angle 52,14415.7983234923,8241.63900354027
Angle 52,14436.7077190647,8230.30394873419
Angle 52,14457.5972221403,8218.88167771862
Angle 52,14478.4668313953,8207.3722845401
Angle 52,14499.3165453248,8195.77586344638
Angle 52,14520.1463622458,8184.09250888775
Angle 52,14540.9562802988,8172.32231551836
Angle 52,14561.7462974515,8160.46537819743
Angle 52,14582.5164115004,8148.52179199046
Angle 52,14603.2666200738,8136.49165217045
Angle 52,14623.9969206341,8124.37505421902
Angle 52,14644.7073104806,8112.17209382748
Angle 52,14665.3977867517,8099.88286689795
Angle 52,14686.0683464274,8087.50746954437
Angle 52,14706.7189863319,8075.04599809351
Angle 52,14727.349703136,8062.49854908591
Angle 52,14747.9604933596,8049.86521927682
Angle 52,14768.5513533742,8037.1461056371
Angle 52,14789.122279405,8024.34130535407
Angle 52,14809.6732675339,8011.45091583235
Angle 52,14830.2043137014,7998.47503469462
Angle 52,14850.7154137091,7985.4137597824
Angle 52,14871.2065632224,7972.26718915677
Angle 52,14891.6777577724,7959.03542109904
Angle 52,14912.1289927588,7945.71855411143
Angle 52,14932.5602634519,7932.3166869177
Angle 52,14952.9715649949,7918.8299184637
Angle 52,14973.3628924065,7905.25834791797
Angle 52,14993.734240583,7891.60207467223
Angle 52,15014.0856043008,7877.86119834192
Angle 52,15034.4169782186,7864.03581876662
Angle 52,15054.7283568797,7850.12603601049
Angle 52,15075.019734714,7836.13195036269
Angle 52,15095.2911060409,7822.05366233773
Angle 52,15115.5424650711,7807.89127267581
Angle 52,15135.7738059087,7793.64488234314
Angle 52,15155.985122554,7779.31459253221
Angle 52,15176.176408905,7764.90050466201
Angle 52,15196.3476587602,7750.40272037831
Angle 52,15216.4988658206,7735.82134155379
Angle 52,15236.6300236916,7721.15647028825
Angle 52,15256.7411258856,7706.40820890868
Angle 52,15276.832165824,7691.57665996942
Angle 52,15296.9031368391,7676.6619262522
Angle 52,15316.9540321765,7661.6641107662
Angle 52,15336.9848449973,7646.58331674807
Angle 52,15356.9955683797,7631.4196476619
Angle 52,15376.9861953217,7616.17320719921
Angle 52,15396.9567187429,7600.84409927888
Angle 52,15416.9071314863,7585.43242804702
Angle 52,15436.8374263209,7569.93829787694
Angle 52,15456.7475959433,7554.3618133689
Angle 52,15476.6376329799,7538.70307935002
Angle 52,15496.5075299889,7522.96220087406
Angle 52,15516.3572794622,7507.1392832212
Angle 52,15536.1868738275,7491.23443189777
Angle 52,15555.9963054501,7475.24775263604
Angle 52,15575.7855666353,7459.17935139385
Angle 52,15595.5546496296,7443.02933435435
Angle 52,15615.3035466234,7426.79780792563
Angle 52,15635.0322497523,7410.48487874036
Angle 52,15654.7407510994,7394.09065365538
Angle 52,15674.429042697,7377.61523975133
Angle 52,15694.0971165286,7361.05874433216
Angle 52,15713.7449645306,7344.42127492469
Angle 52,15733.3725785942,7327.70293927817
Angle 52,15752.9799505673,7310.90384536369
Angle 52,15772.5670722564,7294.02410137373
Angle 52,15792.1339354281,7277.06381572157
Angle 52,15811.6805318112,7260.02309704073
Angle 52,15831.2068530983,7242.90205418439
Angle 52,15850.7128909477,7225.70079622476
Angle 52,15870.1986369849,7208.41943245244
Angle 52,15889.6640828047,7191.0580723758
Angle 52,15909.1092199726,7173.61682572029
Angle 52,15928.5340400268,7156.09580242772
Angle 52,15947.9385344796,7138.49511265559
Angle 52,15967.3226948192,7120.81486677634
Angle 52,15986.6865125116,7103.05517537656
Angle 52,16006.0299790019,7085.21614925631
Angle 52,16025.353085716,7067.29789942821
Angle 52,16044.6558240625,7049.30053711676
Angle 52,16063.9381854341,7031.2241737574
Angle 52,16083.2001612091,7013.06892099573
Angle 52,16102.4417427532,6994.83489068665
Angle 52,16121.6629214211,6976.52219489345
Angle 52,16140.8636885578,6958.13094588692
Angle 52,16160.0440355004,6939.66125614446
Angle 52,16179.2039535795,6921.11323834913
Angle 52,16198.3434341207,6902.48700538869
Angle 52,16217.4624684463,6883.78267035468
Angle 52,16236.5610478765,6865.0003465414
Angle 52,16255.6391637311,6846.14014744493
Angle 52,16274.696807331,6827.20218676212
Angle 52,16293.7339699995,6808.18657838957
Angle 52,16312.7506430635,6789.09343642257
Angle 52,16331.7468178558,6769.92287515407
Angle 52,16350.7224857153,6750.67500907359
Angle 52,16369.6776379895,6731.34995286615
Angle 52,16388.6122660353,6711.94782141116
Angle 52,16407.5263612203,6692.4687297813
Angle 52,16426.4199149246,6672.91279324143
Angle 52,16445.2929185417,6653.28012724741
Angle 52,16464.1453634802,6633.57084744495
Angle 52,16482.9772411648,6613.78506966847
Angle 52,16501.7885430379,6593.92290993992
Angle 52,16520.5792605607,6573.98448446755
Angle 52,16539.3493852145,6553.96990964474
Angle 52,16558.0989085021,6533.87930204879
Angle 52,16576.8278219488,6513.71277843965
Angle 52,16595.536117104,6493.47045575873
Angle 52,16614.2237855421,6473.15245112761
Angle 52,16632.8908188639,6452.7588818468
Angle 52,16651.5372086978,6432.28986539448
Angle 52,16670.1629467009,6411.74551942515
Angle 52,16688.7680245604,6391.12596176843
Angle 52,16707.3524339943,6370.43131042766
Angle 52,16725.9161667531,6349.66168357865
Angle 52,16744.4592146207,6328.81719956834
Angle 52,16762.9815694154,6307.89797691342
Angle 52,16781.4832229912,6286.90413429907
Angle 52,16799.964167239,6265.8357905775
Angle 52,16818.4243940874,6244.69306476669
Angle 52,16836.863895504,6223.47607604892
Angle 52,16855.2826634963,6202.18494376946
Angle 52,16873.6806901131,6180.81978743515
Angle 52,16892.057967445,6159.38072671299
Angle 52,16910.414487626,6137.86788142875
Angle 52,16928.7502428343,6116.28137156556
Angle 52,16947.065225293,6094.62131726244
Angle 52,16965.3594272715,6072.88783881293
Angle 52,16983.6328410866,6051.0810566636
Angle 52,17001.8854591029,6029.20109141265
Angle 52,17020.1172737342,6007.24806380839
Angle 52,17038.3282774445,5985.22209474785
Angle 52,17056.5184627487,5963.12330527525
Angle 52,17074.6878222136,5940.95181658059
Angle 52,17092.8363484587,5918.7077499981
Angle 52,17110.9640341577,5896.39122700479
Angle 52,17129.0708720384,5874.00236921895
Angle 52,17147.1568548844,5851.54129839866
Angle 52,17165.2219755358,5829.00813644025
Angle 52,17183.2662268898,5806.40300537683
Angle 52,17201.2896019018,5783.72602737674
Angle 52,17219.292093586,5760.97732474204
Angle 52,17237.2736950165,5738.15701990699
Angle 52,17255.234399328,5715.26523543651
Angle 52,17273.1741997167,5692.30209402462
Angle 52,17291.0930894407,5669.26771849294
Angle 52,17308.9910618214,5646.16223178911
Angle 52,17326.8681102439,5622.98575698524
Angle 52,17344.7242281577,5599.73841727637
Angle 52,17362.5594090776,5576.42033597892
Angle 52,17380.3736465846,5553.03163652906
Angle 52,17398.1669343262,5529.57244248125
Angle 52,17415.9392660177,5506.04287750655
Angle 52,17433.6906354423,5482.44306539114
Angle 52,17451.4210364522,5458.77313003468
Angle 52,17469.1304629692,5435.03319544878
Angle 52,17486.8189089855,5411.22338575536
Angle 52,17504.4863685639,5387.34382518511
Angle 52,17522.1328358392,5363.39463807585
Angle 52,17539.7583050181,5339.37594887098
Angle 52,17557.3627703805,5315.28788211789
Angle 52,17574.9462262797,5291.13056246631
Angle 52,17592.5086671431,5266.90411466674
Angle 52,17610.050087473,5242.60866356887
Angle 52,17627.5704818469,5218.24433411993
Angle 52,17645.0698449184,5193.81125136311
Angle 52,17662.5481714176,5169.30954043596
Angle 52,17680.0054561518,5144.73932656875
Angle 52,17697.4416940059,5120.10073508288
Angle 52,17714.8568799431,5095.39389138926
Angle 52,17732.2510090052,5070.61892098672
Angle 52,17749.6240763138,5045.77594946033
Angle 52,17766.9760770698,5020.86510247986
Angle 52,17784.3070065548,4995.88650579813
Angle 52,17801.6168601314,4970.84028524936
Angle 52,17818.9056332433,4945.72656674762
Angle 52,17836.1733214162,4920.54547628515
Angle 52,17853.4199202582,4895.29713993076
Angle 52,17870.6454254603,4869.98168382824
Angle 52,17887.8498327967,4844.59923419469
Angle 52,17905.0331381254,4819.14991731894
Angle 52,17922.1953373888,4793.6338595599
Angle 52,17939.3364266136,4768.05118734495
Angle 52,17956.4564019119,4742.40202716835
Angle 52,17973.5552594813,4716.68650558957
Angle 52,17990.6329956051,4690.90474923171
Angle 52,18007.6896066532,4665.05688477986
Angle 52,18024.7250890821,4639.14303897949
Angle 52,18041.7394394355,4613.16333863485
Angle 52,18058.7326543446,4587.11791060731
Angle 52,18075.7047305284,4561.00688181379
Angle 52,18092.6556647944,4534.83037922513
Angle 52,18109.5854540384,4508.58852986447
Angle 52,18126.4940952455,4482.28146080565
Angle 52,18143.3815854897,4455.90929917158
Angle 52,18160.2479219351,4429.47217213266
Angle 52,18177.0931018354,4402.97020690516
Angle 52,18193.9171225349,4376.40353074961
Angle 52,18210.7199814683,4349.77227096919
Angle 52,18227.5016761613,4323.07655490815
Angle 52,18244.2622042307,4296.31650995019
Angle 52,18261.0015633849,4269.49226351688
Angle 52,18277.7197514242,4242.60394306604
Angle 52,18294.4167662408,4215.65167609018
Angle 52,18311.0926058192,4188.63559011487
Angle 52,18327.7472682365,4161.55581269718
Angle 52,18344.3807516628,4134.41247142407
Angle 52,18360.9930543612,4107.20569391084
Angle 52,18377.5841746881,4079.93560779952
Angle 52,18394.1541110933,4052.60234075729
Angle 52,18410.7028621208,4025.20602047491
Angle 52,18427.2304264083,3997.74677466518
Angle 52,18443.7368026878,3970.22473106129
Angle 52,18460.2219897857,3942.64001741535
Angle 52,18476.685986623,3914.99276149674
Angle 52,18493.1287922157,3887.28309109061
Angle 52,18509.5504056745,3859.51113399629
Angle 52,18525.9508262056,3831.67701802573
Angle 52,18542.3300531104,3803.78087100198
Angle 52,18558.6880857857,3775.82282075762
Angle 52,18575.0249237242,3747.80299513321
Angle 52,18591.3405665143,3719.72152197576
Angle 52,18607.6350138405,3691.5785291372
Angle 52,18623.9082654833,3663.37414447282
Angle 52,18640.1603213195,3635.10849583978
Angle 52,18656.3911813223,3606.78171109553
Angle 52,18672.6008455614,3578.39391809635
Angle 52,18688.7893142032,3549.94524469578
Angle 52,18704.9565875106,3521.43581874312
Angle 52,18721.1026658438,3492.86576808195
Angle 52,18737.2275496594,3464.23522054857
Angle 52,18753.3312395114,3435.54430397055
Angle 52,18769.4137360507,3406.79314616519
Angle 52,18785.4750400257,3377.98187493806
Angle 52,18801.5151522818,3349.11061808149
Angle 52,18817.5340737618,3320.17950337308
Angle 52,18833.531805506,3291.18865857425
Angle 52,18849.5083486522,3262.13821142874
Angle 52,18865.4637044357,3233.02828966114
Angle 52,18881.3978741892,3203.85902097542
Angle 52,18897.3108593432,3174.63053305349
Angle 52,18913.202661426,3145.34295355371
Angle 52,18929.0732820632,3115.99641010948
Angle 52,18944.9227229785,3086.59103032775
Angle 52,18960.7509859932,3057.12694178759
Angle 52,18976.5580730262,3027.60427203876
Angle 52,18992.3439860945,2998.02314860029
Angle 52,19008.1087273125,2968.38369895902
Angle 52,19023.8522988928,2938.6860505682
Angle 52,19039.5747031454,2908.93033084604
Angle 52,19055.2759424784,2879.11666717437
Angle 52,19070.9560193973,2849.24518689713
Angle 52,19086.6149365057,2819.31601731907
Angle 52,19102.2526965047,2789.32928570428
Angle 52,19117.8693021932,2759.28511927482
Angle 52,19133.4647564677,2729.18364520934
Angle 52,19149.0390623222,2699.02499064171
Angle 52,19164.5922228487,2668.80928265961
Angle 52,19180.1242412363,2638.53664830319
Angle 52,19195.6351207718,2608.20721456369
Angle 52,19211.1248648395,2577.82110838209
Angle 52,19226.5934769209,2547.37845664776
Angle 52,19242.0409605949,2516.87938619708
Angle 52,19257.4673195378,2486.32402381214
Angle 52,19272.8725575228,2455.71249621938
Angle 52,19288.2566784205,2425.04493008825
Angle 52,19303.6196861983,2394.32145202993
Angle 52,19318.9615849206,2363.54218859595
Angle 52,19334.2823787487,2332.70726627691
Angle 52,19349.5820719408,2301.81681150117
Angle 52,19364.8606688515,2270.87095063354
Angle 52,19380.118173932,2239.869809974
Angle 52,19395.3545917303,2208.81351575637
Angle 52,19410.5699268904,2177.7021941471
Angle 52,19425.7641841526,2146.53597124389
Angle 52,19440.9373683536,2115.3149730745
Angle 52,19456.0894844258,2084.03932559546
Angle 52,19471.2205373976,2052.7091546908
Angle 52,19486.3305323933,2021.32458617078
Angle 52,19501.4194746326,1989.88574577069
Angle 52,19516.487369431,1958.39275914956
Angle 52,19531.5342221991,1926.84575188895
Angle 52,19546.5600384429,1895.24484949172
Angle 52,19561.5648237634,1863.59017738079
Angle 52,19576.5485838565,1831.88186089794
Angle 52,19591.5113245132,1800.12002530256
Angle 52,19606.4530516186,1768.30479577053
Angle 52,19621.3737711528,1736.43629739291
Angle 52,19636.2734891898,1704.51465517483
Angle 52,19651.1522118981,1672.53999403428
Angle 52,19666.0099455401,1640.51243880092
Angle 52,19680.8466964718,1608.4321142149
Angle 52,19695.6624711431,1576.29914492573
Angle 52,19710.4572760972,1544.11365549108
Angle 52,19725.2311179709,1511.87577037562
Angle 52,19739.9840034936,1479.58561394992
Angle 52,19754.7159394881,1447.24331048927
Angle 52,19769.4269328697,1414.84898417255
Angle 52,19784.1169906463,1382.40275908109
Angle 52,19798.7861199182,1349.90475919758
Angle 52,19813.4343278777,1317.35510840493
Angle 52,19828.0616218093,1284.75393048515
Angle 52,19842.6680090891,1252.10134911829
Angle 52,19857.2534971848,1219.39748788127
Angle 52,19871.8180936553,1186.64247024687
Angle 52,19886.361806151,1153.83641958259
Angle 52,19900.8846424127,1120.97945914961
Angle 52,19915.3866102724,1088.07171210167
Angle 52,19929.8677176524,1055.11330148407
Angle 52,19944.3279725652,1022.10435023255
Angle 52,19958.7673831133,989.044981172275
Angle 52,19973.1859574893,955.935317016791
Angle 52,19987.5837039752,922.775480366967
Angle 52,20001.9606309423,889.565593709977
Angle 52,20016.3167468512,856.305779418267
Angle 52,20030.6520602513,822.996159748544
Angle 52,20044.9665797807,789.636856840758
Angle 52,20059.2603141658,756.227992717099
Angle 52,20073.5332722215,722.769689280999
Angle 52,20087.7854628503,689.262068316134
Angle 52,20102.0168950426,655.705251485446
Angle 52,20116.227577876,622.099360330158
Angle 52,20130.4175205157,588.444516268803
Angle 52,20144.5867322134,554.740840596259
Angle 52,20158.7352223079,520.988454482787
Angle 52,20172.8630002241,487.18747897308
Angle 52,20186.9700754732,453.338034985318
Angle 52,20201.0564576525,419.440243310224
Angle 52,20215.1221564446,385.494224610135
Angle 52,20229.1671816177,351.500099418072
Angle 52,20243.1915430252,317.457988136822
Angle 52,20257.1952506052,283.368011038026
Angle 52,20271.1783143805,249.230288261268
Angle 52,20285.1407444581,215.044939813178
Angle 52,20299.0825510292,180.812085566539
Angle 52,20313.0037443687,146.531845259395
Angle 52,20326.9043348349,112.204338494176
Angle 52,20340.7843328694,77.8296847368221
Angle 52,20354.6437489969,43.4080033159137
Angle 52,20368.4825938245,8.93941342181424
Angle 52,20372.0615014839,0
Angle 53,0,0
Angle 53,42.0090958761056,55.6499531433412
Angle 53,83.9010271089822,111.046696878582
Angle 53,125.676577362062,166.191541590223
Angle 53,167.336522953853,221.085785054099
Angle 53,208.881632949437,275.730712593603
Angle 53,250.312669250542,330.127597233482
Angle 53,291.630386684205,384.277699851232
Angle 53,332.83553309007,438.182269326164
Angle 53,373.928849406329,491.84254268616
Angle 53,414.911069754337,545.25974525217
Angle 53,455.782921521935,598.435090780502
Angle 53,496.545125445482,651.369781602927
Angle 53,537.198395690649,704.065008764652
Angle 53,577.743439931967,756.521952160194
Angle 53,618.180959431181,808.741780667203
Angle 53,658.511649114402,860.72565227825
Angle 53,698.736197648111,912.474714230641
Angle 53,738.855287514002,963.990103134278
Angle 53,778.869595082715,1015.27294509761
Angle 53,818.779790686456,1066.32435585169
Angle 53,858.586538690536,1117.14544087241
Angle 53,898.290497563847,1167.7372955009
Angle 53,937.892319948292,1218.10100506216
Angle 53,977.392652727185,1268.23764498193
Angle 53,1016.79213709264,1318.14828090185
Angle 53,1056.09140861198,1367.83396879294
Angle 53,1095.29109729315,1417.29575506741
Angle 53,1134.39182764921,1466.53467668882
Angle 53,1173.39421876182,1515.55176128069
Angle 53,1212.2988843439,1564.3480272335
Angle 53,1251.10643280129,1612.92448381012
Angle 53,1289.81746729354,1661.28213124979
Angle 53,1328.43258579389,1709.42196087055
Angle 53,1366.95238114828,1757.34495517024
Angle 53,1405.37744113358,1805.052087926
Angle 53,1443.70834851502,1852.54432429242
Angle 53,1481.94568110266,1899.82262089826
Angle 53,1520.09001180725,1946.88792594181
Angle 53,1558.14190869513,1993.7411792849
Angle 53,1596.10193504245,2040.38331254558
Angle 53,1633.97064938857,2086.81524918952
Angle 53,1671.74860558878,2133.03790462009
Angle 53,1709.43635286619,2179.05218626724
Angle 53,1747.03443586293,2224.85899367509
Angle 53,1784.54339469068,2270.45921858833
Angle 53,1821.96376498043,2315.85374503742
Angle 53,1859.29607793158,2361.04344942262
Angle 53,1896.54086036036,2406.02920059684
Angle 53,1933.69863474757,2450.81185994736
Angle 53,1970.76991928567,2495.39228147649
Angle 53,2007.7552279252,2539.77131188101
Angle 53,2044.65507042063,2583.94979063063
Angle 53,2081.4699523755,2627.92855004537
Angle 53,2118.20037528696,2671.70841537182
Angle 53,2154.84683658978,2715.29020485848
Angle 53,2191.40982969967,2758.67472982999
Angle 53,2227.88984405604,2801.86279476041
Angle 53,2264.28736516423,2844.85519734551
Angle 53,2300.60287463707,2887.6527285741
Angle 53,2336.83685023602,2930.25617279842
Angle 53,2372.98976591161,2972.66630780352
Angle 53,2409.06209184348,3014.88390487584
Angle 53,2445.05429447973,3056.90972887081
Angle 53,2480.96683657592,3098.74453827954
Angle 53,2516.80017723342,3140.3890852947
Angle 53,2552.55477193728,3181.8441158755
Angle 53,2588.23107259365,3223.11036981179
Angle 53,2623.82952756667,3264.1885807874
Angle 53,2659.35058171485,3305.0794764426
Angle 53,2694.79467642701,3345.78377843572
Angle 53,2730.16224965778,3386.30220250408
Angle 53,2765.45373596251,3426.63545852405
Angle 53,2800.66956653188,3466.78425057033
Angle 53,2835.81016922599,3506.74927697453
Angle 53,2870.87596860796,3546.53123038294
Angle 53,2905.86738597716,3586.13079781361
Angle 53,2940.78483940204,3625.54866071269
Angle 53,2975.62874375242,3664.78549501
Angle 53,3010.39951073149,3703.84197117401
Angle 53,3045.09754890731,3742.71875426602
Angle 53,3079.72326374396,3781.41650399369
Angle 53,3114.27705763227,3819.93587476393
Angle 53,3148.75932992017,3858.27751573508
Angle 53,3183.17047694263,3896.44207086848
Angle 53,3217.51089205125,3934.43017897936
Angle 53,3251.78096564344,3972.2424737871
Angle 53,3285.98108519131,4009.87958396494
Angle 53,3320.11163527005,4047.34213318892
Angle 53,3354.17299758614,4084.63074018642
Angle 53,3388.16555100502,4121.74601878389
Angle 53,3422.08967157856,4158.68857795419
Angle 53,3455.94573257212,4195.45902186318
Angle 53,3489.73410449126,4232.05794991588
Angle 53,3523.45515510813,4268.48595680199
Angle 53,3557.10924948758,4304.74363254084
Angle 53,3590.69675001288,4340.83156252588
Angle 53,3624.21801641115,4376.75032756856
Angle 53,3657.67340577848,4412.50050394171
Angle 53,3691.06327260472,4448.08266342238
Angle 53,3724.387968798,4483.49737333418
Angle 53,3757.64784370891,4518.74519658913
Angle 53,3790.84324415442,4553.82669172899
Angle 53,3823.97451444147,4588.74241296608
Angle 53,3857.0419963903,4623.49291022364
Angle 53,3890.04602935751,4658.07872917575
Angle 53,3922.98695025876,4692.50041128668
Angle 53,3955.86509359132,4726.75849384986
Angle 53,3988.68079145623,4760.85351002639
Angle 53,4021.43437358024,4794.78598888304
Angle 53,4054.12616733755,4828.55645542985
Angle 53,4086.75649777111,4862.16543065729
Angle 53,4119.32568761389,4895.61343157298
Angle 53,4151.83405730972,4928.90097123801
Angle 53,4184.28192503394,4962.02855880274
Angle 53,4216.66960671384,4994.99669954236
Angle 53,4248.9974160488,5027.80589489187
Angle 53,4281.26566453019,5060.45664248078
Angle 53,4313.47466146111,5092.94943616732
Angle 53,4345.62471397577,5125.28476607235
Angle 53,4377.71612705878,5157.46311861282
Angle 53,4409.74920356409,5189.48497653484
Angle 53,4441.72424423375,5221.35081894646
Angle 53,4473.64154771652,5253.06112134999
Angle 53,4505.50141058612,5284.61635567398
Angle 53,4537.30412735941,5316.0169903049
Angle 53,4569.04999051421,5347.26349011833
Angle 53,4600.73929050708,5378.35631650999
Angle 53,4632.37231579071,5409.29592742624
Angle 53,4663.94935283126,5440.08277739437
Angle 53,4695.47068612543,5470.71731755247
Angle 53,4726.93659821729,5501.19999567905
Angle 53,4758.34736971501,5531.53125622224
Angle 53,4789.70327930731,5561.71154032876
Angle 53,4821.00460377979,5591.74128587251
Angle 53,4852.25161803099,5621.62092748288
Angle 53,4883.44459508835,5651.3508965727
Angle 53,4914.58380612391,5680.93162136599
Angle 53,4945.6695204699,5710.36352692529
Angle 53,4976.70200563407,5739.64703517879
Angle 53,5007.68152731492,5768.78256494707
Angle 53,5038.60834941672,5797.77053196968
Angle 53,5069.48273406433,5826.61134893128
Angle 53,5100.30494161791,5855.30542548768
Angle 53,5131.07523068741,5883.85316829139
Angle 53,5161.79385814694,5912.25498101714
Angle 53,5192.46107914892,5940.51126438688
Angle 53,5223.0771471381,5968.62241619473
Angle 53,5253.64231386545,5996.58883133153
Angle 53,5284.15682940184,6024.41090180919
Angle 53,5314.62094215158,6052.08901678476
Angle 53,5345.03489886581,6079.62356258426
Angle 53,5375.39894465575,6107.01492272629
Angle 53,5405.7133230058,6134.26347794531
Angle 53,5435.97827578644,6161.36960621481
Angle 53,5466.19404326707,6188.33368277007
Angle 53,5496.36086412863,6215.15608013086
Angle 53,5526.4789754761,6241.83716812379
Angle 53,5556.54861285091,6268.37731390446
Angle 53,5586.5700102431,6294.77688197943
Angle 53,5616.54340010348,6321.03623422787
Angle 53,5646.46901335553,6347.1557299231
Angle 53,5676.34707940721,6373.13572575384
Angle 53,5706.17782616272,6398.97657584525
Angle 53,5735.96148003396,6424.67863177978
Angle 53,5765.69826595201,6450.24224261783
Angle 53,5795.38840737842,6475.66775491815
Angle 53,5825.03212631636,6500.95551275807
Angle 53,5854.62964332168,6526.10585775353
Angle 53,5884.18117751384,6551.11912907891
Angle 53,5913.68694658669,6575.99566348663
Angle 53,5943.14716681915,6600.73579532662
Angle 53,5972.56205308578,6625.33985656556
Angle 53,6001.93181886723,6649.80817680592
Angle 53,6031.25667626053,6674.14108330486
Angle 53,6060.53683598933,6698.33890099289
Angle 53,6089.772507414,6722.40195249239
Angle 53,6118.9638985416,6746.33055813595
Angle 53,6148.11121603574,6770.12503598453
Angle 53,6177.21466522639,6793.78570184539
Angle 53,6206.27445011947,6817.31286928997
Angle 53,6235.29077340647,6840.70684967149
Angle 53,6264.26383647383,6863.9679521424
Angle 53,6293.19383941231,6887.09648367175
Angle 53,6322.08098102621,6910.09274906228
Angle 53,6350.92545884253,6932.95705096742
Angle 53,6379.72746911995,6955.68968990815
Angle 53,6408.48720685781,6978.2909642896
Angle 53,6437.20486580489,7000.76117041763
Angle 53,6465.88063846821,7023.10060251516
Angle 53,6494.51471612161,7045.3095527384
Angle 53,6523.1072888143,7067.38831119288
Angle 53,6551.65854537933,7089.33716594941
Angle 53,6580.16867344194,7111.15640305984
Angle 53,6608.63785942781,7132.84630657266
Angle 53,6637.06628857121,7154.40715854853
Angle 53,6665.45414492313,7175.83923907562
Angle 53,6693.80161135922,7197.1428262848
Angle 53,6722.10886958774,7218.31819636475
Angle 53,6750.37610015732,7239.36562357689
Angle 53,6778.60348246475,7260.28538027018
Angle 53,6806.79119476257,7281.07773689583
Angle 53,6834.93941416664,7301.74296202184
Angle 53,6863.04831666366,7322.28132234742
Angle 53,6891.1180771185,7342.6930827173
Angle 53,6919.14886928154,7362.97850613591
Angle 53,6947.14086579593,7383.13785378145
Angle 53,6975.09423820468,7403.1713850198
Angle 53,7003.00915695778,7423.07935741836
Angle 53,7030.88579141916,7442.86202675974
Angle 53,7058.72430987365,7462.51964705537
Angle 53,7086.52487953376,7482.05247055894
Angle 53,7114.28766654652,7501.46074777977
Angle 53,7142.01283600009,7520.74472749608
Angle 53,7169.70055193044,7539.90465676811
Angle 53,7197.35097732787,7558.94078095115
Angle 53,7224.96427414345,7577.85334370848
Angle 53,7252.5406032955,7596.64258702419
Angle 53,7280.08012467581,7615.30875121588
Angle 53,7307.58299715601,7633.85207494728
Angle 53,7335.04937859368,7652.27279524079
Angle 53,7362.47942583849,7670.57114748986
Angle 53,7389.8732947383,7688.74736547131
Angle 53,7417.23114014507,7706.80168135759
Angle 53,7444.55311592085,7724.73432572883
Angle 53,7471.8393749436,7742.54552758496
Angle 53,7499.09006911297,7760.23551435756
Angle 53,7526.30534935608,7777.80451192176
Angle 53,7553.48536563312,7795.25274460798
Angle 53,7580.63026694299,7812.58043521359
Angle 53,7607.74020132883,7829.78780501449
Angle 53,7634.81531588351,7846.8750737766
Angle 53,7661.85575675501,7863.84245976728
Angle 53,7688.86166915181,7880.69017976662
Angle 53,7715.83319734821,7897.4184490787
Angle 53,7742.7704846895,7914.02748154274
Angle 53,7769.67367359721,7930.51748954418
Angle 53,7796.54290557421,7946.88868402567
Angle 53,7823.37832120976,7963.14127449797
Angle 53,7850.18006018454,7979.27546905081
Angle 53,7876.94826127564,7995.29147436366
Angle 53,7903.68306236139,8011.18949571639
Angle 53,7930.38460042625,8026.9697369999
Angle 53,7957.05301156563,8042.63240072664
Angle 53,7983.68843099057,8058.1776880411
Angle 53,8010.2909930325,8073.60579873021
Angle 53,8036.86083114779,8088.91693123364
Angle 53,8063.39807792243,8104.11128265405
Angle 53,8089.90286507652,8119.18904876733
Angle 53,8116.37532346873,8134.15042403267
Angle 53,8142.81558310079,8148.99560160264
Angle 53,8169.22377312186,8163.72477333316
Angle 53,8195.60002183284,8178.33812979345
Angle 53,8221.94445669072,8192.83586027588
Angle 53,8248.25720431277,8207.21815280577
Angle 53,8274.53839048075,8221.48519415112
Angle 53,8300.7881401451,8235.63716983229
Angle 53,8327.00657742901,8249.67426413166
Angle 53,8353.19382563249,8263.59666010312
Angle 53,8379.35000723639,8277.4045395816
Angle 53,8405.47524390638,8291.09808319255
Angle 53,8431.56965649687,8304.67747036128
Angle 53,8457.63336505491,8318.1428793223
Angle 53,8483.66648882403,8331.49448712863
Angle 53,8509.66914624804,8344.73246966099
Angle 53,8535.64145497481,8357.85700163699
Angle 53,8561.58353185995,8370.86825662025
Angle 53,8587.49549297056,8383.76640702944
Angle 53,8613.37745358881,8396.55162414736
Angle 53,8639.22952821558,8409.22407812985
Angle 53,8665.051830574,8421.78393801472
Angle 53,8690.84447361301,8434.23137173066
Angle 53,8716.60756951081,8446.56654610602
Angle 53,8742.34122967836,8458.7896268776
Angle 53,8768.04556476274,8470.9007786994
Angle 53,8793.72068465056,8482.90016515128
Angle 53,8819.36669847133,8494.78794874763
Angle 53,8844.98371460071,8506.56429094593
Angle 53,8870.57184066383,8518.22935215534
Angle 53,8896.13118353851,8529.78329174522
Angle 53,8921.66184935847,8541.22626805355
Angle 53,8947.16394351652,8552.55843839542
Angle 53,8972.63757066766,8563.77995907136
Angle 53,8998.08283473226,8574.89098537576
Angle 53,9023.49983889904,8585.89167160512
Angle 53,9048.88868562819,8596.78217106635
Angle 53,9074.24947665438,8607.56263608501
Angle 53,9099.58231298971,8618.23321801348
Angle 53,9124.88729492667,8628.79406723915
Angle 53,9150.16452204112,8639.24533319253
Angle 53,9175.4140931951,8649.58716435536
Angle 53,9200.63610653977,8659.81970826861
Angle 53,9225.83065951821,8669.94311154058
Angle 53,9250.99784886828,8679.95751985482
Angle 53,9276.13777062534,8689.86307797811
Angle 53,9301.25052012505,8699.65992976837
Angle 53,9326.33619200611,8709.34821818257
Angle 53,9351.39488021294,8718.92808528458
Angle 53,9376.4266779984,8728.39967225297
Angle 53,9401.4316779264,8737.76311938884
Angle 53,9426.4099718746,8747.01856612354
Angle 53,9451.36165103694,8756.16615102648
Angle 53,9476.2868059263,8765.20601181275
Angle 53,9501.18552637702,8774.13828535087
Angle 53,9526.05790154746,8782.96310767038
Angle 53,9550.90401992251,8791.68061396952
Angle 53,9575.72396931611,8800.29093862276
Angle 53,9600.5178368737,8808.79421518844
Angle 53,9625.28570907469,8817.19057641623
Angle 53,9650.02767173491,8825.48015425474
Angle 53,9674.743810009,8833.6630798589
Angle 53,9699.43420839283,8841.73948359752
Angle 53,9724.09895072587,8849.70949506068
Angle 53,9748.73812019356,8857.57324306715
Angle 53,9773.35179932964,8865.33085567179
Angle 53,9797.94007001849,8872.98246017291
Angle 53,9822.50301349743,8880.52818311962
Angle 53,9847.04071035901,8887.96815031914
Angle 53,9871.55324055329,8895.3024868441
Angle 53,9896.04068339013,8902.53131703981
Angle 53,9920.50311754137,8909.65476453156
Angle 53,9944.94062104312,8916.67295223176
Angle 53,9969.35327129795,8923.58600234723
Angle 53,9993.74114507709,8930.39403638635
Angle 53,10018.1043185227,8937.09717516624
Angle 53,10042.4428671498,8943.6955388199
Angle 53,10066.7568658487,8950.18924680333
Angle 53,10091.0463888873,8956.57841790265
Angle 53,10115.3115099125,8962.86317024118
Angle 53,10139.5523019532,8969.04362128651
Angle 53,10163.7688374219,8975.11988785751
Angle 53,10187.961188117,8981.09208613143
Angle 53,10212.1294252247,8986.96033165084
Angle 53,10236.2736193214,8992.72473933063
Angle 53,10260.3938403754,8998.38542346503
Angle 53,10284.4901577494,9003.94249773449
Angle 53,10308.5626402021,9009.39607521266
Angle 53,10332.6113558908,9014.74626837329
Angle 53,10356.6363723727,9019.99318909712
Angle 53,10380.6377566078,9025.13694867877
Angle 53,10404.6155749602,9030.1776578336
Angle 53,10428.5698932005,9035.11542670452
Angle 53,10452.5007765079,9039.95036486887
Angle 53,10476.4082894718,9044.68258134518
Angle 53,10500.2924960942,9049.31218459998
Angle 53,10524.1534597916,9053.83928255456
Angle 53,10547.9912433969,9058.26398259173
Angle 53,10571.8059091615,9062.58639156258
Angle 53,10595.5975187572,9066.80661579314
Angle 53,10619.3661332784,9070.92476109114
Angle 53,10643.1118132436,9074.94093275268
Angle 53,10666.8346185981,9078.85523556886
Angle 53,10690.5346087153,9082.66777383248
Angle 53,10714.211842399,9086.37865134465
Angle 53,10737.8663778855,9089.98797142141
Angle 53,10761.4982728454,9093.49583690032
Angle 53,10785.1075843854,9096.90235014703
Angle 53,10808.6943690505,9100.2076130619
Angle 53,10832.2586828263,9103.41172708645
Angle 53,10855.8005811401,9106.51479321
Angle 53,10879.3201188638,9109.51691197607
Angle 53,10902.8173503153,9112.41818348897
Angle 53,10926.2923292605,9115.21870742021
Angle 53,10949.7451089158,9117.91858301498
Angle 53,10973.1757419495,9120.51790909859
Angle 53,10996.5842804838,9123.0167840829
Angle 53,11019.9707760974,9125.41530597271
Angle 53,11043.3352798267,9127.71357237215
Angle 53,11066.6778421684,9129.91168049103
Angle 53,11089.9985130811,9132.00972715123
Angle 53,11113.2973419876,9134.007808793
Angle 53,11136.5743777765,9135.90602148127
Angle 53,11159.8296688049,9137.70446091193
Angle 53,11183.0632628996,9139.40322241816
Angle 53,11206.2752073596,9141.00240097663
Angle 53,11229.4655489581,9142.50209121372
Angle 53,11252.6343339444,9143.9023874118
Angle 53,11275.7816080459,9145.20338351537
Angle 53,11298.9074164703,9146.40517313726
Angle 53,11322.0118039077,9147.50784956477
Angle 53,11345.0948145322,9148.51150576581
Angle 53,11368.1564920046,9149.41623439501
Angle 53,11391.1968794739,9150.22212779984
Angle 53,11414.2160195796,9150.92927802662
Angle 53,11437.213954454,9151.53777682662
Angle 53,11460.190725724,9152.0477156621
Angle 53,11483.1463745132,9152.45918571224
Angle 53,11506.080941444,9152.77227787921
Angle 53,11528.9944666399,9152.9870827941
Angle 53,11551.8869897276,9153.10369082281
Angle 53,11574.7585498388,9153.12219207207
Angle 53,11597.6091856127,9153.04267639521
Angle 53,11620.4389351979,9152.86523339816
Angle 53,11643.2478362547,9152.58995244516
Angle 53,11666.0359259573,9152.21692266469
Angle 53,11688.8032409958,9151.74623295522
Angle 53,11711.5498175785,9151.17797199098
Angle 53,11734.2756914338,9150.51222822773
Angle 53,11756.9808978131,9149.74908990845
Angle 53,11779.6654714922,9148.88864506906
Angle 53,11802.329446774,9147.9309815441
Angle 53,11824.9728574905,9146.87618697234
Angle 53,11847.5957370054,9145.72434880245
Angle 53,11870.1981182157,9144.47555429853
Angle 53,11892.7800335545,9143.12989054573
Angle 53,11915.3415149932,9141.68744445575
Angle 53,11937.8825940435,9140.14830277236
Angle 53,11960.40330176,9138.51255207692
Angle 53,11982.9036687423,9136.78027879376
Angle 53,12005.3837251372,9134.95156919567
Angle 53,12027.8435006414,9133.02650940924
Angle 53,12050.2830245035,9131.00518542031
Angle 53,12072.7023255264,9128.8876830792
Angle 53,12095.1014320698,9126.67408810611
Angle 53,12117.4803720523,9124.36448609634
Angle 53,12139.839172954,9121.95896252557
Angle 53,12162.1778618186,9119.45760275506
Angle 53,12184.4964652562,9116.86049203682
Angle 53,12206.7950094454,9114.16771551881
Angle 53,12229.0735201356,9111.37935825002
Angle 53,12251.3320226498,9108.49550518556
Angle 53,12273.5705418867,9105.51624119174
Angle 53,12295.7891023233,9102.44165105111
Angle 53,12317.9877280171,9099.27181946737
Angle 53,12340.1664426091,9096.00683107044
Angle 53,12362.3252693256,9092.6467704213
Angle 53,12384.4642309812,9089.19172201691
Angle 53,12406.5833499809,9085.64177029509
Angle 53,12428.6826483229,9081.99699963929
Angle 53,12450.7621476009,9078.25749438343
Angle 53,12472.8218690068,9074.42333881661
Angle 53,12494.8618333329,9070.49461718787
Angle 53,12516.8820609748,9066.47141371084
Angle 53,12538.8825719337,9062.35381256839
Angle 53,12560.8633858192,9058.14189791723
Angle 53,12582.8245218514,9053.83575389254
Angle 53,12604.765998864,9049.43546461242
Angle 53,12626.6878353064,9044.94111418245
Angle 53,12648.5900492467,9040.35278670016
Angle 53,12670.4726583741,9035.6705662594
Angle 53,12692.3356800012,9030.89453695477
Angle 53,12714.1791310672,9026.02478288596
Angle 53,12736.0030281402,9021.06138816207
Angle 53,12757.8073874197,9016.00443690585
Angle 53,12779.5922247393,9010.85401325799
Angle 53,12801.3575555696,9005.61020138126
Angle 53,12823.1033950206,9000.2730854647
Angle 53,12844.8297578442,8994.84274972774
Angle 53,12866.5366584371,8989.31927842424
Angle 53,12888.2241108436,8983.70275584658
Angle 53,12909.8921287578,8977.99326632963
Angle 53,12931.5407255268,8972.1908942547
Angle 53,12953.1699141527,8966.2957240535
Angle 53,12974.7797072962,8960.30784021196
Angle 53,12996.3701172785,8954.22732727413
Angle 53,13017.9411560842,8948.05426984591
Angle 53,13039.4928353644,8941.78875259889
Angle 53,13061.0251664387,8935.43086027397
Angle 53,13082.5381602985,8928.98067768513
Angle 53,13104.0318276096,8922.43828972297
Angle 53,13125.5061787146,8915.8037813584
Angle 53,13146.9612236359,8909.07723764609
Angle 53,13168.3969720783,8902.25874372808
Angle 53,13189.8134334321,8895.34838483716
Angle 53,13211.210616775,8888.34624630034
Angle 53,13232.5885308757,8881.25241354225
Angle 53,13253.9471841961,8874.06697208843
Angle 53,13275.2865848945,8866.79000756868
Angle 53,13296.6067408275,8859.42160572028
Angle 53,13317.9076595539,8851.96185239126
Angle 53,13339.1893483364,8844.41083354349
Angle 53,13360.4518141448,8836.7686352559
Angle 53,13381.695063659,8829.03534372751
Angle 53,13402.9191032712,8821.2110452805
Angle 53,13424.1239390888,8813.2958263632
Angle 53,13445.3095769376,8805.2897735531
Angle 53,13466.476022364,8797.1929735597
Angle 53,13487.6232806377,8789.00551322742
Angle 53,13508.7513567551,8780.72747953847
Angle 53,13529.8602554413,8772.35895961557
Angle 53,13550.9499811533,8763.90004072478
Angle 53,13572.0205380826,8755.35081027815
Angle 53,13593.0719301579,8746.71135583639
Angle 53,13614.1041610478,8737.98176511154
Angle 53,13635.1172341638,8729.16212596951
Angle 53,13656.1111526627,8720.25252643262
Angle 53,13677.0859194495,8711.25305468211
Angle 53,13698.0415371802,8702.16379906061
Angle 53,13718.9780082643,8692.98484807452
Angle 53,13739.8953348677,8683.7162903964
Angle 53,13760.7935189155,8674.35821486729
Angle 53,13781.6725620944,8664.91071049902
Angle 53,13802.5324658557,8655.37386647642
Angle 53,13823.373231418,8645.74777215956
Angle 53,13844.1948597695,8636.03251708588
Angle 53,13864.9973516714,8626.22819097234
Angle 53,13885.78070766,8616.33488371748
Angle 53,13906.5449280496,8606.35268540347
Angle 53,13927.2900129352,8596.28168629809
Angle 53,13948.0159621953,8586.12197685672
Angle 53,13968.7227754941,8575.8736477242
Angle 53,13989.4104522849,8565.53678973679
Angle 53,14010.078991812,8555.11149392391
Angle 53,14030.7283931141,8544.59785150999
Angle 53,14051.3586550262,8533.99595391623
Angle 53,14071.9697761828,8523.30589276226
Angle 53,14092.5617550204,8512.52775986789
Angle 53,14113.1345897799,8501.66164725468
Angle 53,14133.6882785095,8490.70764714755
Angle 53,14154.2228190673,8479.66585197636
Angle 53,14174.7382091236,8468.53635437738
Angle 53,14195.2344461638,8457.31924719484
Angle 53,14215.7115274911,8446.01462348227
Angle 53,14236.1694502287,8434.62257650399
Angle 53,14256.6082113225,8423.1431997364
Angle 53,14277.0278075438,8411.57658686936
Angle 53,14297.4282354919,8399.92283180742
Angle 53,14317.8094915963,8388.1820286711
Angle 53,14338.1715721197,8376.35427179811
Angle 53,14358.5144731602,8364.43965574448
Angle 53,14378.8381906539,8352.43827528571
Angle 53,14399.1427203775,8340.35022541789
Angle 53,14419.4280579507,8328.17560135873
Angle 53,14439.6941988387,8315.91449854859
Angle 53,14459.9411383546,8303.56701265147
Angle 53,14480.1688716623,8291.13323955597
Angle 53,14500.3773937784,8278.61327537618
Angle 53,14520.5666995748,8266.00721645259
Angle 53,14540.7367837815,8253.31515935289
Angle 53,14560.8876409886,8240.53720087284
Angle 53,14581.0192656489,8227.67343803698
Angle 53,14601.1316520802,8214.72396809941
Angle 53,14621.224794468,8201.68888854446
Angle 53,14641.2986868675,8188.5682970874
Angle 53,14661.3533232062,8175.36229167505
Angle 53,14681.3886972861,8162.07097048638
Angle 53,14701.4048027863,8148.6944319331
Angle 53,14721.4016332652,8135.23277466016
Angle 53,14741.3791821627,8121.68609754628
Angle 53,14761.3374428027,8108.05449970441
Angle 53,14781.2764083953,8094.33808048219
Angle 53,14801.1960720393,8080.53693946231
Angle 53,14821.0964267241,8066.65117646292
Angle 53,14840.9774653324,8052.68089153794
Angle 53,14860.839180642,8038.62618497741
Angle 53,14880.6815653284,8024.48715730775
Angle 53,14900.504611967,8010.26390929198
Angle 53,14920.3083130352,7995.95654192999
Angle 53,14940.0926609144,7981.56515645869
Angle 53,14959.8576478926,7967.08985435217
Angle 53,14979.6032661666,7952.53073732185
Angle 53,14999.3295078436,7937.88790731654
Angle 53,15019.036364944,7923.16146652257
Angle 53,15038.7238294032,7908.35151736376
Angle 53,15058.3918930737,7893.45816250146
Angle 53,15078.0405477273,7878.48150483457
Angle 53,15097.6697850575,7863.42164749942
Angle 53,15117.2795966809,7848.27869386976
Angle 53,15136.8699741399,7833.05274755663
Angle 53,15156.4409089045,7817.74391240825
Angle 53,15175.9923923744,7802.35229250983
Angle 53,15195.5244158809,7786.87799218344
Angle 53,15215.0369706892,7771.32111598776
Angle 53,15234.5300480001,7755.68176871784
Angle 53,15254.0036389522,7739.9600554049
Angle 53,15273.4577346238,7724.15608131598
Angle 53,15292.892326035,7708.26995195365
Angle 53,15312.3074041494,7692.30177305567
Angle 53,15331.7029598762,7676.25165059467
Angle 53,15351.078984072,7660.11969077769
Angle 53,15370.4354675431,7643.90600004584
Angle 53,15389.7724010468,7627.61068507381
Angle 53,15409.0897752938,7611.23385276945
Angle 53,15428.3875809498,7594.77561027329
Angle 53,15447.6658086374,7578.23606495801
Angle 53,15466.9244489379,7561.61532442793
Angle 53,15486.1634923934,7544.91349651845
Angle 53,15505.3829295082,7528.13068929551
Angle 53,15524.582750751,7511.26701105495
Angle 53,15543.7629465562,7494.32257032193
Angle 53,15562.9235073263,7477.29747585026
Angle 53,15582.0644234332,7460.19183662178
Angle 53,15601.1856852199,7443.00576184566
Angle 53,15620.2872830027,7425.73936095768
Angle 53,15639.3692070724,7408.39274361957
Angle 53,15658.4314476964,7390.96601971819
Angle 53,15677.4739951201,7373.45929936483
Angle 53,15696.4968395687,7355.87269289441
Angle 53,15715.4999712489,7338.20631086466
Angle 53,15734.4833803505,7320.46026405535
Angle 53,15753.4470570481,7302.6346634674
Angle 53,15772.3909915024,7284.72962032205
Angle 53,15791.3151738624,7266.74524605998
Angle 53,15810.2195942665,7248.68165234043
Angle 53,15829.1042428443,7230.53895104024
Angle 53,15847.9691097179,7212.31725425301
Angle 53,15866.814185004,7194.01667428807
Angle 53,15885.6394588149,7175.63732366955
Angle 53,15904.4449212601,7157.17931513541
Angle 53,15923.2305624483,7138.64276163642
Angle 53,15941.9963724881,7120.02777633518
Angle 53,15960.7423414903,7101.33447260505
Angle 53,15979.4684595686,7082.56296402914
Angle 53,15998.1747168419,7063.71336439922
Angle 53,16016.8611034349,7044.78578771468
Angle 53,16035.5276094801,7025.7803481814
Angle 53,16054.1742251189,7006.69716021067
Angle 53,16072.8009405034,6987.53633841807
Angle 53,16091.4077457972,6968.29799762232
Angle 53,16109.9946311772,6948.98225284412
Angle 53,16128.5615868351,6929.58921930502
Angle 53,16147.1086029782,6910.11901242624
Angle 53,16165.6356698313,6890.57174782744
Angle 53,16184.1427776375,6870.94754132556
Angle 53,16202.6299166601,6851.24650893356
Angle 53,16221.0970771833,6831.46876685924
Angle 53,16239.5442495139,6811.61443150396
Angle 53,16257.9714239826,6791.6836194614
Angle 53,16276.3785909447,6771.6764475163
Angle 53,16294.7657407821,6751.59303264314
Angle 53,16313.1328639041,6731.43349200491
Angle 53,16331.4799507486,6711.19794295177
Angle 53,16349.8069917833,6690.88650301974
Angle 53,16368.1139775074,6670.49928992938
Angle 53,16386.4008984519,6650.03642158444
Angle 53,16404.6677451816,6629.49801607055
Angle 53,16422.9145082957,6608.88419165383
Angle 53,16441.1411784292,6588.19506677952
Angle 53,16459.3477462541,6567.43076007064
Angle 53,16477.5342024802,6546.59139032656
Angle 53,16495.7005378565,6525.67707652162
Angle 53,16513.8467431722,6504.68793780374
Angle 53,16531.9728092579,6483.62409349298
Angle 53,16550.0787269863,6462.48566308012
Angle 53,16568.1644872736,6441.27276622525
Angle 53,16586.2300810806,6419.98552275628
Angle 53,16604.2754994134,6398.62405266755
Angle 53,16622.3007333247,6377.18847611833
Angle 53,16640.3057739148,6355.67891343136
Angle 53,16658.2906123322,6334.09548509137
Angle 53,16676.2552397754,6312.43831174362
Angle 53,16694.1996474929,6290.7075141924
Angle 53,16712.1238267849,6268.90321339952
Angle 53,16730.0277690039,6247.0255304828
Angle 53,16747.9114655559,6225.07458671461
Angle 53,16765.7749079008,6203.05050352027
Angle 53,16783.618087554,6180.9534024766
Angle 53,16801.4409960868,6158.78340531034
Angle 53,16819.2436251276,6136.54063389665
Angle 53,16837.0259663626,6114.22521025752
Angle 53,16854.7880115367,6091.83725656026
Angle 53,16872.5297524544,6069.37689511594
Angle 53,16890.2511809805,6046.84424837779
Angle 53,16907.9522890414,6024.23943893969
Angle 53,16925.6330686252,6001.56258953456
Angle 53,16943.2935117833,5978.8138230328
Angle 53,16960.9336106305,5955.99326244068
Angle 53,16978.5533573462,5933.1010308988
Angle 53,16996.1527441752,5910.13725168047
Angle 53,17013.7317634283,5887.1020481901
Angle 53,17031.2904074831,5863.99554396163
Angle 53,17048.8286687848,5840.81786265693
Angle 53,17066.3465398469,5817.56912806414
Angle 53,17083.844013252,5794.24946409611
Angle 53,17101.3210816524,5770.85899478879
Angle 53,17118.777737771,5747.39784429954
Angle 53,17136.2139744017,5723.8661369056
Angle 53,17153.6297844104,5700.2639970024
Angle 53,17171.0251607355,5676.59154910195
Angle 53,17188.4000963887,5652.8489178312
Angle 53,17205.7545844554,5629.03622793043
Angle 53,17223.0886180957,5605.1536042516
Angle 53,17240.4021905448,5581.20117175669
Angle 53,17257.6952951136,5557.17905551607
Angle 53,17274.9679251895,5533.08738070688
Angle 53,17292.220074237,5508.92627261135
Angle 53,17309.451735798,5484.69585661516
Angle 53,17326.6629034928,5460.3962582058
Angle 53,17343.8535710205,5436.02760297091
Angle 53,17361.0237321594,5411.59001659662
Angle 53,17378.1733807678,5387.08362486591
Angle 53,17395.3025107846,5362.50855365695
Angle 53,17412.4111162296,5337.86492894141
Angle 53,17429.499191204,5313.15287678285
Angle 53,17446.5667298915,5288.37252333504
Angle 53,17463.613726558,5263.52399484028
Angle 53,17480.6401755527,5238.60741762778
Angle 53,17497.6460713083,5213.62291811194
Angle 53,17514.6314083417,5188.57062279076
Angle 53,17531.5961812543,5163.4506582441
Angle 53,17548.5403847325,5138.26315113208
Angle 53,17565.4640135482,5113.00822819338
Angle 53,17582.3670625595,5087.68601624359
Angle 53,17599.2495267106,5062.29664217355
Angle 53,17616.1114010326,5036.84023294768
Angle 53,17632.952680644,5011.31691560232
Angle 53,17649.7733607509,4985.72681724405
Angle 53,17666.5734366475,4960.07006504808
Angle 53,17683.3529037165,4934.34678625652
Angle 53,17700.1117574294,4908.55710817677
Angle 53,17716.8499933473,4882.70115817984
Angle 53,17733.5676071206,4856.77906369871
Angle 53,17750.2645944899,4830.79095222664
Angle 53,17766.9409512863,4804.73695131553
Angle 53,17783.5966734313,4778.6171885743
Angle 53,17800.2317569379,4752.43179166716
Angle 53,17816.8461979103,4726.18088831203
Angle 53,17833.4399925445,4699.86460627885
Angle 53,17850.0131371287,4673.48307338795
Angle 53,17866.5656280433,4647.03641750838
Angle 53,17883.0974617616,4620.5247665563
Angle 53,17899.6086348498,4593.9482484933
Angle 53,17916.0991439675,4567.30699132477
Angle 53,17932.5689858679,4540.60112309827
Angle 53,17949.0181573979,4513.83077190191
Angle 53,17965.4466554986,4486.99606586266
Angle 53,17981.8544772057,4460.09713314476
Angle 53,17998.2416196494,4433.13410194809
Angle 53,18014.6080800548,4406.10710050651
Angle 53,18030.9538557421,4379.01625708629
Angle 53,18047.2789441271,4351.86169998444
Angle 53,18063.5833427209,4324.64355752708
Angle 53,18079.8670491309,4297.36195806789
Angle 53,18096.13006106,4270.01702998643
Angle 53,18112.3723763078,4242.60890168657
Angle 53,18128.5939927701,4215.13770159485
Angle 53,18144.7949084395,4187.60355815891
Angle 53,18160.9751214054,4160.00659984585
Angle 53,18177.1346298541,4132.34695514067
Angle 53,18193.2734320693,4104.62475254467
Angle 53,18209.391526432,4076.84012057381
Angle 53,18225.4889114206,4048.9931877572
Angle 53,18241.5655856113,4021.08408263546
Angle 53,18257.621547678,3993.11293375915
Angle 53,18273.6567963929,3965.07986968721
Angle 53,18289.671330626,3936.98501898538
Angle 53,18305.6651493455,3908.82851022461
Angle 53,18321.6382516182,3880.61047197954
Angle 53,18337.5906366093,3852.33103282689
Angle 53,18353.5223035824,3823.99032134393
Angle 53,18369.4332519001,3795.58846610695
Angle 53,18385.3234810235,3767.12559568964
Angle 53,18401.1929905129,3738.60183866162
Angle 53,18417.0417800274,3710.01732358688
Angle 53,18432.8698493251,3681.37217902219
Angle 53,18448.6771982634,3652.66653351567
Angle 53,18464.4638267988,3623.90051560516
Angle 53,18480.2297349872,3595.07425381678
Angle 53,18495.9749229836,3566.18787666335
Angle 53,18511.6993910427,3537.24151264293
Angle 53,18527.4031395183,3508.23529023726
Angle 53,18543.0861688641,3479.1693379103
Angle 53,18558.7484796329,3450.04378410671
Angle 53,18574.3900724774,3420.85875725037
Angle 53,18590.0109481497,3391.61438574286
Angle 53,18605.6111075015,3362.31079796202
Angle 53,18621.1905514841,3332.94812226043
Angle 53,18636.7492811487,3303.52648696397
Angle 53,18652.2872976459,3274.04602037032
Angle 53,18667.8046022258,3244.50685074752
Angle 53,18683.3011962386,3214.90910633252
Angle 53,18698.7770811338,3185.25291532969
Angle 53,18714.2322584606,3155.53840590939
Angle 53,18729.6667298678,3125.76570620655
Angle 53,18745.0804971038,3095.9349443192
Angle 53,18760.4735620166,3066.04624830704
Angle 53,18775.8459265536,3036.09974619005
Angle 53,18791.197592762,3006.09556594702
Angle 53,18806.528562788,2976.03383551418
Angle 53,18821.8388388775,2945.91468278374
Angle 53,18837.1284233758,2915.73823560256
Angle 53,18852.3973187274,2885.50462177064
Angle 53,18867.645527476,2855.21396903986
Angle 53,18882.8730522645,2824.86640511248
Angle 53,18898.0798958349,2794.46205763982
Angle 53,18913.2660610285,2764.00105422086
Angle 53,18928.4315507851,2733.48352240089
Angle 53,18943.5763681439,2702.90958967014
Angle 53,18958.7005162425,2672.27938346238
Angle 53,18973.8039983174,2641.59303115365
Angle 53,18988.8868177037,2610.85066006084
Angle 53,19003.948977835,2580.05239744038
Angle 53,19018.9904822434,2549.19837048691
Angle 53,19034.0113345592,2518.28870633193
Angle 53,19049.0115385111,2487.32353204251
Angle 53,19063.9910979257,2456.30297461995
Angle 53,19078.9500167277,2425.22716099847
Angle 53,19093.8882989396,2394.09621804392
Angle 53,19108.8059486819,2362.91027255246
Angle 53,19123.7029701723,2331.66945124931
Angle 53,19138.5793677264,2300.3738807874
Angle 53,19153.4351457568,2269.02368774616
Angle 53,19168.2703087736,2237.61899863021
Angle 53,19183.0848613837,2206.15993986808
Angle 53,19197.8788082913,2174.64663781097
Angle 53,19212.6521542971,2143.07921873153
Angle 53,19227.4049042984,2111.45780882253
Angle 53,19242.1370632893,2079.78253419569
Angle 53,19256.8486363598,2048.05352088043
Angle 53,19271.5396286964,2016.2708948226
Angle 53,19286.2100455814,1984.43478188331
Angle 53,19300.8598923931,1952.54530783771
Angle 53,19315.4891746051,1920.60259837372
Angle 53,19330.097897787,1888.60677909093
Angle 53,19344.6860676033,1856.55797549929
Angle 53,19359.2536898138,1824.45631301801
Angle 53,19373.8007702731,1792.30191697435
Angle 53,19388.3273149307,1760.0949126024
Angle 53,19402.8333298306,1727.83542504198
Angle 53,19417.3188211113,1695.52357933744
Angle 53,19431.7837950052,1663.15950043648
Angle 53,19446.2282578389,1630.74331318905
Angle 53,19460.6522160327,1598.27514234618
Angle 53,19475.0556761006,1565.75511255884
Angle 53,19489.4386446498,1533.1833483768
Angle 53,19503.8011283807,1500.55997424755
Angle 53,19518.1431340867,1467.88511451513
Angle 53,19532.464668654,1435.15889341905
Angle 53,19546.765739061,1402.38143509317
Angle 53,19561.0463523788,1369.55286356463
Angle 53,19575.3065157704,1336.67330275272
Angle 53,19589.5462364906,1303.74287646783
Angle 53,19603.765521886,1270.76170841035
Angle 53,19617.9643793943,1237.72992216961
Angle 53,19632.1428165446,1204.64764122283
Angle 53,19646.3008409569,1171.51498893403
Angle 53,19660.4384603419,1138.33208855299
Angle 53,19674.5556825006,1105.09906321424
Angle 53,19688.6525153245,1071.81603593598
Angle 53,19702.7289667948,1038.48312961907
Angle 53,19716.7850449825,1005.100467046
Angle 53,19730.8207580481,971.66817087987
Angle 53,19744.8361142415,938.186363663401
Angle 53,19758.8311219012,904.655167817907
Angle 53,19772.8057894548,871.07470564231
Angle 53,19786.7601254181,837.445099312148
Angle 53,19800.6941383952,803.766470878592
Angle 53,19814.6078370782,770.038942267471
Angle 53,19828.5012302469,736.262635278298
Angle 53,19842.3743267684,702.437671583314
Angle 53,19856.227135597,668.564172726526
Angle 53,19870.059665774,634.642260122761
Angle 53,19883.8719264271,600.67205505672
Angle 53,19897.6639267706,566.653678682047
Angle 53,19911.4356761048,532.587252020395
Angle 53,19925.1871838155,498.472895960507
Angle 53,19938.9184593746,464.310731257299
Angle 53,19952.6295123387,430.10087853095
Angle 53,19966.3203523498,395.843458266001
Angle 53,19979.9909891341,361.538590810461
Angle 53,19993.6414325028,327.186396374914
Angle 53,20007.2716923506,292.78699503164
Angle 53,20020.8817786565,258.340506713741
Angle 53,20034.4717014829,223.847051214269
Angle 53,20048.0414709753,189.306748185363
Angle 53,20061.5910973624,154.7197171374
Angle 53,20075.1205909554,120.086077438141
Angle 53,20088.6299621479,85.4059483118881
Angle 53,20102.1192214157,50.6794488386552
Angle 53,20115.5883793162,15.9066979533339
Angle 53,20121.7324663088,0
Angle 54,0,0
Angle 54,41.0297617510238,56.3746222753488
Angle 54,81.9450919230221,112.494016315177
Angle 54,122.746757562443,168.359508284431
Angle 54,163.435518522916,223.972411578537
Angle 54,204.012127554983,279.334026981797
Angle 54,244.47733039442,334.445642823314
Angle 54,284.831865849195,389.308535130493
Angle 54,325.076465885063,443.923967780157
Angle 54,365.211855709847,498.293192647342
Angle 54,405.238753856411,552.417449751782
Angle 54,445.157872264356,606.297967402162
Angle 54,484.969916360471,659.935962338149
Angle 54,524.67558513794,713.33263987026
Angle 54,564.275571234356,766.489194017609
Angle 54,603.770561008538,819.406807643551
Angle 54,643.161234616185,872.086652589285
Angle 54,682.448266084393,924.529889805435
Angle 54,721.632323385043,976.737669481664
Angle 54,760.714068507083,1028.71113117433
Angle 54,799.694157527739,1080.45140393225
Angle 54,838.573240682651,1131.95960642058
Angle 54,877.351962434966,1183.23684704284
Angle 54,916.030961543411,1234.2842240612
Angle 54,954.610871129353,1285.10282571488
Angle 54,993.092318742865,1335.69373033691
Angle 54,1031.47592642783,1386.05800646909
Angle 54,1069.76231078607,1436.19671297536
Angle 54,1107.95208304057,1486.11089915343
Angle 54,1146.04584909773,1535.80160484484
Angle 54,1184.04420960876,1585.26986054338
Angle 54,1221.94776003016,1634.51668750199
Angle 54,1259.75709068329,1683.5430978381
Angle 54,1297.47278681317,1732.35009463741
Angle 54,1335.09542864633,1780.93867205625
Angle 54,1372.62559144793,1829.30981542245
Angle 54,1410.06384557794,1877.46450133476
Angle 54,1447.41075654665,1925.40369776085
Angle 54,1484.6668850693,1973.12836413396
Angle 54,1521.83278711996,2020.63945144814
Angle 54,1558.90901398464,2067.93790235218
Angle 54,1595.89611231368,2115.02465124219
Angle 54,1632.79462417336,2161.90062435292
Angle 54,1669.60508709682,2208.56673984774
Angle 54,1706.32803413423,2255.02390790747
Angle 54,1742.96399390229,2301.27303081785
Angle 54,1779.51349063301,2347.31500305588
Angle 54,1815.97704422189,2393.15071137497
Angle 54,1852.35517027527,2438.78103488886
Angle 54,1888.64838015723,2484.20684515444
Angle 54,1924.85718103568,2529.42900625338
Angle 54,1960.98207592788,2574.44837487273
Angle 54,1997.02356374535,2619.26580038433
Angle 54,2032.98213933815,2663.88212492316
Angle 54,2068.8582935385,2708.29818346471
Angle 54,2104.65251320393,2752.51480390117
Angle 54,2140.36528125972,2796.53280711672
Angle 54,2175.99707674082,2840.35300706171
Angle 54,2211.54837483323,2883.97621082589
Angle 54,2247.01964691474,2927.40321871069
Angle 54,2282.41136059522,2970.63482430044
Angle 54,2317.72397975631,3013.67181453278
Angle 54,2352.95796459055,3056.51496976797
Angle 54,2388.11377164009,3099.16506385747
Angle 54,2423.19185383478,3141.62286421143
Angle 54,2458.1926605298,3183.88913186542
Angle 54,2493.11663754281,3225.96462154627
Angle 54,2527.96422719055,3267.85008173695
Angle 54,2562.73586832503,3309.54625474075
Angle 54,2597.43199636918,3351.05387674449
Angle 54,2632.05304335207,3392.37367788099
Angle 54,2666.59943794363,3433.50638229072
Angle 54,2701.07160548901,3474.45270818262
Angle 54,2735.46996804234,3515.21336789418
Angle 54,2769.79494440019,3555.78906795071
Angle 54,2804.04695013453,3596.18050912385
Angle 54,2838.22639762525,3636.3883864894
Angle 54,2872.33369609234,3676.41338948431
Angle 54,2906.36925162752,3716.25620196303
Angle 54,2940.33346722563,3755.91750225307
Angle 54,2974.22674281544,3795.39796320995
Angle 54,3008.04947529024,3834.69825227138
Angle 54,3041.80205853788,3873.81903151078
Angle 54,3075.48488347055,3912.76095769013
Angle 54,3109.09833805411,3951.52468231218
Angle 54,3142.64280733708,3990.11085167196
Angle 54,3176.11867347925,4028.52010690771
Angle 54,3209.52631577992,4066.75308405111
Angle 54,3242.8661107058,4104.81041407694
Angle 54,3276.13843191856,4142.6927229521
Angle 54,3309.34365030204,4180.40063168406
Angle 54,3342.48213398906,4217.93475636863
Angle 54,3375.55424838799,4255.29570823728
Angle 54,3408.56035620892,4292.48409370373
Angle 54,3441.50081748951,4329.50051441009
Angle 54,3474.37598962056,4366.34556727237
Angle 54,3507.18622737122,4403.01984452549
Angle 54,3539.93188291388,4439.52393376768
Angle 54,3572.61330584883,4475.85841800439
Angle 54,3605.23084322851,4512.02387569169
Angle 54,3637.78483958154,4548.02088077909
Angle 54,3670.2756369364,4583.85000275188
Angle 54,3702.7035748449,4619.51180667296
Angle 54,3735.06899040525,4655.00685322418
Angle 54,3767.37221828494,4690.33569874718
Angle 54,3799.6135907433,4725.49889528375
Angle 54,3831.79343765382,4760.49699061569
Angle 54,3863.91208652613,4795.33052830422
Angle 54,3895.96986252778,4830.00004772896
Angle 54,3927.96708850575,4864.50608412635
Angle 54,3959.90408500766,4898.84916862777
Angle 54,3991.78117030274,4933.02982829706
Angle 54,4023.5986604026,4967.0485861677
Angle 54,4055.35686908165,5000.90596127954
Angle 54,4087.0561078974,5034.60246871511
Angle 54,4118.69668621036,5068.13861963544
Angle 54,4150.27891120387,5101.51492131558
Angle 54,4181.80308790359,5134.73187717965
Angle 54,4213.26951919675,5167.78998683545
Angle 54,4244.67850585126,5200.68974610877
Angle 54,4276.03034653447,5233.43164707722
Angle 54,4307.32533783185,5266.01617810372
Angle 54,4338.5637742653,5298.44382386961
Angle 54,4369.74594831136,5330.71506540736
Angle 54,4400.87215041917,5362.83038013296
Angle 54,4431.94266902817,5394.79024187784
Angle 54,4462.95779058566,5426.59512092058
Angle 54,4493.91779956414,5458.24548401816
Angle 54,4524.82297847838,5489.74179443684
Angle 54,4555.67360790241,5521.08451198284
Angle 54,4586.4699664862,5552.27409303248
Angle 54,4617.2123309722,5583.31099056217
Angle 54,4647.90097621169,5614.19565417793
Angle 54,4678.53617518091,5644.92853014469
Angle 54,4709.11819899703,5675.51006141515
Angle 54,4739.64731693392,5705.94068765847
Angle 54,4770.12379643775,5736.22084528851
Angle 54,4800.54790314237,5766.35096749186
Angle 54,4830.91990088462,5796.33148425549
Angle 54,4861.24005171928,5826.16282239416
Angle 54,4891.50861593404,5855.84540557748
Angle 54,4921.72585206417,5885.37965435674
Angle 54,4951.89201690709,5914.76598619139
Angle 54,4982.00736553672,5944.00481547527
Angle 54,5012.07215131769,5973.09655356258
Angle 54,5042.08662591943,6002.04160879347
Angle 54,5072.05103933001,6030.84038651952
Angle 54,5101.96563986989,6059.49328912879
Angle 54,5131.8306742055,6088.00071607073
Angle 54,5161.64638736264,6116.36306388072
Angle 54,5191.41302273976,6144.58072620447
Angle 54,5221.13082212106,6172.65409382201
Angle 54,5250.80002568947,6200.58355467162
Angle 54,5280.42087203946,6228.3694938733
Angle 54,5309.99359818969,6256.0122937522
Angle 54,5339.51843959559,6283.51233386164
Angle 54,5368.99563016171,6310.86999100599
Angle 54,5398.42540225396,6338.08563926329
Angle 54,5427.80798671174,6365.1596500076
Angle 54,5457.14361285991,6392.09239193119
Angle 54,5486.43250852061,6418.88423106647
Angle 54,5515.67490002497,6445.53553080762
Angle 54,5544.87101222469,6472.04665193218
Angle 54,5574.02106850348,6498.41795262222
Angle 54,5603.12529078836,6524.64978848545
Angle 54,5632.18389956085,6550.74251257601
Angle 54,5661.19711386803,6576.69647541514
Angle 54,5690.16515133349,6602.51202501157
Angle 54,5719.08822816811,6628.18950688174
Angle 54,5747.96655918079,6653.72926406985
Angle 54,5776.80035778899,6679.13163716762
Angle 54,5805.58983602921,6704.39696433396
Angle 54,5834.33520456729,6729.52558131437
Angle 54,5863.03667270869,6754.51782146019
Angle 54,5891.69444840853,6779.37401574763
Angle 54,5920.30873828163,6804.09449279668
Angle 54,5948.87974761238,6828.67957888971
Angle 54,5977.4076803645,6853.12959799005
Angle 54,6005.89273919073,6877.44487176025
Angle 54,6034.33512544235,6901.62571958026
Angle 54,6062.73503917866,6925.67245856538
Angle 54,6091.09267917632,6949.58540358404
Angle 54,6119.40824293856,6973.36486727548
Angle 54,6147.68192670435,6997.01116006716
Angle 54,6175.91392545743,7020.52459019206
Angle 54,6204.10443293524,7043.90546370585
Angle 54,6232.25364163775,7067.1540845038
Angle 54,6260.36174283619,7090.27075433767
Angle 54,6288.42892658172,7113.25577283227
Angle 54,6316.45538171394,7136.10943750205
Angle 54,6344.44129586938,7158.83204376738
Angle 54,6372.3868554898,7181.4238849708
Angle 54,6400.29224583051,7203.88525239301
Angle 54,6428.15765096849,7226.21643526884
Angle 54,6455.9832538105,7248.41772080293
Angle 54,6483.76923610107,7270.48939418543
Angle 54,6511.5157784304,7292.43173860738
Angle 54,6539.22306024215,7314.24503527611
Angle 54,6566.89125984119,7335.92956343041
Angle 54,6594.52055440125,7357.4856003556
Angle 54,6622.11111997246,7378.91342139844
Angle 54,6649.6631314888,7400.21329998192
Angle 54,6677.17676277554,7421.38550761997
Angle 54,6704.65218655652,7442.43031393193
Angle 54,6732.08957446136,7463.34798665699
Angle 54,6759.48909703264,7484.13879166848
Angle 54,6786.85092373294,7504.80299298802
Angle 54,6814.17522295184,7525.34085279955
Angle 54,6841.46216201281,7545.75263146324
Angle 54,6868.7119071801,7566.03858752931
Angle 54,6895.92462366541,7586.1989777517
Angle 54,6923.10047563464,7606.23405710162
Angle 54,6950.23962621449,7626.14407878102
Angle 54,6977.34223749895,7645.92929423592
Angle 54,7004.40847055582,7665.58995316963
Angle 54,7031.43848543305,7685.12630355588
Angle 54,7058.43244116508,7704.53859165181
Angle 54,7085.39049577911,7723.82706201087
Angle 54,7112.31280630121,7742.99195749567
Angle 54,7139.19952876252,7762.03351929058
Angle 54,7166.05081820521,7780.95198691439
Angle 54,7192.8668286885,7799.74759823279
Angle 54,7219.64771329455,7818.42058947073
Angle 54,7246.39362413431,7836.97119522473
Angle 54,7273.10471235329,7855.39964847506
Angle 54,7299.78112813726,7873.70618059787
Angle 54,7326.42302071791,7891.89102137715
Angle 54,7353.03053837844,7909.95439901666
Angle 54,7379.60382845906,7927.89654015176
Angle 54,7406.14303736248,7945.71766986111
Angle 54,7432.64831055926,7963.41801167834
Angle 54,7459.1197925932,7980.99778760355
Angle 54,7485.55762708659,7998.45721811483
Angle 54,7511.96195674543,8015.79652217962
Angle 54,7538.33292336459,8033.01591726595
Angle 54,7564.67066783293,8050.11561935373
Angle 54,7590.97533013833,8067.09584294583
Angle 54,7617.24704937264,8083.95680107912
Angle 54,7643.48596373671,8100.69870533547
Angle 54,7669.69221054515,8117.3217658526
Angle 54,7695.86592623126,8133.82619133491
Angle 54,7722.0072463517,8150.2121890642
Angle 54,7748.11630559128,8166.47996491036
Angle 54,7774.19323776759,8182.62972334191
Angle 54,7800.23817583558,8198.66166743651
Angle 54,7826.25125189218,8214.57599889146
Angle 54,7852.23259718075,8230.37291803397
Angle 54,7878.18234209556,8246.05262383153
Angle 54,7904.10061618619,8261.61531390212
Angle 54,7929.98754816188,8277.06118452435
Angle 54,7955.84326589584,8292.39043064755
Angle 54,7981.6678964295,8307.60324590182
Angle 54,8007.46156597674,8322.69982260798
Angle 54,8033.22439992803,8337.68035178744
Angle 54,8058.95652285452,8352.54502317208
Angle 54,8084.65805851219,8367.29402521396
Angle 54,8110.32912984579,8381.92754509509
Angle 54,8135.96985899286,8396.44576873704
Angle 54,8161.58036728763,8410.84888081052
Angle 54,8187.16077526495,8425.13706474496
Angle 54,8212.71120266412,8439.31050273791
Angle 54,8238.23176843267,8453.36937576451
Angle 54,8263.72259073013,8467.31386358684
Angle 54,8289.18378693178,8481.1441447632
Angle 54,8314.61547363225,8494.86039665738
Angle 54,8340.01776664924,8508.46279544785
Angle 54,8365.39078102705,8521.9515161369
Angle 54,8390.73463104017,8535.32673255974
Angle 54,8416.04943019676,8548.58861739354
Angle 54,8441.33529124217,8561.7373421664
Angle 54,8466.59232616232,8574.77307726631
Angle 54,8491.82064618713,8587.69599195004
Angle 54,8517.02036179391,8600.50625435199
Angle 54,8542.1915827106,8613.20403149297
Angle 54,8567.33441791914,8625.78948928895
Angle 54,8592.44897565866,8638.2627925598
Angle 54,8617.53536342874,8650.62410503792
Angle 54,8642.59368799255,8662.87358937684
Angle 54,8667.62405538,8675.01140715985
Angle 54,8692.6265708909,8687.03771890847
Angle 54,8717.60133909794,8698.95268409098
Angle 54,8742.54846384984,8710.75646113084
Angle 54,8767.46804827427,8722.44920741512
Angle 54,8792.36019478089,8734.03107930287
Angle 54,8817.22500506424,8745.50223213339
Angle 54,8842.06258010672,8756.8628202346
Angle 54,8866.8730201814,8768.11299693126
Angle 54,8891.65642485494,8779.25291455314
Angle 54,8916.41289299034,8790.28272444326
Angle 54,8941.14252274982,8801.20257696602
Angle 54,8965.8454115975,8812.01262151526
Angle 54,8990.52165630217,8822.71300652239
Angle 54,9015.17135294003,8833.30387946439
Angle 54,9039.79459689729,8843.78538687183
Angle 54,9064.3914828729,8854.15767433683
Angle 54,9088.96210488112,8864.42088652099
Angle 54,9113.50655625415,8874.57516716334
Angle 54,9138.02492964469,8884.62065908816
Angle 54,9162.51731702847,8894.55750421284
Angle 54,9186.98380970681,8904.38584355573
Angle 54,9211.42449830908,8914.10581724387
Angle 54,9235.83947279519,8923.71756452078
Angle 54,9260.22882245805,8933.22122375417
Angle 54,9284.59263592597,8942.61693244365
Angle 54,9308.93100116507,8951.90482722837
Angle 54,9333.24400548168,8961.08504389473
Angle 54,9357.53173552468,8970.15771738392
Angle 54,9381.79427728784,8979.12298179953
Angle 54,9406.03171611214,8987.98097041517
Angle 54,9430.24413668808,8996.73181568192
Angle 54,9454.43162305791,9005.37564923591
Angle 54,9478.59425861794,9013.91260190578
Angle 54,9502.73212612076,9022.34280372016
Angle 54,9526.84530767743,9030.66638391508
Angle 54,9550.93388475971,9038.88347094144
Angle 54,9574.99793820226,9046.99419247234
Angle 54,9599.03754820475,9054.99867541052
Angle 54,9623.05279433403,9062.89704589566
Angle 54,9647.04375552632,9070.68942931173
Angle 54,9671.01051008921,9078.37595029427
Angle 54,9694.95313570387,9085.95673273774
Angle 54,9718.87170942706,9093.43189980269
Angle 54,9742.76630769325,9100.8015739231
Angle 54,9766.63700631664,9108.06587681353
Angle 54,9790.48388049322,9115.22492947637
Angle 54,9814.30700480279,9122.27885220899
Angle 54,9838.10645321097,9129.22776461095
Angle 54,9861.88229907124,9136.07178559109
Angle 54,9885.63461512686,9142.8110333747
Angle 54,9909.36347351293,9149.44562551062
Angle 54,9933.06894575828,9155.97567887831
Angle 54,9956.7511027875,9162.40130969495
Angle 54,9980.41001492281,9168.72263352248
Angle 54,10004.0457518861,9174.93976527463
Angle 54,10027.6583828007,9181.05281922396
Angle 54,10051.2479761935,9187.06190900884
Angle 54,10074.8145999966,9192.96714764046
Angle 54,10098.3583215495,9198.76864750976
Angle 54,10121.8792076009,9204.46652039442
Angle 54,10145.3773243103,9210.06087746579
Angle 54,10168.8527372504,9215.55182929579
Angle 54,10192.3055114085,9220.9394858638
Angle 54,10215.7357111885,9226.22395656361
Angle 54,10239.1434004131,9231.40535021022
Angle 54,10262.5286423251,9236.48377504672
Angle 54,10285.8914995896,9241.45933875113
Angle 54,10309.2320342959,9246.33214844325
Angle 54,10332.5503079589,9251.1023106914
Angle 54,10355.8463815215,9255.76993151928
Angle 54,10379.1203153562,9260.3351164127
Angle 54,10402.3721692666,9264.79797032637
Angle 54,10425.60200249,9269.15859769061
Angle 54,10448.8098736983,9273.41710241812
Angle 54,10471.9958410006,9277.57358791067
Angle 54,10495.1599619446,9281.6281570658
Angle 54,10518.3022935185,9285.5809122835
Angle 54,10541.4228921529,9289.43195547289
Angle 54,10564.5218137226,9293.18138805886
Angle 54,10587.5991135483,9296.82931098871
Angle 54,10610.6548463986,9300.37582473878
Angle 54,10633.6890664918,9303.82102932103
Angle 54,10656.7018274974,9307.16502428965
Angle 54,10679.6931825385,9310.40790874765
Angle 54,10702.6631841931,9313.54978135337
Angle 54,10725.6118844963,9316.59074032706
Angle 54,10748.5393349419,9319.5308834574
Angle 54,10771.4455864843,9322.370308108
Angle 54,10794.3306895404,9325.10911122388
Angle 54,10817.1946939913,9327.74738933801
Angle 54,10840.0376491843,9330.28523857768
Angle 54,10862.8596039348,9332.72275467101
Angle 54,10885.6606065277,9335.06003295335
Angle 54,10908.44070472,9337.29716837371
Angle 54,10931.1999457421,9339.43425550113
Angle 54,10953.9383762997,9341.47138853106
Angle 54,10976.656042576,9343.40866129174
Angle 54,10999.3529902333,9345.24616725051
Angle 54,11022.029264415,9346.98399952014
Angle 54,11044.6849097475,9348.62225086517
Angle 54,11067.319970342,9350.16101370814
Angle 54,11089.9344897965,9351.60038013589
Angle 54,11112.5285111978,9352.94044190583
Angle 54,11135.1020771232,9354.18129045211
Angle 54,11157.6552296426,9355.32301689189
Angle 54,11180.1880103203,9356.36571203149
Angle 54,11202.7004602172,9357.30946637258
Angle 54,11225.1926198925,9358.15437011834
Angle 54,11247.6645294056,9358.90051317957
Angle 54,11270.1162283186,9359.54798518083
Angle 54,11292.5477556975,9360.09687546649
Angle 54,11314.9591501149,9360.54727310683
Angle 54,11337.3504496516,9360.89926690407
Angle 54,11359.7216918986,9361.15294539842
Angle 54,11382.0729139595,9361.30839687405
Angle 54,11404.4041524519,9361.36570936511
Angle 54,11426.7154435101,9361.32497066164
Angle 54,11449.0068227868,9361.18626831555
Angle 54,11471.2783254551,9360.94968964652
Angle 54,11493.5299862109,9360.61532174788
Angle 54,11515.7618392744,9360.18325149248
Angle 54,11537.973918393,9359.65356553853
Angle 54,11560.1662568427,9359.02635033543
Angle 54,11582.3388874305,9358.30169212954
Angle 54,11604.4918424967,9357.47967696995
Angle 54,11626.6251539166,9356.56039071425
Angle 54,11648.7388531031,9355.54391903421
Angle 54,11670.8329710085,9354.43034742147
Angle 54,11692.907538127,9353.21976119323
Angle 54,11714.9625844966,9351.91224549787
Angle 54,11736.9981397014,9350.50788532054
Angle 54,11759.0142328738,9349.00676548878
Angle 54,11781.010892697,9347.40897067803
Angle 54,11802.9881474067,9345.71458541718
Angle 54,11824.9460247936,9343.92369409406
Angle 54,11846.8845522058,9342.03638096091
Angle 54,11868.803756551,9340.0527301398
Angle 54,11890.7036642984,9337.97282562805
Angle 54,11912.5843014816,9335.79675130363
Angle 54,11934.4456937005,9333.52459093044
Angle 54,11956.2878661238,9331.15642816371
Angle 54,11978.110843491,9328.69234655522
Angle 54,11999.9146501151,9326.13242955857
Angle 54,12021.6993098851,9323.47676053441
Angle 54,12043.4648462675,9320.72542275565
Angle 54,12065.2112823099,9317.87849941255
Angle 54,12086.9386406422,9314.93607361793
Angle 54,12108.6469434799,9311.89822841217
Angle 54,12130.3362126258,9308.76504676834
Angle 54,12152.0064694732,9305.53661159719
Angle 54,12173.6577350073,9302.21300575214
Angle 54,12195.2900298088,9298.79431203424
Angle 54,12216.9033740554,9295.28061319707
Angle 54,12238.4977875247,9291.67199195166
Angle 54,12260.0732895966,9287.96853097132
Angle 54,12281.6298992558,9284.17031289642
Angle 54,12303.1676350943,9280.27742033922
Angle 54,12324.6865153137,9276.28993588859
Angle 54,12346.1865577282,9272.20794211469
Angle 54,12367.6677797666,9268.03152157366
Angle 54,12389.1301984748,9263.76075681226
Angle 54,12410.5738305191,9259.39573037242
Angle 54,12431.9986921878,9254.93652479582
Angle 54,12453.4047993944,9250.38322262843
Angle 54,12474.7921676798,9245.73590642492
Angle 54,12496.1608122152,9240.99465875316
Angle 54,12517.5107478045,9236.15956219859
Angle 54,12538.8419888867,9231.23069936857
Angle 54,12560.1545495389,9226.20815289672
Angle 54,12581.4484434788,9221.09200544721
Angle 54,12602.7236840671,9215.88233971896
Angle 54,12623.9802843103,9210.57923844987
Angle 54,12645.2182568634,9205.18278442098
Angle 54,12666.4376140324,9199.69306046058
Angle 54,12687.6383677769,9194.11014944828
Angle 54,12708.8205297131,9188.43413431908
Angle 54,12729.9841111159,9182.66509806731
Angle 54,12751.1291229223,9176.80312375063
Angle 54,12772.2555757332,9170.84829449395
Angle 54,12793.363479817,9164.80069349326
Angle 54,12814.4528451114,9158.66040401947
Angle 54,12835.523681227,9152.42750942224
Angle 54,12856.5759974491,9146.10209313365
Angle 54,12877.6098027411,9139.68423867198
Angle 54,12898.6251057469,9133.17402964531
Angle 54,12919.6219147934,9126.57154975517
Angle 54,12940.6002378937,9119.8768828001
Angle 54,12961.5600827497,9113.09011267918
Angle 54,12982.5014567544,9106.21132339555
Angle 54,13003.4243669951,9099.24059905979
Angle 54,13024.328820256,9092.17802389339
Angle 54,13045.2148230207,9085.02368223207
Angle 54,13066.0823814755,9077.7776585291
Angle 54,13086.9315015113,9070.44003735859
Angle 54,13107.7621887273,9063.01090341869
Angle 54,13128.5744484328,9055.4903415348
Angle 54,13149.3682856507,9047.87843666269
Angle 54,13170.1437051198,9040.17527389162
Angle 54,13190.9007112979,9032.38093844737
Angle 54,13211.639308364,9024.49551569527
Angle 54,13232.3595002216,9016.51909114317
Angle 54,13253.0612905012,9008.45175044431
Angle 54,13273.7446825631,9000.29357940028
Angle 54,13294.4096795001,8992.04466396381
Angle 54,13315.0562841402,8983.70509024154
Angle 54,13335.6844990495,8975.27494449681
Angle 54,13356.2943265348,8966.75431315235
Angle 54,13376.8857686466,8958.14328279294
Angle 54,13397.4588271814,8949.441940168
Angle 54,13418.0135036848,8940.65037219422
Angle 54,13438.5497994542,8931.76866595802
Angle 54,13459.0677155412,8922.79690871812
Angle 54,13479.567252755,8913.73518790787
Angle 54,13500.0484116644,8904.58359113778
Angle 54,13520.5111926009,8895.34220619777
Angle 54,13540.9555956616,8886.01112105952
Angle 54,13561.3816207114,8876.59042387876
Angle 54,13581.7892673863,8867.08020299748
Angle 54,13602.1785350955,8857.4805469461
Angle 54,13622.5494230248,8847.79154444563
Angle 54,13642.9019301386,8838.01328440976
Angle 54,13663.2360551833,8828.14585594691
Angle 54,13683.5517966892,8818.18934836227
Angle 54,13703.849152974,8808.14385115974
Angle 54,13724.1281221449,8798.00945404387
Angle 54,13744.3887021015,8787.78624692175
Angle 54,13764.6308905385,8777.47431990486
Angle 54,13784.8546849484,8767.07376331086
Angle 54,13805.0600826238,8756.58466766536
Angle 54,13825.2470806607,8746.00712370365
Angle 54,13845.4156759604,8735.34122237234
Angle 54,13865.5658652327,8724.58705483107
Angle 54,13885.6976449983,8713.74471245402
Angle 54,13905.8110115916,8702.81428683155
Angle 54,13925.905961163,8691.79586977166
Angle 54,13945.9824896817,8680.68955330147
Angle 54,13966.0405929384,8669.49542966871
Angle 54,13986.0802665477,8658.21359134304
Angle 54,14006.1015059507,8646.84413101746
Angle 54,14026.1043064178,8635.38714160961
Angle 54,14046.088663051,8623.84271626303
Angle 54,14066.0545707865,8612.21094834845
Angle 54,14086.0020243974,8600.49193146494
Angle 54,14105.9310184962,8588.68575944107
Angle 54,14125.8415475371,8576.79252633608
Angle 54,14145.7336058187,8564.81232644092
Angle 54,14165.6071874868,8552.74525427932
Angle 54,14185.4622865362,8540.5914046088
Angle 54,14205.2988968138,8528.35087242162
Angle 54,14225.1170120209,8516.02375294573
Angle 54,14244.9166257156,8503.61014164569
Angle 54,14264.6977313151,8491.11013422348
Angle 54,14284.4603220987,8478.52382661937
Angle 54,14304.2043912095,8465.8513150127
Angle 54,14323.9299316575,8453.0926958226
Angle 54,14343.6369363215,8440.24806570877
Angle 54,14363.325397952,8427.31752157208
Angle 54,14382.9953091729,8414.30116055531
Angle 54,14402.6466624846,8401.19908004367
Angle 54,14422.279450266,8388.01137766545
Angle 54,14441.8936647769,8374.73815129252
Angle 54,14461.4892981602,8361.37949904085
Angle 54,14481.0663424446,8347.935519271
Angle 54,14500.6247895467,8334.40631058855
Angle 54,14520.1646312732,8320.79197184449
Angle 54,14539.6858593233,8307.09260213562
Angle 54,14559.1884652911,8293.30830080491
Angle 54,14578.6724406677,8279.43916744176
Angle 54,14598.1377768437,8265.48530188231
Angle 54,14617.5844651109,8251.44680420969
Angle 54,14637.0124966652,8237.32377475422
Angle 54,14656.4218626085,8223.11631409362
Angle 54,14675.8125539507,8208.82452305311
Angle 54,14695.1845616125,8194.44850270559
Angle 54,14714.5378764269,8179.98835437171
Angle 54,14733.8724891418,8165.44417961992
Angle 54,14753.188390422,8150.81608026651
Angle 54,14772.4855708513,8136.10415837563
Angle 54,14791.7640209347,8121.30851625924
Angle 54,14811.0237311007,8106.42925647705
Angle 54,14830.264691703,8091.46648183645
Angle 54,14849.4868930229,8076.42029539242
Angle 54,14868.6903252712,8061.29080044733
Angle 54,14887.8749785904,8046.07810055082
Angle 54,14907.0408430566,8030.7822994996
Angle 54,14926.1879086817,8015.4035013372
Angle 54,14945.3161654153,7999.94181035374
Angle 54,14964.4256031467,7984.39733108564
Angle 54,14983.5162117069,7968.77016831535
Angle 54,15002.5879808706,7953.06042707096
Angle 54,15021.6409003583,7937.26821262592
Angle 54,15040.6749598381,7921.39363049858
Angle 54,15059.6901489274,7905.43678645186
Angle 54,15078.6864571953,7889.39778649276
Angle 54,15097.6638741643,7873.27673687194
Angle 54,15116.6223893121,7857.07374408323
Angle 54,15135.5619920734,7840.78891486311
Angle 54,15154.4826718423,7824.42235619022
Angle 54,15173.3844179735,7807.97417528478
Angle 54,15192.2672197843,7791.444479608
Angle 54,15211.1310665569,7774.83337686154
Angle 54,15229.9759475394,7758.14097498684
Angle 54,15248.8018519485,7741.36738216449
Angle 54,15267.6087689705,7724.51270681357
Angle 54,15286.3966877634,7707.57705759098
Angle 54,15305.1655974589,7690.56054339069
Angle 54,15323.9154871635,7673.46327334307
Angle 54,15342.6463459608,7656.28535681409
Angle 54,15361.3581629131,7639.02690340455
Angle 54,15380.0509270629,7621.68802294935
Angle 54,15398.7246274347,7604.2688255166
Angle 54,15417.3792530366,7586.76942140684
Angle 54,15436.0147928621,7569.18992115218
Angle 54,15454.6312358917,7551.53043551541
Angle 54,15473.2285710943,7533.79107548914
Angle 54,15491.8067874292,7515.97195229488
Angle 54,15510.3658738474,7498.07317738209
Angle 54,15528.9058192933,7480.09486242729
Angle 54,15547.4266127061,7462.03711933305
Angle 54,15565.9282430218,7443.90006022701
Angle 54,15584.4106991741,7425.68379746094
Angle 54,15602.8739700967,7407.38844360963
Angle 54,15621.3180447239,7389.01411146996
Angle 54,15639.7429119929,7370.56091405976
Angle 54,15658.148560845,7352.02896461681
Angle 54,15676.5349802269,7333.41837659774
Angle 54,15694.9021590925,7314.72926367691
Angle 54,15713.2500864039,7295.96173974533
Angle 54,15731.5787511332,7277.1159189095
Angle 54,15749.8881422641,7258.1919154903
Angle 54,15768.1782487925,7239.1898440218
Angle 54,15786.4490597289,7220.10981925011
Angle 54,15804.7005640989,7200.95195613217
Angle 54,15822.9327509452,7181.71636983456
Angle 54,15841.1456093286,7162.40317573231
Angle 54,15859.3391283296,7143.0124894076
Angle 54,15877.5132970492,7123.5444266486
Angle 54,15895.668104611,7103.99910344813
Angle 54,15913.8035401618,7084.37663600247
Angle 54,15931.9195928734,7064.67714071001
Angle 54,15950.0162519434,7044.90073417001
Angle 54,15968.0935065968,7025.04753318124
Angle 54,15986.1513460872,7005.11765474069
Angle 54,16004.1897596978,6985.11121604226
Angle 54,16022.208736743,6965.02833447534
Angle 54,16040.2082665693,6944.86912762355
Angle 54,16058.1883385565,6924.6337132633
Angle 54,16076.1489421193,6904.32220936243
Angle 54,16094.0900667078,6883.93473407887
Angle 54,16112.0117018091,6863.47140575915
Angle 54,16129.9138369484,6842.93234293709
Angle 54,16147.7964616901,6822.3176643323
Angle 54,16165.6595656388,6801.62748884877
Angle 54,16183.5031384406,6780.86193557349
Angle 54,16201.327169784,6760.0211237749
Angle 54,16219.1316494012,6739.10517290151
Angle 54,16236.9165670689,6718.1142025804
Angle 54,16254.6819126095,6697.04833261575
Angle 54,16272.4276758923,6675.90768298735
Angle 54,16290.1538468342,6654.69237384912
Angle 54,16307.8604154011,6633.40252552756
Angle 54,16325.5473716085,6612.03825852033
Angle 54,16343.2147055228,6590.59969349461
Angle 54,16360.8624072621,6569.0869512857
Angle 54,16378.4904669974,6547.5001528954
Angle 54,16396.0988749533,6525.83941949047
Angle 54,16413.6876214091,6504.10487240114
Angle 54,16431.2566966997,6482.29663311949
Angle 54,16448.8060912166,6460.41482329795
Angle 54,16466.3357954085,6438.45956474765
Angle 54,16483.8457997827,6416.43097943692
Angle 54,16501.3360949056,6394.32918948967
Angle 54,16518.8066714039,6372.1543171838
Angle 54,16536.2575199649,6349.90648494961
Angle 54,16553.6886313382,6327.58581536822
Angle 54,16571.0999963356,6305.19243116994
Angle 54,16588.4916058329,6282.72645523265
Angle 54,16605.8634507698,6260.18801058021
Angle 54,16623.2155221515,6237.57722038082
Angle 54,16640.547811049,6214.89420794542
Angle 54,16657.8603086,6192.13909672599
Angle 54,16675.1530060098,6169.31201031401
Angle 54,16692.425894552,6146.41307243875
Angle 54,16709.6789655692,6123.44240696562
Angle 54,16726.9122104738,6100.40013789459
Angle 54,16744.1256207487,6077.28638935846
Angle 54,16761.3191879483,6054.10128562124
Angle 54,16778.4929036986,6030.84495107649
Angle 54,16795.6467596985,6007.51751024564
Angle 54,16812.7807477204,5984.11908777634
Angle 54,16829.8948596105,5960.64980844078
Angle 54,16846.9890872899,5937.10979713399
Angle 54,16864.063422755,5913.49917887223
Angle 54,16881.1178580784,5889.81807879124
Angle 54,16898.1523854093,5866.0666221446
Angle 54,16915.1669969742,5842.24493430201
Angle 54,16932.1616850777,5818.35314074765
Angle 54,16949.1364421029,5794.39136707846
Angle 54,16966.0912605119,5770.35973900242
Angle 54,16983.026132847,5746.25838233694
Angle 54,16999.9410517305,5722.08742300708
Angle 54,17016.8360098658,5697.84698704388
Angle 54,17033.7110000377,5673.53720058269
Angle 54,17050.5660151132,5649.15818986144
Angle 54,17067.4010480419,5624.71008121894
Angle 54,17084.2160918563,5600.19300109319
Angle 54,17101.0111396729,5575.60707601966
Angle 54,17117.7861846923,5550.9524326296
Angle 54,17134.5412201997,5526.22919764833
Angle 54,17151.2762395657,5501.43749789354
Angle 54,17167.9912362465,5476.57746027358
Angle 54,17184.6862037844,5451.64921178573
Angle 54,17201.3611358086,5426.65287951453
Angle 54,17218.0160260351,5401.58859063005
Angle 54,17234.6508682679,5376.4564723862
Angle 54,17251.2656563988,5351.256652119
Angle 54,17267.860384408,5325.98925724489
Angle 54,17284.4350463648,5300.65441525901
Angle 54,17300.9896364277,5275.25225373351
Angle 54,17317.524148845,5249.78290031584
Angle 54,17334.0385779553,5224.24648272702
Angle 54,17350.5329181874,5198.64312875996
Angle 54,17367.0071640615,5172.97296627778
Angle 54,17383.4613101887,5147.23612321205
Angle 54,17399.895351272,5121.43272756112
Angle 54,17416.3092821066,5095.56290738842
Angle 54,17432.7030975798,5069.62679082076
Angle 54,17449.0767926719,5043.62450604663
Angle 54,17465.4303624563,5017.55618131451
Angle 54,17481.7638020998,4991.42194493113
Angle 54,17498.0771068629,4965.22192525987
Angle 54,17514.3702721003,4938.95625071897
Angle 54,17530.6432932611,4912.6250497799
Angle 54,17546.8961658891,4886.22845096566
Angle 54,17563.1288856229,4859.76658284907
Angle 54,17579.3414481968,4833.23957405113
Angle 54,17595.5338494402,4806.64755323929
Angle 54,17611.7060852787,4779.99064912582
Angle 54,17627.8581517338,4753.26899046608
Angle 54,17643.9900449235,4726.4827060569
Angle 54,17660.1017610624,4699.63192473488
Angle 54,17676.1932964617,4672.71677537469
Angle 54,17692.2646475301,4645.73738688749
Angle 54,17708.3158107734,4618.69388821916
Angle 54,17724.3467827949,4591.58640834874
Angle 54,17740.3575602958,4564.41507628669
Angle 54,17756.3481400752,4537.18002107329
Angle 54,17772.3185190305,4509.88137177695
Angle 54,17788.2686941572,4482.51925749261
Angle 54,17804.1986625497,4455.09380734005
Angle 54,17820.1084214009,4427.60515046225
Angle 54,17835.9979680027,4400.05341602379
Angle 54,17851.8672997461,4372.43873320917
Angle 54,17867.7164141213,4344.76123122123
Angle 54,17883.545308718,4317.02103927946
Angle 54,17899.3539812254,4289.21828661843
Angle 54,17915.1424294323,4261.35310248615
Angle 54,17930.9106512276,4233.42561614243
Angle 54,17946.6586445998,4205.43595685733
Angle 54,17962.3864076379,4177.38425390948
Angle 54,17978.0939385309,4149.27063658453
Angle 54,17993.781235568,4121.09523417351
Angle 54,18009.4482971391,4092.85817597128
Angle 54,18025.0951217344,4064.5595912749
Angle 54,18040.721707945,4036.19960938204
Angle 54,18056.3280544623,4007.77835958945
Angle 54,18071.914160079,3979.2959711913
Angle 54,18087.4800236883,3950.75257347769
Angle 54,18103.0256442845,3922.14829573302
Angle 54,18118.5510209629,3893.48326723446
Angle 54,18134.0561529199,3864.75761725037
Angle 54,18149.5410394529,3835.97147503874
Angle 54,18165.0056799607,3807.12496984569
Angle 54,18180.4500739432,3778.21823090385
Angle 54,18195.8742210015,3749.25138743088
Angle 54,18211.278120838,3720.22456862788
Angle 54,18226.6617732567,3691.13790367794
Angle 54,18242.0251781627,3661.99152174451
Angle 54,18257.3683355623,3632.78555196997
Angle 54,18272.6912455636,3603.52012347407
Angle 54,18287.9939083759,3574.19536535243
Angle 54,18303.2763243097,3544.81140667502
Angle 54,18318.5384937771,3515.3683764847
Angle 54,18333.7804172916,3485.86640379567
Angle 54,18349.002095468,3456.30561759203
Angle 54,18364.2035290223,3426.68614682628
Angle 54,18379.3847187721,3397.00812041784
Angle 54,18394.5456656361,3367.27166725155
Angle 54,18409.6863706345,3337.47691617627
Angle 54,18424.8068348883,3307.62399600336
Angle 54,18439.9070596202,3277.71303550524
Angle 54,18454.9870461537,3247.74416341396
Angle 54,18470.0467959135,3217.71750841971
Angle 54,18485.0863104254,3187.63319916944
Angle 54,18500.1055913161,3157.4913642654
Angle 54,18515.1046403132,3127.29213226368
Angle 54,18530.0834592453,3097.03563167285
Angle 54,18545.0420500417,3066.7219909525
Angle 54,18559.9804147323,3036.35133851187
Angle 54,18574.8985554477,3005.92380270839
Angle 54,18589.7964744191,2975.43951184634
Angle 54,18604.674173978,2944.89859417541
Angle 54,18619.5316565566,2914.30117788939
Angle 54,18634.3689246868,2883.64739112467
Angle 54,18649.1859810013,2852.93736195901
Angle 54,18663.9828282323,2822.17121841004
Angle 54,18678.7594692122,2791.34908843401
Angle 54,18693.5159068733,2760.47109992435
Angle 54,18708.2521442475,2729.53738071038
Angle 54,18722.9681844664,2698.54805855595
Angle 54,18737.6640307608,2667.50326115807
Angle 54,18752.3396864613,2636.40311614566
Angle 54,18766.9951549973,2605.24775107813
Angle 54,18781.6304398975,2574.03729344416
Angle 54,18796.2455447894,2542.77187066031
Angle 54,18810.8404733995,2511.45161006976
Angle 54,18825.4152295527,2480.076638941
Angle 54,18839.9698171727,2448.64708446655
Angle 54,18854.5042402812,2417.16307376166
Angle 54,18869.0185029985,2385.62473386304
Angle 54,18883.5126095426,2354.0321917276
Angle 54,18897.9865642295,2322.38557423114
Angle 54,18912.4403714728,2290.68500816718
Angle 54,18926.874035784,2258.93062024561
Angle 54,18941.2875617715,2227.1225370915
Angle 54,18955.6809541411,2195.26088524387
Angle 54,18970.0542176957,2163.34579115441
Angle 54,18984.407357335,2131.37738118631
Angle 54,18998.7403780551,2099.355781613
Angle 54,19013.0532849489,2067.28111861697
Angle 54,19027.3460832054,2035.15351828854
Angle 54,19041.6187781096,2002.97310662466
Angle 54,19055.8713750426,1970.74000952777
Angle 54,19070.1038794809,1938.45435280452
Angle 54,19084.3162969967,1906.1162621647
Angle 54,19098.5086332574,1873.72586321998
Angle 54,19112.6808940255,1841.2832814828
Angle 54,19126.8330851582,1808.78864236518
Angle 54,19140.9652126076,1776.24207117761
Angle 54,19155.0772824199,1743.64369312785
Angle 54,19169.1693007358,1710.99363331983
Angle 54,19183.2412737898,1678.29201675253
Angle 54,19197.2932079103,1645.5389683188
Angle 54,19211.3251095192,1612.73461280433
Angle 54,19225.3369851315,1579.87907488644
Angle 54,19239.3288413555,1546.97247913308
Angle 54,19253.3006848924,1514.01495000163
Angle 54,19267.2525225358,1481.0066118379
Angle 54,19281.1843611718,1447.94758887501
Angle 54,19295.0962077785,1414.83800523228
Angle 54,19308.9880694261,1381.67798491423
Angle 54,19322.8599532762,1348.46765180947
Angle 54,19336.711866582,1315.20712968967
Angle 54,19350.5438166876,1281.89654220848
Angle 54,19364.3558110284,1248.53601290053
Angle 54,19378.1478571299,1215.12566518036
Angle 54,19391.9199626084,1181.66562234143
Angle 54,19405.6721351702,1148.15600755505
Angle 54,19419.4043826114,1114.59694386941
Angle 54,19433.1167128177,1080.98855420857
Angle 54,19446.8091337643,1047.33096137141
Angle 54,19460.4816535153,1013.62428803072
Angle 54,19474.1342802237,979.868656732129
Angle 54,19487.767022131,946.064189893197
Angle 54,19501.3798875669,912.211009802395
Angle 54,19514.9728849493,878.30923861816
Angle 54,19528.5460227835,844.358998367934
Angle 54,19542.0993096624,810.360410947212
Angle 54,19555.6327542663,776.313598118596
Angle 54,19569.1463653619,742.218681510859
Angle 54,19582.6401518029,708.075782618015
Angle 54,19596.1141225292,673.885022798393
Angle 54,19609.5682865665,639.646523273719
Angle 54,19623.0026530266,605.360405128211
Angle 54,19636.4172311064,571.02678930767
Angle 54,19649.8120300884,536.645796618587
Angle 54,19663.1870593395,502.217547727251
Angle 54,19676.5423283116,467.742163158869
Angle 54,19689.8778465405,433.219763296688
Angle 54,19703.1936236462,398.650468381129
Angle 54,19716.4896693325,364.034398508918
Angle 54,19729.7659933863,329.37167363224
Angle 54,19743.0226056779,294.662413557883
Angle 54,19756.2595161601,259.906737946398
Angle 54,19769.4767348684,225.104766311267
Angle 54,19782.6742719203,190.256618018072
Angle 54,19795.8521375155,155.362412283675
Angle 54,19809.0103419349,120.4222681754
Angle 54,19822.1488955408,85.436304610231
Angle 54,19835.2678087767,50.4046403540064
Angle 54,19848.3670921663,15.3273940206263
Angle 54,19854.0749992822,0
Angle 55,0,0
Angle 55,40.0379295630484,57.0820892995488
Angle 55,79.964195349236,113.906979515832
Angle 55,119.779547436805,170.476012276043
Angle 55,159.484728866886,226.790516280235
Angle 55,199.080475731399,282.851807461848
Angle 55,238.567517259596,338.661189145728
Angle 55,277.946575903232,394.219952203686
Angle 55,317.218367420434,449.529375207647
Angle 55,356.383600958255,504.590724580427
Angle 55,395.442979133964,559.405254744184
Angle 55,434.397198115072,613.97420826659
Angle 55,473.24694769814,668.298816004758
Angle 55,511.992911386376,722.380297246977
Angle 55,550.635766466046,776.219859852278
Angle 55,589.176184081726,829.818700387892
Angle 55,627.614829310408,883.178004264613
Angle 55,665.952361234488,936.298945870132
Angle 55,704.189433013654,989.182688700356
Angle 55,742.326691955687,1041.83038548876
Angle 55,780.364779586208,1094.24317833378
Angle 55,818.304331717374,1146.42219882438
Angle 55,856.145978515559,1198.36856816364
Angle 55,893.890344568021,1250.0833972906
Angle 55,931.538048948584,1301.56778700029
Angle 55,969.08970528235,1352.82282806194
Angle 55,1006.54592180945,1403.84960133551
Angle 55,1043.90730144788,1454.64917788648
Angle 55,1081.17444185539,1505.22261909899
Angle 55,1118.34793549045,1555.57097678727
Angle 55,1155.42836967243,1605.69529330557
Angle 55,1192.41632664076,1655.59660165634
Angle 55,1229.31238361333,1705.27592559702
Angle 55,1266.11711284403,1754.73427974511
Angle 55,1302.83108167945,1803.9726696819
Angle 55,1339.45485261474,1852.99209205461
Angle 55,1375.98898334874,1901.79353467711
Angle 55,1412.43402683824,1950.37797662917
Angle 55,1448.79053135152,1998.74638835439
Angle 55,1485.05904052111,2046.8997317566
Angle 55,1521.24009339581,2094.83896029508
Angle 55,1557.33422449198,2142.56501907825
Angle 55,1593.34196384406,2190.0788449562
Angle 55,1629.26383705446,2237.38136661184
Angle 55,1665.10036534269,2284.47350465078
Angle 55,1700.85206559378,2331.35617169004
Angle 55,1736.51945040616,2378.03027244538
Angle 55,1772.10302813865,2424.49670381761
Angle 55,1807.60330295706,2470.75635497751
Angle 55,1843.02077487988,2516.81010744975
Angle 55,1878.35593982358,2562.65883519556
Angle 55,1913.60928964711,2608.3034046943
Angle 55,1948.78131219586,2653.74467502391
Angle 55,1983.87249134504,2698.98349794026
Angle 55,2018.88330704241,2744.02071795544
Angle 55,2053.81423535049,2788.857172415
Angle 55,2088.66574848813,2833.49369157408
Angle 55,2123.43831487154,2877.93109867259
Angle 55,2158.13239915484,2922.17021000937
Angle 55,2192.74846226991,2966.21183501529
Angle 55,2227.28696146586,3010.05677632547
Angle 55,2261.74835034785,3053.70582985047
Angle 55,2296.13307891548,3097.15978484655
Angle 55,2330.44159360059,3140.41942398503
Angle 55,2364.67433730465,3183.48552342066
Angle 55,2398.83174943551,3226.35885285918
Angle 55,2432.91426594382,3269.04017562394
Angle 55,2466.92231935889,3311.53024872163
Angle 55,2500.85633882403,3353.82982290722
Angle 55,2534.71675013155,3395.93964274796
Angle 55,2568.50397575718,3437.86044668663
Angle 55,2602.21843489408,3479.59296710393
Angle 55,2635.86054348646,3521.13793038005
Angle 55,2669.43071426267,3562.49605695549
Angle 55,2702.92935676791,3603.66806139107
Angle 55,2736.35687739652,3644.65465242716
Angle 55,2769.71367942384,3685.45653304214
Angle 55,2803.00016303763,3726.07440051021
Angle 55,2836.21672536915,3766.5089464583
Angle 55,2869.36376052379,3806.76085692243
Angle 55,2902.44165961128,3846.83081240321
Angle 55,2935.45081077562,3886.71948792074
Angle 55,2968.39159922449,3926.42755306878
Angle 55,3001.26440725842,3965.9556720682
Angle 55,3034.06961429945,4005.30450381986
Angle 55,3066.80759691958,4044.47470195673
Angle 55,3099.4787288687,4083.46691489538
Angle 55,3132.0833811023,4122.2817858869
Angle 55,3164.62192180875,4160.9199530671
Angle 55,3197.09471643625,4199.38204950612
Angle 55,3229.50212771949,4237.66870325747
Angle 55,3261.84451570592,4275.78053740638
Angle 55,3294.12223778168,4313.71817011761
Angle 55,3326.33564869729,4351.48221468272
Angle 55,3358.48510059294,4389.07327956664
Angle 55,3390.57094302347,4426.49196845378
Angle 55,3422.59352298309,4463.73888029355
Angle 55,3454.55318492978,4500.81460934531
Angle 55,3486.45027080932,4537.71974522274
Angle 55,3518.28512007911,4574.45487293781
Angle 55,3550.0580697317,4611.02057294407
Angle 55,3581.76945431791,4647.41742117948
Angle 55,3613.41960596982,4683.64598910875
Angle 55,3645.00885442339,4719.70684376517
Angle 55,3676.53752704082,4755.60054779187
Angle 55,3708.00594883264,4791.32765948269
Angle 55,3739.41444247952,4826.8887328225
Angle 55,3770.76332835387,4862.28431752709
Angle 55,3802.05292454107,4897.51495908252
Angle 55,3833.28354686059,4932.58119878407
Angle 55,3864.45550888669,4967.48357377473
Angle 55,3895.56912196899,5002.22261708319
Angle 55,3926.62469525278,5036.79885766145
Angle 55,3957.62253569901,5071.21282042193
Angle 55,3988.56294810415,5105.46502627421
Angle 55,4019.4462351197,5139.5559921613
Angle 55,4050.27269727154,5173.48623109548
Angle 55,4081.04263297905,5207.2562521938
Angle 55,4111.75633857395,5240.86656071309
Angle 55,4142.41410831898,5274.31765808462
Angle 55,4173.01623442629,5307.61004194832
Angle 55,4203.56300707568,5340.74420618666
Angle 55,4234.05471443257,5373.72064095812
Angle 55,4264.4916426658,5406.53983273025
Angle 55,4294.87407596518,5439.20226431243
Angle 55,4325.20229655885,5471.70841488817
Angle 55,4355.47658473049,5504.05876004712
Angle 55,4385.69721883618,5536.25377181667
Angle 55,4415.86447532127,5568.29391869326
Angle 55,4445.97862873684,5600.17966567325
Angle 55,4476.03995175616,5631.9114742835
Angle 55,4506.04871519079,5663.48980261163
Angle 55,4536.00518800662,5694.91510533591
Angle 55,4565.90963733964,5726.18783375479
Angle 55,4595.76232851159,5757.3084358162
Angle 55,4625.56352504536,5788.27735614641
Angle 55,4655.3134886803,5819.09503607869
Angle 55,4685.01247938724,5849.76191368154
Angle 55,4714.66075538344,5880.27842378672
Angle 55,4744.25857314733,5910.64499801689
Angle 55,4773.80618743304,5940.862064813
Angle 55,4803.30385128482,5970.93004946137
Angle 55,4832.75181605127,6000.84937412045
Angle 55,4862.15033139942,6030.62045784736
Angle 55,4891.49964532861,6060.24371662406
Angle 55,4920.80000418426,6089.71956338332
Angle 55,4950.05165267145,6119.04840803433
Angle 55,4979.25483386835,6148.23065748811
Angle 55,5008.40978923952,6177.26671568262
Angle 55,5037.51675864902,6206.15698360759
Angle 55,5066.5759803734,6234.90185932912
Angle 55,5095.58769111454,6263.50173801398
Angle 55,5124.55212601231,6291.95701195371
Angle 55,5153.46951865712,6320.26807058838
Angle 55,5182.34010110236,6348.43530053023
Angle 55,5211.16410387659,6376.45908558691
Angle 55,5239.94175599573,6404.33980678464
Angle 55,5268.67328497498,6432.07784239096
Angle 55,5297.3589168407,6459.67356793742
Angle 55,5325.99887614213,6487.12735624188
Angle 55,5354.59338596296,6514.43957743068
Angle 55,5383.14266793276,6541.61059896057
Angle 55,5411.64694223833,6568.64078564036
Angle 55,5440.1064276349,6595.53049965241
Angle 55,5468.52134145715,6622.28010057389
Angle 55,5496.8918996302,6648.88994539776
Angle 55,5525.21831668042,6675.3603885537
Angle 55,5553.50080574611,6701.69178192859
Angle 55,5581.73957858808,6727.88447488702
Angle 55,5609.93484560014,6753.93881429145
Angle 55,5638.0868158194,6779.85514452221
Angle 55,5666.19569693653,6805.6338074973
Angle 55,5694.26169530584,6831.275142692
Angle 55,5722.28501595531,6856.77948715831
Angle 55,5750.26586259646,6882.14717554411
Angle 55,5778.20443763412,6907.37854011223
Angle 55,5806.10094217609,6932.4739107593
Angle 55,5833.95557604273,6957.43361503441
Angle 55,5861.76853777639,6982.25797815757
Angle 55,5889.54002465074,7006.94732303801
Angle 55,5917.27023268003,7031.50197029235
Angle 55,5944.95935662825,7055.9222382625
Angle 55,5972.60759001812,7080.20844303345
Angle 55,6000.21512514004,7104.3608984509
Angle 55,6027.78215306094,7128.37991613867
Angle 55,6055.30886363302,7152.26580551601
Angle 55,6082.79544550236,7176.01887381468
Angle 55,6110.24208611748,7199.6394260959
Angle 55,6137.6489717378,7223.12776526716
Angle 55,6165.01628744197,7246.48419209887
Angle 55,6192.34421713614,7269.70900524077
Angle 55,6219.63294356213,7292.80250123835
Angle 55,6246.88264830553,7315.76497454893
Angle 55,6274.09351180361,7338.59671755777
Angle 55,6301.26571335332,7361.29802059389
Angle 55,6328.39943111902,7383.86917194584
Angle 55,6355.49484214025,7406.31045787724
Angle 55,6382.55212233933,7428.6221626423
Angle 55,6409.57144652894,7450.80456850108
Angle 55,6436.55298841958,7472.85795573466
Angle 55,6463.49692062694,7494.7826026602
Angle 55,6490.40341467922,7516.57878564583
Angle 55,6517.27264102432,7538.24677912541
Angle 55,6544.10476903702,7559.78685561317
Angle 55,6570.89996702601,7581.19928571825
Angle 55,6597.65840224088,7602.48433815902
Angle 55,6624.38024087899,7623.64227977739
Angle 55,6651.06564809237,7644.67337555293
Angle 55,6677.71478799439,7665.57788861685
Angle 55,6704.32782366647,7686.35608026592
Angle 55,6730.90491716468,7707.00820997625
Angle 55,6757.44622952624,7727.53453541688
Angle 55,6783.951920776,7747.93531246339
Angle 55,6810.42214993279,7768.21079521129
Angle 55,6836.85707501577,7788.36123598929
Angle 55,6863.2568530506,7808.38688537259
Angle 55,6889.62164007566,7828.28799219585
Angle 55,6915.95159114814,7848.06480356628
Angle 55,6942.24686035003,7867.71756487644
Angle 55,6968.50760079412,7887.24651981701
Angle 55,6994.73396462989,7906.65191038949
Angle 55,7020.92610304931,7925.93397691873
Angle 55,7047.08416629261,7945.09295806539
Angle 55,7073.20830365398,7964.1290908383
Angle 55,7099.29866348723,7983.04261060671
Angle 55,7125.35539321129,8001.83375111248
Angle 55,7151.37863931577,8020.50274448211
Angle 55,7177.36854736639,8039.04982123871
Angle 55,7203.32526201034,8057.47521031393
Angle 55,7229.24892698162,8075.77913905966
Angle 55,7255.13968510629,8093.96183325981
Angle 55,7280.99767830767,8112.02351714184
Angle 55,7306.82304761148,8129.96441338833
Angle 55,7332.61593315093,8147.78474314838
Angle 55,7358.37647417171,8165.48472604897
Angle 55,7384.10480903702,8183.06458020618
Angle 55,7409.80107523239,8200.52452223642
Angle 55,7435.46540937063,8217.86476726749
Angle 55,7461.09794719656,8235.08552894957
Angle 55,7486.69882359176,8252.1870194662
Angle 55,7512.2681725793,8269.1694495451
Angle 55,7537.80612732832,8286.03302846895
Angle 55,7563.31282015866,8302.77796408607
Angle 55,7588.78838254536,8319.40446282108
Angle 55,7614.23294512314,8335.9127296854
Angle 55,7639.64663769084,8352.30296828778
Angle 55,7665.02958921578,8368.57538084462
Angle 55,7690.38192783808,8384.7301681904
Angle 55,7715.70378087496,8400.76752978786
Angle 55,7740.99527482495,8416.6876637382
Angle 55,7766.25653537205,8432.49076679126
Angle 55,7791.48768738988,8448.17703435549
Angle 55,7816.68885494577,8463.746660508
Angle 55,7841.86016130476,8479.19983800446
Angle 55,7867.0017289336,8494.53675828897
Angle 55,7892.11367950473,8509.75761150383
Angle 55,7917.1961339001,8524.86258649931
Angle 55,7942.2492122151,8539.85187084328
Angle 55,7967.27303376228,8554.72565083086
Angle 55,7992.26771707522,8569.48411149394
Angle 55,8017.23337991212,8584.12743661069
Angle 55,8042.1701392596,8598.655808715
Angle 55,8067.07811133623,8613.06940910584
Angle 55,8091.95741159618,8627.36841785659
Angle 55,8116.80815473276,8641.55301382431
Angle 55,8141.63045468192,8655.62337465896
Angle 55,8166.42442462569,8669.57967681255
Angle 55,8191.19017699567,8683.42209554824
Angle 55,8215.92782347635,8697.15080494941
Angle 55,8240.63747500851,8710.76597792867
Angle 55,8265.31924179249,8724.26778623678
Angle 55,8289.97323329149,8737.65640047159
Angle 55,8314.59955823479,8750.93199008691
Angle 55,8339.19832462094,8764.09472340126
Angle 55,8363.76963972094,8777.14476760668
Angle 55,8388.31361008133,8790.08228877746
Angle 55,8412.83034152731,8802.90745187875
Angle 55,8437.31993916579,8815.62042077525
Angle 55,8461.78250738835,8828.22135823976
Angle 55,8486.21814987431,8840.71042596173
Angle 55,8510.62696959362,8853.08778455576
Angle 55,8535.00906880978,8865.35359357004
Angle 55,8559.36454908273,8877.50801149479
Angle 55,8583.69351127171,8889.55119577062
Angle 55,8607.99605553805,8901.48330279688
Angle 55,8632.27228134797,8913.30448793993
Angle 55,8656.52228747535,8925.01490554142
Angle 55,8680.74617200441,8936.61470892652
Angle 55,8704.94403233244,8948.10405041209
Angle 55,8729.11596517243,8959.48308131484
Angle 55,8753.26206655574,8970.75195195941
Angle 55,8777.38243183469,8981.9108116865
Angle 55,8801.47715568509,8992.9598088609
Angle 55,8825.54633210887,9003.89909087947
Angle 55,8849.59005443652,9014.72880417914
Angle 55,8873.60841532963,9025.44909424487
Angle 55,8897.60150678335,9036.06010561755
Angle 55,8921.5694201288,9046.56198190188
Angle 55,8945.5122460355,9056.95486577422
Angle 55,8969.43007451378,9067.23889899043
Angle 55,8993.3229949171,9077.41422239365
Angle 55,9017.19109594441,9087.48097592205
Angle 55,9041.03446564246,9097.43929861661
Angle 55,9064.85319140811,9107.28932862877
Angle 55,9088.64735999054,9117.03120322818
Angle 55,9112.41705749356,9126.66505881027
Angle 55,9136.16236937779,9136.19103090396
Angle 55,9159.88338046286,9145.60925417919
Angle 55,9183.58017492962,9154.91986245456
Angle 55,9207.25283632225,9164.12298870485
Angle 55,9230.90144755043,9173.21876506852
Angle 55,9254.52609089145,9182.20732285528
Angle 55,9278.12684799229,9191.08879255351
Angle 55,9301.70379987172,9199.86330383775
Angle 55,9325.25702692235,9208.53098557612
Angle 55,9348.78660891264,9217.09196583774
Angle 55,9372.29262498899,9225.54637190011
Angle 55,9395.77515367766,9233.89433025649
Angle 55,9419.23427288682,9242.13596662326
Angle 55,9442.67005990851,9250.27140594719
Angle 55,9466.08259142057,9258.30077241283
Angle 55,9489.47194348858,9266.22418944975
Angle 55,9512.83819156783,9274.04177973979
Angle 55,9536.18141050518,9281.75366522435
Angle 55,9559.50167454096,9289.35996711161
Angle 55,9582.79905731087,9296.86080588372
Angle 55,9606.07363184784,9304.25630130402
Angle 55,9629.32547058387,9311.5465724242
Angle 55,9652.55464535189,9318.73173759145
Angle 55,9675.76122738759,9325.81191445563
Angle 55,9698.94528733119,9332.78721997637
Angle 55,9722.10689522934,9339.65777043018
Angle 55,9745.24612053682,9346.42368141754
Angle 55,9768.36303211837,9353.08506786999
Angle 55,9791.45769825048,9359.64204405716
Angle 55,9814.53018662309,9366.09472359384
Angle 55,9837.58056434144,9372.44321944699
Angle 55,9860.60889792774,9378.68764394276
Angle 55,9883.61525332294,9384.82810877348
Angle 55,9906.59969588846,9390.86472500464
Angle 55,9929.56229040792,9396.79760308187
Angle 55,9952.50310108884,9402.62685283787
Angle 55,9975.42219156435,9408.35258349938
Angle 55,9998.31962489493,9413.97490369405
Angle 55,10021.1954635701,9419.49392145742
Angle 55,10044.04976951,9424.90974423974
Angle 55,10066.8826040673,9430.22247891291
Angle 55,10089.6940280286,9435.43223177732
Angle 55,10112.4841016166,9440.5391085687
Angle 55,10135.252884491,9445.54321446496
Angle 55,10158.0004357509,9450.44465409304
Angle 55,10180.7268139362,9455.24353153568
Angle 55,10203.4320770292,9459.93995033825
Angle 55,10226.1162824562,9464.53401351554
Angle 55,10248.7794870896,9469.0258235585
Angle 55,10271.421747249,9473.41548244101
Angle 55,10294.0431187032,9477.70309162664
Angle 55,10316.6436566718,9481.88875207537
Angle 55,10339.2234158268,9485.97256425029
Angle 55,10361.7824502944,9489.95462812436
Angle 55,10384.3208136566,9493.83504318701
Angle 55,10406.8385589526,9497.61390845091
Angle 55,10429.335738681,9501.29132245856
Angle 55,10451.8124048011,9504.86738328898
Angle 55,10474.2686087345,9508.34218856434
Angle 55,10496.7044013671,9511.71583545657
Angle 55,10519.1198330506,9514.98842069398
Angle 55,10541.5149536041,9518.16004056784
Angle 55,10563.889812316,9521.23079093895
Angle 55,10586.2444579453,9524.20076724426
Angle 55,10608.5789387239,9527.07006450335
Angle 55,10630.8933023578,9529.83877732499
Angle 55,10653.1875960288,9532.5069999137
Angle 55,10675.4618663967,9535.07482607619
Angle 55,10697.7161596004,9537.5423492279
Angle 55,10719.95052126,9539.90966239944
Angle 55,10742.1649964785,9542.17685824311
Angle 55,10764.3596298434,9544.34402903925
Angle 55,10786.5344654286,9546.41126670275
Angle 55,10808.6895467959,9548.37866278943
Angle 55,10830.824916997,9550.24630850244
Angle 55,10852.9406185753,9552.01429469864
Angle 55,10875.0366935674,9553.68271189493
Angle 55,10897.1131835051,9555.25165027467
Angle 55,10919.1701294172,9556.72119969394
Angle 55,10941.207571831,9558.09144968786
Angle 55,10963.2255507747,9559.36248947692
Angle 55,10985.2241057785,9560.53440797322
Angle 55,11007.203275877,9561.60729378674
Angle 55,11029.1630996108,9562.58123523156
Angle 55,11051.1036150284,9563.4563203321
Angle 55,11073.0248596878,9564.23263682931
Angle 55,11094.9268706591,9564.91027218684
Angle 55,11116.8096845253,9565.48931359721
Angle 55,11138.6733373852,9565.96984798796
Angle 55,11160.5178648548,9566.35196202774
Angle 55,11182.3433020691,9566.63574213241
Angle 55,11204.1496836845,9566.82127447114
Angle 55,11225.9370438803,9566.90864497246
Angle 55,11247.7054163609,9566.89793933027
Angle 55,11269.4548343576,9566.78924300985
Angle 55,11291.1853306306,9566.58264125388
Angle 55,11312.8969374712,9566.27821908837
Angle 55,11334.5896867036,9565.87606132862
Angle 55,11356.2636096869,9565.37625258514
Angle 55,11377.9187373172,9564.7788772695
Angle 55,11399.5551000296,9564.08401960025
Angle 55,11421.1727278003,9563.29176360875
Angle 55,11442.7716501486,9562.40219314497
Angle 55,11464.351896139,9561.41539188328
Angle 55,11485.9134943833,9560.33144332824
Angle 55,11507.4564730429,9559.15043082033
Angle 55,11528.9808598304,9557.87243754164
Angle 55,11550.4866820122,9556.49754652159
Angle 55,11571.9739664106,9555.02584064257
Angle 55,11593.4427394056,9553.45740264553
Angle 55,11614.8930269376,9551.79231513568
Angle 55,11636.3248545092,9550.03066058795
Angle 55,11657.7382471874,9548.1725213526
Angle 55,11679.133229606,9546.21797966073
Angle 55,11700.5098259678,9544.16711762971
Angle 55,11721.8680600467,9542.02001726871
Angle 55,11743.20795519,9539.77676048405
Angle 55,11764.5295343209,9537.43742908464
Angle 55,11785.8328199403,9535.00210478732
Angle 55,11807.1178341295,9532.47086922215
Angle 55,11828.3845985523,9529.84380393779
Angle 55,11849.6331344575,9527.12099040668
Angle 55,11870.8634626811,9524.30251003029
Angle 55,11892.0756036484,9521.38844414434
Angle 55,11913.2695773771,9518.37887402395
Angle 55,11934.4454034787,9515.27388088873
Angle 55,11955.6031011616,9512.07354590792
Angle 55,11976.7426892333,9508.77795020542
Angle 55,11997.8641861026,9505.38717486482
Angle 55,12018.9676097823,9501.90130093438
Angle 55,12040.0529778916,9498.32040943198
Angle 55,12061.1203076581,9494.64458135003
Angle 55,12082.1696159211,9490.87389766035
Angle 55,12103.2009191332,9487.00843931903
Angle 55,12124.2142333633,9483.04828727117
Angle 55,12145.209574299,9478.99352245572
Angle 55,12166.1869572489,9474.84422581014
Angle 55,12187.1463971454,9470.60047827512
Angle 55,12208.0879085469,9466.26236079923
Angle 55,12229.0115056408,9461.82995434351
Angle 55,12249.9172022454,9457.30333988607
Angle 55,12270.805011813,9452.68259842658
Angle 55,12291.6749474324,9447.96781099078
Angle 55,12312.5270218311,9443.15905863493
Angle 55,12333.3612473782,9438.25642245024
Angle 55,12354.1776360869,9433.25998356718
Angle 55,12374.9761996174,9428.16982315987
Angle 55,12395.7569492787,9422.98602245032
Angle 55,12416.5198960322,9417.70866271273
Angle 55,12437.2650504938,9412.3378252776
Angle 55,12457.9924229363,9406.87359153599
Angle 55,12478.7020232928,9401.31604294359
Angle 55,12499.3938611586,9395.66526102478
Angle 55,12520.0679457942,9389.92132737669
Angle 55,12540.7242861281,9384.08432367321
Angle 55,12561.3628907592,9378.15433166887
Angle 55,12581.9837679594,9372.13143320282
Angle 55,12602.5869256768,9366.01571020263
Angle 55,12623.1723715379,9359.80724468815
Angle 55,12643.7401128504,9353.50611877525
Angle 55,12664.290156606,9347.11241467959
Angle 55,12684.8225094831,9340.62621472025
Angle 55,12705.3371778495,9334.04760132342
Angle 55,12725.8341677649,9327.37665702597
Angle 55,12746.3134849843,9320.61346447901
Angle 55,12766.7751349596,9313.75810645141
Angle 55,12787.2191228435,9306.81066583323
Angle 55,12807.6454534915,9299.77122563917
Angle 55,12828.0541314648,9292.63986901194
Angle 55,12848.4451610332,9285.41667922556
Angle 55,12868.8185461778,9278.10173968869
Angle 55,12889.1742905934,9270.69513394783
Angle 55,12909.5123976918,9263.19694569051
Angle 55,12929.8328706042,9255.60725874848
Angle 55,12950.135712184,9247.92615710078
Angle 55,12970.4209250095,9240.15372487681
Angle 55,12990.6885113868,9232.29004635932
Angle 55,13010.9384733527,9224.33520598741
Angle 55,13031.1708126769,9216.28928835944
Angle 55,13051.3855308653,9208.15237823589
Angle 55,13071.5826291624,9199.92456054222
Angle 55,13091.7621085544,9191.60592037164
Angle 55,13111.9239697717,9183.19654298784
Angle 55,13132.0682132916,9174.69651382771
Angle 55,13152.1948393412,9166.105918504
Angle 55,13172.3038479003,9157.42484280786
Angle 55,13192.3952387036,9148.65337271149
Angle 55,13212.4690112442,9139.79159437058
Angle 55,13232.5251647757,9130.83959412684
Angle 55,13252.5636983152,9121.79745851039
Angle 55,13272.5846106461,9112.66527424215
Angle 55,13292.5879003208,9103.44312823616
Angle 55,13312.5735656633,9094.13110760193
Angle 55,13332.541604772,9084.72929964661
Angle 55,13352.4920155226,9075.23779187725
Angle 55,13372.4247955705,9065.65667200294
Angle 55,13392.3399423538,9055.98602793692
Angle 55,13412.2374530957,9046.22594779865
Angle 55,13432.1173248076,9036.37651991587
Angle 55,13451.9795542916,9026.43783282653
Angle 55,13471.8241381429,9016.40997528077
Angle 55,13491.6510727531,9006.29303624281
Angle 55,13511.4603543125,8996.08710489279
Angle 55,13531.2519788126,8985.79227062859
Angle 55,13551.0259420492,8975.4086230676
Angle 55,13570.7822396248,8964.93625204845
Angle 55,13590.5208669515,8954.37524763267
Angle 55,13610.2418192532,8943.72570010636
Angle 55,13629.9450915686,8932.98769998176
Angle 55,13649.6306787539,8922.16133799882
Angle 55,13669.2985754851,8911.24670512673
Angle 55,13688.9487762608,8900.24389256537
Angle 55,13708.5812754049,8889.15299174674
Angle 55,13728.196067069,8877.97409433636
Angle 55,13747.7931452352,8866.70729223463
Angle 55,13767.3725037186,8855.35267757813
Angle 55,13786.9341361696,8843.91034274087
Angle 55,13806.4780360771,8832.38038033555
Angle 55,13826.0041967703,8820.76288321474
Angle 55,13845.512611422,8809.057944472
Angle 55,13865.0032730505,8797.26565744304
Angle 55,13884.4761745224,8785.38611570674
Angle 55,13903.9313085553,8773.41941308621
Angle 55,13923.36866772,8761.3656436498
Angle 55,13942.788244443,8749.224901712
Angle 55,13962.1900310094,8736.9972818344
Angle 55,13981.5740195648,8724.68287882656
Angle 55,14000.9402021181,8712.28178774683
Angle 55,14020.2885705441,8699.7941039032
Angle 55,14039.6191165854,8687.21992285399
Angle 55,14058.9318318554,8674.55934040866
Angle 55,14078.2267078405,8661.81245262846
Angle 55,14097.5037359023,8648.97935582708
Angle 55,14116.7629072806,8636.06014657129
Angle 55,14136.0042130949,8623.05492168151
Angle 55,14155.2276443475,8609.96377823238
Angle 55,14174.4331919257,8596.78681355324
Angle 55,14193.6208466038,8583.52412522867
Angle 55,14212.7905990461,8570.17581109883
Angle 55,14231.9424398083,8556.74196926
Angle 55,14251.0763593408,8543.22269806484
Angle 55,14270.1923479903,8529.6180961228
Angle 55,14289.2903960024,8515.92826230043
Angle 55,14308.3704935238,8502.15329572161
Angle 55,14327.4326306045,8488.29329576784
Angle 55,14346.4767972001,8474.34836207841
Angle 55,14365.5029831741,8460.31859455062
Angle 55,14384.5111783001,8446.20409333989
Angle 55,14403.5013722638,8432.00495885992
Angle 55,14422.4735546656,8417.72129178271
Angle 55,14441.4277150223,8403.35319303866
Angle 55,14460.3638427697,8388.90076381659
Angle 55,14479.2819272644,8374.36410556372
Angle 55,14498.1819577863,8359.7433199856
Angle 55,14517.0639235404,8345.03850904612
Angle 55,14535.927813659,8330.24977496734
Angle 55,14554.773617204,8315.37722022938
Angle 55,14573.6013231688,8300.4209475703
Angle 55,14592.4109204804,8285.38105998586
Angle 55,14611.2023980013,8270.25766072935
Angle 55,14629.9757445319,8255.05085331134
Angle 55,14648.7309488124,8239.76074149938
Angle 55,14667.4679995244,8224.38742931777
Angle 55,14686.1868852937,8208.93102104714
Angle 55,14704.8875946915,8193.39162122422
Angle 55,14723.5701162369,8177.76933464135
Angle 55,14742.2344383986,8162.06426634616
Angle 55,14760.8805495971,8146.27652164108
Angle 55,14779.5084382061,8130.40620608294
Angle 55,14798.1180925551,8114.45342548245
Angle 55,14816.7095009307,8098.41828590374
Angle 55,14835.2826515791,8082.30089366376
Angle 55,14853.8375327074,8066.1013553318
Angle 55,14872.3741324857,8049.81977772888
Angle 55,14890.892439049,8033.45626792714
Angle 55,14909.3924404989,8017.01093324923
Angle 55,14927.8741249056,8000.48388126767
Angle 55,14946.3374803095,7983.87521980416
Angle 55,14964.7824947231,7967.18505692889
Angle 55,14983.2091561328,7950.41350095984
Angle 55,15001.6174525006,7933.56066046202
Angle 55,15020.0073717658,7916.62664424673
Angle 55,15038.3789018468,7899.61156137076
Angle 55,15056.7320306428,7882.51552113562
Angle 55,15075.0667460357,7865.33863308666
Angle 55,15093.3830358912,7848.08100701231
Angle 55,15111.6808880612,7830.74275294312
Angle 55,15129.9602903851,7813.32398115095
Angle 55,15148.2212306913,7795.82480214803
Angle 55,15166.4636967991,7778.24532668606
Angle 55,15184.6876765202,7760.58566575524
Angle 55,15202.8931576604,7742.84593058332
Angle 55,15221.0801280211,7725.02623263463
Angle 55,15239.2485754007,7707.12668360907
Angle 55,15257.3984875966,7689.1473954411
Angle 55,15275.5298524063,7671.08848029869
Angle 55,15293.6426576292,7652.95005058229
Angle 55,15311.7368910681,7634.73221892375
Angle 55,15329.8125405306,7616.43509818522
Angle 55,15347.8695938305,7598.05880145808
Angle 55,15365.9080387896,7579.60344206177
Angle 55,15383.9278632388,7561.06913354272
Angle 55,15401.92905502,7542.45598967312
Angle 55,15419.911601987,7523.76412444983
Angle 55,15437.8754920072,7504.99365209312
Angle 55,15455.8207129631,7486.14468704555
Angle 55,15473.7472527535,7467.21734397068
Angle 55,15491.6550992949,7448.21173775191
Angle 55,15509.5442405231,7429.12798349116
Angle 55,15527.4146643942,7409.96619650769
Angle 55,15545.2663588861,7390.7264923368
Angle 55,15563.0993120001,7371.4089867285
Angle 55,15580.9135117616,7352.01379564628
Angle 55,15598.708946222,7332.54103526576
Angle 55,15616.4856034595,7312.99082197337
Angle 55,15634.2434715809,7293.36327236502
Angle 55,15651.9825387224,7273.65850324472
Angle 55,15669.7027930509,7253.87663162328
Angle 55,15687.4042227656,7234.01777471685
Angle 55,15705.0868160987,7214.08204994561
Angle 55,15722.7505613171,7194.06957493232
Angle 55,15740.3954467232,7173.98046750094
Angle 55,15758.0214606562,7153.81484567518
Angle 55,15775.6285914935,7133.5728276771
Angle 55,15793.2168276515,7113.25453192564
Angle 55,15810.7861575869,7092.86007703518
Angle 55,15828.336569798,7072.38958181406
Angle 55,15845.8680528255,7051.84316526313
Angle 55,15863.3805952537,7031.22094657425
Angle 55,15880.8741857118,7010.5230451288
Angle 55,15898.3488128747,6989.74958049617
Angle 55,15915.8044654643,6968.90067243225
Angle 55,15933.2411322503,6947.97644087791
Angle 55,15950.6588020515,6926.97700595747
Angle 55,15968.0574637367,6905.90248797717
Angle 55,15985.4371062256,6884.75300742358
Angle 55,16002.79771849,6863.52868496211
Angle 55,16020.1392895548,6842.22964143539
Angle 55,16037.461808499,6820.85599786172
Angle 55,16054.7652644562,6799.40787543348
Angle 55,16072.0496466163,6777.88539551557
Angle 55,16089.3149442259,6756.28867964377
Angle 55,16106.5611465894,6734.61784952317
Angle 55,16123.7882430701,6712.87302702658
Angle 55,16140.9962230908,6691.05433419284
Angle 55,16158.1850761348,6669.16189322529
Angle 55,16175.3547917469,6647.19582649006
Angle 55,16192.5053595343,6625.15625651449
Angle 55,16209.6367691671,6603.04330598549
Angle 55,16226.7490103797,6580.85709774783
Angle 55,16243.8420729713,6558.59775480257
Angle 55,16260.9159468065,6536.26540030534
Angle 55,16277.9706218168,6513.86015756472
Angle 55,16295.0060880009,6491.38215004054
Angle 55,16312.0223354255,6468.83150134221
Angle 55,16329.0193542262,6446.20833522708
Angle 55,16345.9971346085,6423.51277559869
Angle 55,16362.9556668482,6400.74494650516
Angle 55,16379.8949412921,6377.90497213743
Angle 55,16396.8149483593,6354.9929768276
Angle 55,16413.7156785412,6332.00908504723
Angle 55,16430.597122403,6308.95342140563
Angle 55,16447.4592705837,6285.82611064815
Angle 55,16464.302113797,6262.62727765446
Angle 55,16481.1256428326,6239.35704743688
Angle 55,16497.9298485558,6216.01554513859
Angle 55,16514.714721909,6192.60289603199
Angle 55,16531.4802539122,6169.11922551691
Angle 55,16548.2264356634,6145.56465911892
Angle 55,16564.9532583394,6121.93932248759
Angle 55,16581.6607131966,6098.24334139477
Angle 55,16598.348791571,6074.47684173283
Angle 55,16615.0174848798,6050.63994951296
Angle 55,16631.6667846211,6026.73279086342
Angle 55,16648.296682375,6002.75549202776
Angle 55,16664.9071698039,5978.70817936316
Angle 55,16681.4982386531,5954.5909793386
Angle 55,16698.0698807519,5930.40401853319
Angle 55,16714.6220880132,5906.14742363437
Angle 55,16731.1548524347,5881.82132143618
Angle 55,16747.6681660995,5857.42583883755
Angle 55,16764.1620211762,5832.96110284046
Angle 55,16780.6364099196,5808.4272405483
Angle 55,16797.0913246713,5783.82437916404
Angle 55,16813.52675786,5759.15264598851
Angle 55,16829.9427020024,5734.41216841863
Angle 55,16846.3391497032,5709.6030739457
Angle 55,16862.7160936556,5684.7254901536
Angle 55,16879.0735266421,5659.77954471706
Angle 55,16895.4114415348,5634.7653653999
Angle 55,16911.7298312958,5609.6830800533
Angle 55,16928.0286889776,5584.532816614
Angle 55,16944.3080077235,5559.31470310261
Angle 55,16960.5677807682,5534.02886762182
Angle 55,16976.8080014381,5508.67543835464
Angle 55,16993.0286631517,5483.2545435627
Angle 55,17009.2297594199,5457.76631158444
Angle 55,17025.4112838466,5432.21087083341
Angle 55,17041.573230129,5406.5883497965
Angle 55,17057.7155920576,5380.8988770322
Angle 55,17073.8383635173,5355.14258116885
Angle 55,17089.941538487,5329.3195909029
Angle 55,17106.0251110406,5303.43003499719
Angle 55,17122.0890753466,5277.47404227917
Angle 55,17138.1334256693,5251.45174163918
Angle 55,17154.1581563683,5225.36326202872
Angle 55,17170.1632618994,5199.20873245873
Angle 55,17186.1487368144,5172.9882819978
Angle 55,17202.1145757621,5146.70203977051
Angle 55,17218.0607734877,5120.35013495566
Angle 55,17233.987324834,5093.93269678453
Angle 55,17249.8942247408,5067.4498545392
Angle 55,17265.7814682459,5040.9017375508
Angle 55,17281.6490504848,5014.2884751978
Angle 55,17297.4969666915,4987.61019690429
Angle 55,17313.3252121982,4960.86703213825
Angle 55,17329.1337824359,4934.05911040988
Angle 55,17344.9226729344,4907.18656126985
Angle 55,17360.6918793228,4880.24951430763
Angle 55,17376.4413973294,4853.24809914974
Angle 55,17392.1712227822,4826.1824454581
Angle 55,17407.881351609,4799.05268292832
Angle 55,17423.5717798373,4771.858941288
Angle 55,17439.2425035951,4744.60135029501
Angle 55,17454.8935191106,4717.28003973589
Angle 55,17470.5248227124,4689.89513942407
Angle 55,17486.1364108299,4662.44677919826
Angle 55,17501.7282799935,4634.93508892074
Angle 55,17517.3004268343,4607.3601984757
Angle 55,17532.8528480848,4579.72223776756
Angle 55,17548.3855405786,4552.02133671934
Angle 55,17563.8985012511,4524.25762527097
Angle 55,17579.3917271388,4496.43123337763
Angle 55,17594.8652153802,4468.54229100811
Angle 55,17610.3189632157,4440.59092814317
Angle 55,17625.7529679873,4412.57727477389
Angle 55,17641.1672271393,4384.50146090003
Angle 55,17656.561738218,4356.36361652838
Angle 55,17671.9364988721,4328.16387167116
Angle 55,17687.2915068525,4299.90235634437
Angle 55,17702.6267600125,4271.57920056618
Angle 55,17717.942256308,4243.19453435532
Angle 55,17733.2379937972,4214.74848772943
Angle 55,17748.5139706413,4186.24119070351
Angle 55,17763.770185104,4157.67277328826
Angle 55,17779.0066355515,4129.04336548855
Angle 55,17794.2233204533,4100.35309730175
Angle 55,17809.4202383813,4071.60209871618
Angle 55,17824.5973880105,4042.79049970956
Angle 55,17839.7547681186,4013.91843024736
Angle 55,17854.8923775866,3984.98602028129
Angle 55,17870.0102153981,3955.9933997477
Angle 55,17885.1082806398,3926.94069856601
Angle 55,17900.1865725015,3897.8280466372
Angle 55,17915.2450902758,3868.6555738422
Angle 55,17930.2838333584,3839.42341004037
Angle 55,17945.3028012481,3810.13168506799
Angle 55,17960.3019935464,3780.78052873664
Angle 55,17975.2814099582,3751.37007083176
Angle 55,17990.2410502909,3721.90044111109
Angle 55,18005.1809144551,3692.37176930312
Angle 55,18020.1010024643,3662.78418510563
Angle 55,18035.0013144348,3633.13781818416
Angle 55,18049.8818505859,3603.43279817047
Angle 55,18064.7426112394,3573.66925466113
Angle 55,18079.5835968201,3543.84731721593
Angle 55,18094.4048078554,3513.96711535649
Angle 55,18109.2062449754,3484.02877856468
Angle 55,18123.9879089128,3454.03243628127
Angle 55,18138.7498005028,3423.97821790433
Angle 55,18153.491920683,3393.86625278787
Angle 55,18168.2142704934,3363.69667024035
Angle 55,18182.9168510764,3333.46959952322
Angle 55,18197.5996636766,3303.18516984949
Angle 55,18212.2627096406,3272.8435103823
Angle 55,18226.9059904172,3242.44475023346
Angle 55,18241.5295075571,3211.98901846208
Angle 55,18256.133262713,3181.47644407308
Angle 55,18270.7172576391,3150.90715601584
Angle 55,18285.2814941914,3120.28128318278
Angle 55,18299.8259743275,3089.59895440793
Angle 55,18314.3507001064,3058.86029846557
Angle 55,18328.8556736882,3028.06544406884
Angle 55,18343.3408973346,2997.21451986834
Angle 55,18357.8063734079,2966.30765445079
Angle 55,18372.2521043718,2935.34497633761
Angle 55,18386.6780927904,2904.32661398362
Angle 55,18401.0843413287,2873.25269577566
Angle 55,18415.4708527523,2842.12335003121
Angle 55,18429.837629927,2810.93870499712
Angle 55,18444.1846758189,2779.6988888482
Angle 55,18458.5119934942,2748.40402968595
Angle 55,18472.819586119,2717.05425553721
Angle 55,18487.1074569593,2685.64969435284
Angle 55,18501.3756093807,2654.19047400644
Angle 55,18515.6240468481,2622.67672229304
Angle 55,18529.8527729258,2591.10856692776
Angle 55,18544.0617912773,2559.48613554461
Angle 55,18558.2511056648,2527.80955569512
Angle 55,18572.4207199496,2496.07895484714
Angle 55,18586.5706380913,2464.2944603835
Angle 55,18600.700864148,2432.45619960081
Angle 55,18614.8114022762,2400.5642997082
Angle 55,18628.9022567302,2368.61888782602
Angle 55,18642.9734318621,2336.62009098466
Angle 55,18657.024932122,2304.56803612328
Angle 55,18671.056762057,2272.46285008863
Angle 55,18685.0689263118,2240.30465963375
Angle 55,18699.0614296279,2208.09359141685
Angle 55,18713.0342768437,2175.82977200002
Angle 55,18726.9874728945,2143.5133278481
Angle 55,18740.9210228115,2111.14438532745
Angle 55,18754.8349317226,2078.72307070477
Angle 55,18768.7292048513,2046.24951014593
Angle 55,18782.6038475171,2013.7238297148
Angle 55,18796.458865135,1981.14615537208
Angle 55,18810.2942632153,1948.51661297413
Angle 55,18824.1100473634,1915.83532827186
Angle 55,18837.9062232794,1883.10242690955
Angle 55,18851.6827967583,1850.31803442372
Angle 55,18865.4397736893,1817.48227624201
Angle 55,18879.1771600558,1784.59527768207
Angle 55,18892.8949619351,1751.65716395041
Angle 55,18906.5931854983,1718.66806014133
Angle 55,18920.2718370098,1685.62809123578
Angle 55,18933.9309228271,1652.53738210032
Angle 55,18947.5704494009,1619.39605748597
Angle 55,18961.1904232743,1586.20424202719
Angle 55,18974.7908510829,1552.96206024075
Angle 55,18988.3717395547,1519.66963652471
Angle 55,19001.9330955094,1486.32709515736
Angle 55,19015.4749258583,1452.93456029613
Angle 55,19028.9972376042,1419.49215597658
Angle 55,19042.5000378411,1386.00000611135
Angle 55,19055.9833337537,1352.45823448914
Angle 55,19069.4471326174,1318.86696477367
Angle 55,19082.8914417979,1285.22632050267
Angle 55,19096.3162687511,1251.53642508689
Angle 55,19109.7216210224,1217.79740180908
Angle 55,19123.1075062469,1184.00937382298
Angle 55,19136.4739321489,1150.17246415237
Angle 55,19149.8209065416,1116.28679569005
Angle 55,19163.148437327,1082.3524911969
Angle 55,19176.4565324953,1048.36967330089
Angle 55,19189.745200125,1014.33846449614
Angle 55,19203.0144483822,980.258987141949
Angle 55,19216.2642855209,946.131363461855
Angle 55,19229.4947198819,911.955715542701
Angle 55,19242.7057598932,877.732165333703
Angle 55,19255.8974140695,843.460834645521
Angle 55,19269.0696910118,809.141845149345
Angle 55,19282.2225994071,774.775318375984
Angle 55,19295.3561480282,740.361375714964
Angle 55,19308.4703457336,705.900138413629
Angle 55,19321.5652014666,671.391727576251
Angle 55,19334.6407242558,636.836264163153
Angle 55,19347.696923214,602.233868989827
Angle 55,19360.7338075385,567.58466272607
Angle 55,19373.7513865106,532.888765895122
Angle 55,19386.749669495,498.146298872807
Angle 55,19399.72866594,463.357381886693
Angle 55,19412.688385377,428.522135015246
Angle 55,19425.6288374198,393.640678186995
Angle 55,19438.5500317651,358.713131179713
Angle 55,19451.4519781912,323.739613619587
Angle 55,19464.3346865587,288.720244980412
Angle 55,19477.1981668092,253.655144582783
Angle 55,19490.0424289659,218.544431593296
Angle 55,19502.8674831327,183.388225023753
Angle 55,19515.6733394939,148.186643730382
Angle 55,19528.4600083142,112.939806413051
Angle 55,19541.2274999382,77.6478316145044
Angle 55,19553.9758247899,42.3108377195905
Angle 55,19566.7049933727,6.92894295450768
Angle 55,19569.1908890209,0
Angle 56,0,0
Angle 56,39.033901433872,57.7721387146321
Angle 56,77.9589407893285,115.285156074136
Angle 56,116.775850831749,172.540408840958
Angle 56,155.485357448634,229.539240696113
Angle 56,194.088179735636,286.282982401792
Angle 56,232.585030081249,342.772951961447
Angle 56,270.976614250172,399.010454777368
Angle 56,309.263631465376,454.996783805816
Angle 56,347.4467744889,510.733219709757
Angle 56,385.526729701402,566.221031009232
Angle 56,423.504177180469,621.461474229417
Angle 56,461.379790777744,676.455794046413
Angle 56,499.154238194853,731.205223430797
Angle 56,536.828181058181,785.710983788995
Angle 56,574.402274992513,839.974285102498
Angle 56,611.877169693542,893.996326064969
Angle 56,649.253508999299,947.778294217283
Angle 56,686.531930960484,1001.32136608053
Angle 56,723.713067909758,1054.626707287
Angle 56,760.797546529975,1107.69547270925
Angle 56,797.785987921415,1160.52880658722
Angle 56,834.679007667993,1213.12784265343
Angle 56,871.477215902495,1265.49370425635
Angle 56,908.181217370848,1317.62750448197
Angle 56,944.791611495427,1369.5303462735
Angle 56,981.308992437439,1421.20332254939
Angle 56,1017.73394915839,1472.64751631954
Angle 56,1054.06706548064,1523.86400079992
Angle 56,1090.30892014709,1574.85383952537
Angle 56,1126.46008687997,1625.61808646089
Angle 56,1162.5211344388,1676.15778611127
Angle 56,1198.49262667752,1726.47397362911
Angle 56,1234.37512260073,1776.5676749213
Angle 56,1270.16917641919,1826.43990675401
Angle 56,1305.8753376045,1876.09167685609
Angle 56,1341.49415094299,1925.52398402108
Angle 56,1377.02615658881,1974.73781820773
Angle 56,1412.47189011633,2023.73416063904
Angle 56,1447.83188257173,2072.51398390001
Angle 56,1483.1066605239,2121.0782520339
Angle 56,1518.29674611461,2169.42792063718
Angle 56,1553.40265710793,2217.56393695319
Angle 56,1588.42490693905,2265.48723996437
Angle 56,1623.3640047623,2313.19876048334
Angle 56,1658.2204554986,2360.69942124258
Angle 56,1692.99475988215,2407.99013698299
Angle 56,1727.68741450659,2455.07181454111
Angle 56,1762.29891187037,2501.94535293523
Angle 56,1796.82974042165,2548.61164345023
Angle 56,1831.28038460243,2595.0715697213
Angle 56,1865.65132489221,2641.32600781653
Angle 56,1899.94303785094,2687.37582631833
Angle 56,1934.15599616142,2733.22188640373
Angle 56,1968.29066867116,2778.86504192368
Angle 56,2002.34752043361,2824.30613948114
Angle 56,2036.32701274885,2869.54601850824
Angle 56,2070.22960320374,2914.58551134232
Angle 56,2104.05574571153,2959.42544330097
Angle 56,2137.80589055087,3004.06663275607
Angle 56,2171.48048440443,3048.50989120683
Angle 56,2205.07997039684,3092.75602335189
Angle 56,2238.60478813223,3136.80582716039
Angle 56,2272.05537373126,3180.66009394218
Angle 56,2305.4321598676,3224.31960841702
Angle 56,2338.73557580396,3267.78514878295
Angle 56,2371.96604742768,3311.05748678369
Angle 56,2405.12399728574,3354.1373877752
Angle 56,2438.20984461945,3397.02561079133
Angle 56,2471.22400539855,3439.72290860866
Angle 56,2504.16689235497,3482.23002781044
Angle 56,2537.03891501605,3524.54770884978
Angle 56,2569.84047973742,3566.67668611192
Angle 56,2602.57198973536,3608.61768797576
Angle 56,2635.23384511882,3650.37143687462
Angle 56,2667.82644292096,3691.93864935614
Angle 56,2700.35017713033,3733.32003614145
Angle 56,2732.80543872161,3774.51630218364
Angle 56,2765.19261568597,3815.52814672538
Angle 56,2797.51209306104,3856.35626335591
Angle 56,2829.76425296049,3897.00134006719
Angle 56,2861.94947460323,3937.46405930947
Angle 56,2894.06813434224,3977.74509804607
Angle 56,2926.12060569306,4017.84512780749
Angle 56,2958.10725936182,4057.76481474485
Angle 56,2990.02846327306,4097.50481968267
Angle 56,3021.88458259708,4137.06579817096
Angle 56,3053.67597977697,4176.44840053667
Angle 56,3085.40301455535,4215.65327193455
Angle 56,3117.0660440007,4254.68105239729
Angle 56,3148.66542253345,4293.53237688511
Angle 56,3180.20150195159,4332.20787533473
Angle 56,3211.67463145618,4370.7081727077
Angle 56,3243.0851576763,4409.03388903816
Angle 56,3274.4334246939,4447.18563948006
Angle 56,3305.7197740682,4485.16403435369
Angle 56,3336.94454485983,4522.96967919176
Angle 56,3368.10807365472,4560.60317478488
Angle 56,3399.2106945876,4598.06511722644
Angle 56,3430.25273936529,4635.35609795702
Angle 56,3461.23453728967,4672.47670380825
Angle 56,3492.15641528037,4709.42751704607
Angle 56,3523.01869789717,4746.2091154136
Angle 56,3553.82170736217,4782.82207217334
Angle 56,3584.56576358162,4819.26695614905
Angle 56,3615.25118416756,4855.54433176694
Angle 56,3645.87828445912,4891.65475909653
Angle 56,3676.44737754362,4927.59879389091
Angle 56,3706.95877427741,4963.37698762662
Angle 56,3737.41278330641,4998.98988754298
Angle 56,3767.80971108644,5034.43803668098
Angle 56,3798.14986190331,5069.72197392178
Angle 56,3828.43353789266,5104.84223402464
Angle 56,3858.66103905953,5139.79934766452
Angle 56,3888.83266329774,5174.59384146918
Angle 56,3918.94870640903,5209.22623805583
Angle 56,3949.00946212195,5243.69705606744
Angle 56,3979.01522211052,5278.00681020856
Angle 56,4008.96627601273,5312.15601128073
Angle 56,4038.86291144871,5346.14516621753
Angle 56,4068.7054140388,5379.97477811915
Angle 56,4098.49406742134,5413.64534628669
Angle 56,4128.22915327025,5447.1573662559
Angle 56,4157.9109513124,5480.51132983069
Angle 56,4187.53973934486,5513.70772511619
Angle 56,4217.1157932518,5546.7470365514
Angle 56,4246.63938702128,5579.62974494158
Angle 56,4276.11079276188,5612.35632749016
Angle 56,4305.53028071904,5644.92725783033
Angle 56,4334.89811929126,5677.34300605634
Angle 56,4364.21457504612,5709.60403875436
Angle 56,4393.47991273609,5741.71081903303
Angle 56,4422.69439531416,5773.66380655369
Angle 56,4451.85828394928,5805.46345756023
Angle 56,4480.97183804167,5837.11022490868
Angle 56,4510.03531523787,5868.60455809639
Angle 56,4539.04897144569,5899.94690329094
Angle 56,4568.01306084893,5931.13770335874
Angle 56,4596.92783592198,5962.17739789328
Angle 56,4625.79354744422,5993.06642324307
Angle 56,4654.61044451426,6023.80521253936
Angle 56,4683.378774564,6054.39419572342
Angle 56,4712.09878337257,6084.83379957365
Angle 56,4740.77071508008,6115.12444773231
Angle 56,4769.3948122012,6145.26656073203
Angle 56,4797.97131563863,6175.26055602198
Angle 56,4826.50046469636,6205.10684799378
Angle 56,4854.98249709281,6234.80584800716
Angle 56,4883.41764897383,6264.35796441529
Angle 56,4911.80615492552,6293.76360258989
Angle 56,4940.14824798693,6323.02316494604
Angle 56,4968.44415966261,6352.13705096676
Angle 56,4996.694119935,6381.1056572273
Angle 56,5024.89835727668,6409.92937741919
Angle 56,5053.05709866253,6438.60860237405
Angle 56,5081.17056958169,6467.1437200871
Angle 56,5109.23899404941,6495.53511574049
Angle 56,5137.26259461876,6523.78317172636
Angle 56,5165.24159239223,6551.88826766964
Angle 56,5193.17620703315,6579.85078045063
Angle 56,5221.06665677706,6607.67108422737
Angle 56,5248.91315844285,6635.34955045775
Angle 56,5276.71592744386,6662.8865479214
Angle 56,5304.4751777988,6690.28244274134
Angle 56,5332.19112214261,6717.53759840546
Angle 56,5359.8639717371,6744.65237578774
Angle 56,5387.49393648156,6771.62713316924
Angle 56,5415.08122492322,6798.46222625893
Angle 56,5442.62604426757,6825.15800821425
Angle 56,5470.12860038862,6851.71482966153
Angle 56,5497.58909783896,6878.13303871616
Angle 56,5525.00773985979,6904.41298100253
Angle 56,5552.38472839078,6930.55499967386
Angle 56,5579.72026407987,6956.55943543176
Angle 56,5607.0145462929,6982.42662654562
Angle 56,5634.26777312321,7008.1569088718
Angle 56,5661.48014140101,7033.75061587266
Angle 56,5688.65184670282,7059.20807863535
Angle 56,5715.78308336063,7084.52962589049
Angle 56,5742.87404447106,7109.71558403057
Angle 56,5769.92492190438,7134.76627712828
Angle 56,5796.93590631348,7159.6820269546
Angle 56,5823.90718714265,7184.46315299668
Angle 56,5850.83895263632,7209.10997247566
Angle 56,5877.73138984772,7233.6228003642
Angle 56,5904.58468464741,7258.00194940392
Angle 56,5931.39902173168,7282.24773012264
Angle 56,5958.17458463097,7306.36045085149
Angle 56,5984.91155571805,7330.34041774179
Angle 56,6011.61011621622,7354.18793478183
Angle 56,6038.2704462074,7377.90330381351
Angle 56,6064.89272464004,7401.48682454874
Angle 56,6091.47712933708,7424.93879458579
Angle 56,6118.02383700374,7448.25950942539
Angle 56,6144.53302323517,7471.44926248675
Angle 56,6171.00486252419,7494.50834512343
Angle 56,6197.43952826871,7517.43704663898
Angle 56,6223.8371927793,7540.23565430259
Angle 56,6250.19802728648,7562.90445336443
Angle 56,6276.52220194806,7585.44372707098
Angle 56,6302.80988585633,7607.85375668015
Angle 56,6329.0612470452,7630.13482147629
Angle 56,6355.27645249723,7652.28719878504
Angle 56,6381.45566815063,7674.31116398812
Angle 56,6407.59905890612,7696.20699053788
Angle 56,6433.70678863378,7717.9749499718
Angle 56,6459.77902017974,7739.61531192684
Angle 56,6485.81591537288,7761.12834415366
Angle 56,6511.81763503142,7782.51431253075
Angle 56,6537.78433896938,7803.77348107834
Angle 56,6563.7161860031,7824.90611197232
Angle 56,6589.61333395752,7845.91246555793
Angle 56,6615.47593967255,7866.79280036341
Angle 56,6641.30415900924,7887.54737311351
Angle 56,6667.09814685595,7908.17643874281
Angle 56,6692.85805713445,7928.68025040908
Angle 56,6718.5840428059,7949.05905950639
Angle 56,6744.27625587682,7969.31311567817
Angle 56,6769.93484740498,7989.44266683017
Angle 56,6795.55996750516,8009.44795914326
Angle 56,6821.15176535497,8029.3292370862
Angle 56,6846.71038920045,8049.08674342824
Angle 56,6872.23598636175,8068.72071925166
Angle 56,6897.72870323864,8088.23140396415
Angle 56,6923.18868531604,8107.6190353112
Angle 56,6948.61607716937,8126.88384938824
Angle 56,6974.01102247001,8146.02608065283
Angle 56,6999.37366399053,8165.04596193665
Angle 56,7024.70414360995,8183.94372445743
Angle 56,7050.00260231892,8202.71959783081
Angle 56,7075.26918022486,8221.37381008208
Angle 56,7100.50401655699,8239.90658765782
Angle 56,7125.70724967137,8258.31815543748
Angle 56,7150.87901705579,8276.60873674484
Angle 56,7176.01945533472,8294.77855335942
Angle 56,7201.12870027411,8312.82782552777
Angle 56,7226.20688678617,8330.75677197468
Angle 56,7251.25414893409,8348.56560991433
Angle 56,7276.2706199367,8366.25455506132
Angle 56,7301.2564321731,8383.82382164168
Angle 56,7326.2117171872,8401.27362240369
Angle 56,7351.13660569224,8418.60416862878
Angle 56,7376.03122757522,8435.81567014216
Angle 56,7400.89571190132,8452.90833532357
Angle 56,7425.73018691824,8469.88237111781
Angle 56,7450.5347800605,8486.73798304524
Angle 56,7475.30961795369,8503.47537521222
Angle 56,7500.05482641865,8520.09475032149
Angle 56,7524.77053047563,8536.59630968242
Angle 56,7549.45685434842,8552.98025322127
Angle 56,7574.11392146833,8569.24677949127
Angle 56,7598.74185447826,8585.39608568279
Angle 56,7623.34077523662,8601.42836763326
Angle 56,7647.91080482123,8617.34381983719
Angle 56,7672.45206353323,8633.14263545598
Angle 56,7696.96467090084,8648.8250063278
Angle 56,7721.44874568316,8664.39112297732
Angle 56,7745.90440587391,8679.84117462536
Angle 56,7770.33176870507,8695.17534919857
Angle 56,7794.73095065056,8710.39383333899
Angle 56,7819.1020674298,8725.49681241352
Angle 56,7843.44523401129,8740.48447052343
Angle 56,7867.76056461611,8755.35699051368
Angle 56,7892.04817272136,8770.11455398232
Angle 56,7916.30817106364,8784.75734128974
Angle 56,7940.54067164239,8799.28553156787
Angle 56,7964.74578572325,8813.6993027294
Angle 56,7988.92362384135,8827.99883147687
Angle 56,8013.0742958046,8842.18429331174
Angle 56,8037.19791069692,8856.25586254336
Angle 56,8061.29457688136,8870.21371229803
Angle 56,8085.36440200333,8884.05801452782
Angle 56,8109.40749299368,8897.78894001946
Angle 56,8133.42395607175,8911.40665840318
Angle 56,8157.41389674842,8924.91133816144
Angle 56,8181.37741982915,8938.30314663768
Angle 56,8205.31462941686,8951.58225004499
Angle 56,8229.22562891494,8964.74881347474
Angle 56,8253.1105210301,8977.80300090513
Angle 56,8276.96940777523,8990.74497520979
Angle 56,8300.80239047222,9003.57489816626
Angle 56,8324.60956975479,9016.29293046442
Angle 56,8348.39104557118,9028.89923171493
Angle 56,8372.14691718694,9041.39396045763
Angle 56,8395.87728318756,9053.77727416981
Angle 56,8419.58224148119,9066.04932927459
Angle 56,8443.26188930122,9078.21028114911
Angle 56,8466.91632320888,9090.26028413279
Angle 56,8490.54563909585,9102.1994915355
Angle 56,8514.14993218674,9114.02805564571
Angle 56,8537.72929704162,9125.74612773862
Angle 56,8561.2838275585,9137.35385808421
Angle 56,8584.81361697577,9148.85139595529
Angle 56,8608.31875787461,9160.23888963554
Angle 56,8631.7993421814,9171.51648642745
Angle 56,8655.25546117007,9182.68433266027
Angle 56,8678.68720546443,9193.74257369795
Angle 56,8702.09466504048,9204.69135394701
Angle 56,8725.4779292287,9215.53081686436
Angle 56,8748.8370867163,9226.26110496517
Angle 56,8772.17222554946,9236.88235983064
Angle 56,8795.48343313552,9247.39472211576
Angle 56,8818.77079624517,9257.79833155705
Angle 56,8842.03440101458,9268.09332698028
Angle 56,8865.27433294759,9278.27984630812
Angle 56,8888.49067691775,9288.35802656785
Angle 56,8911.68351717048,9298.32800389892
Angle 56,8934.85293732505,9308.18991356061
Angle 56,8957.9990203767,9317.94388993958
Angle 56,8981.12184869859,9327.59006655744
Angle 56,9004.22150404387,9337.12857607826
Angle 56,9027.2980675476,9346.55955031609
Angle 56,9050.35161972873,9355.88312024247
Angle 56,9073.38224049203,9365.09941599383
Angle 56,9096.39000913003,9374.20856687899
Angle 56,9119.37500432489,9383.21070138656
Angle 56,9142.33730415031,9392.10594719231
Angle 56,9165.27698607336,9400.8944311666
Angle 56,9188.19412695635,9409.57627938168
Angle 56,9211.08880305864,9418.15161711907
Angle 56,9233.96109003847,9426.62056887686
Angle 56,9256.81106295475,9434.98325837702
Angle 56,9279.63879626883,9443.23980857265
Angle 56,9302.44436384625,9451.3903416553
Angle 56,9325.22783895853,9459.43497906214
Angle 56,9347.98929428485,9467.37384148326
Angle 56,9370.72880191384,9475.20704886883
Angle 56,9393.4464333452,9482.93472043632
Angle 56,9416.14225949146,9490.55697467766
Angle 56,9438.81635067963,9498.07392936641
Angle 56,9461.46877665289,9505.48570156491
Angle 56,9484.09960657219,9512.7924076314
Angle 56,9506.70890901799,9519.99416322715
Angle 56,9529.29675199178,9527.09108332353
Angle 56,9551.8632029178,9534.08328220912
Angle 56,9574.4083286446,9540.9708734968
Angle 56,9596.93219544665,9547.75397013075
Angle 56,9619.43486902594,9554.43268439353
Angle 56,9641.91641451357,9561.00712791312
Angle 56,9664.37689647132,9567.47741166992
Angle 56,9686.81637889321,9573.84364600373
Angle 56,9709.23492520708,9580.10594062079
Angle 56,9731.63259827614,9586.26440460071
Angle 56,9754.00946040049,9592.31914640347
Angle 56,9776.3655733187,9598.27027387634
Angle 56,9798.70099820934,9604.11789426085
Angle 56,9821.01579569248,9609.8621141997
Angle 56,9843.31002583124,9615.50303974366
Angle 56,9865.58374813334,9621.04077635851
Angle 56,9887.83702155254,9626.47542893191
Angle 56,9910.06990449023,9631.80710178027
Angle 56,9932.28245479691,9637.03589865564
Angle 56,9954.47472977369,9642.16192275255
Angle 56,9976.64678617382,9647.18527671486
Angle 56,9998.79868020417,9652.10606264261
Angle 56,10020.9304675268,9656.9243820988
Angle 56,10043.0422032602,9661.64033611624
Angle 56,10065.1339419813,9666.25402520433
Angle 56,10087.2057377266,9670.76554935586
Angle 56,10109.2576439935,9675.17500805377
Angle 56,10131.2897137423,9679.48250027794
Angle 56,10153.3019993974,9683.68812451191
Angle 56,10175.2945528488,9687.79197874964
Angle 56,10197.2674254537,9691.79416050225
Angle 56,10219.2206680379,9695.69476680473
Angle 56,10241.1543308976,9699.49389422263
Angle 56,10263.0684638005,9703.19163885878
Angle 56,10284.9631159876,9706.78809635997
Angle 56,10306.8383361747,9710.28336192362
Angle 56,10328.6941725536,9713.67753030442
Angle 56,10350.5306727944,9716.970695821
Angle 56,10372.3478840461,9720.16295236257
Angle 56,10394.1458529388,9723.25439339551
Angle 56,10415.9246255851,9726.24511197004
Angle 56,10437.6842475813,9729.13520072673
Angle 56,10459.4247640096,9731.92475190317
Angle 56,10481.1462194392,9734.61385734049
Angle 56,10502.8486579279,9737.20260848994
Angle 56,10524.532123024,9739.69109641942
Angle 56,10546.1966577673,9742.07941182003
Angle 56,10567.8423046916,9744.36764501256
Angle 56,10589.4691058254,9746.55588595401
Angle 56,10611.0771026939,9748.64422424409
Angle 56,10632.6663363209,9750.63274913165
Angle 56,10654.23684723,9752.52154952119
Angle 56,10675.7886754464,9754.31071397928
Angle 56,10697.3218604985,9756.00033074098
Angle 56,10718.8364414197,9757.59048771625
Angle 56,10740.3324567502,9759.08127249636
Angle 56,10761.8099445382,9760.47277236027
Angle 56,10783.2689423421,9761.76507428099
Angle 56,10804.7094872319,9762.95826493189
Angle 56,10826.1316157909,9764.0524306931
Angle 56,10847.5353641179,9765.04765765775
Angle 56,10868.9207678284,9765.94403163829
Angle 56,10890.2878620565,9766.74163817279
Angle 56,10911.6366814569,9767.44056253114
Angle 56,10932.9672602064,9768.04088972133
Angle 56,10954.2796320059,9768.54270449565
Angle 56,10975.5738300821,9768.94609135687
Angle 56,10996.8498871893,9769.25113456447
Angle 56,11018.1078356113,9769.45791814071
Angle 56,11039.3477071633,9769.56652587685
Angle 56,11060.5695331936,9769.57704133921
Angle 56,11081.7733445857,9769.48954787528
Angle 56,11102.95917176,9769.30412861977
Angle 56,11124.1270446758,9769.0208665007
Angle 56,11145.2769928332,9768.63984424536
Angle 56,11166.409045275,9768.16114438636
Angle 56,11187.5232305886,9767.58484926759
Angle 56,11208.6195769084,9766.91104105016
Angle 56,11229.6981119169,9766.13980171833
Angle 56,11250.7588628477,9765.27121308545
Angle 56,11271.8018564869,9764.30535679974
Angle 56,11292.827119175,9763.24231435027
Angle 56,11313.8346768095,9762.08216707265
Angle 56,11334.8245548465,9760.82499615494
Angle 56,11355.7967783031,9759.47088264333
Angle 56,11376.7513717591,9758.01990744793
Angle 56,11397.6883593594,9756.47215134847
Angle 56,11418.607764816,9754.827695
Angle 56,11439.5096114101,9753.0866189385
Angle 56,11460.3939219945,9751.24900358654
Angle 56,11481.2607189954,9749.31492925888
Angle 56,11502.1100244147,9747.28447616799
Angle 56,11522.9418598324,9745.15772442966
Angle 56,11543.7562464084,9742.93475406841
Angle 56,11564.5532048851,9740.61564502304
Angle 56,11585.3327555896,9738.200477152
Angle 56,11606.0949184356,9735.68933023886
Angle 56,11626.839712926,9733.08228399764
Angle 56,11647.5671581553,9730.37941807815
Angle 56,11668.2772728113,9727.58081207132
Angle 56,11688.9700751781,9724.68654551442
Angle 56,11709.645583138,9721.69669789638
Angle 56,11730.303814174,9718.6113486629
Angle 56,11750.944785372,9715.43057722166
Angle 56,11771.5685134234,9712.15446294746
Angle 56,11792.1750146273,9708.78308518729
Angle 56,11812.7643048929,9705.31652326537
Angle 56,11833.3363997421,9701.75485648821
Angle 56,11853.8913143117,9698.09816414957
Angle 56,11874.4290633558,9694.34652553538
Angle 56,11894.9496612486,9690.50001992869
Angle 56,11915.4531219863,9686.55872661452
Angle 56,11935.9394591902,9682.52272488464
Angle 56,11956.4086861087,9678.39209404243
Angle 56,11976.8608156199,9674.1669134076
Angle 56,11997.2958602345,9669.84726232086
Angle 56,12017.7138320975,9665.43322014865
Angle 56,12038.1147429918,9660.92486628771
Angle 56,12058.4986043398,9656.32228016971
Angle 56,12078.8654272063,9651.62554126577
Angle 56,12099.2152223014,9646.83472909098
Angle 56,12119.5479999824,9641.94992320881
Angle 56,12139.8637702571,9636.9712032356
Angle 56,12160.1625427859,9631.8986488449
Angle 56,12180.4443268845,9626.73233977179
Angle 56,12200.7091315267,9621.47235581719
Angle 56,12220.9569653467,9616.11877685211
Angle 56,12241.1878366422,9610.67168282182
Angle 56,12261.4017533767,9605.13115375006
Angle 56,12281.5987231821,9599.4972697431
Angle 56,12301.7787533616,9593.77011099387
Angle 56,12321.9418508922,9587.94975778592
Angle 56,12342.0880224275,9582.03629049746
Angle 56,12362.2172743002,9576.02978960525
Angle 56,12382.3296125251,9569.93033568855
Angle 56,12402.4250428013,9563.73800943289
Angle 56,12422.5035705156,9557.45289163394
Angle 56,12442.5652007444,9551.07506320122
Angle 56,12462.6099382571,9544.60460516183
Angle 56,12482.6377875185,9538.04159866411
Angle 56,12502.6487526914,9531.38612498126
Angle 56,12522.6428376396,9524.6382655149
Angle 56,12542.6200459307,9517.79810179863
Angle 56,12562.5803808385,9510.86571550145
Angle 56,12582.5238453457,9503.84118843124
Angle 56,12602.4504421474,9496.72460253815
Angle 56,12622.3601736528,9489.51603991789
Angle 56,12642.2530419888,9482.21558281508
Angle 56,12662.1290490022,9474.82331362645
Angle 56,12681.9881962628,9467.33931490409
Angle 56,12701.8304850659,9459.76366935855
Angle 56,12721.6559164353,9452.09645986196
Angle 56,12741.464491126,9444.33776945113
Angle 56,12761.2562096269,9436.4876813305
Angle 56,12781.0310721635,9428.54627887515
Angle 56,12800.7890787007,9420.5136456337
Angle 56,12820.5302289458,9412.38986533118
Angle 56,12840.2545223511,9404.17502187186
Angle 56,12859.9619581164,9395.86919934203
Angle 56,12879.6525351922,9387.47248201274
Angle 56,12899.3262522823,9378.98495434244
Angle 56,12918.9831078463,9370.40670097968
Angle 56,12938.6231001029,9361.73780676564
Angle 56,12958.2462270322,9352.97835673675
Angle 56,12977.8524863786,9344.12843612709
Angle 56,12997.4418756536,9335.18813037092
Angle 56,13017.0143921386,9326.15752510507
Angle 56,13036.5700328873,9317.03670617126
Angle 56,13056.108794729,9307.82575961847
Angle 56,13075.6306742708,9298.52477170516
Angle 56,13095.1356679009,9289.1338289015
Angle 56,13114.6237717906,9279.65301789157
Angle 56,13134.0949818979,9270.08242557548
Angle 56,13153.5492939694,9260.42213907143
Angle 56,13172.9867035435,9250.67224571777
Angle 56,13192.4072059531,9240.83283307501
Angle 56,13211.810796328,9230.90398892773
Angle 56,13231.1974695982,9220.88580128651
Angle 56,13250.5672204956,9210.77835838977
Angle 56,13269.9200435579,9200.58174870563
Angle 56,13289.2559331304,9190.29606093363
Angle 56,13308.5748833688,9179.92138400647
Angle 56,13327.8768882422,9169.4578070917
Angle 56,13347.1619415357,9158.90541959337
Angle 56,13366.4300368527,9148.26431115361
Angle 56,13385.6811676179,9137.53457165418
Angle 56,13404.9153270798,9126.71629121798
Angle 56,13424.1325083134,9115.80956021054
Angle 56,13443.3327042227,9104.81446924141
Angle 56,13462.5159075434,9093.73110916555
Angle 56,13481.6821108455,9082.55957108471
Angle 56,13500.8313065359,9071.29994634866
Angle 56,13519.963486861,9059.95232655649
Angle 56,13539.0786439092,9048.51680355784
Angle 56,13558.1767696134,9036.993469454
Angle 56,13577.257855754,9025.38241659914
Angle 56,13596.3218939609,9013.68373760132
Angle 56,13615.3688757162,9001.89752532359
Angle 56,13634.3987923569,8990.02387288499
Angle 56,13653.4116350772,8978.06287366152
Angle 56,13672.4073949313,8966.01462128706
Angle 56,13691.3860628355,8953.87920965427
Angle 56,13710.3476295711,8941.65673291547
Angle 56,13729.2920857863,8929.34728548343
Angle 56,13748.2194219994,8916.95096203214
Angle 56,13767.1296286008,8904.46785749756
Angle 56,13786.0226958552,8891.89806707833
Angle 56,13804.8986139047,8879.24168623644
Angle 56,13823.7573727706,8866.49881069781
Angle 56,13842.5989623564,8853.66953645294
Angle 56,13861.4233724493,8840.75395975742
Angle 56,13880.2305927236,8827.75217713246
Angle 56,13899.0206127424,8814.6642853654
Angle 56,13917.7934219601,8801.49038151008
Angle 56,13936.5490097248,8788.23056288734
Angle 56,13955.2873652807,8774.88492708533
Angle 56,13974.0084777703,8761.45357195989
Angle 56,13992.7123362365,8747.93659563481
Angle 56,14011.3989296255,8734.33409650215
Angle 56,14030.0682467884,8720.64617322244
Angle 56,14048.7202764837,8706.87292472492
Angle 56,14067.3550073799,8693.01445020768
Angle 56,14085.9724280573,8679.07084913779
Angle 56,14104.5725270102,8665.04222125145
Angle 56,14123.1552926494,8650.92866655401
Angle 56,14141.7207133043,8636.73028532007
Angle 56,14160.268777225,8622.44717809342
Angle 56,14178.7994725846,8608.07944568708
Angle 56,14197.312787481,8593.6271891832
Angle 56,14215.8087099395,8579.09050993301
Angle 56,14234.2872279148,8564.46950955669
Angle 56,14252.7483292929,8549.76428994323
Angle 56,14271.1920018934,8534.97495325024
Angle 56,14289.6182334715,8520.10160190379
Angle 56,14308.0270117201,8505.14433859813
Angle 56,14326.4183242718,8490.10326629545
Angle 56,14344.7921587011,8474.97848822559
Angle 56,14363.1485025261,8459.77010788572
Angle 56,14381.487343211,8444.47822903999
Angle 56,14399.8086681676,8429.10295571919
Angle 56,14418.1124647577,8413.64439222028
Angle 56,14436.3987202946,8398.10264310604
Angle 56,14454.6674220456,8382.47781320456
Angle 56,14472.9185572335,8366.77000760879
Angle 56,14491.1521130387,8350.97933167604
Angle 56,14509.3680766013,8335.10589102741
Angle 56,14527.5664350226,8319.14979154726
Angle 56,14545.7471753671,8303.11113938266
Angle 56,14563.9102846646,8286.9900409427
Angle 56,14582.055749912,8270.78660289795
Angle 56,14600.1835580749,8254.50093217974
Angle 56,14618.2936960894,8238.13313597952
Angle 56,14636.3861508644,8221.68332174813
Angle 56,14654.4609092828,8205.1515971951
Angle 56,14672.5179582036,8188.53807028789
Angle 56,14690.5572844638,8171.8428492511
Angle 56,14708.5788748798,8155.06604256573
Angle 56,14726.5827162491,8138.2077589683
Angle 56,14744.5687953526,8121.26810745006
Angle 56,14762.5370989556,8104.24719725612
Angle 56,14780.48761381,8087.14513788456
Angle 56,14798.4203266558,8069.96203908554
Angle 56,14816.3352242225,8052.69801086038
Angle 56,14834.2322932313,8035.35316346061
Angle 56,14852.1115203964,8017.92760738703
Angle 56,14869.9728924264,8000.42145338871
Angle 56,14887.8163960264,7982.83481246199
Angle 56,14905.6420178992,7965.16779584948
Angle 56,14923.4497447473,7947.42051503901
Angle 56,14941.2395632738,7929.59308176257
Angle 56,14959.0114601847,7911.68560799525
Angle 56,14976.7654221897,7893.69820595413
Angle 56,14994.5014360045,7875.63098809717
Angle 56,15012.2194883515,7857.48406712213
Angle 56,15029.919565962,7839.25755596536
Angle 56,15047.6016555771,7820.95156780068
Angle 56,15065.2657439497,7802.56621603817
Angle 56,15082.9118178454,7784.10161432302
Angle 56,15100.5398640445,7765.55787653428
Angle 56,15118.1498693427,7746.93511678368
Angle 56,15135.7418205535,7728.23344941431
Angle 56,15153.3157045085,7709.45298899946
Angle 56,15170.8715080597,7690.59385034126
Angle 56,15188.4092180801,7671.65614846948
Angle 56,15205.9288214659,7652.63999864014
Angle 56,15223.4303051368,7633.54551633426
Angle 56,15240.9136560384,7614.37281725652
Angle 56,15258.3788611427,7595.12201733387
Angle 56,15275.8259074498,7575.79323271424
Angle 56,15293.2547819889,7556.38657976514
Angle 56,15310.66547182,7536.90217507226
Angle 56,15328.0579640349,7517.34013543811
Angle 56,15345.4322457581,7497.70057788057
Angle 56,15362.7883041488,7477.98361963151
Angle 56,15380.1261264014,7458.18937813535
Angle 56,15397.4456997471,7438.31797104757
Angle 56,15414.7470114551,7418.36951623334
Angle 56,15432.0300488334,7398.34413176595
Angle 56,15449.2947992305,7378.24193592543
Angle 56,15466.5412500362,7358.06304719698
Angle 56,15483.7693886826,7337.80758426953
Angle 56,15500.9792026457,7317.47566603419
Angle 56,15518.1706794463,7297.06741158275
Angle 56,15535.3438066508,7276.58294020614
Angle 56,15552.4985718727,7256.02237139288
Angle 56,15569.6349627735,7235.38582482756
Angle 56,15586.7529670638,7214.67342038926
Angle 56,15603.8525725044,7193.88527814997
Angle 56,15620.933766907,7173.02151837303
Angle 56,15637.9965381357,7152.08226151154
Angle 56,15655.0408741079,7131.06762820676
Angle 56,15672.066762795,7109.97773928651
Angle 56,15689.0741922238,7088.81271576357
Angle 56,15706.0631504769,7067.57267883402
Angle 56,15723.0336256945,7046.25774987567
Angle 56,15739.9856060746,7024.86805044638
Angle 56,15756.9190798743,7003.40370228243
Angle 56,15773.8340354107,6981.86482729688
Angle 56,15790.7304610617,6960.25154757792
Angle 56,15807.608345267,6938.56398538716
Angle 56,15824.467676529,6916.80226315804
Angle 56,15841.3084434136,6894.96650349406
Angle 56,15858.1306345512,6873.05682916719
Angle 56,15874.9342386375,6851.07336311609
Angle 56,15891.7192444341,6829.01622844452
Angle 56,15908.4856407698,6806.88554841952
Angle 56,15925.2334165412,6784.68144646982
Angle 56,15941.9625607134,6762.40404618405
Angle 56,15958.6730623209,6740.05347130906
Angle 56,15975.3649104684,6717.62984574817
Angle 56,15992.0380943317,6695.13329355949
Angle 56,16008.6926031581,6672.56393895414
Angle 56,16025.3284262678,6649.92190629457
Angle 56,16041.9455530538,6627.20732009276
Angle 56,16058.5439729834,6604.42030500852
Angle 56,16075.1236755985,6581.56098584772
Angle 56,16091.6846505164,6558.62948756055
Angle 56,16108.2268874307,6535.62593523978
Angle 56,16124.7503761117,6512.55045411896
Angle 56,16141.2551064072,6489.4031695707
Angle 56,16157.7410682432,6466.18420710489
Angle 56,16174.2082516247,6442.89369236692
Angle 56,16190.656646636,6419.53175113593
Angle 56,16207.0862434416,6396.09850932303
Angle 56,16223.4970322869,6372.59409296951
Angle 56,16239.8890034987,6349.01862824509
Angle 56,16256.2621474857,6325.3722414461
Angle 56,16272.6164547392,6301.65505899376
Angle 56,16288.951915834,6277.86720743231
Angle 56,16305.2685214283,6254.00881342731
Angle 56,16321.5662622649,6230.08000376379
Angle 56,16337.8451291717,6206.08090534448
Angle 56,16354.1051130618,6182.01164518803
Angle 56,16370.3462049344,6157.87235042722
Angle 56,16386.5683958754,6133.66314830713
Angle 56,16402.7716770578,6109.38416618338
Angle 56,16418.9560397422,6085.03553152034
Angle 56,16435.1214752771,6060.61737188931
Angle 56,16451.2679751,6036.12981496673
Angle 56,16467.3955307373,6011.57298853238
Angle 56,16483.504133805,5986.9470204676
Angle 56,16499.5937760094,5962.25203875348
Angle 56,16515.6644491469,5937.48817146905
Angle 56,16531.7161451054,5912.65554678951
Angle 56,16547.7488558638,5887.7542929844
Angle 56,16563.7625734932,5862.78453841584
Angle 56,16579.7572901568,5837.74641153668
Angle 56,16595.7329981106,5812.64004088877
Angle 56,16611.6896897038,5787.46555510111
Angle 56,16627.6273573789,5762.22308288806
Angle 56,16643.5459936726,5736.91275304759
Angle 56,16659.4455912157,5711.53469445943
Angle 56,16675.3261427339,5686.08903608331
Angle 56,16691.1876410478,5660.57590695716
Angle 56,16707.0300790736,5634.99543619533
Angle 56,16722.853449823,5609.34775298678
Angle 56,16738.657746404,5583.6329865933
Angle 56,16754.4429620212,5557.85126634774
Angle 56,16770.2090899757,5532.0027216522
Angle 56,16785.9561236658,5506.08748197629
Angle 56,16801.6840565874,5480.10567685529
Angle 56,16817.3928823339,5454.0574358884
Angle 56,16833.0825945969,5427.94288873701
Angle 56,16848.7531871663,5401.76216512283
Angle 56,16864.4046539304,5375.5153948262
Angle 56,16880.0369888766,5349.20270768427
Angle 56,16895.6501860913,5322.82423358929
Angle 56,16911.2442397606,5296.38010248676
Angle 56,16926.8191441699,5269.87044437375
Angle 56,16942.3748937046,5243.29538929709
Angle 56,16957.9114828505,5216.65506735165
Angle 56,16973.4289061934,5189.94960867854
Angle 56,16988.92715842,5163.1791434634
Angle 56,17004.4062343177,5136.34380193465
Angle 56,17019.8661287749,5109.44371436172
Angle 56,17035.3068367813,5082.47901105333
Angle 56,17050.7283534281,5055.44982235573
Angle 56,17066.1306739079,5028.35627865101
Angle 56,17081.5137935155,5001.19851035532
Angle 56,17096.8777076472,4973.97664791716
Angle 56,17112.2224118018,4946.69082181568
Angle 56,17127.5479015803,4919.34116255892
Angle 56,17142.8541726863,4891.92780068212
Angle 56,17158.1412209258,4864.450866746
Angle 56,17173.4090422078,4836.91049133507
Angle 56,17188.6576325441,4809.30680505587
Angle 56,17203.8869880496,4781.63993853534
Angle 56,17219.0971049424,4753.91002241909
Angle 56,17234.2879795437,4726.1171873697
Angle 56,17249.4596082782,4698.26156406504
Angle 56,17264.6119876744,4670.3432831966
Angle 56,17279.7451143639,4642.3624754678
Angle 56,17294.8589850824,4614.31927159231
Angle 56,17309.9535966693,4586.21380229238
Angle 56,17325.0289460677,4558.04619829721
Angle 56,17340.085030325,4529.81659034124
Angle 56,17355.1218465923,4501.52510916251
Angle 56,17370.1393921251,4473.17188550102
Angle 56,17385.1376642827,4444.75705009709
Angle 56,17400.116660529,4416.2807336897
Angle 56,17415.0763784318,4387.74306701486
Angle 56,17430.0168156636,4359.14418080398
Angle 56,17444.9379700009,4330.48420578225
Angle 56,17459.8398393248,4301.76327266701
Angle 56,17474.7224216206,4272.98151216614
Angle 56,17489.5857149783,4244.13905497645
Angle 56,17504.4297175921,4215.23603178207
Angle 56,17519.2544277609,4186.27257325284
Angle 56,17534.0598438877,4157.24881004277
Angle 56,17548.8459644805,4128.16487278836
Angle 56,17563.6127881512,4099.02089210711
Angle 56,17578.3603136166,4069.81699859587
Angle 56,17593.0885396978,4040.55332282931
Angle 56,17607.7974653202,4011.22999535835
Angle 56,17622.4870895137,3981.84714670856
Angle 56,17637.1574114127,3952.40490737868
Angle 56,17651.8084302558,3922.90340783899
Angle 56,17666.4401453858,3893.34277852982
Angle 56,17681.0525562501,3863.72314986
Angle 56,17695.6456624,3834.0446522053
Angle 56,17710.2194634912,3804.30741590696
Angle 56,17724.7739592834,3774.51157127012
Angle 56,17739.3091496402,3744.65724856233
Angle 56,17753.8250345296,3714.74457801205
Angle 56,17768.3216140231,3684.77368980711
Angle 56,17782.7988882963,3654.74471409327
Angle 56,17797.2568576284,3624.65778097269
Angle 56,17811.6955224026,3594.51302050246
Angle 56,17826.1148831052,3564.31056269313
Angle 56,17840.5149403265,3534.05053750724
Angle 56,17854.89569476,3503.73307485782
Angle 56,17869.2571472024,3473.35830460701
Angle 56,17883.5992985539,3442.92635656452
Angle 56,17897.9221498176,3412.43736048624
Angle 56,17912.2257020996,3381.89144607281
Angle 56,17926.5099566091,3351.28874296813
Angle 56,17940.7749146578,3320.62938075801
Angle 56,17955.0205776603,3289.91348896869
Angle 56,17969.2469471334,3259.14119706545
Angle 56,17983.4540246966,3228.31263445123
Angle 56,17997.6418120716,3197.42793046518
Angle 56,18011.810311082,3166.48721438131
Angle 56,18025.9595236537,3135.49061540709
Angle 56,18040.0894518141,3104.43826268207
Angle 56,18054.2000976927,3073.33028527652
Angle 56,18068.2914635201,3042.16681219002
Angle 56,18082.3635516286,3010.94797235018
Angle 56,18096.4163644516,2979.67389461122
Angle 56,18110.4499045235,2948.34470775265
Angle 56,18124.4641744798,2916.96054047793
Angle 56,18138.4591770566,2885.52152141315
Angle 56,18152.4349150905,2854.0277791057
Angle 56,18166.3913915186,2822.47944202293
Angle 56,18180.3286093781,2790.87663855087
Angle 56,18194.2465718065,2759.21949699292
Angle 56,18208.1452820407,2727.50814556853
Angle 56,18222.0247434177,2695.74271241195
Angle 56,18235.8849593736,2663.92332557092
Angle 56,18249.725933444,2632.05011300539
Angle 56,18263.5476692635,2600.12320258628
Angle 56,18277.3501705657,2568.14272209418
Angle 56,18291.1334411826,2536.10879921813
Angle 56,18304.897485045,2504.02156155436
Angle 56,18318.6423061816,2471.88113660505
Angle 56,18332.3679087196,2439.68765177708
Angle 56,18346.0742968836,2407.44123438084
Angle 56,18359.7614749961,2375.14201162897
Angle 56,18373.429447477,2342.79011063518
Angle 56,18387.0782188432,2310.38565841304
Angle 56,18400.7077937088,2277.92878187475
Angle 56,18414.3181767843,2245.41960783001
Angle 56,18427.9093728772,2212.85826298478
Angle 56,18441.4813868908,2180.24487394013
Angle 56,18455.0342238247,2147.57956719106
Angle 56,18468.5678887742,2114.86246912537
Angle 56,18482.0823869302,2082.09370602244
Angle 56,18495.577723579,2049.27340405216
Angle 56,18509.0539041018,2016.40168927374
Angle 56,18522.5109339749,1983.47868763458
Angle 56,18535.9488187689,1950.50452496916
Angle 56,18549.367564149,1917.47932699793
Angle 56,18562.7671758742,1884.40321932616
Angle 56,18576.1476597976,1851.27632744287
Angle 56,18589.5090218658,1818.09877671972
Angle 56,18602.8512681185,1784.87069240994
Angle 56,18616.1744046887,1751.5921996472
Angle 56,18629.4784378022,1718.26342344458
Angle 56,18642.7633737772,1684.8844886935
Angle 56,18656.0292190242,1651.45552016262
Angle 56,18669.2759800457,1617.97664249684
Angle 56,18682.5036634359,1584.4479802162
Angle 56,18695.7122758804,1550.86965771488
Angle 56,18708.9018241561,1517.24179926015
Angle 56,18722.0723151307,1483.56452899137
Angle 56,18735.2237557626,1449.83797091892
Angle 56,18748.3561531003,1416.06224892324
Angle 56,18761.4695142827,1382.23748675382
Angle 56,18774.5638465381,1348.36380802817
Angle 56,18787.6391571847,1314.44133623087
Angle 56,18800.6954536295,1280.47019471257
Angle 56,18813.7327433687,1246.45050668903
Angle 56,18826.7510339869,1212.38239524011
Angle 56,18839.7503331571,1178.26598330889
Angle 56,18852.7306486405,1144.10139370063
Angle 56,18865.6919882858,1109.88874908188
Angle 56,18878.6343600293,1075.62817197952
Angle 56,18891.5577718942,1041.31978477986
Angle 56,18904.462231991,1006.96370972765
Angle 56,18917.3477485162,972.560068925244
Angle 56,18930.2143297529,938.108984331624
Angle 56,18943.0619840701,903.610577761537
Angle 56,18955.8907199223,869.064970884584
Angle 56,18968.7005458494,834.472285224335
Angle 56,18981.4914704763,799.832642157449
Angle 56,18994.2635025126,765.146162912797
Angle 56,19007.0166507524,730.412968570599
Angle 56,19019.7509240737,695.633180061561
Angle 56,19032.4663314385,660.806918166026
Angle 56,19045.162881892,625.934303513122
Angle 56,19057.8405845628,591.015456579932
Angle 56,19070.4994486621,556.050497690653
Angle 56,19083.1394834838,521.039547015782
Angle 56,19095.7606984039,485.982724571288
Angle 56,19108.3631028803,450.88015021781
Angle 56,19120.9467064523,415.731943659849
Angle 56,19133.5115187408,380.538224444972
Angle 56,19146.0575494472,345.299111963025
Angle 56,19158.5848083537,310.014725445347
Angle 56,19171.0933053229,274.685183963997
Angle 56,19183.583050297,239.310606430985
Angle 56,19196.0540532979,203.891111597511
Angle 56,19208.5063244271,168.426818053206
Angle 56,19220.9398738647,132.91784422539
Angle 56,19233.3547118696,97.3643083783275
Angle 56,19245.7508487788,61.7663286124951
Angle 56,19258.1282950076,26.1240228638523
Angle 56,19267.1754293671,0
Angle 57,0,0
Angle 57,38.017983200189,58.4445603248624
Angle 57,75.9299390648264,116.628126180079
Angle 57,113.736582708583,174.552069127712
Angle 57,151.438622530938,232.217747497511
Angle 57,189.036760300292,289.626506551576
Angle 57,226.531691236752,346.779678646448
Angle 57,263.924104093631,403.678583392674
Angle 57,301.214681237678,460.324527811885
Angle 57,338.40409872806,516.718806491442
Angle 57,375.493026394123,572.862701736689
Angle 57,412.482127911952,628.757483720869
Angle 57,449.372060879759,684.404410632724
Angle 57,486.163476892106,739.804728821844
Angle 57,522.857021612998,794.959672941798
Angle 57,559.453334847864,849.870466091077
Angle 57,595.953050614442,904.538319951912
Angle 57,632.356797212583,958.964434926976
Angle 57,668.665197293015,1013.15000027404
Angle 57,704.878867925056,1067.0961942386
Angle 57,740.998420663322,1120.80418418449
Angle 57,777.024461613425,1174.27512672261
Angle 57,812.957591496701,1227.51016783762
Angle 57,848.798405713964,1280.51044301292
Angle 57,884.547494408321,1333.27707735357
Angle 57,920.205442527055,1385.8111857076
Angle 57,955.77282988259,1438.11387278538
Angle 57,991.250231212567,1490.18623327731
Angle 57,1026.63821623903,1542.02935196979
Angle 57,1061.93734972675,1593.64430385946
Angle 57,1097.1481915407,1645.03215426579
Angle 57,1132.2712967027,1696.19395894205
Angle 57,1167.30721544718,1747.13076418469
Angle 57,1202.25649327628,1797.84360694108
Angle 57,1237.11967101397,1848.33351491574
Angle 57,1271.89728485952,1898.60150667507
Angle 57,1306.5898664402,1948.64859175054
Angle 57,1341.1979428631,1998.4757707404
Angle 57,1375.72203676641,2048.08403541001
Angle 57,1410.16266636978,2097.47436879066
Angle 57,1444.52034552407,2146.64774527705
Angle 57,1478.79558376039,2195.60513072339
Angle 57,1512.98888633841,2244.34748253811
Angle 57,1547.10075429401,2292.8757497773
Angle 57,1581.13168448627,2341.19087323678
Angle 57,1615.08216964377,2389.29378554294
Angle 57,1648.95269841031,2437.18541124228
Angle 57,1682.74375538988,2484.86666688975
Angle 57,1716.45582119114,2532.33846113578
Angle 57,1750.08937247118,2579.60169481222
Angle 57,1783.64488197871,2626.65726101704
Angle 57,1817.12281859667,2673.50604519785
Angle 57,1850.52364738423,2720.14892523434
Angle 57,1883.84782961825,2766.58677151949
Angle 57,1917.09582283409,2812.82044703983
Angle 57,1950.26808086598,2858.85080745446
Angle 57,1983.36505388674,2904.67870117307
Angle 57,2016.38718844702,2950.30496943293
Angle 57,2049.334927514,2995.73044637477
Angle 57,2082.20871050951,3040.95595911772
Angle 57,2115.00897334773,3085.98232783321
Angle 57,2147.73614847233,3130.81036581786
Angle 57,2180.39066489309,3175.44087956544
Angle 57,2212.97294822208,3219.87466883786
Angle 57,2245.48342070933,3264.11252673522
Angle 57,2277.92250127804,3308.15523976491
Angle 57,2310.2906055593,3352.00358790986
Angle 57,2342.58814592636,3395.65834469581
Angle 57,2374.81553152846,3439.12027725779
Angle 57,2406.9731683242,3482.39014640564
Angle 57,2439.06145911449,3525.46870668876
Angle 57,2471.08080357502,3568.35670645994
Angle 57,2503.03159828837,3611.05488793842
Angle 57,2534.91423677565,3653.56398727214
Angle 57,2566.72910952775,3695.88473459909
Angle 57,2598.47660403618,3738.01785410802
Angle 57,2630.15710482353,3779.96406409825
Angle 57,2661.77099347347,3821.72407703874
Angle 57,2693.31864866046,3863.29859962648
Angle 57,2724.80044617899,3904.68833284401
Angle 57,2756.21675897249,3945.89397201634
Angle 57,2787.56795716188,3986.91620686703
Angle 57,2818.85440807368,4027.75572157368
Angle 57,2850.07647626789,4068.41319482259
Angle 57,2881.23452356537,4108.88929986285
Angle 57,2912.32890907501,4149.18470455968
Angle 57,2943.35998922042,4189.30007144713
Angle 57,2974.32811776638,4229.23605778012
Angle 57,3005.23364584496,4268.99331558583
Angle 57,3036.07692198121,4308.57249171445
Angle 57,3066.85829211864,4347.97422788929
Angle 57,3097.57809964432,4387.1991607563
Angle 57,3128.2366854137,4426.24792193297
Angle 57,3158.83438777504,4465.1211380566
Angle 57,3189.37154259368,4503.81943083201
Angle 57,3219.84848327586,4542.34341707867
Angle 57,3250.26554079232,4580.69370877722
Angle 57,3280.62304370161,4618.87091311549
Angle 57,3310.92131817308,4656.87563253383
Angle 57,3341.16068800964,4694.70846477009
Angle 57,3371.34147467013,4732.37000290387
Angle 57,3401.46399729156,4769.86083540033
Angle 57,3431.52857271096,4807.18154615346
Angle 57,3461.53551548703,4844.33271452884
Angle 57,3491.4851379215,4881.31491540585
Angle 57,3521.3777500802,4918.12871921944
Angle 57,3551.21365981397,4954.77469200132
Angle 57,3580.99317277917,4991.25339542073
Angle 57,3610.71659245809,5027.56538682473
Angle 57,3640.38422017901,5063.71121927793
Angle 57,3669.99635513608,5099.69144160188
Angle 57,3699.55329440887,5135.50659841386
Angle 57,3729.05533298183,5171.15723016534
Angle 57,3758.50276376338,5206.64387317988
Angle 57,3787.89587760485,5241.9670596907
Angle 57,3817.23496331913,5277.12731787772
Angle 57,3846.52030769919,5312.12517190418
Angle 57,3875.75219553626,5346.96114195292
Angle 57,3904.93090963793,5381.63574426214
Angle 57,3934.05673084587,5416.14949116079
Angle 57,3963.12993805354,5450.50289110359
Angle 57,3992.15080822346,5484.69644870555
Angle 57,4021.11961640451,5518.73066477623
Angle 57,4050.03663574881,5552.60603635345
Angle 57,4078.9021375286,5586.3230567368
Angle 57,4107.71639115274,5619.88221552058
Angle 57,4136.47966418314,5653.28399862654
Angle 57,4165.19222235095,5686.52888833609
Angle 57,4193.85432957258,5719.61736332231
Angle 57,4222.46624796549,5752.54989868145
Angle 57,4251.02823786383,5785.32696596416
Angle 57,4279.54055783391,5817.9490332064
Angle 57,4308.00346468947,5850.41656495989
Angle 57,4336.41721350674,5882.73002232235
Angle 57,4364.7820576394,5914.88986296731
Angle 57,4393.09824873329,5946.89654117364
Angle 57,4421.36603674101,5978.75050785474
Angle 57,4449.5856699363,6010.45221058742
Angle 57,4477.7573949283,6042.00209364042
Angle 57,4505.8814566756,6073.40059800268
Angle 57,4533.95809850019,6104.64816141125
Angle 57,4561.98756210115,6135.74521837894
Angle 57,4589.9700875683,6166.69220022161
Angle 57,4617.9059133956,6197.48953508524
Angle 57,4645.79527649445,6228.13764797264
Angle 57,4673.63841220682,6258.63696076988
Angle 57,4701.4355543182,6288.98789227253
Angle 57,4729.18693507048,6319.19085821143
Angle 57,4756.89278517457,6349.24627127842
Angle 57,4784.55333382301,6379.15454115156
Angle 57,4812.16880870231,6408.91607452027
Angle 57,4839.73943600523,6438.5312751101
Angle 57,4867.26544044287,6468.00054370726
Angle 57,4894.74704525669,6497.32427818289
Angle 57,4922.18447223031,6526.5028735171
Angle 57,4949.57794170125,6555.53672182274
Angle 57,4976.92767257245,6584.42621236887
Angle 57,5004.23388232378,6613.17173160409
Angle 57,5031.4967870233,6641.77366317955
Angle 57,5058.71660133848,6670.23238797172
Angle 57,5085.89353854722,6698.54828410496
Angle 57,5113.02781054882,6726.72172697386
Angle 57,5140.11962787477,6754.75308926528
Angle 57,5167.16919969944,6782.64274098029
Angle 57,5194.17673385064,6810.39104945572
Angle 57,5221.14243682009,6837.99837938566
Angle 57,5248.06651377372,6865.46509284261
Angle 57,5274.94916856189,6892.79154929846
Angle 57,5301.79060372954,6919.97810564532
Angle 57,5328.59102052607,6947.02511621602
Angle 57,5355.35061891533,6973.93293280449
Angle 57,5382.06959758528,7000.70190468592
Angle 57,5408.74815395772,7027.33237863669
Angle 57,5435.38648419779,7053.82469895412
Angle 57,5461.9847832234,7080.17920747606
Angle 57,5488.54324471462,7106.3962436002
Angle 57,5515.06206112281,7132.47614430326
Angle 57,5541.54142367984,7158.41924415998
Angle 57,5567.98152240704,7184.22587536188
Angle 57,5594.38254612415,7209.89636773589
Angle 57,5620.74468245814,7235.43104876279
Angle 57,5647.06811785191,7260.83024359543
Angle 57,5673.35303757294,7286.0942750768
Angle 57,5699.59962572178,7311.22346375793
Angle 57,5725.80806524052,7336.21812791563
Angle 57,5751.97853792109,7361.07858357002
Angle 57,5778.11122441352,7385.80514450191
Angle 57,5804.2063042341,7410.39812227004
Angle 57,5830.2639557734,7434.85782622809
Angle 57,5856.28435630427,7459.18456354164
Angle 57,5882.26768198973,7483.37863920482
Angle 57,5908.21410789071,7507.44035605696
Angle 57,5934.12380797381,7531.37001479896
Angle 57,5959.99695511886,7555.16791400956
Angle 57,5985.83372112651,7578.83435016148
Angle 57,6011.63427672561,7602.36961763735
Angle 57,6037.39879158064,7625.77400874556
Angle 57,6063.12743429892,7649.04781373589
Angle 57,6088.82037243789,7672.19132081507
Angle 57,6114.47777251213,7695.20481616216
Angle 57,6140.09980000048,7718.08858394377
Angle 57,6165.68661935295,7740.84290632919
Angle 57,6191.23839399762,7763.46806350535
Angle 57,6216.75528634741,7785.96433369167
Angle 57,6242.23745780686,7808.33199315472
Angle 57,6267.68506877872,7830.57131622283
Angle 57,6293.09827867055,7852.68257530052
Angle 57,6318.47724590123,7874.66604088279
Angle 57,6343.82212790737,7896.52198156936
Angle 57,6369.13308114964,7918.25066407866
Angle 57,6394.4102611191,7939.85235326183
Angle 57,6419.65382234337,7961.32731211648
Angle 57,6444.86391839279,7982.67580180045
Angle 57,6470.04070188646,8003.89808164535
Angle 57,6495.18432449828,8024.99440917002
Angle 57,6520.29493696285,8045.9650400939
Angle 57,6545.37268908135,8066.81022835023
Angle 57,6570.4177297273,8087.53022609922
Angle 57,6595.43020685236,8108.12528374101
Angle 57,6620.41026749192,8128.59564992861
Angle 57,6645.35805777075,8148.94157158068
Angle 57,6670.2737229085,8169.1632938942
Angle 57,6695.1574072252,8189.2610603571
Angle 57,6720.00925414665,8209.23511276068
Angle 57,6744.82940620978,8229.08569121204
Angle 57,6769.61800506791,8248.81303414633
Angle 57,6794.37519149601,8268.41737833892
Angle 57,6819.10110539581,8287.89895891752
Angle 57,6843.79588580097,8307.25800937411
Angle 57,6868.45967088206,8326.49476157688
Angle 57,6893.09259795159,8345.60944578197
Angle 57,6917.69480346889,8364.60229064521
Angle 57,6942.26642304504,8383.47352323374
Angle 57,6966.80759144764,8402.22336903749
Angle 57,6991.31844260556,8420.85205198063
Angle 57,7015.79910961366,8439.35979443292
Angle 57,7040.24972473745,8457.74681722095
Angle 57,7064.67041941764,8476.01333963934
Angle 57,7089.0613242747,8494.1595794618
Angle 57,7113.42256911334,8512.18575295213
Angle 57,7137.75428292694,8530.09207487517
Angle 57,7162.05659390191,8547.87875850763
Angle 57,7186.32962942205,8565.54601564885
Angle 57,7210.57351607279,8583.09405663147
Angle 57,7234.78837964543,8600.52309033209
Angle 57,7258.97434514131,8617.83332418173
Angle 57,7283.13153677592,8635.02496417633
Angle 57,7307.26007798299,8652.09821488714
Angle 57,7331.3600914185,8669.05327947099
Angle 57,7355.43169896467,8685.89035968057
Angle 57,7379.47502173386,8702.60965587458
Angle 57,7403.4901800725,8719.21136702782
Angle 57,7427.47729356487,8735.69569074124
Angle 57,7451.43648103691,8752.06282325187
Angle 57,7475.36786055996,8768.31295944277
Angle 57,7499.27154945446,8784.4462928528
Angle 57,7523.1476642936,8800.46301568641
Angle 57,7546.99632090689,8816.36331882336
Angle 57,7570.8176343838,8832.14739182835
Angle 57,7594.61171907718,8847.81542296056
Angle 57,7618.37868860683,8863.36759918324
Angle 57,7642.11865586284,8878.80410617311
Angle 57,7665.83173300906,8894.12512832977
Angle 57,7689.5180314864,8909.33084878507
Angle 57,7713.17766201615,8924.42144941236
Angle 57,7736.81073460325,8939.39711083573
Angle 57,7760.41735853951,8954.25801243921
Angle 57,7783.99764240677,8969.00433237584
Angle 57,7807.55169408012,8983.63624757678
Angle 57,7831.0796207309,8998.15393376032
Angle 57,7854.58152882987,9012.5575654408
Angle 57,7878.05752415017,9026.84731593759
Angle 57,7901.50771177033,9041.02335738388
Angle 57,7924.93219607724,9055.08586073555
Angle 57,7948.33108076905,9069.03499577993
Angle 57,7971.70446885805,9082.87093114448
Angle 57,7995.05246267352,9096.59383430548
Angle 57,8018.37516386454,9110.2038715967
Angle 57,8041.67267340277,9123.7012082179
Angle 57,8064.94509158514,9137.08600824343
Angle 57,8088.19251803664,9150.35843463072
Angle 57,8111.4150517129,9163.51864922869
Angle 57,8134.6127909029,9176.56681278621
Angle 57,8157.78583323151,9189.50308496043
Angle 57,8180.9342756621,9202.32762432513
Angle 57,8204.05821449907,9215.04058837901
Angle 57,8227.15774539035,9227.64213355395
Angle 57,8250.23296332988,9240.13241522317
Angle 57,8273.28396266004,9252.51158770948
Angle 57,8296.31083707408,9264.77980429338
Angle 57,8319.31367961849,9276.93721722115
Angle 57,8342.29258269535,9288.98397771297
Angle 57,8365.24763806466,9300.92023597088
Angle 57,8388.17893684664,9312.74614118685
Angle 57,8411.08656952398,9324.4618415507
Angle 57,8433.97062594408,9336.06748425809
Angle 57,8456.83119532127,9347.56321551834
Angle 57,8479.66836623897,9358.94918056237
Angle 57,8502.48222665189,9370.22552365053
Angle 57,8525.27286388809,9381.39238808039
Angle 57,8548.04036465114,9392.44991619453
Angle 57,8570.78481502218,9403.39824938831
Angle 57,8593.50630046195,9414.2375281176
Angle 57,8616.20490581284,9424.96789190642
Angle 57,8638.88071530089,9435.5894793547
Angle 57,8661.53381253777,9446.10242814586
Angle 57,8684.16428052271,9456.50687505446
Angle 57,8706.77220164446,9466.80295595379
Angle 57,8729.35765768318,9476.99080582342
Angle 57,8751.92072981236,9487.0705587568
Angle 57,8774.46149860062,9497.04234796872
Angle 57,8796.98004401362,9506.90630580285
Angle 57,8819.47644541585,9516.6625637392
Angle 57,8841.95078157243,9526.31125240159
Angle 57,8864.40313065089,9535.8525015651
Angle 57,8886.83357022295,9545.28644016341
Angle 57,8909.24217726626,9554.61319629631
Angle 57,8931.62902816609,9563.83289723697
Angle 57,8953.99419871708,9572.94566943935
Angle 57,8976.3377641249,9581.95163854552
Angle 57,8998.65979900792,9590.85092939297
Angle 57,9020.96037739889,9599.64366602195
Angle 57,9043.23957274654,9608.32997168268
Angle 57,9065.49745791722,9616.90996884268
Angle 57,9087.73410519651,9625.38377919398
Angle 57,9109.94958629077,9633.75152366037
Angle 57,9132.14397232878,9642.01332240462
Angle 57,9154.31733386324,9650.16929483563
Angle 57,9176.46974087234,9658.21955961569
Angle 57,9198.6012627613,9666.16423466761
Angle 57,9220.71196836387,9674.00343718184
Angle 57,9242.80192594386,9681.7372836237
Angle 57,9264.87120319661,9689.36588974041
Angle 57,9286.91986725048,9696.88937056828
Angle 57,9308.94798466832,9704.30784043976
Angle 57,9330.95562144897,9711.62141299054
Angle 57,9352.94284302862,9718.83020116665
Angle 57,9374.90971428235,9725.9343172315
Angle 57,9396.85629952551,9732.9338727729
Angle 57,9418.78266251512,9739.82897871018
Angle 57,9440.68886645134,9746.61974530113
Angle 57,9462.57497397884,9753.30628214907
Angle 57,9484.4410471882,9759.88869820982
Angle 57,9506.28714761731,9766.36710179872
Angle 57,9528.11333625274,9772.74160059762
Angle 57,9549.91967353115,9779.0123016618
Angle 57,9571.7062193406,9785.17931142698
Angle 57,9593.47303302198,9791.24273571627
Angle 57,9615.22017337035,9797.20267974708
Angle 57,9636.94769863628,9803.05924813808
Angle 57,9658.65566652721,9808.81254491609
Angle 57,9680.34413420883,9814.46267352305
Angle 57,9702.01315830638,9820.00973682285
Angle 57,9723.66279490601,9825.45383710827
Angle 57,9745.29309955616,9830.79507610786
Angle 57,9766.90412726884,9836.03355499279
Angle 57,9788.495932521,9841.16937438374
Angle 57,9810.06856925587,9846.20263435774
Angle 57,9831.62209088429,9851.13343445503
Angle 57,9853.15655028604,9855.96187368588
Angle 57,9874.67199981119,9860.68805053743
Angle 57,9896.16849128145,9865.31206298051
Angle 57,9917.64607599148,9869.83400847645
Angle 57,9939.10480471024,9874.25398398387
Angle 57,9960.54472768237,9878.57208596548
Angle 57,9981.96589462947,9882.78841039487
Angle 57,10003.3683547515,9886.90305276325
Angle 57,10024.7521567282,9890.91610808626
Angle 57,10046.1173487203,9894.82767091069
Angle 57,10067.4639783708,9898.63783532125
Angle 57,10088.7920928068,9902.34669494728
Angle 57,10110.1017386404,9905.95434296948
Angle 57,10131.3929619701,9909.46087212663
Angle 57,10152.6658083826,9912.86637472232
Angle 57,10173.9203229537,9916.17094263159
Angle 57,10195.1565502499,9919.37466730765
Angle 57,10216.3745343301,9922.47763978856
Angle 57,10237.5743187462,9925.47995070388
Angle 57,10258.7559465455,9928.38169028131
Angle 57,10279.9194602715,9931.18294835336
Angle 57,10301.0649019655,9933.88381436394
Angle 57,10322.192313168,9936.48437737503
Angle 57,10343.3017349203,9938.98472607323
Angle 57,10364.3932077657,9941.38494877639
Angle 57,10385.4667717513,9943.68513344019
Angle 57,10406.5224664293,9945.88536766469
Angle 57,10427.5603308584,9947.9857387009
Angle 57,10448.5804036055,9949.98633345731
Angle 57,10469.5827227471,9951.88723850644
Angle 57,10490.567325871,9953.68854009134
Angle 57,10511.5342500775,9955.39032413207
Angle 57,10532.4835319813,9956.99267623224
Angle 57,10553.4152077128,9958.49568168544
Angle 57,10574.3293129199,9959.8994254817
Angle 57,10595.2258827696,9961.20399231395
Angle 57,10616.1049519492,9962.4094665844
Angle 57,10636.9665546684,9963.51593241102
Angle 57,10657.8107246607,9964.52347363387
Angle 57,10678.6374951852,9965.43217382149
Angle 57,10699.446899028,9966.2421162773
Angle 57,10720.2389685041,9966.95338404584
Angle 57,10741.013735459,9967.56605991921
Angle 57,10761.7712312705,9968.08022644328
Angle 57,10782.5114868501,9968.49596592403
Angle 57,10803.2345326452,9968.81336043377
Angle 57,10823.9403986405,9969.03249181741
Angle 57,10844.6291143601,9969.15344169869
Angle 57,10865.3007088687,9969.17629148634
Angle 57,10885.9552107741,9969.10112238033
Angle 57,10906.5926482286,9968.92801537794
Angle 57,10927.2130489307,9968.65705127998
Angle 57,10947.8164401275,9968.28831069685
Angle 57,10968.402848616,9967.82187405463
Angle 57,10988.9723007451,9967.25782160121
Angle 57,11009.524822418,9966.59623341224
Angle 57,11030.0604390932,9965.83718939721
Angle 57,11050.5791757873,9964.98076930543
Angle 57,11071.0810570765,9964.02705273198
Angle 57,11091.5661070985,9962.97611912367
Angle 57,11112.0343495549,9961.82804778495
Angle 57,11132.4858077126,9960.5829178838
Angle 57,11152.9205044064,9959.24080845755
Angle 57,11173.3384620407,9957.80179841877
Angle 57,11193.7397025915,9956.26596656106
Angle 57,11214.1242476087,9954.63339156477
Angle 57,11234.4921182181,9952.90415200281
Angle 57,11254.8433351233,9951.07832634635
Angle 57,11275.1779186083,9949.15599297045
Angle 57,11295.4958885388,9947.1372301598
Angle 57,11315.7972643654,9945.02211611426
Angle 57,11336.0820651249,9942.8107289545
Angle 57,11356.350309443,9940.50314672753
Angle 57,11376.6020155362,9938.09944741223
Angle 57,11396.837201214,9935.59970892486
Angle 57,11417.0558838817,9933.00400912449
Angle 57,11437.2580805417,9930.31242581841
Angle 57,11457.4438077967,9927.52503676757
Angle 57,11477.6130818514,9924.64191969187
Angle 57,11497.7659185147,9921.66315227552
Angle 57,11517.9023332028,9918.58881217229
Angle 57,11538.0223409406,9915.41897701079
Angle 57,11558.1259563646,9912.15372439962
Angle 57,11578.2131937251,9908.79313193258
Angle 57,11598.2840668885,9905.3372771938
Angle 57,11618.3385893398,9901.78623776282
Angle 57,11638.3767741851,9898.14009121964
Angle 57,11658.3986341539,9894.39891514972
Angle 57,11678.4041816012,9890.562787149
Angle 57,11698.3934285106,9886.63178482879
Angle 57,11718.3663864965,9882.60598582069
Angle 57,11738.3230668061,9878.4854677814
Angle 57,11758.2634803228,9874.27030839761
Angle 57,11778.1876375679,9869.9605853907
Angle 57,11798.0955487035,9865.55637652147
Angle 57,11817.9872235349,9861.05775959489
Angle 57,11837.8626715132,9856.46481246466
Angle 57,11857.7219017379,9851.77761303788
Angle 57,11877.5649229594,9846.99623927956
Angle 57,11897.3917435815,9842.12076921716
Angle 57,11917.202371664,9837.15128094503
Angle 57,11936.9968149257,9832.08785262887
Angle 57,11956.7750807462,9826.93056251011
Angle 57,11976.5371761693,9821.6794889102
Angle 57,11996.2831079052,9816.33471023495
Angle 57,12016.0128823334,9810.89630497876
Angle 57,12035.7265055049,9805.36435172879
Angle 57,12055.4239831455,9799.73892916919
Angle 57,12075.105320658,9794.0201160851
Angle 57,12094.7705231249,9788.20799136683
Angle 57,12114.4195953112,9782.30263401377
Angle 57,12134.0525416672,9776.30412313843
Angle 57,12153.6693663311,9770.21253797032
Angle 57,12173.2700731314,9764.02795785986
Angle 57,12192.8546655902,9757.75046228217
Angle 57,12212.4231469255,9751.38013084089
Angle 57,12231.9755200539,9744.91704327186
Angle 57,12251.5117875938,9738.36127944686
Angle 57,12271.0319518673,9731.71291937722
Angle 57,12290.536014904,9724.97204321739
Angle 57,12310.0239784427,9718.13873126853
Angle 57,12329.4958439351,9711.21306398196
Angle 57,12348.9516125477,9704.19512196262
Angle 57,12368.3912851653,9697.08498597247
Angle 57,12387.814862393,9689.88273693382
Angle 57,12407.2223445599,9682.58845593265
Angle 57,12426.6137317209,9675.20222422187
Angle 57,12445.9890236603,9667.72412322447
Angle 57,12465.3482198938,9660.15423453673
Angle 57,12484.6913196722,9652.4926399313
Angle 57,12504.0183219831,9644.73942136026
Angle 57,12523.3292255547,9636.89466095811
Angle 57,12542.6240288577,9628.95844104478
Angle 57,12561.9027301089,9620.93084412846
Angle 57,12581.1653272733,9612.81195290856
Angle 57,12600.4118180671,9604.60185027841
Angle 57,12619.6421999608,9596.30061932814
Angle 57,12638.8564701816,9587.90834334731
Angle 57,12658.0546257161,9579.42510582762
Angle 57,12677.2366633135,9570.8509904655
Angle 57,12696.402579488,9562.18608116472
Angle 57,12715.5523705218,9553.4304620389
Angle 57,12734.6860324677,9544.58421741393
Angle 57,12753.8035611519,9535.64743183051
Angle 57,12772.9049521769,9526.6201900464
Angle 57,12791.9902009242,9517.50257703885
Angle 57,12811.059302557,9508.29467800684
Angle 57,12830.1122520227,9498.99657837333
Angle 57,12849.1490440564,9489.60836378742
Angle 57,12868.1696731827,9480.13012012653
Angle 57,12887.1741337193,9470.56193349848
Angle 57,12906.1624197791,9460.90389024353
Angle 57,12925.1345252732,9451.15607693638
Angle 57,12944.0904439136,9441.31858038816
Angle 57,12963.030169216,9431.39148764828
Angle 57,12981.9536945023,9421.37488600632
Angle 57,13000.8610129034,9411.26886299387
Angle 57,13019.7521173621,9401.07350638627
Angle 57,13038.6270006353,9390.78890420432
Angle 57,13057.4856552974,9380.41514471602
Angle 57,13076.3280737422,9369.95231643814
Angle 57,13095.1542481861,9359.40050813783
Angle 57,13113.9641706705,9348.7598088342
Angle 57,13132.7578330648,9338.03030779976
Angle 57,13151.5352270684,9327.21209456192
Angle 57,13170.2963442141,9316.3052589044
Angle 57,13189.0411758701,9305.30989086856
Angle 57,13207.769713243,9294.22608075478
Angle 57,13226.4819473801,9283.05391912371
Angle 57,13245.1778691725,9271.79349679751
Angle 57,13263.8574693569,9260.44490486103
Angle 57,13282.5207385191,9249.00823466303
Angle 57,13301.1676670958,9237.48357781722
Angle 57,13319.7982453775,9225.87102620335
Angle 57,13338.4124635112,9214.17067196827
Angle 57,13357.0103115026,9202.38260752689
Angle 57,13375.5917792187,9190.50692556312
Angle 57,13394.1568563904,9178.54371903079
Angle 57,13412.7055326153,9166.49308115453
Angle 57,13431.2377973595,9154.35510543056
Angle 57,13449.7536399606,9142.12988562751
Angle 57,13468.25304963,9129.81751578716
Angle 57,13486.7360154555,9117.41809022512
Angle 57,13505.2025264035,9104.93170353153
Angle 57,13523.6525713217,9092.3584505717
Angle 57,13542.0861389412,9079.69842648664
Angle 57,13560.5032178792,9066.95172669371
Angle 57,13578.9037966414,9054.11844688704
Angle 57,13597.287863624,9041.19868303808
Angle 57,13615.6554071166,9028.19253139601
Angle 57,13634.0064153041,9015.10008848817
Angle 57,13652.3408762694,9001.92145112038
Angle 57,13670.6587779955,8988.65671637735
Angle 57,13688.9601083678,8975.3059816229
Angle 57,13707.2448551767,8961.86934450029
Angle 57,13725.5130061195,8948.34690293242
Angle 57,13743.7645488029,8934.73875512199
Angle 57,13761.9994707453,8921.04499955174
Angle 57,13780.2177593788,8907.26573498451
Angle 57,13798.419402052,8893.40106046335
Angle 57,13816.6043860313,8879.45107531158
Angle 57,13834.772698504,8865.41587913283
Angle 57,13852.9243265801,8851.29557181102
Angle 57,13871.0592572944,8837.09025351032
Angle 57,13889.1774776088,8822.80002467508
Angle 57,13907.2789744144,8808.42498602973
Angle 57,13925.3637345339,8793.96523857868
Angle 57,13943.4317447232,8779.42088360607
Angle 57,13961.4829916739,8764.79202267569
Angle 57,13979.5174620153,8750.07875763064
Angle 57,13997.5351423166,8735.28119059317
Angle 57,14015.5360190886,8720.39942396434
Angle 57,14033.5200787861,8705.43356042372
Angle 57,14051.4873078098,8690.38370292907
Angle 57,14069.4376925085,8675.24995471593
Angle 57,14087.3712191807,8660.03241929725
Angle 57,14105.2878740769,8644.73120046295
Angle 57,14123.1876434017,8629.34640227947
Angle 57,14141.0705133154,8613.87812908929
Angle 57,14158.9364699361,8598.32648551041
Angle 57,14176.7854993418,8582.69157643585
Angle 57,14194.617587572,8566.97350703302
Angle 57,14212.4327206301,8551.17238274322
Angle 57,14230.2308844845,8535.28830928095
Angle 57,14248.0120650713,8519.32139263331
Angle 57,14265.7762482957,8503.27173905934
Angle 57,14283.5234200339,8487.1394550893
Angle 57,14301.253566135,8470.92464752402
Angle 57,14318.9666724226,8454.62742343407
Angle 57,14336.6627246972,8438.24789015911
Angle 57,14354.3417087372,8421.786155307
Angle 57,14372.0036103011,8405.24232675307
Angle 57,14389.6484151292,8388.61651263927
Angle 57,14407.2761089455,8371.90882137329
Angle 57,14424.8866774589,8355.11936162774
Angle 57,14442.4801063656,8338.24824233919
Angle 57,14460.0563813502,8321.29557270731
Angle 57,14477.6154880878,8304.26146219391
Angle 57,14495.1574122455,8287.14602052196
Angle 57,14512.6821394838,8269.94935767464
Angle 57,14530.1896554588,8252.67158389433
Angle 57,14547.6799458233,8235.3128096816
Angle 57,14565.1529962288,8217.87314579413
Angle 57,14582.6087923267,8200.35270324571
Angle 57,14600.0473197701,8182.75159330512
Angle 57,14617.4685642154,8165.06992749504
Angle 57,14634.872511324,8147.30781759094
Angle 57,14652.2591467631,8129.46537561994
Angle 57,14669.6284562084,8111.54271385968
Angle 57,14686.9804253443,8093.53994483712
Angle 57,14704.3150398665,8075.45718132736
Angle 57,14721.6322854829,8057.29453635245
Angle 57,14738.932147915,8039.05212318014
Angle 57,14756.2146128997,8020.7300553227
Angle 57,14773.4796661905,8002.32844653559
Angle 57,14790.7272935591,7983.84741081624
Angle 57,14807.9574807964,7965.28706240276
Angle 57,14825.1702137145,7946.64751577261
Angle 57,14842.3654781474,7927.92888564133
Angle 57,14859.5432599531,7909.13128696115
Angle 57,14876.7035450142,7890.25483491971
Angle 57,14893.8463192397,7871.29964493862
Angle 57,14910.9715685665,7852.26583267216
Angle 57,14928.0792789599,7833.15351400585
Angle 57,14945.169436416,7813.96280505507
Angle 57,14962.2420269619,7794.6938221636
Angle 57,14979.2970366577,7775.34668190225
Angle 57,14996.3344515975,7755.92150106737
Angle 57,15013.3542579107,7736.41839667942
Angle 57,15030.356441763,7716.83748598151
Angle 57,15047.3409893581,7697.17888643787
Angle 57,15064.3078869382,7677.44271573243
Angle 57,15081.257120786,7657.62909176726
Angle 57,15098.1886772251,7637.73813266108
Angle 57,15115.1025426217,7617.76995674774
Angle 57,15131.9987033856,7597.72468257466
Angle 57,15148.8771459712,7577.6024289013
Angle 57,15165.7378568786,7557.40331469759
Angle 57,15182.5808226552,7537.12745914237
Angle 57,15199.4060298959,7516.77498162181
Angle 57,15216.2134652451,7496.34600172781
Angle 57,15233.0031153973,7475.84063925642
Angle 57,15249.7749670982,7455.25901420621
Angle 57,15266.5290071456,7434.60124677668
Angle 57,15283.2652223908,7413.86745736659
Angle 57,15299.9835997394,7393.05776657239
Angle 57,15316.6841261522,7372.17229518651
Angle 57,15333.3667886466,7351.21116419573
Angle 57,15350.031574297,7330.17449477956
Angle 57,15366.6784702362,7309.06240830849
Angle 57,15383.3074636564,7287.87502634241
Angle 57,15399.9185418096,7266.61247062884
Angle 57,15416.5116920092,7245.2748631013
Angle 57,15433.0869016307,7223.86232587756
Angle 57,15449.6441581123,7202.37498125798
Angle 57,15466.1834489562,7180.81295172379
Angle 57,15482.7047617293,7159.17635993534
Angle 57,15499.2080840641,7137.4653287304
Angle 57,15515.6934036596,7115.67998112243
Angle 57,15532.1607082821,7093.82044029884
Angle 57,15548.6099857661,7071.88682961923
Angle 57,15565.041224015,7049.87927261367
Angle 57,15581.4544110021,7027.79789298091
Angle 57,15597.8495347713,7005.64281458667
Angle 57,15614.226583438,6983.41416146182
Angle 57,15630.5855451895,6961.11205780064
Angle 57,15646.9264082865,6938.73662795906
Angle 57,15663.2491610631,6916.28799645284
Angle 57,15679.553791928,6893.76628795581
Angle 57,15695.8402893651,6871.17162729809
Angle 57,15712.1086419344,6848.5041394643
Angle 57,15728.3588382723,6825.76394959172
Angle 57,15744.5908670929,6802.95118296855
Angle 57,15760.8047171881,6780.06596503207
Angle 57,15777.0003774289,6757.10842136686
Angle 57,15793.1778367653,6734.07867770294
Angle 57,15809.3370842277,6710.97685991402
Angle 57,15825.4781089274,6687.80309401564
Angle 57,15841.6009000567,6664.55750616338
Angle 57,15857.7054468904,6641.240222651
Angle 57,15873.7917387857,6617.85136990868
Angle 57,15889.8597651832,6594.39107450111
Angle 57,15905.9095156074,6570.85946312573
Angle 57,15921.9409796671,6547.25666261088
Angle 57,15937.9541470565,6523.58279991394
Angle 57,15953.9490075553,6499.83800211956
Angle 57,15969.9255510295,6476.02239643774
Angle 57,15985.8837674317,6452.13611020206
Angle 57,16001.8236468019,6428.1792708678
Angle 57,16017.7451792682,6404.15200601015
Angle 57,16033.6483550469,6380.0544433223
Angle 57,16049.5331644432,6355.88671061367
Angle 57,16065.3995978517,6331.64893580799
Angle 57,16081.2476457571,6307.34124694155
Angle 57,16097.0772987344,6282.96377216126
Angle 57,16112.8885474496,6258.51663972289
Angle 57,16128.6813826598,6233.99997798915
Angle 57,16144.4557952144,6209.41391542793
Angle 57,16160.2117760546,6184.75858061036
Angle 57,16175.9493162148,6160.03410220904
Angle 57,16191.6684068223,6135.24060899617
Angle 57,16207.3690390981,6110.37822984171
Angle 57,16223.0512043572,6085.44709371151
Angle 57,16238.7148940091,6060.44732966551
Angle 57,16254.3600995581,6035.37906685589
Angle 57,16269.9868126037,6010.24243452517
Angle 57,16285.5950248413,5985.03756200447
Angle 57,16301.184728062,5959.76457871159
Angle 57,16316.7559141533,5934.4236141492
Angle 57,16332.3085750997,5909.01479790301
Angle 57,16347.8427029826,5883.53825963992
Angle 57,16363.3582899809,5857.99412910619
Angle 57,16378.8553283712,5832.38253612563
Angle 57,16394.3338105284,5806.70361059773
Angle 57,16409.7937289256,5780.95748249586
Angle 57,16425.2350761348,5755.14428186543
Angle 57,16440.6578448271,5729.26413882207
Angle 57,16456.0620277728,5703.31718354981
Angle 57,16471.4476178419,5677.30354629926
Angle 57,16486.8146080045,5651.22335738579
Angle 57,16502.1629913307,5625.07674718768
Angle 57,16517.4927609911,5598.86384614439
Angle 57,16532.8039102572,5572.58478475465
Angle 57,16548.0964325012,5546.23969357473
Angle 57,16563.3703211969,5519.8287032166
Angle 57,16578.6255699193,5493.35194434611
Angle 57,16593.8621723451,5466.80954768125
Angle 57,16609.0801222533,5440.20164399028
Angle 57,16624.2794135246,5413.52836408999
Angle 57,16639.4600401423,5386.78983884389
Angle 57,16654.6219961922,5359.98619916042
Angle 57,16669.765275863,5333.11757599119
Angle 57,16684.8898734461,5306.18410032917
Angle 57,16699.9957833364,5279.18590320691
Angle 57,16715.0830000317,5252.12311569482
Angle 57,16730.1515181337,5224.99586889932
Angle 57,16745.2013323475,5197.80429396116
Angle 57,16760.232437482,5170.54852205358
Angle 57,16775.2448284502,5143.22868438064
Angle 57,16790.2385002691,5115.84491217535
Angle 57,16805.2134480601,5088.39733669806
Angle 57,16820.1696670488,5060.88608923458
Angle 57,16835.1071525653,5033.31130109453
Angle 57,16850.0259000446,5005.67310360958
Angle 57,16864.925905026,4977.97162813171
Angle 57,16879.807163154,4950.20700603146
Angle 57,16894.6696701779,4922.37936869627
Angle 57,16909.5134219521,4894.48884752869
Angle 57,16924.338414436,4866.53557394472
Angle 57,16939.1446436944,4838.51967937207
Angle 57,16953.9321058972,4810.44129524847
Angle 57,16968.7007973198,4782.30055301996
Angle 57,16983.4507143431,4754.0975841392
Angle 57,16998.1818534532,4725.8325200638
Angle 57,17012.894211242,4697.50549225459
Angle 57,17027.5877844069,4669.11663217398
Angle 57,17042.2625697509,4640.66607128426
Angle 57,17056.9185641828,4612.15394104597
Angle 57,17071.5557647171,4583.58037291618
Angle 57,17086.1741684738,4554.94549834688
Angle 57,17100.7737726789,4526.24944878329
Angle 57,17115.3545746641,4497.49235566224
Angle 57,17129.9165718669,4468.67435041051
Angle 57,17144.4597618306,4439.79556444321
Angle 57,17158.9841422043,4410.85612916214
Angle 57,17173.4897107428,4381.85617595413
Angle 57,17187.9764653068,4352.79583618949
Angle 57,17202.4444038626,4323.67524122035
Angle 57,17216.8935244826,4294.49452237904
Angle 57,17231.3238253445,4265.25381097654
Angle 57,17245.735304732,4235.95323830081
Angle 57,17260.1279610343,4206.59293561528
Angle 57,17274.5017927463,4177.17303415719
Angle 57,17288.8567984686,4147.69366513607
Angle 57,17303.1929769071,4118.15495973213
Angle 57,17317.5103268733,4088.55704909471
Angle 57,17331.8088472842,4058.90006434072
Angle 57,17346.0885371621,4029.18413655307
Angle 57,17360.3493956346,3999.40939677914
Angle 57,17374.5914219346,3969.57597602923
Angle 57,17388.8146154,3939.68400527503
Angle 57,17403.018975474,3909.73361544808
Angle 57,17417.2045017047,3879.72493743824
Angle 57,17431.3711937451,3849.65810209221
Angle 57,17445.519051353,3819.53324021199
Angle 57,17459.648074391,3789.35048255336
Angle 57,17473.7582628263,3759.10995982444
Angle 57,17487.8496167307,3728.81180268414
Angle 57,17501.9221362802,3698.4561417407
Angle 57,17515.9758217554,3668.04310755024
Angle 57,17530.0106735409,3637.57283061522
Angle 57,17544.0266921254,3607.04544138305
Angle 57,17558.0238781016,3576.46107024459
Angle 57,17572.002232166,3545.81984753272
Angle 57,17585.9617551188,3515.12190352086
Angle 57,17599.9024478638,3484.36736842159
Angle 57,17613.8243114081,3453.55637238517
Angle 57,17627.7273468623,3422.68904549813
Angle 57,17641.6115554399,3391.76551778187
Angle 57,17655.4769384575,3360.78591919123
Angle 57,17669.3234973346,3329.7503796131
Angle 57,17683.1512335932,3298.65902886503
Angle 57,17696.9601488581,3267.5119966938
Angle 57,17710.7502448562,3236.30941277409
Angle 57,17724.5215234166,3205.05140670708
Angle 57,17738.2739864707,3173.73810801908
Angle 57,17752.0076360514,3142.36964616018
Angle 57,17765.7224742936,3110.94615050289
Angle 57,17779.4185034334,3079.46775034078
Angle 57,17793.0957258085,3047.93457488716
Angle 57,17806.7541438575,3016.34675327375
Angle 57,17820.39376012,2984.70441454932
Angle 57,17834.0145772365,2953.00768767843
Angle 57,17847.616597948,2921.25670154006
Angle 57,17861.1998250956,2889.45158492634
Angle 57,17874.764261621,2857.59246654124
Angle 57,17888.3099105655,2825.67947499928
Angle 57,17901.8367750703,2793.71273882426
Angle 57,17915.3448583762,2761.69238644798
Angle 57,17928.8341638232,2729.61854620895
Angle 57,17942.3046948505,2697.49134635116
Angle 57,17955.7564549962,2665.31091502283
Angle 57,17969.1894478971,2633.07738027511
Angle 57,17982.6036772883,2600.79087006091
Angle 57,17995.9991470034,2568.45151223363
Angle 57,18009.3758609738,2536.05943454593
Angle 57,18022.7338232288,2503.61476464854
Angle 57,18036.0730378952,2471.11763008904
Angle 57,18049.393509197,2438.56815831064
Angle 57,18062.6952414554,2405.966476651
Angle 57,18075.9782390885,2373.31271234105
Angle 57,18089.2425066109,2340.6069925038
Angle 57,18102.4880486335,2307.84944415316
Angle 57,18115.7148698633,2275.04019419279
Angle 57,18128.9229751032,2242.17936941494
Angle 57,18142.1123692518,2209.26709649927
Angle 57,18155.2830573028,2176.30350201176
Angle 57,18168.4350443452,2143.28871240352
Angle 57,18181.5683355628,2110.2228540097
Angle 57,18194.6829362339,2077.10605304835
Angle 57,18207.778851731,2043.93843561931
Angle 57,18220.856087521,2010.72012770309
Angle 57,18233.9146491642,1977.45125515982
Angle 57,18246.9545423147,1944.13194372808
Angle 57,18259.9757727196,1910.76231902388
Angle 57,18272.978346219,1877.34250653957
Angle 57,18285.962268746,1843.87263164275
Angle 57,18298.9275463257,1810.35281957522
Angle 57,18311.8741850755,1776.78319545192
Angle 57,18324.8021912049,1743.16388425991
Angle 57,18337.7115710145,1709.49501085729
Angle 57,18350.6023308966,1675.77669997218
Angle 57,18363.4744773343,1642.00907620171
Angle 57,18376.3280169015,1608.192264011
Angle 57,18389.1629562625,1574.32638773212
Angle 57,18401.9793021718,1540.41157156313
Angle 57,18414.7770614737,1506.44793956706
Angle 57,18427.5562411021,1472.43561567091
Angle 57,18440.3168480801,1438.3747236647
Angle 57,18453.0588895198,1404.26538720047
Angle 57,18465.7823726219,1370.10772979132
Angle 57,18478.4873046757,1335.90187481048
Angle 57,18491.1736930584,1301.6479454903
Angle 57,18503.8415452348,1267.34606492137
Angle 57,18516.4908687575,1232.99635605152
Angle 57,18529.1216712661,1198.59894168496
Angle 57,18541.733960487,1164.15394448128
Angle 57,18554.3277442333,1129.66148695461
Angle 57,18566.9030304041,1095.12169147265
Angle 57,18579.4598269846,1060.53468025582
Angle 57,18591.9981420456,1025.90057537633
Angle 57,18604.5179837431,991.219498757309
Angle 57,18617.0193603183,956.491572171926
Angle 57,18629.5022800969,921.716917242518
Angle 57,18641.9667514888,886.895655439727
Angle 57,18654.4127829884,852.027908081637
Angle 57,18666.8403831733,817.113796332932
Angle 57,18679.2495607049,782.153441204047
Angle 57,18691.6403243274,747.146963550336
Angle 57,18704.012682868,712.094484071245
Angle 57,18716.3666452361,676.996123309485
Angle 57,18728.7022204234,641.852001650225
Angle 57,18741.0194175032,606.66223932028
Angle 57,18753.3182456305,571.426956387314
Angle 57,18765.5987140412,536.146272759045
Angle 57,18777.8608320521,500.820308182462
Angle 57,18790.1046090606,465.449182243046
Angle 57,18802.3300545439,430.033014363998
Angle 57,18814.5371780595,394.571923805473
Angle 57,18826.7259892439,359.066029663825
Angle 57,18838.8964978131,323.515450870856
Angle 57,18851.0487135618,287.920306193072
Angle 57,18863.1826463632,252.28071423095
Angle 57,18875.2983061687,216.596793418202
Angle 57,18887.3957030073,180.868662021058
Angle 57,18899.4748469859,145.09643813755
Angle 57,18911.5357482881,109.280239696801
Angle 57,18923.5784171746,73.420184458325
Angle 57,18935.6028639825,37.5163900113319
Angle 57,18947.609099125,1.56897377403995
Angle 57,18948.1317006725,0
Angle 58,0,0
Angle 58,36.9904843205346,59.0991493041032
Angle 58,73.877808231014,117.935480747934
Angle 58,110.662668864608,176.510380349047
Angle 58,147.345756805365,234.825220745303
Angle 58,183.927756170351,292.881361361553
Angle 58,220.409344690486,350.680148573692
Angle 58,256.791193790133,408.22291587016
Angle 58,293.073968665435,465.510984010933
Angle 58,329.258328361442,522.545661184038
Angle 58,365.34492584804,579.328243159653
Angle 58,401.334408094705,635.860013441825
Angle 58,437.227416144116,692.142243417861
Angle 58,473.024585184628,748.176192505426
Angle 58,508.726544621638,803.963108297391
Angle 58,544.333918147868,859.50422670448
Angle 58,579.847323812574,914.800772095742
Angle 58,615.267374089705,969.853957436907
Angle 58,650.594675945033,1024.66498442664
Angle 58,685.829830902271,1079.23504363075
Angle 58,720.973435108199,1133.56531461439
Angle 58,756.026079396808,1187.65696607229
Angle 58,790.988349352493,1241.51115595699
Angle 58,825.860825372296,1295.12903160524
Angle 58,860.644082727234,1348.51172986248
Angle 58,895.33869162271,1401.66037720551
Angle 58,929.945217258034,1454.57608986331
Angle 58,964.464219885072,1507.25997393611
Angle 58,998.896254866024,1559.71312551272
Angle 58,1033.24187273037,1611.93663078616
Angle 58,1067.50161923096,1663.93156616752
Angle 58,1101.67603539933,1715.69899839829
Angle 58,1135.76565760014,1767.23998466098
Angle 58,1169.77101758495,1818.55557268814
Angle 58,1203.69264254504,1869.64680086987
Angle 58,1237.53105516365,1920.51469835972
Angle 58,1271.28677366737,1971.16028517911
Angle 58,1304.96031187677,2021.58457232026
Angle 58,1338.55217925642,2071.78856184763
Angle 58,1372.06288096408,2121.77324699794
Angle 58,1405.49291789923,2171.53961227875
Angle 58,1438.84278675099,2221.08863356572
Angle 58,1472.1129800452,2270.42127819836
Angle 58,1505.30398619101,2319.53850507461
Angle 58,1538.41628952669,2368.44126474393
Angle 58,1571.45037036487,2417.13049949921
Angle 58,1604.4067050371,2465.60714346737
Angle 58,1637.28576593782,2513.87212269865
Angle 58,1670.08802156773,2561.92635525471
Angle 58,1702.8139365765,2609.77075129553
Angle 58,1735.46397180496,2657.40621316507
Angle 58,1768.03858432665,2704.83363547579
Angle 58,1800.53822748884,2752.05390519194
Angle 58,1832.96335095296,2799.06790171186
Angle 58,1865.31440073451,2845.87649694899
Angle 58,1897.59181924237,2892.48055541186
Angle 58,1929.7960453176,2938.88093428305
Angle 58,1961.92751427179,2985.07848349696
Angle 58,1993.98665792472,3031.07404581663
Angle 58,2025.9739046417,3076.86845690948
Angle 58,2057.88967937024,3122.46254542206
Angle 58,2089.73440367639,3167.8571330538
Angle 58,2121.50849578041,3213.05303462973
Angle 58,2153.21237059214,3258.05105817229
Angle 58,2184.84643974578,3302.85200497218
Angle 58,2216.41111163424,3347.45666965825
Angle 58,2247.90679144306,3391.86584026646
Angle 58,2279.33388118384,3436.08029830799
Angle 58,2310.69277972723,3480.10081883638
Angle 58,2341.98388283557,3523.92817051383
Angle 58,2373.20758319495,3567.56311567667
Angle 58,2404.36427044696,3611.0064103999
Angle 58,2435.45433122002,3654.25880456095
Angle 58,2466.47814916025,3697.32104190259
Angle 58,2497.43610496196,3740.19386009504
Angle 58,2528.32857639777,3782.87799079728
Angle 58,2559.15593834829,3825.37415971755
Angle 58,2589.91856283146,3867.68308667308
Angle 58,2620.61681903148,3909.8054856491
Angle 58,2651.25107332741,3951.74206485705
Angle 58,2681.82168932131,3993.49352679204
Angle 58,2712.32902786615,4035.06056828964
Angle 58,2742.77344709327,4076.44388058188
Angle 58,2773.15530243949,4117.64414935261
Angle 58,2803.47494667394,4158.66205479212
Angle 58,2833.73272992446,4199.49827165107
Angle 58,2863.92899970376,4240.15346929378
Angle 58,2894.06410093517,4280.62831175084
Angle 58,2924.13837597811,4320.92345777101
Angle 58,2954.15216465322,4361.03956087259
Angle 58,2984.10580426718,4400.97726939405
Angle 58,3013.99962963721,4440.73722654404
Angle 58,3043.83397311529,4480.32007045089
Angle 58,3073.60916461204,4519.72643421134
Angle 58,3103.32553162034,4558.95694593882
Angle 58,3132.98339923859,4598.01222881102
Angle 58,3162.5830901938,4636.89290111698
Angle 58,3192.12492486425,4675.59957630352
Angle 58,3221.60922130201,4714.13286302117
Angle 58,3251.03629525503,4752.4933651695
Angle 58,3280.40646018912,4790.68168194192
Angle 58,3309.72002730954,4828.69840786997
Angle 58,3338.97730558237,4866.54413286698
Angle 58,3368.17860175562,4904.21944227134
Angle 58,3397.32422038006,4941.72491688913
Angle 58,3426.41446382985,4979.06113303634
Angle 58,3455.44963232282,5016.22866258047
Angle 58,3484.43002394064,5053.22807298181
Angle 58,3513.35593464858,5090.05992733401
Angle 58,3542.22765831522,5126.72478440439
Angle 58,3571.04548673173,5163.22319867358
Angle 58,3599.80970963107,5199.55572037485
Angle 58,3628.52061470686,5235.7228955329
Angle 58,3657.17848763209,5271.72526600216
Angle 58,3685.78361207756,5307.56336950475
Angle 58,3714.33626973012,5343.23773966791
Angle 58,3742.83674031069,5378.74890606101
Angle 58,3771.28530159206,5414.09739423219
Angle 58,3799.68222941647,5449.28372574445
Angle 58,3828.02779771301,5484.3084182115
Angle 58,3856.32227851478,5519.171985333
Angle 58,3884.56594197586,5553.87493692957
Angle 58,3912.75905638809,5588.4177789773
Angle 58,3940.90188819764,5622.80101364186
Angle 58,3968.99470202138,5657.0251393123
Angle 58,3997.03776066306,5691.09065063438
Angle 58,4025.03132512932,5724.99803854357
Angle 58,4052.97565464546,5758.74779029767
Angle 58,4080.8710066711,5792.34038950903
Angle 58,4108.7176369156,5825.77631617648
Angle 58,4136.51579935329,5859.05604671678
Angle 58,4164.2657462386,5892.18005399589
Angle 58,4191.96772812091,5925.14880735971
Angle 58,4219.62199385932,5957.96277266458
Angle 58,4247.22879063717,5990.62241230745
Angle 58,4274.78836397645,6023.12818525566
Angle 58,4302.30095775202,6055.4805470764
Angle 58,4329.76681420566,6087.67994996591
Angle 58,4357.18617395998,6119.72684277825
Angle 58,4384.55927603212,6151.62167105386
Angle 58,4411.88635784734,6183.36487704773
Angle 58,4439.16765525247,6214.95689975731
Angle 58,4466.40340252911,6246.39817495008
Angle 58,4493.59383240681,6277.68913519085
Angle 58,4520.73917607597,6308.83020986876
Angle 58,4547.8396632007,6339.82182522396
Angle 58,4574.89552193144,6370.66440437403
Angle 58,4601.90697891754,6401.3583673401
Angle 58,4628.87425931957,6431.9041310727
Angle 58,4655.7975868216,6462.30210947735
Angle 58,4682.67718364327,6492.55271343983
Angle 58,4709.51327055179,6522.65635085119
Angle 58,4736.30606687369,6552.61342663258
Angle 58,4763.05579050659,6582.42434275966
Angle 58,4789.76265793069,6612.08949828691
Angle 58,4816.42688422022,6641.60928937158
Angle 58,4843.04868305474,6670.98410929741
Angle 58,4869.6282667303,6700.21434849816
Angle 58,4896.16584617044,6729.30039458079
Angle 58,4922.66163093719,6758.24263234848
Angle 58,4949.11582924178,6787.04144382341
Angle 58,4975.52864795532,6815.69720826922
Angle 58,5001.90029261942,6844.21030221337
Angle 58,5028.2309674565,6872.58109946911
Angle 58,5054.52087538022,6900.80997115739
Angle 58,5080.77021800558,6928.8972857284
Angle 58,5106.97919565906,6956.84340898301
Angle 58,5133.14800738857,6984.64870409389
Angle 58,5159.27685097328,7012.31353162647
Angle 58,5185.3659229334,7039.83824955969
Angle 58,5211.41541853979,7067.22321330652
Angle 58,5237.42553182349,7094.46877573429
Angle 58,5263.39645558514,7121.57528718477
Angle 58,5289.32838140429,7148.54309549414
Angle 58,5315.22149964861,7175.37254601265
Angle 58,5341.07599948301,7202.06398162415
Angle 58,5366.89206887858,7228.61774276546
Angle 58,5392.66989462158,7255.03416744544
Angle 58,5418.40966232218,7281.31359126394
Angle 58,5444.11155642317,7307.45634743062
Angle 58,5469.77576020857,7333.46276678343
Angle 58,5495.40245581216,7359.33317780707
Angle 58,5520.99182422585,7385.06790665116
Angle 58,5546.54404530804,7410.66727714829
Angle 58,5572.05929779179,7436.13161083187
Angle 58,5597.53775929302,7461.46122695382
Angle 58,5622.9796063185,7486.65644250209
Angle 58,5648.38501427382,7511.71757221799
Angle 58,5673.75415747125,7536.64492861336
Angle 58,5699.08720913749,7561.43882198763
Angle 58,5724.38434142141,7586.09956044463
Angle 58,5749.64572540158,7610.6274499093
Angle 58,5774.87153109384,7635.02279414423
Angle 58,5800.0619274587,7659.28589476602
Angle 58,5825.21708240869,7683.41705126155
Angle 58,5850.33716281562,7707.41656100398
Angle 58,5875.42233451778,7731.28471926876
Angle 58,5900.472762327,7755.02181924935
Angle 58,5925.48861003572,7778.62815207285
Angle 58,5950.47004042389,7802.10400681553
Angle 58,5975.41721526585,7825.44967051812
Angle 58,6000.33029533711,7848.66542820106
Angle 58,6025.20944042105,7871.75156287952
Angle 58,6050.05480931557,7894.70835557838
Angle 58,6074.86655983964,7917.53608534698
Angle 58,6099.64484883978,7940.23502927379
Angle 58,6124.38983219644,7962.80546250094
Angle 58,6149.10166483039,7985.24765823864
Angle 58,6173.78050070895,8007.56188777941
Angle 58,6198.42649285218,8029.74842051225
Angle 58,6223.03979333903,8051.80752393665
Angle 58,6247.62055331335,8073.7394636765
Angle 58,6272.1689229899,8095.54450349382
Angle 58,6296.68505166026,8117.22290530247
Angle 58,6321.16908769869,8138.77492918165
Angle 58,6345.62117856787,8160.20083338933
Angle 58,6370.04147082464,8181.50087437554
Angle 58,6394.43011012567,8202.67530679558
Angle 58,6418.78724123299,8223.72438352307
Angle 58,6443.11300801955,8244.64835566294
Angle 58,6467.40755347464,8265.44747256426
Angle 58,6491.67101970931,8286.12198183303
Angle 58,6515.9035479617,8306.67212934478
Angle 58,6540.10527860228,8327.09815925711
Angle 58,6564.27635113907,8347.40031402214
Angle 58,6588.41690422279,8367.57883439885
Angle 58,6612.52707565193,8387.63395946528
Angle 58,6636.60700237779,8407.56592663067
Angle 58,6660.65682050945,8427.3749716475
Angle 58,6684.67666531864,8447.06132862342
Angle 58,6708.66667124465,8466.62523003309
Angle 58,6732.62697189907,8486.06690672991
Angle 58,6756.55770007056,8505.38658795771
Angle 58,6780.45898772953,8524.58450136226
Angle 58,6804.33096603271,8543.66087300278
Angle 58,6828.17376532782,8562.6159273633
Angle 58,6851.987515158,8581.44988736397
Angle 58,6875.7723442663,8600.16297437222
Angle 58,6899.5283806001,8618.75540821396
Angle 58,6923.25575131545,8637.22740718454
Angle 58,6946.95458278139,8655.57918805973
Angle 58,6970.62500058418,8673.8109661066
Angle 58,6994.26712953151,8691.92295509432
Angle 58,7017.88109365668,8709.91536730483
Angle 58,7041.46701622263,8727.78841354351
Angle 58,7065.02501972606,8745.54230314971
Angle 58,7088.55522590138,8763.17724400723
Angle 58,7112.0577557247,8780.69344255477
Angle 58,7135.5327294177,8798.09110379617
Angle 58,7158.98026645151,8815.37043131075
Angle 58,7182.40048555051,8832.53162726345
Angle 58,7205.79350469607,8849.57489241496
Angle 58,7229.1594411303,8866.50042613175
Angle 58,7252.4984113597,8883.30842639604
Angle 58,7275.81053115877,8899.99908981576
Angle 58,7299.09591557361,8916.57261163431
Angle 58,7322.35467892544,8933.02918574039
Angle 58,7345.58693481411,8949.36900467771
Angle 58,7368.79279612149,8965.59225965459
Angle 58,7391.97237501494,8981.69914055361
Angle 58,7415.12578295063,8997.68983594107
Angle 58,7438.25313067685,9013.56453307651
Angle 58,7461.35452823732,9029.32341792206
Angle 58,7484.43008497437,9044.96667515182
Angle 58,7507.47990953218,9060.49448816112
Angle 58,7530.5041098599,9075.90703907576
Angle 58,7553.50279321478,9091.2045087612
Angle 58,7576.47606616523,9106.38707683163
Angle 58,7599.42403459384,9121.4549216591
Angle 58,7622.34680370039,9136.40822038247
Angle 58,7645.24447800479,9151.24714891639
Angle 58,7668.11716135,9165.97188196022
Angle 58,7690.96495690492,9180.58259300687
Angle 58,7713.7879671672,9195.07945435159
Angle 58,7736.58629396604,9209.46263710078
Angle 58,7759.36003846501,9223.73231118065
Angle 58,7782.10930116472,9237.88864534588
Angle 58,7804.83418190553,9251.93180718829
Angle 58,7827.53477987022,9265.86196314534
Angle 58,7850.21119358659,9279.67927850872
Angle 58,7872.86352093009,9293.38391743277
Angle 58,7895.49185912632,9306.97604294297
Angle 58,7918.09630475359,9320.45581694431
Angle 58,7940.67695374539,9333.82340022966
Angle 58,7963.23390139284,9347.07895248805
Angle 58,7985.76724234712,9360.222632313
Angle 58,8008.27707062186,9373.25459721071
Angle 58,8030.76347959548,9386.17500360827
Angle 58,8053.22656201355,9398.98400686182
Angle 58,8075.66640999102,9411.68176126467
Angle 58,8098.08311501458,9424.26842005541
Angle 58,8120.47676794478,9436.74413542592
Angle 58,8142.84745901834,9449.1090585294
Angle 58,8165.19527785024,9461.36333948837
Angle 58,8187.52031343591,9473.50712740261
Angle 58,8209.82265415336,9485.54057035706
Angle 58,8232.10238776519,9497.46381542972
Angle 58,8254.35960142076,9509.27700869951
Angle 58,8276.59438165813,9520.98029525407
Angle 58,8298.80681440612,9532.57381919756
Angle 58,8320.99698498626,9544.05772365844
Angle 58,8343.16497811474,9555.43215079718
Angle 58,8365.31087790438,9566.69724181401
Angle 58,8387.43476786648,9577.85313695652
Angle 58,8409.53673091272,9588.8999755274
Angle 58,8431.61684935701,9599.83789589202
Angle 58,8453.67520491731,9610.66703548603
Angle 58,8475.71187871745,9621.38753082295
Angle 58,8497.72695128889,9631.99951750173
Angle 58,8519.72050257248,9642.50313021426
Angle 58,8541.69261192021,9652.89850275287
Angle 58,8563.64335809692,9663.18576801786
Angle 58,8585.57281928198,9673.3650580249
Angle 58,8607.48107307094,9683.4365039125
Angle 58,8629.36819647723,9693.40023594943
Angle 58,8651.23426593375,9703.25638354212
Angle 58,8673.07935729449,9713.00507524204
Angle 58,8694.90354583611,9722.64643875303
Angle 58,8716.70690625951,9732.18060093869
Angle 58,8738.48951269141,9741.60768782966
Angle 58,8760.25143868582,9750.92782463095
Angle 58,8781.99275722563,9760.14113572921
Angle 58,8803.71354072405,9769.24774470003
Angle 58,8825.4138610261,9778.24777431515
Angle 58,8847.0937894101,9787.14134654974
Angle 58,8868.75339658908,9795.92858258961
Angle 58,8890.39275271225,9804.6096028384
Angle 58,8912.01192736637,9813.18452692478
Angle 58,8933.61098957721,9821.65347370966
Angle 58,8955.19000781087,9830.01656129333
Angle 58,8976.7490499752,9838.27390702259
Angle 58,8998.28818342116,9846.42562749794
Angle 58,9019.80747494413,9854.47183858066
Angle 58,9041.30699078528,9862.41265539996
Angle 58,9062.78679663288,9870.24819236005
Angle 58,9084.2469576236,9877.97856314726
Angle 58,9105.68753834382,9885.60388073709
Angle 58,9127.10860283092,9893.12425740133
Angle 58,9148.51021457454,9900.53980471503
Angle 58,9169.89243651788,9907.85063356365
Angle 58,9191.25533105894,9915.05685415001
Angle 58,9212.59896005175,9922.15857600137
Angle 58,9233.92338480764,9929.15590797643
Angle 58,9255.22866609649,9936.04895827236
Angle 58,9276.5148641479,9942.83783443176
Angle 58,9297.78203865245,9949.52264334969
Angle 58,9319.03024876291,9956.10349128061
Angle 58,9340.25955309543,9962.58048384541
Angle 58,9361.47000973075,9968.95372603834
Angle 58,9382.66167621542,9975.22332223396
Angle 58,9403.83460956293,9981.38937619412
Angle 58,9424.98886625495,9987.45199107488
Angle 58,9446.12450224251,9993.41126943347
Angle 58,9467.24157294715,9999.26731323518
Angle 58,9488.34013326211,10005.0202238603
Angle 58,9509.42023755352,10010.6701021111
Angle 58,9530.48193966155,10016.2170482185
Angle 58,9551.52529290161,10021.6611618494
Angle 58,9572.55035006548,10027.0025421131
Angle 58,9593.55716342252,10032.2412875685
Angle 58,9614.54578472082,10037.3774962308
Angle 58,9635.51626518837,10042.4112655786
Angle 58,9656.46865553422,10047.3426925604
Angle 58,9677.4030059497,10052.1718736019
Angle 58,9698.31936610953,10056.8989046125
Angle 58,9719.21778517306,10061.5238809922
Angle 58,9740.09831178539,10066.0468976387
Angle 58,9760.96099407861,10070.468048954
Angle 58,9781.80587967293,10074.7874288511
Angle 58,9802.63301567793,10079.0051307612
Angle 58,9823.4424486937,10083.1212476401
Angle 58,9844.23422481208,10087.1358719753
Angle 58,9865.00838961785,10091.0490957928
Angle 58,9885.76498818994,10094.8610106635
Angle 58,9906.50406510265,10098.5717077107
Angle 58,9927.22566442688,10102.1812776159
Angle 58,9947.92982973135,10105.6898106265
Angle 58,9968.61660408387,10109.0973965621
Angle 58,9989.28603005254,10112.4041248212
Angle 58,10009.938149707,10115.6100843881
Angle 58,10030.5730046199,10118.7153638396
Angle 58,10051.1906358677,10121.7200513518
Angle 58,10071.7910840325,10124.6242347064
Angle 58,10092.3743892031,10127.4280012982
Angle 58,10112.940590976,10130.131438141
Angle 58,10133.4897284573,10132.7346318747
Angle 58,10154.0218402637,10135.2376687718
Angle 58,10174.5369645237,10137.6406347444
Angle 58,10195.0351388793,10139.9436153503
Angle 58,10215.5164004871,10142.1466958001
Angle 58,10235.9807860196,10144.2499609638
Angle 58,10256.4283316671,10146.253495377
Angle 58,10276.8590731385,10148.1573832481
Angle 58,10297.2730456629,10149.9617084645
Angle 58,10317.6702839912,10151.6665545993
Angle 58,10338.0508223974,10153.2720049177
Angle 58,10358.4146946801,10154.7781423841
Angle 58,10378.7619341639,10156.1850496678
Angle 58,10399.092573701,10157.4928091503
Angle 58,10419.4066456725,10158.7015029314
Angle 58,10439.7041819902,10159.8112128358
Angle 58,10459.9852140979,10160.8220204196
Angle 58,10480.2497729731,10161.7340069768
Angle 58,10500.4978891286,10162.5472535454
Angle 58,10520.7295926136,10163.2618409146
Angle 58,10540.944913016,10163.8778496305
Angle 58,10561.1438794638,10164.3953600025
Angle 58,10581.3265206262,10164.8144521104
Angle 58,10601.4928647161,10165.1352058099
Angle 58,10621.6429394911,10165.3577007395
Angle 58,10641.7767722556,10165.4820163265
Angle 58,10661.894389862,10165.5082317937
Angle 58,10681.9958187132,10165.4364261652
Angle 58,10702.0810847636,10165.2666782729
Angle 58,10722.1502135212,10164.9990667627
Angle 58,10742.2032300495,10164.6336701008
Angle 58,10762.2401589687,10164.1705665798
Angle 58,10782.2610244584,10163.6098343248
Angle 58,10802.2658502588,10162.9515512996
Angle 58,10822.2546596725,10162.1957953131
Angle 58,10842.2274755669,10161.3426440248
Angle 58,10862.1843203756,10160.3921749514
Angle 58,10882.1252161006,10159.3444654726
Angle 58,10902.0501843138,10158.1995928371
Angle 58,10921.9592461597,10156.9576341686
Angle 58,10941.8524223565,10155.618666472
Angle 58,10961.7297331988,10154.1827666389
Angle 58,10981.5911985592,10152.6500114538
Angle 58,11001.4368378903,10151.0204776
Angle 58,11021.2666702269,10149.2942416652
Angle 58,11041.0807141882,10147.4713801475
Angle 58,11060.8789879796,10145.5519694612
Angle 58,11080.6615093947,10143.5360859423
Angle 58,11100.4282958178,10141.4238058545
Angle 58,11120.1793642259,10139.2152053949
Angle 58,11139.9147311906,10136.9103606992
Angle 58,11159.6344128806,10134.509347848
Angle 58,11179.3384250637,10132.0122428718
Angle 58,11199.026783109,10129.4191217568
Angle 58,11218.6995019893,10126.7300604504
Angle 58,11238.3565962832,10123.9451348666
Angle 58,11257.9980801772,10121.0644208916
Angle 58,11277.6239674685,10118.0879943889
Angle 58,11297.2342715666,10115.0159312051
Angle 58,11316.8290054963,10111.8483071747
Angle 58,11336.4081818994,10108.585198126
Angle 58,11355.9718130376,10105.2266798856
Angle 58,11375.5199107945,10101.7728282843
Angle 58,11395.0524866779,10098.2237191621
Angle 58,11414.5695518227,10094.5794283729
Angle 58,11434.0711169929,10090.8400317901
Angle 58,11453.557192584,10087.0056053114
Angle 58,11473.0277886256,10083.0762248639
Angle 58,11492.482914784,10079.051966409
Angle 58,11511.9225803642,10074.9329059474
Angle 58,11531.346794313,10070.7191195238
Angle 58,11550.7555652208,10066.4106832319
Angle 58,11570.1489013249,10062.0076732193
Angle 58,11589.5268105113,10057.5101656919
Angle 58,11608.8893003178,10052.9182369189
Angle 58,11628.2363779361,10048.2319632373
Angle 58,11647.5680502148,10043.4514210566
Angle 58,11666.8843236617,10038.5766868633
Angle 58,11686.1852044464,10033.6078372256
Angle 58,11705.470698403,10028.5449487975
Angle 58,11724.7408110328,10023.3880983236
Angle 58,11743.9955475066,10018.1373626434
Angle 58,11763.2349126678,10012.7928186954
Angle 58,11782.4589110345,10007.3545435217
Angle 58,11801.6675468028,10001.8226142722
Angle 58,11820.8608238489,9996.19710820842
Angle 58,11840.038745732,9990.47810270815
Angle 58,11859.2013156973,9984.66567526924
Angle 58,11878.3485366779,9978.75990351374
Angle 58,11897.4804112984,9972.76086519189
Angle 58,11916.5969418771,9966.66863818607
Angle 58,11935.6981304288,9960.48330051468
Angle 58,11954.7839786676,9954.20493033604
Angle 58,11973.8544880095,9947.83360595214
Angle 58,11992.9096595753,9941.36940581242
Angle 58,12011.9494941934,9934.81240851747
Angle 58,12030.9739924022,9928.1626928227
Angle 58,12049.9831544534,9921.42033764188
Angle 58,12068.9769803143,9914.5854220508
Angle 58,12087.9554696706,9907.65802529066
Angle 58,12106.9186219295,9900.63822677159
Angle 58,12125.8664362223,9893.52610607605
Angle 58,12144.798911407,9886.32174296216
Angle 58,12163.7160460714,9879.025217367
Angle 58,12182.6178385357,9871.63660940989
Angle 58,12201.5042868554,9864.15599939555
Angle 58,12220.3753888238,9856.58346781729
Angle 58,12239.2311419751,9848.91909536009
Angle 58,12258.0715435874,9841.16296290363
Angle 58,12276.8965906847,9833.31515152534
Angle 58,12295.7062800407,9825.37574250328
Angle 58,12314.5006081807,9817.34481731911
Angle 58,12333.279571385,9809.22245766086
Angle 58,12352.0431656916,9801.00874542581
Angle 58,12370.7913868986,9792.70376272315
Angle 58,12389.5242305675,9784.30759187676
Angle 58,12408.2416920258,9775.82031542777
Angle 58,12426.9437663695,9767.24201613723
Angle 58,12445.6304484665,9758.57277698862
Angle 58,12464.3017329589,9749.81268119035
Angle 58,12482.9576142659,9740.96181217819
Angle 58,12501.5980865867,9732.0202536177
Angle 58,12520.2231439031,9722.98808940655
Angle 58,12538.8327799825,9713.86540367683
Angle 58,12557.4269883804,9704.65228079731
Angle 58,12576.0057624434,9695.34880537558
Angle 58,12594.5690953118,9685.95506226029
Angle 58,12613.1169799225,9676.47113654317
Angle 58,12631.6494090116,9666.89711356114
Angle 58,12650.1663751174,9657.23307889828
Angle 58,12668.6678705826,9647.4791183878
Angle 58,12687.1538875577,9637.63531811396
Angle 58,12705.6244180034,9627.70176441388
Angle 58,12724.0794536933,9617.67854387943
Angle 58,12742.5189862165,9607.56574335894
Angle 58,12760.9430069807,9597.36344995893
Angle 58,12779.3515072145,9587.07175104579
Angle 58,12797.7444779704,9576.69073424741
Angle 58,12816.1219101271,9566.22048745472
Angle 58,12834.4837943927,9555.6610988233
Angle 58,12852.8301213068,9545.01265677478
Angle 58,12871.1608812437,9534.27524999835
Angle 58,12889.4760644145,9523.4489674521
Angle 58,12907.7756608703,9512.53389836442
Angle 58,12926.0596605043,9501.53013223528
Angle 58,12944.3280530548,9490.43775883749
Angle 58,12962.5808281077,9479.25686821794
Angle 58,12980.8179750989,9467.98755069874
Angle 58,12999.0394833174,9456.62989687838
Angle 58,13017.2453419073,9445.1839976328
Angle 58,13035.4355398705,9433.64994411646
Angle 58,13053.6100660697,9422.02782776329
Angle 58,13071.7689092304,9410.3177402877
Angle 58,13089.9120579437,9398.51977368547
Angle 58,13108.0395006687,9386.63402023463
Angle 58,13126.1512257353,9374.66057249632
Angle 58,13144.2472213462,9362.59952331553
Angle 58,13162.32747558,9350.45096582189
Angle 58,13180.391976393,9338.21499343037
Angle 58,13198.4407116222,9325.89169984198
Angle 58,13216.4736689877,9313.48117904433
Angle 58,13234.4908360946,9300.9835253123
Angle 58,13252.4922004363,9288.39883320857
Angle 58,13270.4777493961,9275.72719758409
Angle 58,13288.4474702501,9262.96871357863
Angle 58,13306.4013501693,9250.12347662116
Angle 58,13324.3393762222,9237.19158243026
Angle 58,13342.2615353771,9224.17312701453
Angle 58,13360.1678145042,9211.06820667284
Angle 58,13378.0582003784,9197.87691799468
Angle 58,13395.9326796811,9184.5993578604
Angle 58,13413.791239003,9171.23562344139
Angle 58,13431.633864846,9157.78581220032
Angle 58,13449.4605436257,9144.25002189123
Angle 58,13467.2712616735,9130.6283505597
Angle 58,13485.066005239,9116.92089654286
Angle 58,13502.8447604922,9103.12775846948
Angle 58,13520.6075135257,9089.24903525998
Angle 58,13538.3542503568,9075.28482612636
Angle 58,13556.0849569299,9061.23523057221
Angle 58,13573.7996191185,9047.10034839255
Angle 58,13591.4982227276,9032.88027967374
Angle 58,13609.1807534954,9018.57512479334
Angle 58,13626.8471970959,9004.18498441989
Angle 58,13644.4975391408,8989.70995951272
Angle 58,13662.1317651816,8975.15015132168
Angle 58,13679.7498607119,8960.50566138686
Angle 58,13697.3518111689,8945.77659153829
Angle 58,13714.9376019363,8930.96304389561
Angle 58,13732.5072183455,8916.06512086766
Angle 58,13750.0606456785,8901.08292515213
Angle 58,13767.5978691689,8886.0165597351
Angle 58,13785.1188740048,8870.86612789057
Angle 58,13802.6236453304,8855.63173318002
Angle 58,13820.1121682478,8840.31347945187
Angle 58,13837.5844278193,8824.91147084094
Angle 58,13855.0404090692,8809.42581176786
Angle 58,13872.4800969856,8793.85660693853
Angle 58,13889.9034765224,8778.20396134344
Angle 58,13907.3105326014,8762.46798025708
Angle 58,13924.7012501137,8746.64876923721
Angle 58,13942.075613922,8730.7464341242
Angle 58,13959.4336088624,8714.76108104027
Angle 58,13976.7752197459,8698.6928163888
Angle 58,13994.1004313605,8682.5417468535
Angle 58,14011.4092284731,8666.30797939762
Angle 58,14028.7015958309,8649.99162126317
Angle 58,14045.9775181635,8633.59277997003
Angle 58,14063.2369801847,8617.11156331508
Angle 58,14080.4799665938,8600.54807937136
Angle 58,14097.7064620777,8583.9024364871
Angle 58,14114.9164513128,8567.17474328481
Angle 58,14132.1099189662,8550.36510866031
Angle 58,14149.2868496975,8533.47364178178
Angle 58,14166.4472281607,8516.50045208872
Angle 58,14183.5910390059,8499.44564929094
Angle 58,14200.7182668804,8482.30934336755
Angle 58,14217.8288964309,8465.09164456583
Angle 58,14234.922912305,8447.79266340023
Angle 58,14252.0002991523,8430.41251065117
Angle 58,14269.0610416267,8412.95129736403
Angle 58,14286.1051243874,8395.40913484791
Angle 58,14303.1325321008,8377.78613467451
Angle 58,14320.1432494419,8360.08240867698
Angle 58,14337.1372610956,8342.29806894865
Angle 58,14354.1145517586,8324.4332278419
Angle 58,14371.0751061407,8306.48799796685
Angle 58,14388.0189089662,8288.46249219017
Angle 58,14404.9459449754,8270.35682363377
Angle 58,14421.8561989262,8252.17110567355
Angle 58,14438.7496555953,8233.90545193805
Angle 58,14455.6262997797,8215.5599763072
Angle 58,14472.4861162982,8197.13479291092
Angle 58,14489.3290899928,8178.63001612784
Angle 58,14506.1552057297,8160.04576058387
Angle 58,14522.9644484012,8141.38214115084
Angle 58,14539.7568029266,8122.63927294515
Angle 58,14556.5322542539,8103.8172713263
Angle 58,14573.2907873608,8084.91625189549
Angle 58,14590.0323872562,8065.9363304942
Angle 58,14606.7570389814,8046.87762320271
Angle 58,14623.4647276113,8027.74024633865
Angle 58,14640.155438256,8008.52431645553
Angle 58,14656.8291560616,7989.22995034123
Angle 58,14673.4858662117,7969.8572650165
Angle 58,14690.1255539287,7950.40637773346
Angle 58,14706.7482044745,7930.87740597405
Angle 58,14723.3538031525,7911.27046744849
Angle 58,14739.9423353082,7891.58568009375
Angle 58,14756.5137863302,7871.82316207197
Angle 58,14773.0681416522,7851.98303176886
Angle 58,14789.6053867532,7832.06540779216
Angle 58,14806.1255071592,7812.07040897002
Angle 58,14822.628488444,7791.99815434937
Angle 58,14839.1143162307,7771.84876319433
Angle 58,14855.5829761924,7751.62235498457
Angle 58,14872.0344540533,7731.31904941369
Angle 58,14888.46873559,7710.93896638753
Angle 58,14904.8858066324,7690.48222602255
Angle 58,14921.2856530648,7669.94894864413
Angle 58,14937.6682608268,7649.33925478494
Angle 58,14954.0336159144,7628.65326518319
Angle 58,14970.3817043812,7607.89110078099
Angle 58,14986.7125123388,7587.05288272264
Angle 58,15003.0260259586,7566.13873235287
Angle 58,15019.3222314719,7545.14877121521
Angle 58,15035.6011151716,7524.08312105016
Angle 58,15051.8626634127,7502.94190379353
Angle 58,15068.1068626132,7481.72524157469
Angle 58,15084.3336992554,7460.43325671478
Angle 58,15100.5431598864,7439.066071725
Angle 58,15116.7352311191,7417.62380930482
Angle 58,15132.9098996332,7396.10659234021
Angle 58,15149.067152176,7374.5145439019
Angle 58,15165.2069755633,7352.84778724356
Angle 58,15181.3293566801,7331.1064458
Angle 58,15197.4342824814,7309.29064318543
Angle 58,15213.5217399935,7287.40050319162
Angle 58,15229.591716314,7265.43614978612
Angle 58,15245.6441986135,7243.39770711041
Angle 58,15261.6791741356,7221.28529947814
Angle 58,15277.6966301982,7199.09905137326
Angle 58,15293.696554194,7176.83908744823
Angle 58,15309.6789335914,7154.50553252218
Angle 58,15325.6437559351,7132.09851157906
Angle 58,15341.5910088468,7109.61814976583
Angle 58,15357.5206800264,7087.06457239061
Angle 58,15373.432757252,7064.4379049208
Angle 58,15389.3272283811,7041.7382729813
Angle 58,15405.204081351,7018.96580235259
Angle 58,15421.0633041798,6996.12061896891
Angle 58,15436.9048849667,6973.20284891639
Angle 58,15452.728811893,6950.21261843119
Angle 58,15468.5350732224,6927.15005389765
Angle 58,15484.323657302,6904.01528184637
Angle 58,15500.0945525626,6880.80842895241
Angle 58,15515.8477475196,6857.52962203336
Angle 58,15531.5832307734,6834.1789880475
Angle 58,15547.3009910101,6810.75665409192
Angle 58,15563.001017002,6787.2627474006
Angle 58,15578.6832976083,6763.69739534258
Angle 58,15594.3478217756,6740.06072542006
Angle 58,15609.9945785385,6716.35286526651
Angle 58,15625.6235570201,6692.57394264477
Angle 58,15641.2347464324,6668.72408544521
Angle 58,15656.8281360772,6644.80342168378
Angle 58,15672.4037153462,6620.81207950019
Angle 58,15687.961473722,6596.75018715594
Angle 58,15703.5014007781,6572.61787303251
Angle 58,15719.0234861796,6548.41526562942
Angle 58,15734.5277196837,6524.14249356234
Angle 58,15750.0140911403,6499.79968556122
Angle 58,15765.4825904922,6475.38697046839
Angle 58,15780.9332077758,6450.90447723666
Angle 58,15796.3659331213,6426.35233492743
Angle 58,15811.7807567533,6401.7306727088
Angle 58,15827.1776689913,6377.03961985371
Angle 58,15842.55666025,6352.27930573797
Angle 58,15857.9177210396,6327.44985983848
Angle 58,15873.2608419666,6302.55141173122
Angle 58,15888.5860137338,6277.58409108947
Angle 58,15903.8932271407,6252.54802768185
Angle 58,15919.1824730841,6227.44335137046
Angle 58,15934.4537425586,6202.27019210901
Angle 58,15949.7070266564,6177.0286799409
Angle 58,15964.9423165681,6151.71894499736
Angle 58,15980.159603583,6126.34111749558
Angle 58,15995.3588790894,6100.89532773679
Angle 58,16010.5401345749,6075.38170610443
Angle 58,16025.7033616266,6049.80038306224
Angle 58,16040.8485519316,6024.15148915241
Angle 58,16055.9756972773,5998.43515499368
Angle 58,16071.0847895517,5972.6515112795
Angle 58,16086.1758207434,5946.80068877614
Angle 58,16101.2487829426,5920.88281832084
Angle 58,16116.3036683403,5894.89803081994
Angle 58,16131.3404692296,5868.84645724701
Angle 58,16146.3591780053,5842.72822864102
Angle 58,16161.3597871647,5816.54347610447
Angle 58,16176.342289307,5790.2923308015
Angle 58,16191.3066771346,5763.97492395613
Angle 58,16206.2529434526,5737.59138685032
Angle 58,16221.181081169,5711.14185082219
Angle 58,16236.0910832956,5684.62644726416
Angle 58,16250.9829429474,5658.0453076211
Angle 58,16265.8566533432,5631.39856338851
Angle 58,16280.7122078059,5604.6863461107
Angle 58,16295.5495997626,5577.90878737895
Angle 58,16310.3688227444,5551.06601882968
Angle 58,16325.1698703872,5524.15817214267
Angle 58,16339.9527364316,5497.18537903919
Angle 58,16354.7174147228,5470.14777128023
Angle 58,16369.4638992112,5443.04548066467
Angle 58,16384.1921839523,5415.8786390275
Angle 58,16398.9022631068,5388.64737823799
Angle 58,16413.594130941,5361.35183019794
Angle 58,16428.2677818267,5333.99212683984
Angle 58,16442.9232102413,5306.5684001251
Angle 58,16457.5604107681,5279.0807820423
Angle 58,16472.1793780963,5251.52940460537
Angle 58,16486.7801070211,5223.91439985184
Angle 58,16501.3625924439,5196.23589984105
Angle 58,16515.9268293722,5168.49403665243
Angle 58,16530.47281292,5140.6889423837
Angle 58,16545.0005383074,5112.82074914912
Angle 58,16559.5100008612,5084.88958907777
Angle 58,16574.0011960148,5056.89559431177
Angle 58,16588.474119308,5028.83889700457
Angle 58,16602.9287663873,5000.71962931921
Angle 58,16617.3651330062,4972.53792342656
Angle 58,16631.7832150245,4944.29391150364
Angle 58,16646.1830084092,4915.98772573188
Angle 58,16660.5645092341,4887.61949829541
Angle 58,16674.9277136796,4859.18936137936
Angle 58,16689.2726180334,4830.69744716812
Angle 58,16703.5992186898,4802.14388784372
Angle 58,16717.9075121503,4773.52881558406
Angle 58,16732.1974950231,4744.85236256125
Angle 58,16746.4691640237,4716.11466093997
Angle 58,16760.7225159743,4687.31584287573
Angle 58,16774.9575478041,4658.45604051325
Angle 58,16789.1742565494,4629.53538598477
Angle 58,16803.3726393532,4600.55401140842
Angle 58,16817.5526934656,4571.51204888654
Angle 58,16831.7144162435,4542.40963050405
Angle 58,16845.8578051508,4513.24688832682
Angle 58,16859.9828577581,4484.02395440001
Angle 58,16874.0895717428,4454.74096074647
Angle 58,16888.1779448891,4425.39803936511
Angle 58,16902.2479750879,4395.99532222927
Angle 58,16916.2996603368,4366.53294128514
Angle 58,16930.3329987397,4337.01102845013
Angle 58,16944.3479885075,4307.42971561132
Angle 58,16958.3446279572,4277.7891346238
Angle 58,16972.3229155124,4248.08941730914
Angle 58,16986.2828497028,4218.33069545381
Angle 58,17000.2244291646,4188.51310080758
Angle 58,17014.14765264,4158.63676508199
Angle 58,17028.0525189774,4128.70181994877
Angle 58,17041.9390271309,4098.7083970383
Angle 58,17055.8071761608,4068.65662793807
Angle 58,17069.6569652331,4038.54664419113
Angle 58,17083.4883936192,4008.37857729456
Angle 58,17097.3014606966,3978.15255869797
Angle 58,17111.0961659478,3947.86871980195
Angle 58,17124.8725089609,3917.52719195658
Angle 58,17138.630489429,3887.12810645993
Angle 58,17152.3701071505,3856.67159455653
Angle 58,17166.0913620288,3826.15778743593
Angle 58,17179.7942540719,3795.58681623119
Angle 58,17193.4787833927,3764.95881201739
Angle 58,17207.1449502087,3734.27390581019
Angle 58,17220.7927548416,3703.53222856436
Angle 58,17234.4221977176,3672.7339111723
Angle 58,17248.0332793671,3641.87908446263
Angle 58,17261.6260004241,3610.96787919873
Angle 58,17275.2003616268,3580.0004260773
Angle 58,17288.7563638168,3548.97685572695
Angle 58,17302.2940079395,3517.89729870676
Angle 58,17315.8132950433,3486.76188550488
Angle 58,17329.3142262799,3455.57074653714
Angle 58,17342.7968029041,3424.32401214561
Angle 58,17356.2610262734,3393.02181259725
Angle 58,17369.7068978478,3361.66427808251
Angle 58,17383.1344191901,3330.25153871395
Angle 58,17396.543591965,3298.78372452488
Angle 58,17409.9344179395,3267.26096546799
Angle 58,17423.3068989824,3235.683391414
Angle 58,17436.6610370643,3204.05113215031
Angle 58,17449.996834257,3172.36431737965
Angle 58,17463.3142927339,3140.62307671879
Angle 58,17476.6134147694,3108.82753969716
Angle 58,17489.8942027387,3076.97783575556
Angle 58,17503.1566591177,3045.07409424484
Angle 58,17516.4007864828,3013.11644442462
Angle 58,17529.6265875106,2981.10501546196
Angle 58,17542.8340649778,2949.03993643009
Angle 58,17556.0232217607,2916.92133630715
Angle 58,17569.1940608354,2884.74934397487
Angle 58,17582.3465852773,2852.52408821734
Angle 58,17595.4807982609,2820.24569771973
Angle 58,17608.5967030596,2787.91430106707
Angle 58,17621.6943030453,2755.53002674297
Angle 58,17634.7736016887,2723.09300312841
Angle 58,17647.8346025584,2690.6033585005
Angle 58,17660.8773093209,2658.06122103125
Angle 58,17673.9017257407,2625.46671878638
Angle 58,17686.9078556794,2592.81997972412
Angle 58,17699.8957030961,2560.12113169395
Angle 58,17712.8652720466,2527.3703024355
Angle 58,17725.8165666838,2494.56761957729
Angle 58,17738.7495912565,2461.71321063559
Angle 58,17751.6643501102,2428.80720301326
Angle 58,17764.5608476861,2395.84972399857
Angle 58,17777.4390885211,2362.84090076404
Angle 58,17790.2990772474,2329.78086036532
Angle 58,17803.1408185927,2296.66972974005
Angle 58,17815.9643173791,2263.50763570669
Angle 58,17828.7695785237,2230.29470496346
Angle 58,17841.5566070377,2197.03106408718
Angle 58,17854.3254080265,2163.71683953215
Angle 58,17867.0759866893,2130.35215762912
Angle 58,17879.8083483187,2096.93714458411
Angle 58,17892.5224983007,2063.4719264774
Angle 58,17905.218442114,2029.95662926239
Angle 58,17917.8961853301,1996.39137876457
Angle 58,17930.5557336131,1962.77630068047
Angle 58,17943.1970927188,1929.11152057655
Angle 58,17955.8202684952,1895.39716388821
Angle 58,17968.4252668815,1861.6333559187
Angle 58,17981.0120939083,1827.82022183814
Angle 58,17993.5807556972,1793.95788668245
Angle 58,18006.1312584603,1760.04647535238
Angle 58,18018.6636085001,1726.08611261243
Angle 58,18031.1778122092,1692.07692308994
Angle 58,18043.6738760699,1658.01903127401
Angle 58,18056.151806654,1623.91256151456
Angle 58,18068.6116106223,1589.75763802135
Angle 58,18081.0532947247,1555.55438486298
Angle 58,18093.4768657995,1521.30292596597
Angle 58,18105.8823307731,1487.00338511375
Angle 58,18118.2696966602,1452.65588594576
Angle 58,18130.6389705627,1418.26055195647
Angle 58,18142.9901596701,1383.81750649446
Angle 58,18155.3232712588,1349.32687276151
Angle 58,18167.6383126918,1314.78877381165
Angle 58,18179.9352914187,1280.20333255027
Angle 58,18192.214214975,1245.5706717332
Angle 58,18204.4750909819,1210.89091396583
Angle 58,18216.7179271461,1176.16418170219
Angle 58,18228.9427312594,1141.3905972441
Angle 58,18241.1495111985,1106.57028274029
Angle 58,18253.3382749242,1071.70336018552
Angle 58,18265.5090304818,1036.7899514197
Angle 58,18277.6617860004,1001.83017812709
Angle 58,18289.7965496923,966.824161835409
Angle 58,18301.9133298534,931.772023915011
Angle 58,18314.012134862,896.67388557806
Angle 58,18326.0929731793,861.529867877693
Angle 58,18338.1558533484,826.340091707216
Angle 58,18350.2007839945,791.104677799284
Angle 58,18362.2277738242,755.823746725106
Angle 58,18374.2368316252,720.497418893646
Angle 58,18386.2279662664,685.125814550837
Angle 58,18398.2011866969,649.709053778798
Angle 58,18410.1565019461,614.247256495064
Angle 58,18422.0939211234,578.740542451818
Angle 58,18434.0134534177,543.189031235129
Angle 58,18445.915108097,507.592842264206
Angle 58,18457.7988945081,471.952094790647
Angle 58,18469.6648220767,436.266907897706
Angle 58,18481.5129003063,400.537400499559
Angle 58,18493.3431387784,364.763691340582
Angle 58,18505.1555471521,328.945898994633
Angle 58,18516.9501351635,293.084141864344
Angle 58,18528.7269126258,257.178538180417
Angle 58,18540.4858894284,221.229206000931
Angle 58,18552.2270755371,185.23626321065
Angle 58,18563.9504809934,149.199827520342
Angle 58,18575.6561159143,113.120016466107
Angle 58,18587.3439904919,76.9969474087061
Angle 58,18599.0141149931,40.8307375329023
Angle 58,18610.6664997594,4.62150384680592
Angle 58,18612.1497116171,0
Angle 59,0,0
Angle 59,35.9517177810214,59.7357062582103
Angle 59,71.8031733886662,119.206821540876
Angle 59,107.555045651104,178.414745968592
Angle 59,143.20800701676,237.360866138484
Angle 59,178.76272363442,296.046555292842
Angle 59,214.219855432084,354.47317348511
Angle 59,249.580056194585,412.642067743282
Angle 59,284.843973639994,470.554572230752
Angle 59,320.012249494841,528.212008404664
Angle 59,355.085519568169,585.615685171811
Angle 59,390.06441382444,642.766899042125
Angle 59,424.949556455327,699.666934279809
Angle 59,459.741565950389,756.317063052147
Angle 59,494.441055166681,812.718545576037
Angle 59,529.048631397285,868.87263026229
Angle 59,563.564896438808,924.780553857737
Angle 59,597.990446657852,980.443541585181
Angle 59,632.32587305648,1035.86280728123
Angle 59,666.57176133669,1091.03955353206
Angle 59,700.728691963926,1145.97497180713
Angle 59,734.79724022963,1200.67024259091
Angle 59,768.777976312861,1255.12653551262
Angle 59,802.671465340998,1309.34500947404
Angle 59,836.478267449533,1363.32681277547
Angle 59,870.198937840988,1417.07308323973
Angle 59,903.834026842951,1470.58494833443
Angle 59,937.384079965262,1523.8635252924
Angle 59,970.84963795636,1576.90992123031
Angle 59,1004.2312368588,1629.72523326564
Angle 59,1037.52940806395,1682.31054863185
Angle 59,1070.74467836592,1734.666944792
Angle 59,1103.87757001469,1786.79548955057
Angle 59,1136.92860076842,1838.69724116378
Angle 59,1169.89828394513,1890.37324844826
Angle 59,1202.78712847348,1941.8245508882
Angle 59,1235.59563894294,1993.05217874092
Angle 59,1268.32431565318,2044.05715314096
Angle 59,1300.97365466278,2094.84048620268
Angle 59,1333.54414783723,2145.40318112138
Angle 59,1366.03628289627,2195.74623227303
Angle 59,1398.4505434605,2245.87062531256
Angle 59,1430.78740909744,2295.77733727076
Angle 59,1463.04735536682,2345.46733664982
Angle 59,1495.23085386532,2394.94158351759
Angle 59,1527.33837227063,2444.20102960039
Angle 59,1559.37037438494,2493.24661837468
Angle 59,1591.32732017776,2542.07928515736
Angle 59,1623.20966582822,2590.69995719483
Angle 59,1655.01786376675,2639.10955375083
Angle 59,1686.75236271612,2687.30898619309
Angle 59,1718.41360773204,2735.29915807875
Angle 59,1750.00204024311,2783.08096523865
Angle 59,1781.51809809022,2830.65529586042
Angle 59,1812.96221556547,2878.02303057046
Angle 59,1844.3348234505,2925.18504251482
Angle 59,1875.63634905434,2972.14219743899
Angle 59,1906.86721625072,3018.89535376653
Angle 59,1938.02784551486,3065.44536267677
Angle 59,1969.11865395983,3111.79306818136
Angle 59,2000.14005537232,3157.93930719979
Angle 59,2031.09246024802,3203.88490963402
Angle 59,2061.97627582647,3249.63069844196
Angle 59,2092.79190612546,3295.17748971008
Angle 59,2123.53975197499,3340.526092725
Angle 59,2154.22021105073,3385.67731004416
Angle 59,2184.83367790708,3430.63193756553
Angle 59,2215.38054400979,3475.39076459646
Angle 59,2245.86119776809,3519.95457392152
Angle 59,2276.27602456649,3564.32414186959
Angle 59,2306.62540679609,3608.50023837993
Angle 59,2336.90972388547,3652.4836270675
Angle 59,2367.12935233128,3696.2750652874
Angle 59,2397.28466572829,3739.87530419839
Angle 59,2427.37603479913,3783.28508882575
Angle 59,2457.40382742365,3826.5051581232
Angle 59,2487.36840866786,3869.53624503403
Angle 59,2517.27014081251,3912.37907655155
Angle 59,2547.10938338129,3955.03437377864
Angle 59,2576.88649316873,3997.50285198663
Angle 59,2606.60182426762,4039.78522067335
Angle 59,2636.25572809622,4081.88218362053
Angle 59,2665.84855342498,4123.79443895042
Angle 59,2695.38064640305,4165.5226791817
Angle 59,2724.85235058436,4207.06759128467
Angle 59,2754.26400695339,4248.42985673581
Angle 59,2783.61595395067,4289.61015157158
Angle 59,2812.90852749784,4330.60914644156
Angle 59,2842.14206102254,4371.42750666099
Angle 59,2871.31688548284,4412.06589226259
Angle 59,2900.43332939149,4452.52495804774
Angle 59,2929.49171883976,4492.80535363708
Angle 59,2958.49237752106,4532.90772352041
Angle 59,2987.43562675423,4572.83270710603
Angle 59,3016.32178550653,4612.58093876947
Angle 59,3045.15117041638,4652.15304790157
Angle 59,3073.92409581578,4691.54965895606
Angle 59,3102.64087375245,4730.77139149646
Angle 59,3131.30181401176,4769.81886024251
Angle 59,3159.9072241383,4808.69267511593
Angle 59,3188.45740945725,4847.39344128571
Angle 59,3216.95267309544,4885.92175921284
Angle 59,3245.39331600222,4924.27822469445
Angle 59,3273.77963696998,4962.46342890747
Angle 59,3302.11193265449,5000.47795845175
Angle 59,3330.390497595,5038.32239539265
Angle 59,3358.61562423401,5075.99731730315
Angle 59,3386.7876029369,5113.50329730544
Angle 59,3414.90672201125,5150.84090411203
Angle 59,3442.97326772599,5188.01070206633
Angle 59,3470.98752433023,5225.01325118282
Angle 59,3498.94977407197,5261.84910718668
Angle 59,3526.86029721649,5298.51882155299
Angle 59,3554.71937206458,5335.02294154549
Angle 59,3582.52727497052,5371.36201025482
Angle 59,3610.28428035986,5407.53656663637
Angle 59,3637.99066074698,5443.54714554768
Angle 59,3665.64668675244,5479.39427778538
Angle 59,3693.25262712013,5515.07849012172
Angle 59,3720.80874873423,5550.60030534069
Angle 59,3748.31531663589,5585.96024227371
Angle 59,3775.77259403986,5621.15881583488
Angle 59,3803.18084235075,5656.1965370559
Angle 59,3830.54032117924,5691.07391312049
Angle 59,3857.85128835803,5725.79144739851
Angle 59,3885.1139999576,5760.34963947966
Angle 59,3912.32871030181,5794.74898520673
Angle 59,3939.4956719833,5828.98997670861
Angle 59,3966.61513587873,5863.07310243278
Angle 59,3993.6873511638,5896.99884717755
Angle 59,4020.71256532815,5930.76769212384
Angle 59,4047.69102419002,5964.38011486671
Angle 59,4074.62297191083,5997.83658944643
Angle 59,4101.50865100949,6031.13758637926
Angle 59,4128.3483023766,6064.28357268791
Angle 59,4155.14216528848,6097.27501193157
Angle 59,4181.89047742105,6130.11236423573
Angle 59,4208.59347486349,6162.79608632155
Angle 59,4235.25139213183,6195.32663153498
Angle 59,4261.86446218229,6227.70444987557
Angle 59,4288.43291642456,6259.92998802487
Angle 59,4314.95698473484,6292.00368937466
Angle 59,4341.43689546879,6323.92599405472
Angle 59,4367.87287547432,6355.69733896042
Angle 59,4394.26515010419,6387.31815777993
Angle 59,4420.61394322854,6418.78888102118
Angle 59,4446.91947724719,6450.10993603853
Angle 59,4473.1819731019,6481.28174705909
Angle 59,4499.40165028838,6512.30473520884
Angle 59,4525.57872686828,6543.17931853842
Angle 59,4551.7134194809,6573.90591204865
Angle 59,4577.80594335492,6604.48492771578
Angle 59,4603.85651231989,6634.91677451648
Angle 59,4629.86533881764,6665.20185845256
Angle 59,4655.8326339135,6695.3405825754
Angle 59,4681.75860730751,6725.33334701018
Angle 59,4707.64346734535,6755.1805489798
Angle 59,4733.4874210293,6784.88258282856
Angle 59,4759.29067402893,6814.43984004562
Angle 59,4785.0534306918,6843.85270928818
Angle 59,4810.77589405393,6873.12157640443
Angle 59,4836.45826585023,6902.24682445628
Angle 59,4862.10074652478,6931.22883374182
Angle 59,4887.70353524099,6960.06798181756
Angle 59,4913.26682989163,6988.76464352045
Angle 59,4938.79082710883,7017.31919098968
Angle 59,4964.27572227384,7045.73199368822
Angle 59,4989.72170952678,7074.00341842416
Angle 59,5015.12898177622,7102.13382937186
Angle 59,5040.49773070874,7130.12358809284
Angle 59,5065.82814679823,7157.97305355647
Angle 59,5091.12041931525,7185.68258216046
Angle 59,5116.37473633619,7213.25252775115
Angle 59,5141.59128475231,7240.68324164355
Angle 59,5166.77025027878,7267.97507264127
Angle 59,5191.91181746351,7295.12836705613
Angle 59,5217.01616969593,7322.14346872766
Angle 59,5242.08348921568,7349.02071904239
Angle 59,5267.11395712119,7375.76045695295
Angle 59,5292.10775337814,7402.36301899693
Angle 59,5317.06505682789,7428.82873931563
Angle 59,5341.98604519571,7455.15794967257
Angle 59,5366.87089509904,7481.35097947184
Angle 59,5391.71978205558,7507.40815577628
Angle 59,5416.53288049127,7533.32980332545
Angle 59,5441.31036374829,7559.11624455347
Angle 59,5466.05240409281,7584.76779960664
Angle 59,5490.75917272283,7610.28478636092
Angle 59,5515.43083977576,7635.66752043922
Angle 59,5540.06757433606,7660.91631522857
Angle 59,5564.66954444268,7686.03148189704
Angle 59,5589.23691709651,7711.01332941061
Angle 59,5613.76985826767,7735.86216454977
Angle 59,5638.26853290279,7760.57829192603
Angle 59,5662.7331049321,7785.16201399829
Angle 59,5687.16373727659,7809.61363108894
Angle 59,5711.56059185495,7833.93344139998
Angle 59,5735.92382959051,7858.12174102883
Angle 59,5760.25361041809,7882.17882398411
Angle 59,5784.55009329075,7906.10498220121
Angle 59,5808.81343618646,7929.9005055577
Angle 59,5833.04379611476,7953.56568188869
Angle 59,5857.24132912324,7977.10079700194
Angle 59,5881.40619030406,8000.50613469288
Angle 59,5905.53853380028,8023.78197675952
Angle 59,5929.63851281222,8046.92860301719
Angle 59,5953.70627960367,8069.94629131312
Angle 59,5977.7419855081,8092.83531754096
Angle 59,6001.74578093473,8115.59595565513
Angle 59,6025.71781537457,8138.228477685
Angle 59,6049.65823740639,8160.73315374905
Angle 59,6073.56719470263,8183.11025206877
Angle 59,6097.44483403519,8205.36003898257
Angle 59,6121.29130128121,8227.48277895947
Angle 59,6145.10674142877,8249.4787346127
Angle 59,6168.89129858251,8271.34816671322
Angle 59,6192.64511596921,8293.09133420306
Angle 59,6216.36833594325,8314.70849420857
Angle 59,6240.06109999208,8336.19990205358
Angle 59,6263.7235487416,8357.56581127241
Angle 59,6287.35582196142,8378.80647362281
Angle 59,6310.95805857017,8399.92213909872
Angle 59,6334.53039664063,8420.913055943
Angle 59,6358.07297340491,8441.77947066002
Angle 59,6381.58592525947,8462.52162802814
Angle 59,6405.06938777016,8483.13977111209
Angle 59,6428.52349567713,8503.63414127523
Angle 59,6451.94838289977,8524.00497819176
Angle 59,6475.34418254149,8544.25251985878
Angle 59,6498.71102689454,8564.37700260827
Angle 59,6522.0490474447,8584.37866111896
Angle 59,6545.35837487593,8604.25772842813
Angle 59,6568.63913907503,8624.01443594331
Angle 59,6591.89146913611,8643.64901345386
Angle 59,6615.11549336517,8663.16168914247
Angle 59,6638.31133928449,8682.55268959658
Angle 59,6661.47913363704,8701.82223981973
Angle 59,6684.61900239078,8720.97056324277
Angle 59,6707.73107074302,8739.99788173501
Angle 59,6730.81546312456,8758.9044156153
Angle 59,6753.87230320395,8777.69038366298
Angle 59,6776.90171389156,8796.35600312882
Angle 59,6799.90381734369,8814.9014897458
Angle 59,6822.8787349666,8833.32705773985
Angle 59,6845.82658742047,8851.63291984052
Angle 59,6868.74749462332,8869.81928729152
Angle 59,6891.64157575496,8887.88636986124
Angle 59,6914.50894926072,8905.83437585317
Angle 59,6937.34973285533,8923.66351211625
Angle 59,6960.1640435266,8941.37398405511
Angle 59,6982.95199753912,8958.9659956403
Angle 59,7005.71371043793,8976.4397494184
Angle 59,7028.44929705209,8993.79544652206
Angle 59,7051.15887149824,9011.03328668002
Angle 59,7073.84254718413,9028.15346822699
Angle 59,7096.50043681205,9045.15618811353
Angle 59,7119.13265238227,9062.04164191577
Angle 59,7141.73930519642,9078.8100238452
Angle 59,7164.32050586081,9095.46152675828
Angle 59,7186.87636428969,9111.99634216601
Angle 59,7209.40698970858,9128.41466024349
Angle 59,7231.91249065739,9144.71666983935
Angle 59,7254.39297499362,9160.90255848516
Angle 59,7276.84854989546,9176.9725124048
Angle 59,7299.27932186492,9192.92671652367
Angle 59,7321.68539673081,9208.76535447798
Angle 59,7344.06687965177,9224.4886086239
Angle 59,7366.42387511921,9240.09666004664
Angle 59,7388.75648696028,9255.58968856955
Angle 59,7411.06481834067,9270.96787276308
Angle 59,7433.34897176753,9286.23138995375
Angle 59,7455.60904909223,9301.38041623304
Angle 59,7477.84515151312,9316.41512646625
Angle 59,7500.05737957832,9331.33569430124
Angle 59,7522.24583318833,9346.14229217723
Angle 59,7544.41061159873,9360.83509133348
Angle 59,7566.55181342281,9375.41426181791
Angle 59,7588.66953663412,9389.87997249574
Angle 59,7610.76387856904,9404.23239105799
Angle 59,7632.83493592928,9418.47168403004
Angle 59,7654.88280478437,9432.59801678007
Angle 59,7676.9075805741,9446.61155352747
Angle 59,7698.9093581109,9460.51245735122
Angle 59,7720.88823158227,9474.30089019824
Angle 59,7742.84429455307,9487.97701289166
Angle 59,7764.77763996787,9501.5409851391
Angle 59,7786.68836015319,9514.99296554083
Angle 59,7808.57654681977,9528.33311159801
Angle 59,7830.44229106479,9541.56157972079
Angle 59,7852.28568337401,9554.67852523638
Angle 59,7874.10681362396,9567.68410239716
Angle 59,7895.90577108405,9580.5784643887
Angle 59,7917.68264441863,9593.36176333771
Angle 59,7939.43752168912,9606.03415032002
Angle 59,7961.17049035595,9618.59577536853
Angle 59,7982.88163728062,9631.04678748103
Angle 59,8004.57104872767,9643.38733462814
Angle 59,8026.23881036659,9655.61756376106
Angle 59,8047.88500727377,9667.73762081941
Angle 59,8069.50972393436,9679.74765073898
Angle 59,8091.11304424416,9691.64779745947
Angle 59,8112.69505151143,9703.43820393219
Angle 59,8134.25582845869,9715.11901212772
Angle 59,8155.79545722454,9726.69036304362
Angle 59,8177.31401936539,9738.15239671198
Angle 59,8198.81159585717,9749.50525220706
Angle 59,8220.28826709708,9760.74906765288
Angle 59,8241.74411290522,9771.88398023072
Angle 59,8263.17921252632,9782.91012618666
Angle 59,8284.59364463128,9793.82764083912
Angle 59,8305.98748731885,9804.63665858626
Angle 59,8327.36081811719,9815.33731291352
Angle 59,8348.71371398544,9825.929736401
Angle 59,8370.04625131525,9836.41406073087
Angle 59,8391.35850593233,9846.79041669479
Angle 59,8412.65055309789,9857.05893420128
Angle 59,8433.92246751021,9867.21974228304
Angle 59,8455.174323306,9877.27296910432
Angle 59,8476.4061940619,9887.21874196821
Angle 59,8497.61815279588,9897.05718732396
Angle 59,8518.81027196863,9906.78843077425
Angle 59,8539.98262348496,9916.41259708244
Angle 59,8561.13527869514,9925.92981017984
Angle 59,8582.26830839626,9935.34019317294
Angle 59,8603.38178283355,9944.6438683506
Angle 59,8624.47577170168,9953.84095719129
Angle 59,8645.55034414607,9962.93158037026
Angle 59,8666.60556876414,9971.91585776671
Angle 59,8687.64151360662,9980.79390847096
Angle 59,8708.65824617872,9989.56585079159
Angle 59,8729.65583344143,9998.2318022626
Angle 59,8750.63434181271,10006.7918796505
Angle 59,8771.59383716867,10015.2461989614
Angle 59,8792.53438484479,10023.5948754483
Angle 59,8813.45604963709,10031.8380236178
Angle 59,8834.35889580325,10039.9757572376
Angle 59,8855.24298706384,10048.0081893433
Angle 59,8876.10838660338,10055.9354322457
Angle 59,8896.95515707152,10063.7575975373
Angle 59,8917.78336058413,10071.4747961002
Angle 59,8938.59305872441,10079.0871381125
Angle 59,8959.384312544,10086.5947330553
Angle 59,8980.15718256405,10093.9976897203
Angle 59,9000.91172877629,10101.2961162161
Angle 59,9021.64801064414,10108.4901199757
Angle 59,9042.36608710373,10115.5798077634
Angle 59,9063.06601656498,10122.5652856814
Angle 59,9083.74785691262,10129.4466591775
Angle 59,9104.41166550726,10136.2240330515
Angle 59,9125.05749918642,10142.8975114623
Angle 59,9145.68541426553,10149.467197935
Angle 59,9166.29546653898,10155.9331953678
Angle 59,9186.88771128116,10162.2956060389
Angle 59,9207.46220324742,10168.5545316133
Angle 59,9228.01899667511,10174.7100731503
Angle 59,9248.55814528462,10180.7623311098
Angle 59,9269.07970228033,10186.7114053596
Angle 59,9289.58372035165,10192.5573951821
Angle 59,9310.07025167401,10198.3003992815
Angle 59,9330.53934790986,10203.9405157906
Angle 59,9350.99106020968,10209.4778422775
Angle 59,9371.42543921297,10214.9124757528
Angle 59,9391.84253504924,10220.2445126765
Angle 59,9412.24239733906,10225.4740489648
Angle 59,9432.62507519499,10230.6011799968
Angle 59,9452.99061722265,10235.6260006218
Angle 59,9473.33907152168,10240.548605166
Angle 59,9493.67048568678,10245.3690874393
Angle 59,9513.9849068087,10250.0875407423
Angle 59,9534.28238147527,10254.7040578732
Angle 59,9554.56295577244,10259.2187311345
Angle 59,9574.82667528524,10263.6316523402
Angle 59,9595.07358509888,10267.9429128221
Angle 59,9615.30372979976,10272.1526034375
Angle 59,9635.5171534765,10276.260814575
Angle 59,9655.71389972099,10280.2676361624
Angle 59,9675.89401162948,10284.1731576729
Angle 59,9696.05753180359,10287.9774681321
Angle 59,9716.20450235142,10291.6806561247
Angle 59,9736.33496488863,10295.2828098018
Angle 59,9756.44896053949,10298.784016887
Angle 59,9776.54652993801,10302.1843646841
Angle 59,9796.62771322904,10305.483940083
Angle 59,9816.6925500694,10308.6828295671
Angle 59,9836.74107962896,10311.78111922
Angle 59,9856.77334059185,10314.7788947322
Angle 59,9876.78937115755,10317.6762414079
Angle 59,9896.78920904207,10320.4732441717
Angle 59,9916.77289147915,10323.1699875757
Angle 59,9936.74045522139,10325.7665558057
Angle 59,9956.69193654152,10328.2630326887
Angle 59,9976.62737123356,10330.6595016989
Angle 59,9996.54679461405,10332.956045965
Angle 59,10016.4502415233,10335.1527482764
Angle 59,10036.3377463268,10337.2496910906
Angle 59,10056.209342916,10339.2469565392
Angle 59,10076.0650647103,10341.1446264351
Angle 59,10095.9049446578,10342.942782279
Angle 59,10115.7290152367,10344.641505266
Angle 59,10135.5373084571,10346.2408762924
Angle 59,10155.3298558616,10347.7409759624
Angle 59,10175.1066885273,10349.1418845945
Angle 59,10194.8678370668,10350.4436822282
Angle 59,10214.6133316297,10351.6464486309
Angle 59,10234.3432019043,10352.7502633042
Angle 59,10254.0574771186,10353.7552054903
Angle 59,10273.7561860419,10354.6613541793
Angle 59,10293.4393569864,10355.4687881149
Angle 59,10313.1070178087,10356.1775858014
Angle 59,10332.759195911,10356.7878255102
Angle 59,10352.3959182432,10357.2995852862
Angle 59,10372.0172113037,10357.7129429544
Angle 59,10391.6231011417,10358.0279761261
Angle 59,10411.2136133582,10358.2447622057
Angle 59,10430.788773108,10358.3633783968
Angle 59,10450.3486051013,10358.383901709
Angle 59,10469.8931336051,10358.3064089639
Angle 59,10489.422382445,10358.1309768017
Angle 59,10508.9363750069,10357.8576816873
Angle 59,10528.4351342389,10357.486599917
Angle 59,10547.9186826527,10357.0178076245
Angle 59,10567.3870423254,10356.4513807871
Angle 59,10586.8402349015,10355.7873952325
Angle 59,10606.2782815946,10355.0259266444
Angle 59,10625.7012031891,10354.1670505688
Angle 59,10645.1090200422,10353.2108424206
Angle 59,10664.5017520854,10352.1573774893
Angle 59,10683.879418827,10351.0067309455
Angle 59,10703.2420393533,10349.7589778464
Angle 59,10722.5896323313,10348.4141931425
Angle 59,10741.9222160097,10346.9724516835
Angle 59,10761.2398082218,10345.433828224
Angle 59,10780.5424263867,10343.7983974297
Angle 59,10799.8300875118,10342.0662338834
Angle 59,10819.1028081948,10340.2374120907
Angle 59,10838.3606046254,10338.3120064861
Angle 59,10857.6034925877,10336.2900914387
Angle 59,10876.8314874622,10334.1717412583
Angle 59,10896.0446042277,10331.9570302007
Angle 59,10915.2428574638,10329.6460324737
Angle 59,10934.4262613528,10327.2388222432
Angle 59,10953.5948296818,10324.735473638
Angle 59,10972.7485758451,10322.1360607563
Angle 59,10991.8875128464,10319.4406576708
Angle 59,11011.0116533008,10316.6493384344
Angle 59,11030.1210094373,10313.762177086
Angle 59,11049.2155931007,10310.7792476554
Angle 59,11068.2954157545,10307.7006241694
Angle 59,11087.3604884824,10304.5263806566
Angle 59,11106.4108219916,10301.2565911533
Angle 59,11125.4464266141,10297.8913297085
Angle 59,11144.4673123098,10294.4306703896
Angle 59,11163.4734886685,10290.8746872869
Angle 59,11182.4649649127,10287.2234545195
Angle 59,11201.4417498993,10283.4770462404
Angle 59,11220.4038521229,10279.6355366412
Angle 59,11239.3512797174,10275.6989999575
Angle 59,11258.2840404592,10271.667510474
Angle 59,11277.2021417692,10267.5411425291
Angle 59,11296.1055907153,10263.3199705205
Angle 59,11314.9943940153,10259.0040689092
Angle 59,11333.868558039,10254.5935122255
Angle 59,11352.7280888109,10250.0883750725
Angle 59,11371.5729920129,10245.4887321322
Angle 59,11390.4032729864,10240.794658169
Angle 59,11409.2189367356,10236.0062280352
Angle 59,11428.0199879295,10231.1235166755
Angle 59,11446.8064309045,10226.146599131
Angle 59,11465.5782696676,10221.0755505445
Angle 59,11484.3355078984,10215.9104461645
Angle 59,11503.0781489521,10210.6513613498
Angle 59,11521.806195862,10205.2983715738
Angle 59,11540.5196513422,10199.8515524288
Angle 59,11559.2185177903,10194.3109796305
Angle 59,11577.9027972901,10188.676729022
Angle 59,11596.5724916144,10182.9488765779
Angle 59,11615.2276022273,10177.1274984088
Angle 59,11633.8681302875,10171.2126707651
Angle 59,11652.4940766505,10165.204470041
Angle 59,11671.1054418717,10159.1029727787
Angle 59,11689.7022262089,10152.9082556721
Angle 59,11708.2844296254,10146.6203955708
Angle 59,11726.8520517921,10140.2394694839
Angle 59,11745.405092091,10133.7655545836
Angle 59,11763.9435496176,10127.1987282092
Angle 59,11782.4674231836,10120.5390678708
Angle 59,11800.9767113198,10113.7866512524
Angle 59,11819.4714122792,10106.9415562162
Angle 59,11837.951524039,10100.0038608053
Angle 59,11856.4170443042,10092.9736432479
Angle 59,11874.86797051,10085.8509819604
Angle 59,11893.3042998247,10078.6359555504
Angle 59,11911.7260291525,10071.3286428207
Angle 59,11930.1331551363,10063.9291227721
Angle 59,11948.5256741604,10056.4374746065
Angle 59,11966.9035823536,10048.8537777303
Angle 59,11985.2668755917,10041.1781117576
Angle 59,12003.6155495005,10033.4105565127
Angle 59,12021.9495994588,10025.5511920338
Angle 59,12040.2690206006,10017.6000985751
Angle 59,12058.5738078185,10009.5573566106
Angle 59,12076.8639557666,10001.4230468362
Angle 59,12095.1394588626,9993.19725017278
Angle 59,12113.4003112913,9984.88004776882
Angle 59,12131.6465070072,9976.47152100322
Angle 59,12149.8780397373,9967.97175148777
Angle 59,12168.0949029839,9959.38082106978
Angle 59,12186.2970900273,9950.69881183456
Angle 59,12204.4845939289,9941.92580610791
Angle 59,12222.6574075337,9933.06188645852
Angle 59,12240.8155234733,9924.10713570032
Angle 59,12258.9589341686,9915.06163689481
Angle 59,12277.0876318326,9905.92547335327
Angle 59,12295.2016084732,9896.69872863902
Angle 59,12313.3008558961,9887.38148656956
Angle 59,12331.3853657072,9877.97383121863
Angle 59,12349.4551293159,9868.47584691832
Angle 59,12367.5101379374,9858.88761826106
Angle 59,12385.5503825958,9849.20923010154
Angle 59,12403.5758541266,9839.44076755866
Angle 59,12421.5865431796,9829.58231601736
Angle 59,12439.5824402216,9819.63396113041
Angle 59,12457.563535539,9809.59578882021
Angle 59,12475.5298192408,9799.46788528046
Angle 59,12493.4812812611,9789.25033697785
Angle 59,12511.4179113618,9778.94323065363
Angle 59,12529.3396991355,9768.5466533252
Angle 59,12547.246634008,9758.06069228765
Angle 59,12565.1387052409,9747.48543511517
Angle 59,12583.0159019346,9736.82096966253
Angle 59,12600.8782130307,9726.0673840664
Angle 59,12618.7256273147,9715.22476674673
Angle 59,12636.5581334187,9704.29320640799
Angle 59,12654.3757198239,9693.27279204044
Angle 59,12672.1783748634,9682.1636129213
Angle 59,12689.9660867249,9670.9657586159
Angle 59,12707.7388434528,9659.67931897877
Angle 59,12725.4966329514,9648.30438415473
Angle 59,12743.2394429869,9636.84104457987
Angle 59,12760.9672611907,9625.28939098252
Angle 59,12778.6800750611,9613.6495143842
Angle 59,12796.3778719665,9601.92150610047
Angle 59,12814.0606391476,9590.10545774179
Angle 59,12831.7283637201,9578.2014612143
Angle 59,12849.3810326771,9566.2096087206
Angle 59,12867.0186328915,9554.12999276044
Angle 59,12884.6411511189,9541.96270613138
Angle 59,12902.2485739993,9529.70784192946
Angle 59,12919.8408880605,9517.36549354973
Angle 59,12937.4180797197,9504.93575468688
Angle 59,12954.9801352866,9492.41871933566
Angle 59,12972.5270409653,9479.81448179142
Angle 59,12990.058782857,9467.12313665048
Angle 59,13007.5753469623,9454.34477881058
Angle 59,13025.0767191835,9441.47950347119
Angle 59,13042.5628853272,9428.52740613382
Angle 59,13060.0338311064,9415.48858260235
Angle 59,13077.4895421429,9402.3631289832
Angle 59,13094.9300039696,9389.15114168557
Angle 59,13112.355202033,9375.85271742161
Angle 59,13129.7651216952,9362.46795320653
Angle 59,13147.1597482364,9348.99694635869
Angle 59,13164.539066857,9335.43979449967
Angle 59,13181.9030626799,9321.79659555431
Angle 59,13199.2517207528,9308.06744775064
Angle 59,13216.5850260505,9294.2524496199
Angle 59,13233.9029634767,9280.3516999964
Angle 59,13251.2055178666,9266.36529801744
Angle 59,13268.492673989,9252.29334312317
Angle 59,13285.7644165482,9238.13593505638
Angle 59,13303.0207301866,9223.89317386228
Angle 59,13320.2615994861,9209.56515988829
Angle 59,13337.4870089713,9195.15199378375
Angle 59,13354.6969431103,9180.65377649958
Angle 59,13371.891386318,9166.07060928798
Angle 59,13389.0703229572,9151.40259370204
Angle 59,13406.2337373413,9136.64983159533
Angle 59,13423.381613736,9121.81242512148
Angle 59,13440.5139363614,9106.89047673372
Angle 59,13457.6306893941,9091.88408918439
Angle 59,13474.731856969,9076.79336552441
Angle 59,13491.8174231815,9061.61840910273
Angle 59,13508.8873720893,9046.35932356578
Angle 59,13525.9416877142,9031.01621285682
Angle 59,13542.9803540444,9015.58918121535
Angle 59,13560.0033550362,9000.07833317645
Angle 59,13577.0106746159,8984.48377357006
Angle 59,13594.0022966816,8968.80560752029
Angle 59,13610.9782051052,8953.04394044469
Angle 59,13627.9383837343,8937.19887805348
Angle 59,13644.8828163938,8921.27052634873
Angle 59,13661.811486888,8905.25899162361
Angle 59,13678.724379002,8889.16438046148
Angle 59,13695.6214765042,8872.98679973509
Angle 59,13712.502763147,8856.72635660565
Angle 59,13729.3682226698,8840.38315852193
Angle 59,13746.2178387997,8823.95731321933
Angle 59,13763.0515952537,8807.44892871892
Angle 59,13779.8694757404,8790.85811332647
Angle 59,13796.6714639618,8774.18497563144
Angle 59,13813.4575436145,8757.42962450594
Angle 59,13830.227698392,8740.59216910371
Angle 59,13846.9819119857,8723.67271885904
Angle 59,13863.7201680872,8706.67138348568
Angle 59,13880.4424503895,8689.58827297573
Angle 59,13897.1487425884,8672.42349759854
Angle 59,13913.8390283848,8655.17716789951
Angle 59,13930.5132914855,8637.84939469895
Angle 59,13947.1715156054,8620.44028909089
Angle 59,13963.8136844686,8602.94996244188
Angle 59,13980.43978181,8585.37852638973
Angle 59,13997.049791377,8567.72609284232
Angle 59,14013.6436969309,8549.99277397628
Angle 59,14030.2214822483,8532.17868223573
Angle 59,14046.7831311228,8514.28393033101
Angle 59,14063.328627366,8496.30863123731
Angle 59,14079.8579548096,8478.25289819337
Angle 59,14096.3710973061,8460.11684470015
Angle 59,14112.8680387309,8441.9005845194
Angle 59,14129.348762983,8423.60423167233
Angle 59,14145.8132539872,8405.22790043821
Angle 59,14162.2614956947,8386.77170535292
Angle 59,14178.6934720847,8368.23576120756
Angle 59,14195.109167166,8349.62018304696
Angle 59,14211.5085649782,8330.92508616828
Angle 59,14227.8916495926,8312.15058611949
Angle 59,14244.2584051142,8293.29679869789
Angle 59,14260.6088156824,8274.36383994862
Angle 59,14276.9428654726,8255.35182616313
Angle 59,14293.2605386971,8236.26087387766
Angle 59,14309.561819607,8217.0910998717
Angle 59,14325.8466924926,8197.84262116643
Angle 59,14342.1151416852,8178.51555502315
Angle 59,14358.3671515582,8159.11001894169
Angle 59,14374.602706528,8139.62613065885
Angle 59,14390.8217910555,8120.06400814675
Angle 59,14407.0243896472,8100.42376961126
Angle 59,14423.210486856,8080.70553349032
Angle 59,14439.380067283,8060.90941845237
Angle 59,14455.533115578,8041.03554339461
Angle 59,14471.6696164407,8021.08402744145
Angle 59,14487.7895546223,8001.05498994273
Angle 59,14503.8929149259,7980.9485504721
Angle 59,14519.979682208,7960.76482882534
Angle 59,14536.0498413795,7940.50394501861
Angle 59,14552.1033774064,7920.16601928678
Angle 59,14568.1402753113,7899.75117208168
Angle 59,14584.1605201744,7879.25952407041
Angle 59,14600.1640971338,7858.69119613355
Angle 59,14616.1509913876,7838.04630936347
Angle 59,14632.1211881937,7817.32498506253
Angle 59,14648.0746728719,7796.52734474134
Angle 59,14664.0114308039,7775.653510117
Angle 59,14679.9314474348,7754.70360311128
Angle 59,14695.8347082739,7733.67774584888
Angle 59,14711.7211988956,7712.5760606556
Angle 59,14727.5909049401,7691.39867005656
Angle 59,14743.4438121148,7670.14569677439
Angle 59,14759.2799061945,7648.81726372741
Angle 59,14775.0991730231,7627.41349402782
Angle 59,14790.9015985135,7605.93451097985
Angle 59,14806.6871686493,7584.38043807795
Angle 59,14822.4558694852,7562.75139900495
Angle 59,14838.2076871477,7541.04751763018
Angle 59,14853.9426078364,7519.26891800767
Angle 59,14869.6606178242,7497.41572437425
Angle 59,14885.3617034587,7475.48806114774
Angle 59,14901.0458511625,7453.48605292501
Angle 59,14916.7130474342,7431.40982448018
Angle 59,14932.3632788491,7409.2595007627
Angle 59,14947.9965320598,7387.0352068955
Angle 59,14963.6127937972,7364.73706817306
Angle 59,14979.2120508713,7342.36521005958
Angle 59,14994.7942901712,7319.91975818704
Angle 59,15010.3594986668,7297.40083835334
Angle 59,15025.9076634088,7274.80857652036
Angle 59,15041.4387715294,7252.14309881209
Angle 59,15056.9528102435,7229.40453151271
Angle 59,15072.4497668488,7206.59300106467
Angle 59,15087.9296287266,7183.70863406682
Angle 59,15103.3923833427,7160.75155727242
Angle 59,15118.8380182476,7137.7218975873
Angle 59,15134.2665210775,7114.61978206789
Angle 59,15149.6778795547,7091.44533791929
Angle 59,15165.0720814882,7068.19869249342
Angle 59,15180.4491147743,7044.87997328698
Angle 59,15195.8089673973,7021.48930793961
Angle 59,15211.15162743,6998.02682423193
Angle 59,15226.4770830341,6974.49265008359
Angle 59,15241.785322461,6950.88691355138
Angle 59,15257.0763340523,6927.20974282724
Angle 59,15272.35010624,6903.46126623638
Angle 59,15287.6066275474,6879.64161223528
Angle 59,15302.8458865896,6855.75090940982
Angle 59,15318.0678720737,6831.78928647329
Angle 59,15333.2725727997,6807.75687226449
Angle 59,15348.4599776605,6783.65379574574
Angle 59,15363.6300756427,6759.48018600101
Angle 59,15378.7828558272,6735.23617223389
Angle 59,15393.9183073893,6710.92188376576
Angle 59,15409.0364195992,6686.53745003374
Angle 59,15424.1371818228,6662.08300058883
Angle 59,15439.2205835217,6637.55866509394
Angle 59,15454.2866142537,6612.96457332194
Angle 59,15469.3352636736,6588.30085515375
Angle 59,15484.366521533,6563.56764057638
Angle 59,15499.3803776812,6538.76505968101
Angle 59,15514.3768220653,6513.89324266103
Angle 59,15529.3558447307,6488.95231981014
Angle 59,15544.3174358215,6463.94242152039
Angle 59,15559.2615855806,6438.86367828025
Angle 59,15574.1882843504,6413.7162206727
Angle 59,15589.097522573,6388.50017937328
Angle 59,15603.9892907905,6363.21568514815
Angle 59,15618.8635796455,6337.86286885223
Angle 59,15633.720379881,6312.44186142719
Angle 59,15648.5596823412,6286.95279389958
Angle 59,15663.3814779716,6261.3957973789
Angle 59,15678.1857578193,6235.7710030557
Angle 59,15692.9725130332,6210.07854219961
Angle 59,15707.7417348645,6184.3185461575
Angle 59,15722.4934146667,6158.49114635151
Angle 59,15737.2275438962,6132.59647427719
Angle 59,15751.9441141123,6106.63466150154
Angle 59,15766.6431169775,6080.60583966117
Angle 59,15781.3245442578,6054.51014046035
Angle 59,15795.9883878229,6028.34769566915
Angle 59,15810.6346396465,6002.11863712153
Angle 59,15825.2632918065,5975.82309671343
Angle 59,15839.874336485,5949.46120640093
Angle 59,15854.4677659689,5923.03309819834
Angle 59,15869.0435726499,5896.5389041763
Angle 59,15883.6017490245,5869.97875645996
Angle 59,15898.1422876947,5843.35278722704
Angle 59,15912.6651813675,5816.66112870602
Angle 59,15927.1704228557,5789.90391317422
Angle 59,15941.6580050778,5763.08127295601
Angle 59,15956.1279210581,5736.19334042087
Angle 59,15970.580163927,5709.24024798161
Angle 59,15985.0147269209,5682.22212809245
Angle 59,15999.4316033829,5655.13911324725
Angle 59,16013.8307867621,5627.99133597762
Angle 59,16028.2122706147,5600.77892885109
Angle 59,16042.5760486031,5573.50202446929
Angle 59,16056.9221144969,5546.16075546611
Angle 59,16071.2504621725,5518.7552545059
Angle 59,16085.5610856135,5491.28565428162
Angle 59,16099.8539789104,5463.75208751305
Angle 59,16114.1291362611,5436.15468694498
Angle 59,16128.3865519709,5408.49358534539
Angle 59,16142.6262204523,5380.76891550365
Angle 59,16156.8481362256,5352.98081022877
Angle 59,16171.0522939184,5325.12940234756
Angle 59,16185.238688266,5297.21482470285
Angle 59,16199.4073141114,5269.23721015175
Angle 59,16213.5581664054,5241.19669156384
Angle 59,16227.6912402065,5213.09340181942
Angle 59,16241.8065306811,5184.92747380774
Angle 59,16255.9040331033,5156.69904042525
Angle 59,16269.9837428553,5128.40823457384
Angle 59,16284.0456554272,5100.05518915909
Angle 59,16298.0897664169,5071.64003708855
Angle 59,16312.1160715303,5043.16291126999
Angle 59,16326.1245665814,5014.62394460966
Angle 59,16340.115247492,4986.02327001058
Angle 59,16354.088110292,4957.36102037085
Angle 59,16368.0431511193,4928.63732858188
Angle 59,16381.9803662195,4899.85232752672
Angle 59,16395.8997519465,4871.00615007837
Angle 59,16409.8013047618,4842.09892909805
Angle 59,16423.685021235,4813.13079743355
Angle 59,16437.5508980435,4784.10188791752
Angle 59,16451.3989319725,4755.01233336582
Angle 59,16465.2291199151,4725.86226657583
Angle 59,16479.041458872,4696.65182032479
Angle 59,16492.8359459518,4667.38112736816
Angle 59,16506.6125783705,4638.05032043794
Angle 59,16520.3713534518,4608.65953224106
Angle 59,16534.112268627,4579.20889545773
Angle 59,16547.8353214348,4549.69854273979
Angle 59,16561.5405095212,4520.12860670912
Angle 59,16575.2278306397,4490.49921995599
Angle 59,16588.8972826509,4460.81051503746
Angle 59,16602.5488635225,4431.0626244758
Angle 59,16616.1825713294,4401.25568075686
Angle 59,16629.7984042534,4371.38981632847
Angle 59,16643.3963605832,4341.46516359891
Angle 59,16656.9764387142,4311.48185493528
Angle 59,16670.5386371485,4281.44002266195
Angle 59,16684.0829544947,4251.33979905898
Angle 59,16697.6093894681,4221.1813163606
Angle 59,16711.1179408899,4190.96470675363
Angle 59,16724.608607688,4160.69010237594
Angle 59,16738.0813888958,4130.35763531491
Angle 59,16751.5362836533,4099.96743760593
Angle 59,16764.9732912057,4069.51964123082
Angle 59,16778.3924109044,4039.0143781164
Angle 59,16791.793642206,4008.45178013291
Angle 59,16805.1769846726,3977.83197909251
Angle 59,16818.5424379717,3947.15510674785
Angle 59,16831.8900018756,3916.42129479053
Angle 59,16845.219676262,3885.63067484962
Angle 59,16858.5314611129,3854.78337849021
Angle 59,16871.8253565153,3823.87953721196
Angle 59,16885.1013626604,3792.9192824476
Angle 59,16898.3594798439,3761.90274556149
Angle 59,16911.5997084657,3730.83005784821
Angle 59,16924.8220490293,3699.70135053109
Angle 59,16938.0265021424,3668.51675476081
Angle 59,16951.213068516,3637.27640161395
Angle 59,16964.3817489646,3605.98042209159
Angle 59,16977.532544406,3574.62894711791
Angle 59,16990.6654558611,3543.22210753879
Angle 59,17003.7804844533,3511.76003412042
Angle 59,17016.8776314091,3480.24285754789
Angle 59,17029.9568980571,3448.67070842387
Angle 59,17043.0182858284,3417.04371726719
Angle 59,17056.0617962559,3385.3620145115
Angle 59,17069.0874309747,3353.62573050391
Angle 59,17082.0951917211,3321.83499550365
Angle 59,17095.0850803331,3289.98993968075
Angle 59,17108.0570987498,3258.09069311467
Angle 59,17121.0112490114,3226.13738579301
Angle 59,17133.9475332586,3194.13014761016
Angle 59,17146.8659537329,3162.06910836603
Angle 59,17159.766512776,3129.95439776475
Angle 59,17172.6492128297,3097.78614541334
Angle 59,17185.5140564356,3065.56448082044
Angle 59,17198.3610462349,3033.28953339507
Angle 59,17211.1901849682,3000.96143244531
Angle 59,17224.0014754754,2968.58030717705
Angle 59,17236.794920695,2936.14628669277
Angle 59,17249.5705236645,2903.65949999024
Angle 59,17262.3282875194,2871.12007596134
Angle 59,17275.0682154937,2838.52814339077
Angle 59,17287.7903109192,2805.88383095487
Angle 59,17300.4945772252,2773.18726722038
Angle 59,17313.1810179386,2740.43858064326
Angle 59,17325.8496366834,2707.63789956745
Angle 59,17338.5004371804,2674.78535222371
Angle 59,17351.1334232471,2641.88106672843
Angle 59,17363.7485987973,2608.92517108241
Angle 59,17376.3459678409,2575.91779316979
Angle 59,17388.9255344837,2542.85906075677
Angle 59,17401.4873029269,2509.74910149054
Angle 59,17414.031277467,2476.5880428981
Angle 59,17426.5574624957,2443.37601238513
Angle 59,17439.0658624993,2410.11313723485
Angle 59,17451.5564820584,2376.79954460692
Angle 59,17464.0293258481,2343.43536153629
Angle 59,17476.4843986371,2310.02071493212
Angle 59,17488.9217052877,2276.55573157668
Angle 59,17501.3412507558,2243.04053812424
Angle 59,17513.7430400902,2209.4752611
Angle 59,17526.1270784323,2175.86002689899
Angle 59,17538.493371016,2142.19496178507
Angle 59,17550.8419231676,2108.48019188976
Angle 59,17563.1727403051,2074.71584321128
Angle 59,17575.485827938,2040.90204161347
Angle 59,17587.7811916672,2007.03891282474
Angle 59,17600.0588371845,1973.12658243705
Angle 59,17612.3187702725,1939.16517590492
Angle 59,17624.560996804,1905.15481854434
Angle 59,17636.7855227421,1871.09563553183
Angle 59,17648.9923541395,1836.98775190342
Angle 59,17661.1814971385,1802.83129255365
Angle 59,17673.3529579704,1768.62638223459
Angle 59,17685.5067429554,1734.37314555486
Angle 59,17697.6428585024,1700.07170697869
Angle 59,17709.7613111084,1665.72219082489
Angle 59,17721.8621073583,1631.32472126598
Angle 59,17733.9452539247,1596.87942232718
Angle 59,17746.0107575674,1562.38641788552
Angle 59,17758.0586251333,1527.84583166885
Angle 59,17770.0888635557,1493.25778725498
Angle 59,17782.1014798547,1458.62240807072
Angle 59,17794.0964811359,1423.93981739099
Angle 59,17806.073874591,1389.21013833792
Angle 59,17818.0336674969,1354.43349387994
Angle 59,17829.9758672155,1319.61000683093
Angle 59,17841.9004811937,1284.73979984929
Angle 59,17853.8075169625,1249.82299543711
Angle 59,17865.6969821372,1214.85971593931
Angle 59,17877.5688844168,1179.85008354274
Angle 59,17889.4232315836,1144.79422027538
Angle 59,17901.2600315032,1109.69224800547
Angle 59,17913.079292124,1074.5442884407
Angle 59,17924.8810214765,1039.35046312734
Angle 59,17936.6652276738,1004.11089344949
Angle 59,17948.4319189103,968.825700628189
Angle 59,17960.1811034622,933.49500572068
Angle 59,17971.9127896868,898.118929619576
Angle 59,17983.6269860218,862.697593052077
Angle 59,17995.3237009859,827.231116579193
Angle 59,18007.0029431774,791.719620594966
Angle 59,18018.6647212748,756.163225325703
Angle 59,18030.3090440357,720.562050829217
Angle 59,18041.9359202971,684.916216994072
Angle 59,18053.5453589744,649.225843538838
Angle 59,18065.1373690617,613.491050011356
Angle 59,18076.7119596311,577.711955788
Angle 59,18088.2691398325,541.888680072958
Angle 59,18099.8089188931,506.021341897514
Angle 59,18111.3313061172,470.110060119337
Angle 59,18122.8363108857,434.15495342178
Angle 59,18134.3239426563,398.156140313183
Angle 59,18145.7942109621,362.113739126184
Angle 59,18157.2471254124,326.027868017039
Angle 59,18168.6826956916,289.898644964947
Angle 59,18180.1009315592,253.726187771384
Angle 59,18191.5018428493,217.510614059439
Angle 59,18202.8854394703,181.252041273163
Angle 59,18214.2517314046,144.950586676924
Angle 59,18225.6007287082,108.606367354765
Angle 59,18236.9324415105,72.2195002097716
Angle 59,18248.2468800135,35.7901019634473
Angle 59,18259.3328939886,0
Angle 60,0,0
Angle 60,34.902,60.354037285769
Angle 60,69.7066664936339,120.441761292288
Angle 60,104.414659688102,180.264585882599
Angle 60,139.026633583454,239.823911256172
Angle 60,173.543236050628,299.12112411945
Angle 60,207.965108908258,358.157597853727
Angle 60,242.292887998283,416.934692680389
Angle 60,276.527203260372,475.453755823586
Angle 60,310.668678805197,533.716121670367
Angle 60,344.717932986567,591.723111928341
Angle 60,378.675578472438,649.476035780896
Angle 60,412.542222314845,706.976190040029
Angle 60,446.318466018744,764.224859296825
Angle 60,480.004905609806,821.22331606964
Angle 60,513.602131701173,877.972820950014
Angle 60,547.110729559201,934.474622746368
Angle 60,580.531279168199,990.729958625517
Angle 60,613.86435529419,1046.74005425205
Angle 60,647.110527547709,1102.50612392559
Angle 60,680.27036044566,1158.02937071601
Angle 60,713.344413472237,1213.31098659664
Angle 60,746.333241138936,1268.35215257539
Angle 60,779.237393043677,1323.15403882408
Angle 60,812.057413929041,1377.71780480565
Angle 60,844.793843739639,1432.04459939967
Angle 60,877.447217678645,1486.1355610259
Angle 60,910.018066263481,1539.99181776602
Angle 60,942.506915380693,1593.61448748361
Angle 60,974.91428634002,1647.00467794236
Angle 60,1007.24069592767,1700.16348692259
Angle 60,1039.48665645881,1753.09200233598
Angle 60,1071.65267582932,1805.79130233873
Angle 60,1103.73925756677,1858.26245544305
Angle 60,1135.74690088069,1910.50652062703
Angle 60,1167.67610071203,1962.5245474429
Angle 60,1199.52734778207,2014.31757612386
Angle 60,1231.30112864044,2065.88663768919
Angle 60,1262.99792571262,2117.23275404805
Angle 60,1294.61821734662,2168.35693810164
Angle 60,1326.16247785913,2219.26019384407
Angle 60,1357.6311775809,2269.94351646165
Angle 60,1389.02478290154,2320.40789243088
Angle 60,1420.34375631369,2370.65429961505
Angle 60,1451.58855645654,2420.68370735941
Angle 60,1482.75963815877,2470.49707658513
Angle 60,1513.85745248084,2520.09535988182
Angle 60,1544.88244675676,2569.47950159887
Angle 60,1575.83506463523,2618.65043793547
Angle 60,1606.71574612019,2667.60909702938
Angle 60,1637.52492761088,2716.35639904448
Angle 60,1668.26304194129,2764.89325625716
Angle 60,1698.93051841907,2813.22057314145
Angle 60,1729.52778286396,2861.33924645303
Angle 60,1760.05525764557,2909.2501653121
Angle 60,1790.5133617208,2956.95421128509
Angle 60,1820.90251067067,3004.45225846529
Angle 60,1851.22311673659,3051.74517355236
Angle 60,1881.47558885628,3098.83381593081
Angle 60,1911.66033269907,3145.71903774735
Angle 60,1941.77775070081,3192.4016839873
Angle 60,1971.82824209826,3238.88259254988
Angle 60,2001.81220296305,3285.16259432254
Angle 60,2031.7300262352,3331.24251325435
Angle 60,2061.58210175608,3377.12316642828
Angle 60,2091.36881630114,3422.80536413266
Angle 60,2121.09055361195,3468.28990993162
Angle 60,2150.74769442806,3513.57760073461
Angle 60,2180.34061651824,3558.66922686504
Angle 60,2209.86969471146,3603.56557212796
Angle 60,2239.33530092732,3648.26741387693
Angle 60,2268.73780420624,3692.77552307994
Angle 60,2298.0775707391,3737.09066438453
Angle 60,2327.3549638966,3781.21359618203
Angle 60,2356.57034425817,3825.14507067101
Angle 60,2385.72406964056,3868.88583391984
Angle 60,2414.81649512603,3912.43662592852
Angle 60,2443.84797309016,3955.79818068966
Angle 60,2472.81885322931,3998.97122624871
Angle 60,2501.72948258778,4041.95648476342
Angle 60,2530.58020558451,4084.75467256252
Angle 60,2559.37136403956,4127.36650020366
Angle 60,2588.10329720015,4169.79267253064
Angle 60,2616.77634176644,4212.03388872988
Angle 60,2645.39083191691,4254.0908423862
Angle 60,2673.94709933353,4295.9642215379
Angle 60,2702.44547322646,4337.65470873111
Angle 60,2730.88628035856,4379.16298107355
Angle 60,2759.26984506955,4420.48971028747
Angle 60,2787.59648929983,4461.6355627621
Angle 60,2815.86653261407,4502.60119960531
Angle 60,2844.08029222445,4543.38727669472
Angle 60,2872.23808301361,4583.99444472811
Angle 60,2900.34021755736,4624.42334927328
Angle 60,2928.38700614705,4664.6746308172
Angle 60,2956.3787568117,4704.74892481468
Angle 60,2984.31577533983,4744.6468617363
Angle 60,3012.19836530105,4784.36906711591
Angle 60,3040.02682806733,4823.91616159742
Angle 60,3067.80146283411,4863.28876098106
Angle 60,3095.52256664098,4902.48747626915
Angle 60,3123.19043439232,4941.51291371121
Angle 60,3150.80535887748,4980.36567484858
Angle 60,3178.36763079085,5019.04635655851
Angle 60,3205.87753875165,5057.55555109768
Angle 60,3233.33536932346,5095.89384614527
Angle 60,3260.7414070335,5134.0618248454
Angle 60,3288.09593439173,5172.06006584922
Angle 60,3315.39923190967,5209.88914335632
Angle 60,3342.65157811903,5247.54962715582
Angle 60,3369.85324959005,5285.04208266684
Angle 60,3397.00452094971,5322.36707097857
Angle 60,3424.10566489964,5359.52514888984
Angle 60,3451.15695223387,5396.51686894824
Angle 60,3478.15865185631,5433.34277948875
Angle 60,3505.11103079811,5470.00342467195
Angle 60,3532.01435423472,5506.49934452177
Angle 60,3558.86888550278,5542.8310749628
Angle 60,3585.67488611683,5578.99914785718
Angle 60,3612.4326157858,5615.00409104105
Angle 60,3639.14233242932,5650.84642836055
Angle 60,3665.8042921938,5686.52667970749
Angle 60,3692.41874946837,5722.04536105452
Angle 60,3718.98595690057,5757.40298448994
Angle 60,3745.50616541194,5792.60005825209
Angle 60,3771.97962421336,5827.63708676339
Angle 60,3798.40658082019,5862.51457066392
Angle 60,3824.78728106734,5897.23300684473
Angle 60,3851.12196912402,5931.79288848061
Angle 60,3877.41088750846,5966.19470506268
Angle 60,3903.65427710231,6000.43894243043
Angle 60,3929.85237716505,6034.52608280354
Angle 60,3956.00542534802,6068.45660481326
Angle 60,3982.11365770848,6102.23098353348
Angle 60,4008.17730872342,6135.84969051143
Angle 60,4034.19661130316,6169.31319379805
Angle 60,4060.17179680491,6202.621957978
Angle 60,4086.10309504608,6235.77644419939
Angle 60,4111.99073431745,6268.7771102031
Angle 60,4137.83494139626,6301.62441035188
Angle 60,4163.63594155904,6334.31879565901
Angle 60,4189.39395859437,6366.86071381674
Angle 60,4215.10921481547,6399.25060922438
Angle 60,4240.78193107264,6431.48892301609
Angle 60,4266.41232676556,6463.57609308835
Angle 60,4292.00061985546,6495.51255412717
Angle 60,4317.54702687712,6527.29873763496
Angle 60,4343.05176295078,6558.93507195711
Angle 60,4368.51504179389,6590.42198230835
Angle 60,4393.9370757327,6621.75989079875
Angle 60,4419.31807571375,6652.94921645944
Angle 60,4444.65825131523,6683.99037526816
Angle 60,4469.95781075819,6714.88378017436
Angle 60,4495.21696091767,6745.62984112421
Angle 60,4520.4359073336,6776.22896508522
Angle 60,4545.61485422171,6806.68155607066
Angle 60,4570.75400448422,6836.98801516372
Angle 60,4595.85355972043,6867.14874054134
Angle 60,4620.91372023722,6897.16412749793
Angle 60,4645.93468505942,6927.03456846869
Angle 60,4670.91665194,6956.7604530528
Angle 60,4695.85981737027,6986.34216803628
Angle 60,4720.76437658984,7015.78009741468
Angle 60,4745.63052359654,7045.07462241553
Angle 60,4770.4584511562,7074.22612152047
Angle 60,4795.24835081234,7103.23497048726
Angle 60,4820.00041289574,7132.10154237153
Angle 60,4844.71482653388,7160.82620754824
Angle 60,4869.39177966033,7189.40933373303
Angle 60,4894.03145902396,7217.85128600325
Angle 60,4918.63405019811,7246.15242681885
Angle 60,4943.19973758963,7274.31311604301
Angle 60,4967.72870444782,7302.33371096259
Angle 60,4992.22113287326,7330.21456630835
Angle 60,5016.67720382658,7357.95603427497
Angle 60,5041.09709713705,7385.55846454089
Angle 60,5065.48099151118,7413.02220428793
Angle 60,5089.82906454115,7440.34759822071
Angle 60,5114.14149271316,7467.53498858588
Angle 60,5138.41845141568,7494.58471519118
Angle 60,5162.66011494766,7521.49711542428
Angle 60,5186.86665652655,7548.27252427145
Angle 60,5211.03824829633,7574.91127433603
Angle 60,5235.17506133538,7601.41369585675
Angle 60,5259.27726566432,7627.78011672583
Angle 60,5283.34503025368,7654.01086250695
Angle 60,5307.37852303157,7680.10625645297
Angle 60,5331.37791089122,7706.06661952358
Angle 60,5355.34335969844,7731.89227040266
Angle 60,5379.27503429899,7757.58352551561
Angle 60,5403.17309852588,7783.14069904636
Angle 60,5427.03771520658,7808.56410295436
Angle 60,5450.86904617018,7833.85404699129
Angle 60,5474.66725225438,7859.01083871771
Angle 60,5498.43249331253,7884.03478351945
Angle 60,5522.16492822045,7908.92618462394
Angle 60,5545.86471488334,7933.68534311633
Angle 60,5569.5320102424,7958.31255795546
Angle 60,5593.1669702816,7982.8081259897
Angle 60,5616.7697500342,8007.17234197263
Angle 60,5640.34050358927,8031.40549857859
Angle 60,5663.87938409817,8055.50788641805
Angle 60,5687.38654378084,8079.47979405285
Angle 60,5710.86213393216,8103.32150801134
Angle 60,5734.30630492813,8127.03331280335
Angle 60,5757.71920623205,8150.61549093498
Angle 60,5781.10098640055,8174.06832292332
Angle 60,5804.45179308966,8197.39208731103
Angle 60,5827.77177306069,8220.58706068074
Angle 60,5851.06107218617,8243.65351766936
Angle 60,5874.31983545558,8266.59173098226
Angle 60,5897.54820698116,8289.4019714073
Angle 60,5920.74633000351,8312.08450782877
Angle 60,5943.91434689727,8334.63960724114
Angle 60,5967.0523991766,8357.06753476279
Angle 60,5990.16062750071,8379.36855364951
Angle 60,6013.23917167924,8401.54292530798
Angle 60,6036.2881706776,8423.59090930904
Angle 60,6059.30776262231,8445.51276340092
Angle 60,6082.29808480617,8467.30874352231
Angle 60,6105.25927369349,8488.97910381535
Angle 60,6128.19146492511,8510.52409663846
Angle 60,6151.09479332354,8531.94397257911
Angle 60,6173.96939289787,8553.23898046647
Angle 60,6196.81539684876,8574.40936738393
Angle 60,6219.63293757326,8595.45537868152
Angle 60,6242.42214666964,8616.37725798827
Angle 60,6265.18315494216,8637.17524722438
Angle 60,6287.91609240574,8657.84958661338
Angle 60,6310.62108829064,8678.40051469416
Angle 60,6333.298271047,8698.82826833285
Angle 60,6355.94776834942,8719.13308273465
Angle 60,6378.56970710139,8739.31519145559
Angle 60,6401.16421343976,8759.37482641414
Angle 60,6423.73141273906,8779.31221790274
Angle 60,6446.27142961588,8799.12759459927
Angle 60,6468.78438793307,8818.82118357839
Angle 60,6491.27041080398,8838.39321032281
Angle 60,6513.72962059665,8857.84389873445
Angle 60,6536.16213893786,8877.17347114555
Angle 60,6558.56808671725,8896.38214832969
Angle 60,6580.94758409126,8915.47014951266
Angle 60,6603.30075048718,8934.43769238333
Angle 60,6625.62770460697,8953.28499310439
Angle 60,6647.92856443118,8972.01226632302
Angle 60,6670.20344722273,8990.61972518151
Angle 60,6692.45246953071,9009.10758132771
Angle 60,6714.67574719405,9027.47604492551
Angle 60,6736.87339534526,9045.7253246652
Angle 60,6759.04552841395,9063.85562777371
Angle 60,6781.19226013054,9081.86716002487
Angle 60,6803.31370352965,9099.76012574949
Angle 60,6825.40997095372,9117.53472784546
Angle 60,6847.48117405636,9135.19116778772
Angle 60,6869.52742380577,9152.72964563817
Angle 60,6891.54883048813,9170.15036005556
Angle 60,6913.54550371085,9187.4535083052
Angle 60,6935.51755240587,9204.63928626877
Angle 60,6957.4650848329,9221.70788845386
Angle 60,6979.38820858255,9238.65950800366
Angle 60,7001.28703057953,9255.49433670637
Angle 60,7023.16165708569,9272.21256500476
Angle 60,7045.01219370309,9288.81438200549
Angle 60,7066.83874537705,9305.29997548847
Angle 60,7088.64141639909,9321.66953191614
Angle 60,7110.42031040984,9337.92323644267
Angle 60,7132.17553040201,9354.06127292311
Angle 60,7153.90717872314,9370.08382392249
Angle 60,7175.61535707853,9385.9910707249
Angle 60,7197.3001665339,9401.78319334241
Angle 60,7218.96170751821,9417.46037052404
Angle 60,7240.60007982635,9433.02277976466
Angle 60,7262.21538262174,9448.47059731376
Angle 60,7283.80771443902,9463.80399818426
Angle 60,7305.37717318662,9479.02315616125
Angle 60,7326.9238561493,9494.1282438106
Angle 60,7348.44785999064,9509.11943248766
Angle 60,7369.9492807556,9523.99689234579
Angle 60,7391.42821387285,9538.76079234489
Angle 60,7412.88475415727,9553.41130025991
Angle 60,7434.31899581229,9567.94858268925
Angle 60,7455.7310324322,9582.3728050632
Angle 60,7477.12095700449,9596.68413165224
Angle 60,7498.48886191212,9610.88272557539
Angle 60,7519.83483893574,9624.96874880842
Angle 60,7541.15897925588,9638.94236219213
Angle 60,7562.46137345516,9652.8037254405
Angle 60,7583.74211152038,9666.55299714884
Angle 60,7605.00128284468,9680.19033480189
Angle 60,7626.23897622958,9693.71589478188
Angle 60,7647.455279887,9707.1298323766
Angle 60,7668.65028144133,9720.43230178731
Angle 60,7689.82406793137,9733.62345613678
Angle 60,7710.9767258123,9746.70344747716
Angle 60,7732.10834095757,9759.67242679788
Angle 60,7753.21899866082,9772.53054403351
Angle 60,7774.30878363776,9785.27794807158
Angle 60,7795.37778002795,9797.91478676036
Angle 60,7816.42607139664,9810.44120691662
Angle 60,7837.45374073654,9822.85735433338
Angle 60,7858.46087046955,9835.16337378755
Angle 60,7879.44754244853,9847.35940904767
Angle 60,7900.41383795894,9859.44560288151
Angle 60,7921.35983772052,9871.42209706367
Angle 60,7942.28562188895,9883.28903238322
Angle 60,7963.19127005746,9895.04654865119
Angle 60,7984.07686125841,9906.69478470816
Angle 60,8004.94247396484,9918.23387843174
Angle 60,8025.78818609204,9929.66396674406
Angle 60,8046.61407499904,9940.98518561925
Angle 60,8067.42021749012,9952.19767009086
Angle 60,8088.20668981627,9963.30155425926
Angle 60,8108.97356767662,9974.29697129908
Angle 60,8129.72092621986,9985.18405346654
Angle 60,8150.44884004567,9995.96293210685
Angle 60,8171.15738320607,10006.6337376615
Angle 60,8191.84662920675,10017.1965996756
Angle 60,8212.51665100847,10027.6516468051
Angle 60,8233.1675210283,10037.9990068242
Angle 60,8253.79931114095,10048.2388066327
Angle 60,8274.41209268003,10058.3711722627
Angle 60,8295.00593643931,10068.3962288867
Angle 60,8315.58091267395,10078.314100824
Angle 60,8336.13709110168,10088.1249115483
Angle 60,8356.67454090404,10097.8287836949
Angle 60,8377.19333072753,10107.4258390676
Angle 60,8397.69352868478,10116.9161986464
Angle 60,8418.17520235568,10126.2999825939
Angle 60,8438.63841878851,10135.577310263
Angle 60,8459.08324450104,10144.7483002039
Angle 60,8479.50974548164,10153.8130701709
Angle 60,8499.91798719033,10162.77173713
Angle 60,8520.30803455987,10171.6244172655
Angle 60,8540.67995199677,10180.3712259876
Angle 60,8561.03380338238,10189.0122779388
Angle 60,8581.36965207382,10197.5476870015
Angle 60,8601.68756090509,10205.977566305
Angle 60,8621.98759218797,10214.3020282322
Angle 60,8642.26980771305,10222.5211844269
Angle 60,8662.5342687507,10230.6351458009
Angle 60,8682.78103605199,10238.6440225407
Angle 60,8703.01016984967,10246.5479241148
Angle 60,8723.22172985911,10254.3469592806
Angle 60,8743.41577527919,10262.0412360913
Angle 60,8763.59236479322,10269.6308619032
Angle 60,8783.75155656989,10277.1159433823
Angle 60,8803.89340826413,10284.4965865115
Angle 60,8824.017977018,10291.7728965976
Angle 60,8844.12531946158,10298.9449782782
Angle 60,8864.21549171385,10306.0129355286
Angle 60,8884.28854938356,10312.9768716689
Angle 60,8904.34454757007,10319.8368893711
Angle 60,8924.38354086424,10326.5930906655
Angle 60,8944.40558334925,10333.2455769484
Angle 60,8964.41072860146,10339.7944489883
Angle 60,8984.39902969127,10346.2398069337
Angle 60,9004.37053918392,10352.5817503191
Angle 60,9024.32530914036,10358.8203780727
Angle 60,9044.26339111809,10364.955788523
Angle 60,9064.18483617193,10370.9880794058
Angle 60,9084.08969485494,10376.9173478711
Angle 60,9103.97801721917,10382.7436904902
Angle 60,9123.84985281654,10388.4672032624
Angle 60,9143.70525069963,10394.087981622
Angle 60,9163.54425942253,10399.6061204455
Angle 60,9183.36692704169,10405.021714058
Angle 60,9203.1733011167,10410.3348562407
Angle 60,9222.96342871116,10415.5456402375
Angle 60,9242.7373563935,10420.6541587619
Angle 60,9262.49513023785,10425.6605040041
Angle 60,9282.23679582482,10430.5647676377
Angle 60,9301.96239824242,10435.3670408271
Angle 60,9321.67198208685,10440.0674142337
Angle 60,9341.36559146338,10444.6659780233
Angle 60,9361.04326998723,10449.1628218731
Angle 60,9380.70506078441,10453.5580349783
Angle 60,9400.3510064926,10457.8517060591
Angle 60,9419.98114926204,10462.0439233676
Angle 60,9439.59553075642,10466.1347746951
Angle 60,9459.19419215376,10470.1243473782
Angle 60,9478.77717414733,10474.0127283066
Angle 60,9498.34451694657,10477.8000039293
Angle 60,9517.896260278,10481.4862602619
Angle 60,9537.43244338616,10485.0715828934
Angle 60,9556.95310503457,10488.556056993
Angle 60,9576.45828350664,10491.9397673171
Angle 60,9595.94801660669,10495.222798216
Angle 60,9615.42234166092,10498.4052336413
Angle 60,9634.88129551836,10501.4871571519
Angle 60,9654.32491455192,10504.4686519218
Angle 60,9673.75323465939,10507.3498007463
Angle 60,9693.16629126448,10510.1306860492
Angle 60,9712.56411931783,10512.8113898895
Angle 60,9731.94675329814,10515.3919939686
Angle 60,9751.31422721316,10517.8725796363
Angle 60,9770.66657460086,10520.2532278988
Angle 60,9790.00382853047,10522.5340194245
Angle 60,9809.32602160365,10524.7150345514
Angle 60,9828.6331859556,10526.7963532939
Angle 60,9847.92535325624,10528.7780553492
Angle 60,9867.20255471135,10530.6602201047
Angle 60,9886.46482106379,10532.4429266441
Angle 60,9905.71218259471,10534.1262537549
Angle 60,9924.94466912474,10535.7102799345
Angle 60,9944.16231001528,10537.1950833974
Angle 60,9963.36513416975,10538.5807420819
Angle 60,9982.55317003486,10539.8673336566
Angle 60,10001.7264456019,10541.0549355274
Angle 60,10020.8849884082,10542.1436248438
Angle 60,10040.0288255382,10543.1334785064
Angle 60,10059.157983625,10544.0245731724
Angle 60,10078.2724888519,10544.8169852634
Angle 60,10097.3723669535,10545.5107909714
Angle 60,10116.4576432171,10546.1060662657
Angle 60,10135.5283424847,10546.6028868992
Angle 60,10154.5844891536,10547.0013284155
Angle 60,10173.6261071787,10547.301466155
Angle 60,10192.6532200736,10547.5033752617
Angle 60,10211.6658509122,10547.6071306899
Angle 60,10230.6640223302,10547.6128072104
Angle 60,10249.6477565269,10547.5204794172
Angle 60,10268.6170752665,10547.3302217338
Angle 60,10287.5719998801,10547.04210842
Angle 60,10306.5125512669,10546.6562135782
Angle 60,10325.4387498962,10546.1726111594
Angle 60,10344.3506158091,10545.5913749703
Angle 60,10363.2481686199,10544.9125786793
Angle 60,10382.1314275184,10544.1362958228
Angle 60,10401.000411271,10543.2625998115
Angle 60,10419.8551382229,10542.291563937
Angle 60,10438.6956263,10541.2232613777
Angle 60,10457.5218930104,10540.0577652053
Angle 60,10476.3339554463,10538.7951483908
Angle 60,10495.1318302864,10537.435483811
Angle 60,10513.915533797,10535.9788442542
Angle 60,10532.6850818345,10534.4253024267
Angle 60,10551.4404898473,10532.7749309587
Angle 60,10570.1817728773,10531.0278024106
Angle 60,10588.9089455627,10529.1839892787
Angle 60,10607.6220221393,10527.2435640012
Angle 60,10626.3210164428,10525.2065989645
Angle 60,10645.0059419109,10523.073166509
Angle 60,10663.6768115856,10520.8433389347
Angle 60,10682.3336381148,10518.5171885073
Angle 60,10700.9764337547,10516.0947874643
Angle 60,10719.6052103722,10513.5762080201
Angle 60,10738.2199794466,10510.9615223723
Angle 60,10756.8207520721,10508.2508027072
Angle 60,10775.40753896,10505.4441212055
Angle 60,10793.9803504408,10502.5415500479
Angle 60,10812.5391964667,10499.5431614208
Angle 60,10831.0840866135,10496.4490275216
Angle 60,10849.6150300832,10493.2592205646
Angle 60,10868.1320357065,10489.973812786
Angle 60,10886.6351119445,10486.5928764496
Angle 60,10905.1242668918,10483.1164838524
Angle 60,10923.5995082781,10479.5447073293
Angle 60,10942.0608434716,10475.8776192589
Angle 60,10960.5082794803,10472.1152920687
Angle 60,10978.9418229553,10468.2577982401
Angle 60,10997.3614801929,10464.3052103138
Angle 60,11015.767257137,10460.2576008946
Angle 60,11034.1591593817,10456.1150426567
Angle 60,11052.5371921739,10451.8776083489
Angle 60,11070.9013604156,10447.545370799
Angle 60,11089.2516686667,10443.1184029191
Angle 60,11107.5881211473,10438.5967777107
Angle 60,11125.9107217405,10433.980568269
Angle 60,11144.2194739946,10429.269847788
Angle 60,11162.5143811263,10424.4646895651
Angle 60,11180.7954460227,10419.565167006
Angle 60,11199.0626712445,10414.5713536289
Angle 60,11217.3160590281,10409.4833230696
Angle 60,11235.5556112885,10404.3011490856
Angle 60,11253.7813296221,10399.0249055608
Angle 60,11271.9932153093,10393.6546665097
Angle 60,11290.1912693169,10388.1905060823
Angle 60,11308.3754923012,10382.6324985675
Angle 60,11326.5458846105,10376.9807183983
Angle 60,11344.702446288,10371.2352401556
Angle 60,11362.8451770743,10365.3961385722
Angle 60,11380.9740764101,10359.4634885372
Angle 60,11399.0891434395,10353.4373650999
Angle 60,11417.1903770119,10347.3178434737
Angle 60,11435.2777756856,10341.1049990406
Angle 60,11453.3513377301,10334.7989073541
Angle 60,11471.4110611289,10328.3996441442
Angle 60,11489.4569435824,10321.90728532
Angle 60,11507.4889825109,10315.3219069745
Angle 60,11525.507175057,10308.6435853875
Angle 60,11543.5115180885,10301.8723970297
Angle 60,11561.5020082016,10295.008418566
Angle 60,11579.4786417232,10288.0517268591
Angle 60,11597.4414147141,10281.0023989729
Angle 60,11615.3903229716,10273.8605121759
Angle 60,11633.3253620324,10266.6261439449
Angle 60,11651.2465271757,10259.2993719675
Angle 60,11669.1538134253,10251.8802741462
Angle 60,11687.0472155535,10244.3689286011
Angle 60,11704.9267280829,10236.7654136731
Angle 60,11722.79234529,10229.0698079268
Angle 60,11740.6440612076,10221.2821901541
Angle 60,11758.481869628,10213.4026393766
Angle 60,11776.3057641053,10205.4312348484
Angle 60,11794.1157379589,10197.3680560598
Angle 60,11811.911784276,10189.2131827389
Angle 60,11829.6938959142,10180.9666948555
Angle 60,11847.462065505,10172.628672623
Angle 60,11865.216285456,10164.1991965013
Angle 60,11882.9565479539,10155.6783471994
Angle 60,11900.6828449677,10147.066205678
Angle 60,11918.3951682511,10138.3628531517
Angle 60,11936.0935093453,10129.5683710917
Angle 60,11953.7778595824,10120.6828412281
Angle 60,11971.4482100875,10111.706345552
Angle 60,11989.1045517819,10102.6389663182
Angle 60,12006.7468753859,10093.4807860469
Angle 60,12024.3751714214,10084.2318875263
Angle 60,12041.9894302149,10074.8923538142
Angle 60,12059.5896419005,10065.4622682406
Angle 60,12077.1757964219,10055.9417144094
Angle 60,12094.7478835362,10046.3307762003
Angle 60,12112.3058928159,10036.6295377708
Angle 60,12129.8498136518,10026.8380835582
Angle 60,12147.3796352563,10016.956498281
Angle 60,12164.8953466654,10006.9848669409
Angle 60,12182.396936742,9996.92327482445
Angle 60,12199.8843941782,9986.77180750484
Angle 60,12217.3577074984,9976.53055084317
Angle 60,12234.8168650617,9966.19959099023
Angle 60,12252.2618550651,9955.77901438794
Angle 60,12269.6926655455,9945.26890777074
Angle 60,12287.1092843829,9934.66935816707
Angle 60,12304.5116993029,9923.98045290065
Angle 60,12321.8998978794,9913.20227959182
Angle 60,12339.2738675372,9902.33492615877
Angle 60,12356.6335955548,9891.37848081873
Angle 60,12373.9790690668,9880.33303208919
Angle 60,12391.3102750667,9869.19866878893
Angle 60,12408.6272004095,9857.97548003915
Angle 60,12425.9298318143,9846.66355526445
Angle 60,12443.2181558667,9835.26298419383
Angle 60,12460.4921590216,9823.77385686159
Angle 60,12477.7518276058,9812.19626360826
Angle 60,12494.9971478201,9800.53029508137
Angle 60,12512.2281057427,9788.77604223632
Angle 60,12529.4446873308,9776.93359633708
Angle 60,12546.6468784236,9765.00304895693
Angle 60,12563.8346647448,9752.9844919791
Angle 60,12581.0080319051,9740.87801759742
Angle 60,12598.1669654042,9728.68371831688
Angle 60,12615.3114506342,9716.40168695417
Angle 60,12632.4414728809,9704.03201663821
Angle 60,12649.5570173273,9691.57480081057
Angle 60,12666.6580690553,9679.03013322589
Angle 60,12683.7446130483,9666.39810795229
Angle 60,12700.8166341938,9653.67881937167
Angle 60,12717.8741172855,9640.87236218003
Angle 60,12734.9170470258,9627.97883138773
Angle 60,12751.9454080281,9614.99832231968
Angle 60,12768.9591848191,9601.93093061556
Angle 60,12785.9583618413,9588.77675222996
Angle 60,12802.942923455,9575.53588343244
Angle 60,12819.912853941,9562.20842080766
Angle 60,12836.8681375022,9548.7944612554
Angle 60,12853.8087582668,9535.29410199052
Angle 60,12870.7347002896,9521.70744054297
Angle 60,12887.6459475549,9508.03457475768
Angle 60,12904.5424839783,9494.27560279445
Angle 60,12921.4242934093,9480.43062312787
Angle 60,12938.2913596329,9466.49973454703
Angle 60,12955.1436663725,9452.48303615542
Angle 60,12971.9811972912,9438.38062737062
Angle 60,12988.8039359947,9424.19260792403
Angle 60,13005.6118660331,9409.91907786058
Angle 60,13022.4049709029,9395.56013753836
Angle 60,13039.1832340492,9381.11588762828
Angle 60,13055.9466388678,9366.58642911363
Angle 60,13072.6951687072,9351.97186328964
Angle 60,13089.4288068707,9337.27229176306
Angle 60,13106.1475366183,9322.48781645161
Angle 60,13122.851341169,9307.61853958347
Angle 60,13139.5402037022,9292.66456369673
Angle 60,13156.2141073604,9277.62599163879
Angle 60,13172.8730352507,9262.50292656574
Angle 60,13189.5169704469,9247.29547194175
Angle 60,13206.1458959912,9232.00373153835
Angle 60,13222.7597948966,9216.62780943375
Angle 60,13239.3586501483,9201.16781001214
Angle 60,13255.9424447058,9185.62383796288
Angle 60,13272.5111615048,9169.99599827976
Angle 60,13289.064783459,9154.2843962602
Angle 60,13305.6032934618,9138.48913750437
Angle 60,13322.1266743884,9122.61032791437
Angle 60,13338.6349090973,9106.64807369335
Angle 60,13355.1279804324,9090.60248134458
Angle 60,13371.6058712244,9074.47365767051
Angle 60,13388.068564293,9058.26170977184
Angle 60,13404.516042448,9041.96674504654
Angle 60,13420.9482884919,9025.58887118881
Angle 60,13437.3652852207,9009.12819618808
Angle 60,13453.7670154263,8992.58482832798
Angle 60,13470.1534618978,8975.95887618522
Angle 60,13486.524607423,8959.25044862852
Angle 60,13502.8804347907,8942.45965481751
Angle 60,13519.2209267917,8925.58660420155
Angle 60,13535.5460662207,8908.63140651864
Angle 60,13551.8558358776,8891.59417179416
Angle 60,13568.1502185697,8874.47501033974
Angle 60,13584.4291971126,8857.27403275198
Angle 60,13600.6927543322,8839.99134991127
Angle 60,13616.9408730658,8822.62707298049
Angle 60,13633.1735361643,8805.18131340375
Angle 60,13649.390726493,8787.6541829051
Angle 60,13665.5924269334,8770.04579348719
Angle 60,13681.7786203848,8752.35625742996
Angle 60,13697.9492897655,8734.58568728929
Angle 60,13714.1044180146,8716.73419589561
Angle 60,13730.2439880929,8698.80189635253
Angle 60,13746.3679829848,8680.78890203545
Angle 60,13762.4763856995,8662.69532659012
Angle 60,13778.5691792725,8644.52128393122
Angle 60,13794.6463467666,8626.26688824088
Angle 60,13810.7078712739,8607.93225396725
Angle 60,13826.7537359167,8589.51749582302
Angle 60,13842.7839238486,8571.02272878387
Angle 60,13858.7984182566,8552.44806808701
Angle 60,13874.7972023617,8533.79362922964
Angle 60,13890.7802594204,8515.05952796738
Angle 60,13906.747572726,8496.24588031277
Angle 60,13922.69912561,8477.35280253364
Angle 60,13938.634901443,8458.38041115157
Angle 60,13954.5548836363,8439.32882294028
Angle 60,13970.4590556428,8420.19815492401
Angle 60,13986.3474009585,8400.98852437593
Angle 60,14002.2199031233,8381.70004881645
Angle 60,14018.0765457227,8362.33284601164
Angle 60,14033.9173123886,8342.88703397153
Angle 60,14049.7421868003,8323.36273094844
Angle 60,14065.5511526861,8303.76005543532
Angle 60,14081.3441938241,8284.07912616403
Angle 60,14097.1212940435,8264.32006210366
Angle 60,14112.8824372253,8244.48298245883
Angle 60,14128.6276073039,8224.56800666789
Angle 60,14144.356788268,8204.57525440128
Angle 60,14160.0699641613,8184.50484555973
Angle 60,14175.7671190841,8164.35690027252
Angle 60,14191.4482371939,8144.1315388957
Angle 60,14207.1133027066,8123.82888201034
Angle 60,14222.7622998977,8103.44905042074
Angle 60,14238.3952131028,8082.99216515263
Angle 60,14254.0120267189,8062.45834745137
Angle 60,14269.6127252054,8041.84771878015
Angle 60,14285.197293085,8021.16040081818
Angle 60,14300.7657149446,8000.39651545884
Angle 60,14316.3179754361,7979.55618480788
Angle 60,14331.8540592777,7958.63953118155
Angle 60,14347.3739512544,7937.64667710476
Angle 60,14362.8776362191,7916.57774530926
Angle 60,14378.3650990935,7895.43285873173
Angle 60,14393.8363248689,7874.21214051193
Angle 60,14409.2912986069,7852.91571399083
Angle 60,14424.7300054408,7831.54370270875
Angle 60,14440.1524305757,7810.09623040343
Angle 60,14455.5585592898,7788.57342100817
Angle 60,14470.9483769351,7766.97539864991
Angle 60,14486.3218689381,7745.30228764735
Angle 60,14501.6790208009,7723.55421250902
Angle 60,14517.0198181014,7701.73129793138
Angle 60,14532.3442464947,7679.8336687969
Angle 60,14547.6522917135,7657.86145017211
Angle 60,14562.9439395689,7635.81476730573
Angle 60,14578.2191759512,7613.69374562666
Angle 60,14593.4779868304,7591.49851074212
Angle 60,14608.7203582572,7569.22918843564
Angle 60,14623.9462763636,7546.88590466519
Angle 60,14639.1557273636,7524.46878556115
Angle 60,14654.3486975538,7501.97795742441
Angle 60,14669.5251733141,7479.41354672443
Angle 60,14684.6851411083,7456.77568009721
Angle 60,14699.828587485,7434.0644843434
Angle 60,14714.9554990779,7411.2800864263
Angle 60,14730.0658626068,7388.42261346993
Angle 60,14745.1596648777,7365.49219275698
Angle 60,14760.2368927839,7342.48895172694
Angle 60,14775.2975333064,7319.41301797405
Angle 60,14790.3415735145,7296.26451924537
Angle 60,14805.3690005663,7273.04358343876
Angle 60,14820.3798017094,7249.75033860094
Angle 60,14835.3739642813,7226.38491292551
Angle 60,14850.3514757101,7202.9474347509
Angle 60,14865.312323515,7179.4380325585
Angle 60,14880.2564953068,7155.85683497056
Angle 60,14895.1839787884,7132.20397074828
Angle 60,14910.0947617554,7108.47956878981
Angle 60,14924.9888320963,7084.68375812823
Angle 60,14939.8661777936,7060.8166679296
Angle 60,14954.7267869235,7036.87842749094
Angle 60,14969.5706476572,7012.86916623828
Angle 60,14984.3977482606,6988.78901372463
Angle 60,14999.2080770952,6964.63809962802
Angle 60,15014.0016226185,6940.41655374949
Angle 60,15028.7783733844,6916.12450601114
Angle 60,15043.5383180434,6891.76208645407
Angle 60,15058.2814453435,6867.32942523648
Angle 60,15073.0077441301,6842.82665263163
Angle 60,15087.7172033469,6818.25389902584
Angle 60,15102.4098120357,6793.61129491657
Angle 60,15117.0855593374,6768.89897091036
Angle 60,15131.7444344919,6744.1170577209
Angle 60,15146.3864268388,6719.26568616703
Angle 60,15161.0115258176,6694.34498717076
Angle 60,15175.6197209679,6669.35509175527
Angle 60,15190.2110019302,6644.29613104299
Angle 60,15204.7853584457,6619.16823625356
Angle 60,15219.3427803569,6593.9715387019
Angle 60,15233.8832576082,6568.7061697962
Angle 60,15248.4067802456,6543.37226103601
Angle 60,15262.9133384173,6517.96994401021
Angle 60,15277.4029223742,6492.49935039506
Angle 60,15291.8755224699,6466.96061195226
Angle 60,15306.3311291612,6441.35386052698
Angle 60,15320.769733008,6415.6792280459
Angle 60,15335.191324674,6389.93684651522
Angle 60,15349.5958949268,6364.12684801879
Angle 60,15363.9834346381,6338.24936471607
Angle 60,15378.3539347838,6312.30452884023
Angle 60,15392.7073864448,6286.29247269622
Angle 60,15407.0437808064,6260.21332865878
Angle 60,15421.3631091593,6234.06722917056
Angle 60,15435.6653628993,6207.85430674014
Angle 60,15449.9505335277,6181.57469394012
Angle 60,15464.2186126515,6155.22852340518
Angle 60,15478.4695919837,6128.8159278302
Angle 60,15492.7034633433,6102.33703996826
Angle 60,15506.9202186554,6075.79199262882
Angle 60,15521.1198499516,6049.18091867572
Angle 60,15535.3023493703,6022.50395102534
Angle 60,15549.4677091565,5995.76122264465
Angle 60,15563.615921662,5968.95286654932
Angle 60,15577.7469793457,5942.07901580186
Angle 60,15591.8608747739,5915.13980350969
Angle 60,15605.9576006201,5888.13536282324
Angle 60,15620.0371496651,5861.06582693413
Angle 60,15634.0995147975,5833.93132907322
Angle 60,15648.1446890136,5806.73200250879
Angle 60,15662.1726654174,5779.46798054464
Angle 60,15676.1834372208,5752.13939651826
Angle 60,15690.1769977438,5724.74638379891
Angle 60,15704.1533404146,5697.28907578584
Angle 60,15718.1124587693,5669.76760590639
Angle 60,15732.0543464525,5642.18210761415
Angle 60,15745.9789972171,5614.53271438715
Angle 60,15759.8864049243,5586.819559726
Angle 60,15773.7765635441,5559.04277715207
Angle 60,15787.6494671546,5531.20250020566
Angle 60,15801.5051099428,5503.2988624442
Angle 60,15815.3434862041,5475.33199744041
Angle 60,15829.1645903429,5447.30203878052
Angle 60,15842.9684168721,5419.20912006244
Angle 60,15856.7549604132,5391.05337489401
Angle 60,15870.5242156967,5362.83493689115
Angle 60,15884.2761775618,5334.55393967612
Angle 60,15898.0108409565,5306.21051687572
Angle 60,15911.7282009376,5277.80480211953
Angle 60,15925.4282526706,5249.33692903813
Angle 60,15939.1109914302,5220.80703126135
Angle 60,15952.7764125993,5192.21524241653
Angle 60,15966.4245116701,5163.56169612671
Angle 60,15980.0552842433,5134.84652600895
Angle 60,15993.6687260285,5106.06986567259
Angle 60,16007.2648328439,5077.23184871748
Angle 60,16020.8436006165,5048.33260873228
Angle 60,16034.4050253819,5019.37227929274
Angle 60,16047.9491032842,4990.35099395999
Angle 60,16061.4758305763,4961.26888627885
Angle 60,16074.9852036196,4932.12608977607
Angle 60,16088.4772188837,4902.92273795874
Angle 60,16101.951872947,4873.65896431249
Angle 60,16115.4091624959,4844.33490229992
Angle 60,16128.8490843252,4814.95068535882
Angle 60,16142.271635338,4785.50644690062
Angle 60,16155.6768125455,4756.00232030861
Angle 60,16169.0646130667,4726.4384389364
Angle 60,16182.435034129,4696.81493610619
Angle 60,16195.7880730673,4667.13194510717
Angle 60,16209.1237273244,4637.38959919389
Angle 60,16222.4419944508,4607.58803158462
Angle 60,16235.7428721046,4577.72737545974
Angle 60,16249.0263580514,4547.80776396014
Angle 60,16262.292450164,4517.82933018559
Angle 60,16275.5411464227,4487.79220719316
Angle 60,16288.7724449146,4457.69652799564
Angle 60,16301.9863438342,4427.54242555992
Angle 60,16315.1828414825,4397.33003280547
Angle 60,16328.3619362676,4367.05948260271
Angle 60,16341.523626704,4336.73090777151
Angle 60,16354.6679114128,4306.34444107959
Angle 60,16367.7947891213,4275.90021524099
Angle 60,16380.9042586632,4245.39836291452
Angle 60,16393.9963189782,4214.83901670226
Angle 60,16407.0709691117,4184.222309148
Angle 60,16420.128208215,4153.54837273574
Angle 60,16433.1680355452,4122.81733988816
Angle 60,16446.1904504645,4092.02934296515
Angle 60,16459.1954524405,4061.18451426231
Angle 60,16472.1830410459,4030.28298600941
Angle 60,16485.1532159583,3999.32489036899
Angle 60,16498.1059769602,3968.31035943482
Angle 60,16511.0413239383,3937.23952523048
Angle 60,16523.9592568841,3906.11251970788
Angle 60,16536.859775893,3874.92947474581
Angle 60,16549.7428811648,3843.6905221485
Angle 60,16562.6085730026,3812.39579364421
Angle 60,16575.4568518136,3781.04542088374
Angle 60,16588.2877181082,3749.63953543909
Angle 60,16601.1011725001,3718.17826880199
Angle 60,16613.8972157061,3686.66175238251
Angle 60,16626.6758485457,3655.09011750769
Angle 60,16639.437071941,3623.4634954201
Angle 60,16652.1808869168,3591.78201727651
Angle 60,16664.9072945998,3560.04581414648
Angle 60,16677.6162962188,3528.25501701104
Angle 60,16690.3078931044,3496.40975676126
Angle 60,16702.9820866886,3464.51016419696
Angle 60,16715.6388785048,3432.55637002537
Angle 60,16728.2782701876,3400.54850485973
Angle 60,16740.9002634722,3368.48669921806
Angle 60,16753.5048601948,3336.37108352174
Angle 60,16766.0920622916,3304.20178809428
Angle 60,16778.6618717991,3271.97894315998
Angle 60,16791.2142908539,3239.70267884263
Angle 60,16803.7493216921,3207.37312516424
Angle 60,16816.2669666492,3174.99041204376
Angle 60,16828.7672281599,3142.55466929578
Angle 60,16841.2501087579,3110.06602662931
Angle 60,16853.7156110756,3077.52461364648
Angle 60,16866.1637378437,3044.93055984134
Angle 60,16878.5944918911,3012.28399459855
Angle 60,16891.0078761448,2979.58504719224
Angle 60,16903.4038936293,2946.83384678471
Angle 60,16915.7825474664,2914.03052242523
Angle 60,16928.1438408752,2881.17520304885
Angle 60,16940.4877771716,2848.26801747521
Angle 60,16952.8143597681,2815.3090944073
Angle 60,16965.1235921735,2782.2985624303
Angle 60,16977.4154779926,2749.23655001044
Angle 60,16989.6900209261,2716.12318549374
Angle 60,17001.9472247701,2682.95859710497
Angle 60,17014.187093416,2649.74291294637
Angle 60,17026.4096308501,2616.47626099661
Angle 60,17038.6148411533,2583.15876910958
Angle 60,17050.8027285009,2549.7905650133
Angle 60,17062.9732971625,2516.3717763088
Angle 60,17075.1265515011,2482.90253046897
Angle 60,17087.2624959735,2449.38295483748
Angle 60,17099.3811351297,2415.8131766277
Angle 60,17111.4824736126,2382.19332292156
Angle 60,17123.5665161577,2348.52352066852
Angle 60,17135.6332675929,2314.80389668445
Angle 60,17147.6827328381,2281.03457765061
Angle 60,17159.7149169049,2247.21569011255
Angle 60,17171.7298248964,2213.34736047907
Angle 60,17183.727462007,2179.42971502121
Angle 60,17195.7078335216,2145.46287987115
Angle 60,17207.670944816,2111.44698102126
Angle 60,17219.616801356,2077.382144323
Angle 60,17231.5454086974,2043.26849548598
Angle 60,17243.4567724855,2009.10616007692
Angle 60,17255.3508984552,1974.89526351865
Angle 60,17267.2277924301,1940.63593108912
Angle 60,17279.0874603226,1906.32828792047
Angle 60,17290.9299081335,1871.97245899797
Angle 60,17302.7551419516,1837.56856915913
Angle 60,17314.5631679534,1803.11674309272
Angle 60,17326.353992403,1768.61710533779
Angle 60,17338.1276216513,1734.06978028278
Angle 60,17349.8840621364,1699.47489216454
Angle 60,17361.6233203824,1664.83256506745
Angle 60,17373.3454029999,1630.14292292245
Angle 60,17385.0503166851,1595.40608950616
Angle 60,17396.7380682199,1560.62218843997
Angle 60,17408.4086644712,1525.79134318916
Angle 60,17420.0621123907,1490.91367706198
Angle 60,17431.6984190149,1455.9893132088
Angle 60,17443.3175914641,1421.01837462121
Angle 60,17454.9196369428,1386.00098413119
Angle 60,17466.5045627388,1350.9372644102
Angle 60,17478.0723762233,1315.82733796839
Angle 60,17489.6230848502,1280.67132715373
Angle 60,17501.1566961561,1245.46935415115
Angle 60,17512.6732177595,1210.22154098176
Angle 60,17524.1726573611,1174.92800950199
Angle 60,17535.6550227431,1139.58888140282
Angle 60,17547.1203217687,1104.20427820893
Angle 60,17558.5685623821,1068.77432127792
Angle 60,17569.999752608,1033.29913179954
Angle 60,17581.4139005513,997.778830794869
Angle 60,17592.8110143968,962.213539115587
Angle 60,17604.1911024087,926.603377443163
Angle 60,17615.5541729305,890.948466288118
Angle 60,17626.9002343845,855.248925989269
Angle 60,17638.2292952714,819.50487671298
Angle 60,17649.5413641701,783.716438452427
Angle 60,17660.8364497375,747.883731026864
Angle 60,17672.1145607076,712.006874080901
Angle 60,17683.3757058919,676.085987083787
Angle 60,17694.6198941785,640.121189328703
Angle 60,17705.8471345319,604.112599932056
Angle 60,17717.0574359927,568.060337832785
Angle 60,17728.2508076775,531.964521791678
Angle 60,17739.427258778,495.825270390684
Angle 60,17750.5867985611,459.642702032248
Angle 60,17761.7294363683,423.416934938637
Angle 60,17772.8551816158,387.148087151286
Angle 60,17783.9640437934,350.836276530144
Angle 60,17795.0560324648,314.48162075303
Angle 60,17806.131157267,278.084237314994
Angle 60,17817.1894279101,241.644243527687
Angle 60,17828.2308541765,205.161756518736
Angle 60,17839.2554459214,168.636893231127
Angle 60,17850.2632130714,132.069770422598
Angle 60,17861.254165625,95.4605046650318
Angle 60,17872.2283136519,58.8092123438618
Angle 60,17883.1856672927,22.1160096574828
Angle 60,17889.7723491889,0
Angle 61,0,0
Angle 61,33.8416507316753,60.9539540371584
Angle 61,67.5889261643419,121.639923823737
Angle 61,101.242467576017,182.059336596661
Angle 61,134.802910213305,242.213605792941
Angle 61,168.270883367318,302.104131222086
Angle 61,201.647010448392,361.732299235812
Angle 61,234.931909059644,421.099482895093
Angle 61,268.126191069372,480.207042134602
Angle 61,301.230462682333,539.056323924593
Angle 61,334.24532450991,597.648662430274
Angle 61,367.171371639197,655.985379168713
Angle 61,400.009193701014,714.067783163324
Angle 61,432.759374936882,771.89717109598
Angle 61,465.422494264964,829.474827456793
Angle 61,497.999125345001,886.802024691608
Angle 61,530.489836642261,943.880023347246
Angle 61,562.895191490509,1000.71007221455
Angle 61,595.215748154029,1057.29340846924
Angle 61,627.452059888708,1113.6312578107
Angle 61,659.604675002196,1169.72483459859
Angle 61,691.674136913166,1225.57534198748
Angle 61,723.66098420969,1281.18397205947
Angle 61,755.565750706732,1336.55190595473
Angle 61,787.388965502796,1391.68031400028
Angle 61,819.131153035732,1446.57035583665
Angle 61,850.792833137707,1501.22318054285
Angle 61,882.374521089377,1555.6399267594
Angle 61,913.876727673252,1609.82172280955
Angle 61,945.299959226282,1663.76968681875
Angle 61,976.644717691676,1717.48492683243
Angle 61,1007.91150066996,1770.9685409319
Angle 61,1039.10080146929,1824.22161734876
Angle 61,1070.21310915505,1877.24523457752
Angle 61,1101.24890859872,1930.04046148664
Angle 61,1132.20868052601,1982.60835742797
Angle 61,1163.09290156439,2034.94997234462
Angle 61,1193.90204428983,2087.06634687728
Angle 61,1224.63657727294,2138.95851246898
Angle 61,1255.29696512444,2190.62749146848
Angle 61,1285.88366853997,2242.07429723202
Angle 61,1316.39714434425,2293.29993422379
Angle 61,1346.83784553468,2344.30539811488
Angle 61,1377.20622132423,2395.09167588087
Angle 61,1407.50271718382,2445.65974589804
Angle 61,1437.72777488403,2496.01057803825
Angle 61,1467.88183253626,2546.14513376248
Angle 61,1497.96532463335,2596.0643662131
Angle 61,1527.97868208954,2645.76922030476
Angle 61,1557.92233227997,2695.26063281417
Angle 61,1587.7966990796,2744.53953246851
Angle 61,1617.60220290155,2793.60684003269
Angle 61,1647.33926073498,2842.46346839541
Angle 61,1677.00828618242,2891.11032265398
Angle 61,1706.60968949657,2939.54830019809
Angle 61,1736.14387761662,2987.77829079233
Angle 61,1765.61125420406,3035.80117665764
Angle 61,1795.01221967804,3083.61783255166
Angle 61,1824.34717125019,3131.22912584798
Angle 61,1853.61650295901,3178.63591661434
Angle 61,1882.8206057038,3225.83905768972
Angle 61,1911.95986727809,3272.83939476049
Angle 61,1941.03467240267,3319.63776643549
Angle 61,1970.04540275818,3366.23500432006
Angle 61,1998.99243701719,3412.63193308919
Angle 61,2027.87615087593,3458.82937055962
Angle 61,2056.6969170856,3504.82812776101
Angle 61,2085.4551054832,3550.62900900619
Angle 61,2114.15108302198,3596.23281196045
Angle 61,2142.78521380156,3641.64032770994
Angle 61,2171.35785909751,3686.85234082917
Angle 61,2199.86937739068,3731.86962944765
Angle 61,2228.32012439607,3776.69296531562
Angle 61,2256.71045309134,3821.32311386893
Angle 61,2285.04071374494,3865.76083429315
Angle 61,2313.3112539439,3910.00687958675
Angle 61,2341.52241862121,3954.06199662354
Angle 61,2369.67455008293,3997.92692621426
Angle 61,2397.76798803484,4041.60240316743
Angle 61,2425.80306960884,4085.08915634933
Angle 61,2453.78012938896,4128.38790874337
Angle 61,2481.69949943704,4171.49937750852
Angle 61,2509.56150931813,4214.42427403712
Angle 61,2537.36648612546,4257.16330401195
Angle 61,2565.11475450524,4299.71716746251
Angle 61,2592.80663668097,4342.08655882069
Angle 61,2620.44245247763,4384.27216697561
Angle 61,2648.02251934539,4426.27467532791
Angle 61,2675.54715238315,4468.09476184327
Angle 61,2703.01666436169,4509.73309910531
Angle 61,2730.43136574661,4551.19035436776
Angle 61,2757.79156472092,4592.4671896061
Angle 61,2785.09756720737,4633.56426156846
Angle 61,2812.34967689051,4674.4822218259
Angle 61,2839.54819523846,4715.22171682216
Angle 61,2866.6934215244,4755.78338792265
Angle 61,2893.78565284784,4796.16787146301
Angle 61,2920.82518415556,4836.37579879691
Angle 61,2947.81230826236,4876.4077963434
Angle 61,2974.74731587149,4916.26448563359
Angle 61,3001.63049559484,4955.94648335683
Angle 61,3028.46213397298,4995.45440140627
Angle 61,3055.24251549476,5034.78884692395
Angle 61,3081.97192261689,5073.95042234522
Angle 61,3108.65063578309,5112.93972544278
Angle 61,3135.27893344315,5151.75734937007
Angle 61,3161.85709207165,5190.40388270419
Angle 61,3188.38538618654,5228.87990948832
Angle 61,3214.86408836744,5267.18600927359
Angle 61,3241.29346927373,5305.32275716049
Angle 61,3267.67379766242,5343.29072383979
Angle 61,3294.00534040583,5381.09047563293
Angle 61,3320.28836250902,5418.72257453202
Angle 61,3346.52312712703,5456.18757823925
Angle 61,3372.70989558193,5493.48604020597
Angle 61,3398.84892737962,5530.61850967118
Angle 61,3424.94048022645,5567.58553169968
Angle 61,3450.9848100457,5604.38764721974
Angle 61,3476.98217099375,5641.02539306026
Angle 61,3502.93281547615,5677.49930198762
Angle 61,3528.83699416346,5713.80990274204
Angle 61,3554.69495600694,5749.95772007347
Angle 61,3580.50694825396,5785.94327477719
Angle 61,3606.27321646336,5821.76708372889
Angle 61,3631.99400452054,5857.42965991939
Angle 61,3657.66955465235,5892.93151248898
Angle 61,3683.30010744195,5928.27314676133
Angle 61,3708.88590184327,5963.45506427705
Angle 61,3734.42717519554,5998.47776282685
Angle 61,3759.92416323745,6033.34173648431
Angle 61,3785.37710012129,6068.0474756383
Angle 61,3810.78621842684,6102.59546702504
Angle 61,3836.1517491751,6136.98619375981
Angle 61,3861.47392184192,6171.22013536821
Angle 61,3886.75296437145,6205.29776781723
Angle 61,3911.98910318936,6239.21956354582
Angle 61,3937.182563216,6272.98599149524
Angle 61,3962.3335678794,6306.59751713895
Angle 61,3987.44233912804,6340.0546025123
Angle 61,4012.50909744358,6373.35770624179
Angle 61,4037.53406185333,6406.50728357406
Angle 61,4062.51744994271,6439.50378640452
Angle 61,4087.45947786743,6472.34766330573
Angle 61,4112.36036036562,6505.03935955539
Angle 61,4137.2203107698,6537.57931716409
Angle 61,4162.03954101869,6569.96797490269
Angle 61,4186.81826166891,6602.2057683295
Angle 61,4211.55668190655,6634.29312981705
Angle 61,4236.25500955857,6666.23048857868
Angle 61,4260.91345110413,6698.01827069472
Angle 61,4285.53221168572,6729.65689913853
Angle 61,4310.11149512023,6761.14679380212
Angle 61,4334.65150390985,6792.48837152162
Angle 61,4359.15243925288,6823.68204610237
Angle 61,4383.61450105434,6854.72822834382
Angle 61,4408.03788793661,6885.62732606414
Angle 61,4432.42279724977,6916.37974412452
Angle 61,4456.76942508197,6946.98588445332
Angle 61,4481.07796626958,6977.44614606984
Angle 61,4505.3486144073,7007.76092510794
Angle 61,4529.58156185811,7037.93061483937
Angle 61,4553.77699976312,7067.95560569684
Angle 61,4577.9351180513,7097.83628529685
Angle 61,4602.05610544914,7127.57303846234
Angle 61,4626.14014949014,7157.16624724505
Angle 61,4650.18743652424,7186.61629094761
Angle 61,4674.19815172714,7215.92354614552
Angle 61,4698.17247910948,7245.08838670878
Angle 61,4722.11060152594,7274.11118382338
Angle 61,4746.01270068427,7302.9923060125
Angle 61,4769.87895715414,7331.7321191576
Angle 61,4793.70955037597,7360.33098651914
Angle 61,4817.50465866963,7388.78926875723
Angle 61,4841.26445924301,7417.10732395199
Angle 61,4864.98912820055,7445.28550762375
Angle 61,4888.67884055165,7473.32417275299
Angle 61,4912.33377021896,7501.22366980012
Angle 61,4935.95409004661,7528.98434672507
Angle 61,4959.53997180836,7556.60654900664
Angle 61,4983.0915862156,7584.0906196617
Angle 61,5006.60910292532,7611.43689926415
Angle 61,5030.09269054797,7638.64572596377
Angle 61,5053.54251665522,7665.71743550477
Angle 61,5076.95874778762,7692.65236124427
Angle 61,5100.34154946224,7719.45083417052
Angle 61,5123.69108618016,7746.11318292098
Angle 61,5147.00752143389,7772.6397338002
Angle 61,5170.2910177147,7799.03081079752
Angle 61,5193.54173651992,7825.28673560464
Angle 61,5216.75983836007,7851.40782763299
Angle 61,5239.945482766,7877.39440403089
Angle 61,5263.09882829588,7903.24677970065
Angle 61,5286.22003254213,7928.96526731537
Angle 61,5309.30925213833,7954.55017733569
Angle 61,5332.36664276593,7980.00181802636
Angle 61,5355.39235916101,8005.32049547257
Angle 61,5378.38655512089,8030.50651359622
Angle 61,5401.3493835107,8055.56017417199
Angle 61,5424.28099626983,8080.48177684329
Angle 61,5447.18154441835,8105.271619138
Angle 61,5470.05117806338,8129.92999648413
Angle 61,5492.89004640528,8154.45720222526
Angle 61,5515.69829774391,8178.85352763594
Angle 61,5538.47607948472,8203.11926193682
Angle 61,5561.2235381448,8227.25469230975
Angle 61,5583.94081935886,8251.26010391267
Angle 61,5606.62806788516,8275.13577989439
Angle 61,5629.28542761134,8298.88200140924
Angle 61,5651.9130415602,8322.49904763155
Angle 61,5674.51105189541,8345.98719577008
Angle 61,5697.07959992718,8369.34672108219
Angle 61,5719.6188261178,8392.57789688802
Angle 61,5742.12887008721,8415.68099458443
Angle 61,5764.6098706184,8438.6562836589
Angle 61,5787.06196566282,8461.50403170323
Angle 61,5809.48529234574,8484.22450442719
Angle 61,5831.87998697146,8506.817965672
Angle 61,5854.24618502855,8529.2846774237
Angle 61,5876.58402119499,8551.6248998264
Angle 61,5898.89362934324,8573.83889119547
Angle 61,5921.17514254528,8595.92690803049
Angle 61,5943.42869307757,8617.88920502823
Angle 61,5965.65441242593,8639.72603509542
Angle 61,5987.85243129044,8661.43764936143
Angle 61,6010.02287959019,8683.0242971909
Angle 61,6032.16588646802,8704.48622619614
Angle 61,6054.28158029521,8725.82368224959
Angle 61,6076.37008867609,8747.03690949601
Angle 61,6098.43153845264,8768.12615036467
Angle 61,6120.46605570892,8789.09164558141
Angle 61,6142.47376577564,8809.93363418059
Angle 61,6164.45479323446,8830.65235351696
Angle 61,6186.40926192242,8851.24803927742
Angle 61,6208.33729493618,8871.72092549267
Angle 61,6230.23901463629,8892.07124454881
Angle 61,6252.1145426514,8912.29922719877
Angle 61,6273.96399988236,8932.40510257374
Angle 61,6295.78750650635,8952.38909819444
Angle 61,6317.5851819809,8972.25143998232
Angle 61,6339.35714504788,8991.99235227067
Angle 61,6361.10351373746,9011.61205781566
Angle 61,6382.82440537199,9031.11077780727
Angle 61,6404.5199365698,9050.48873188012
Angle 61,6426.1902232491,9069.7461381243
Angle 61,6447.8353806316,9088.88321309598
Angle 61,6469.45552324632,9107.90017182807
Angle 61,6491.05076493315,9126.79722784072
Angle 61,6512.62121884653,9145.57459315178
Angle 61,6534.16699745897,9164.23247828713
Angle 61,6555.68821256456,9182.77109229103
Angle 61,6577.18497528247,9201.19064273627
Angle 61,6598.65739606032,9219.49133573433
Angle 61,6620.10558467762,9237.67337594548
Angle 61,6641.52965024906,9255.73696658871
Angle 61,6662.92970122781,9273.68230945168
Angle 61,6684.30584540878,9291.5096049006
Angle 61,6705.6581899318,9309.21905188993
Angle 61,6726.98684128481,9326.81084797217
Angle 61,6748.29190530695,9344.28518930747
Angle 61,6769.57348719165,9361.64227067318
Angle 61,6790.83169148966,9378.88228547343
Angle 61,6812.06662211205,9396.00542574851
Angle 61,6833.27838233314,9413.01188218427
Angle 61,6854.46707479347,9429.90184412148
Angle 61,6875.63280150257,9446.67549956505
Angle 61,6896.7756638419,9463.33303519322
Angle 61,6917.89576256756,9479.87463636675
Angle 61,6938.99319781309,9496.30048713796
Angle 61,6960.06806909217,9512.61077025976
Angle 61,6981.12047530128,9528.80566719463
Angle 61,7002.15051472235,9544.88535812352
Angle 61,7023.15828502537,9560.85002195473
Angle 61,7044.14388327092,9576.69983633268
Angle 61,7065.10740591274,9592.43497764668
Angle 61,7086.04894880015,9608.05562103962
Angle 61,7106.96860718058,9623.56194041665
Angle 61,7127.86647570192,9638.95410845373
Angle 61,7148.74264841494,9654.23229660619
Angle 61,7169.59721877559,9669.39667511729
Angle 61,7190.43027964736,9684.44741302657
Angle 61,7211.24192330352,9699.38467817834
Angle 61,7232.03224142934,9714.20863723001
Angle 61,7252.80132512436,9728.91945566042
Angle 61,7273.54926490448,9743.51729777807
Angle 61,7294.27615070415,9758.00232672942
Angle 61,7314.98207187846,9772.37470450701
Angle 61,7335.6671172052,9786.63459195765
Angle 61,7356.3313748869,9800.78214879049
Angle 61,7376.97493255286,9814.81753358513
Angle 61,7397.59787726108,9828.74090379962
Angle 61,7418.20029550023,9842.55241577844
Angle 61,7438.78227319156,9856.25222476046
Angle 61,7459.34389569075,9869.84048488686
Angle 61,7479.88524778982,9883.31734920903
Angle 61,7500.40641371888,9896.68296969637
Angle 61,7520.90747714794,9909.93749724412
Angle 61,7541.3885211887,9923.08108168115
Angle 61,7561.84962839624,9936.1138717777
Angle 61,7582.29088077072,9949.03601525308
Angle 61,7602.71235975909,9961.84765878336
Angle 61,7623.11414625669,9974.54894800904
Angle 61,7643.49632060889,9987.14002754264
Angle 61,7663.85896261265,9999.6210409763
Angle 61,7684.20215151812,10011.9921308894
Angle 61,7704.52596603014,10024.2534388559
Angle 61,7724.83048430976,10036.4051054523
Angle 61,7745.11578397571,10048.4472702646
Angle 61,7765.38194210585,10060.380071896
Angle 61,7785.62903523863,10072.2036479745
Angle 61,7805.85713937445,10083.9181351599
Angle 61,7826.06632997707,10095.5236691516
Angle 61,7846.25668197494,10107.0203846958
Angle 61,7866.42826976254,10118.4084155929
Angle 61,7886.58116720169,10129.6878947045
Angle 61,7906.71544762283,10140.8589539613
Angle 61,7926.83118382626,10151.9217243699
Angle 61,7946.9284480834,10162.8763360202
Angle 61,7967.00731213799,10173.7229180929
Angle 61,7987.06784720728,10184.4615988662
Angle 61,8007.11012398322,10195.0925057235
Angle 61,8027.13421263357,10205.6157651605
Angle 61,8047.14018280308,10216.0315027922
Angle 61,8067.12810361455,10226.3398433601
Angle 61,8087.09804366994,10236.5409107394
Angle 61,8107.05007105143,10246.6348279465
Angle 61,8126.98425332247,10256.6217171452
Angle 61,8146.90065752882,10266.501699655
Angle 61,8166.79935019957,10276.2748959572
Angle 61,8186.68039734807,10285.9414257024
Angle 61,8206.54386447299,10295.5014077178
Angle 61,8226.38981655923,10304.9549600137
Angle 61,8246.21831807888,10314.3021997912
Angle 61,8266.02943299212,10323.5432434485
Angle 61,8285.82322474817,10332.6782065889
Angle 61,8305.59975628614,10341.7072040267
Angle 61,8325.35909003595,10350.6303497953
Angle 61,8345.10128791917,10359.4477571533
Angle 61,8364.82641134986,10368.1595385924
Angle 61,8384.53452123546,10376.7658058433
Angle 61,8404.22567797753,10385.2666698839
Angle 61,8423.89994147266,10393.6622409454
Angle 61,8443.55737111319,10401.9526285195
Angle 61,8463.19802578801,10410.1379413656
Angle 61,8482.82196388337,10418.2182875177
Angle 61,8502.42924328364,10426.1937742911
Angle 61,8522.01992137201,10434.0645082896
Angle 61,8541.59405503131,10441.8305954125
Angle 61,8561.15170064469,10449.4921408614
Angle 61,8580.69291409638,10457.0492491472
Angle 61,8600.21775077238,10464.5020240973
Angle 61,8619.72626556119,10471.8505688619
Angle 61,8639.21851285451,10479.0949859218
Angle 61,8658.69454654794,10486.2353770947
Angle 61,8678.15442004165,10493.2718435424
Angle 61,8697.59818624108,10500.2044857778
Angle 61,8717.02589755762,10507.0334036716
Angle 61,8736.43760590927,10513.7586964594
Angle 61,8755.83336272133,10520.380462749
Angle 61,8775.21321892704,10526.8988005265
Angle 61,8794.57722496827,10533.313807164
Angle 61,8813.92543079616,10539.6255794264
Angle 61,8833.25788587178,10545.8342134778
Angle 61,8852.57463916677,10551.9398048894
Angle 61,8871.87573916406,10557.9424486454
Angle 61,8891.16123385843,10563.8422391509
Angle 61,8910.43117075724,10569.6392702383
Angle 61,8929.68559688103,10575.3336351741
Angle 61,8948.92455876424,10580.9254266664
Angle 61,8968.14810245579,10586.4147368716
Angle 61,8987.35627351979,10591.8016574012
Angle 61,9006.54911703621,10597.0862793288
Angle 61,9025.72667760148,10602.2686931974
Angle 61,9044.88899932925,10607.348989026
Angle 61,9064.03612585099,10612.3272563165
Angle 61,9083.16810031671,10617.203584061
Angle 61,9102.28496539561,10621.9780607487
Angle 61,9121.3867632768,10626.6507743725
Angle 61,9140.47353566999,10631.2218124364
Angle 61,9159.54532380617,10635.6912619622
Angle 61,9178.60216843836,10640.0592094967
Angle 61,9197.64410984227,10644.3257411184
Angle 61,9216.67118781711,10648.4909424447
Angle 61,9235.68344168624,10652.5548986387
Angle 61,9254.68091029798,10656.5176944163
Angle 61,9273.66363202632,10660.3794140533
Angle 61,9292.63164477174,10664.1401413917
Angle 61,9311.58498596192,10667.7999598478
Angle 61,9330.5236925526,10671.3589524181
Angle 61,9349.44780102832,10674.8172016868
Angle 61,9368.35734740329,10678.1747898329
Angle 61,9387.25236722219,10681.4317986367
Angle 61,9406.132895561,10684.5883094871
Angle 61,9424.99896702787,10687.6444033886
Angle 61,9443.85061576401,10690.600160968
Angle 61,9462.68787544454,10693.4556624816
Angle 61,9481.51077927944,10696.2109878221
Angle 61,9500.31936001439,10698.8662165253
Angle 61,9519.11364993181,10701.4214277776
Angle 61,9537.89368085171,10703.8767004224
Angle 61,9556.65948413272,10706.2321129674
Angle 61,9575.41109067307,10708.4877435913
Angle 61,9594.14853091158,10710.6436701508
Angle 61,9612.87183482868,10712.6999701877
Angle 61,9631.58103194748,10714.6567209355
Angle 61,9650.27615133482,10716.5139993266
Angle 61,9668.95722160232,10718.2718819991
Angle 61,9687.62427090756,10719.9304453036
Angle 61,9706.27732695511,10721.4897653101
Angle 61,9724.91641699775,10722.9499178151
Angle 61,9743.5415678376,10724.3109783483
Angle 61,9762.15280582731,10725.5730221793
Angle 61,9780.75015687129,10726.7361243248
Angle 61,9799.33364642691,10727.800359555
Angle 61,9817.90329950577,10728.7658024009
Angle 61,9836.459140675,10729.6325271607
Angle 61,9855.00119405851,10730.4006079068
Angle 61,9873.52948333838,10731.0701184926
Angle 61,9892.04403175613,10731.6411325592
Angle 61,9910.54486211417,10732.113723542
Angle 61,9929.03199677714,10732.4879646776
Angle 61,9947.50545767334,10732.7639290108
Angle 61,9965.9652662962,10732.9416894005
Angle 61,9984.41144370573,10733.0213185272
Angle 61,10002.84401053,10733.0028888993
Angle 61,10021.2629869667,10732.8864728595
Angle 61,10039.6683927846,10732.6721425921
Angle 61,10058.0602473253,10732.3599701288
Angle 61,10076.4385695045,10731.9500273557
Angle 61,10094.803377814,10731.4423860201
Angle 61,10113.1546903232,10730.8371177363
Angle 61,10131.4925246805,10730.1342939929
Angle 61,10149.8168981155,10729.3339861585
Angle 61,10168.1278274403,10728.4362654889
Angle 61,10186.4253290513,10727.441203133
Angle 61,10204.7094189314,10726.3488701395
Angle 61,10222.9801126513,10725.159337463
Angle 61,10241.2374253713,10723.8726759705
Angle 61,10259.4813718437,10722.4889564478
Angle 61,10277.711966414,10721.0082496054
Angle 61,10295.9292230235,10719.4306260854
Angle 61,10314.1331552105,10717.756156467
Angle 61,10332.3237761127,10715.9849112732
Angle 61,10350.5010984693,10714.1169609767
Angle 61,10368.6651346224,10712.152376006
Angle 61,10386.8158965197,10710.0912267516
Angle 61,10404.9533957161,10707.9335835721
Angle 61,10423.0776433761,10705.6795167999
Angle 61,10441.1886502755,10703.3290967476
Angle 61,10459.286426804,10700.8823937135
Angle 61,10477.3709829668,10698.3394779879
Angle 61,10495.4423283874,10695.7004198585
Angle 61,10513.5004723093,10692.9652896168
Angle 61,10531.5454235983,10690.1341575631
Angle 61,10549.5771907451,10687.2070940132
Angle 61,10567.5957818669,10684.1841693031
Angle 61,10585.6012047104,10681.0654537953
Angle 61,10603.5934666537,10677.8510178843
Angle 61,10621.5725747086,10674.540932002
Angle 61,10639.5385355232,10671.1352666232
Angle 61,10657.491355384,10667.6340922713
Angle 61,10675.4310402185,10664.0374795234
Angle 61,10693.3575955975,10660.3454990162
Angle 61,10711.2710267377,10656.5582214507
Angle 61,10729.1713385038,10652.6757175979
Angle 61,10747.0585354114,10648.6980583039
Angle 61,10764.9326216291,10644.625314495
Angle 61,10782.7936009814,10640.4575571831
Angle 61,10800.6414769507,10636.1948574707
Angle 61,10818.4762526805,10631.8372865556
Angle 61,10836.2979309775,10627.3849157363
Angle 61,10854.1065143143,10622.837816417
Angle 61,10871.9020048318,10618.1960601121
Angle 61,10889.6844043424,10613.459718451
Angle 61,10907.453714332,10608.6288631836
Angle 61,10925.2099359628,10603.7035661842
Angle 61,10942.9530700761,10598.6838994565
Angle 61,10960.6831171952,10593.5699351384
Angle 61,10978.4000775273,10588.3617455064
Angle 61,10996.1039509669,10583.05940298
Angle 61,11013.7947370984,10577.6629801264
Angle 61,11031.4724351986,10572.1725496646
Angle 61,11049.1370442395,10566.5881844703
Angle 61,11066.7885628913,10560.9099575795
Angle 61,11084.4269895246,10555.1379421932
Angle 61,11102.0523222139,10549.2722116815
Angle 61,11119.6645587397,10543.3128395877
Angle 61,11137.2636965918,10537.2598996324
Angle 61,11154.8497329717,10531.1134657174
Angle 61,11172.4226647956,10524.8736119298
Angle 61,11189.9824886973,10518.5404125459
Angle 61,11207.5292010308,10512.1139420349
Angle 61,11225.0627978733,10505.5942750628
Angle 61,11242.5832750279,10498.9814864963
Angle 61,11260.0906280264,10492.2756514061
Angle 61,11277.5848521325,10485.4768450708
Angle 61,11295.0659423441,10478.5851429805
Angle 61,11312.5338933968,10471.60062084
Angle 61,11329.988699766,10464.5233545724
Angle 61,11347.4303556704,10457.3534203229
Angle 61,11364.8588550745,10450.0908944612
Angle 61,11382.2741916918,10442.7358535859
Angle 61,11399.6763589872,10435.2883745267
Angle 61,11417.0653501802,10427.7485343483
Angle 61,11434.4411582478,10420.1164103531
Angle 61,11451.8037759272,10412.3920800842
Angle 61,11469.1531957188,10404.575621329
Angle 61,11486.4894098888,10396.6671121211
Angle 61,11503.8124104725,10388.6666307442
Angle 61,11521.1221892769,10380.5742557344
Angle 61,11538.4187378837,10372.3900658827
Angle 61,11555.7020476519,10364.1141402385
Angle 61,11572.9721097211,10355.7465581115
Angle 61,11590.2289150139,10347.2873990745
Angle 61,11607.4724542391,10338.7367429664
Angle 61,11624.7027178944,10330.0946698938
Angle 61,11641.9196962694,10321.3612602343
Angle 61,11659.1233794482,10312.5365946382
Angle 61,11676.3137573125,10303.6207540313
Angle 61,11693.4908195441,10294.6138196169
Angle 61,11710.6545556282,10285.515872878
Angle 61,11727.804954856,10276.3269955794
Angle 61,11744.9420063272,10267.0472697702
Angle 61,11762.0656989535,10257.6767777852
Angle 61,11779.1760214608,10248.2156022473
Angle 61,11796.2729623923,10238.6638260696
Angle 61,11813.3565101111,10229.0215324568
Angle 61,11830.4266528034,10219.2888049072
Angle 61,11847.4833784806,10209.4657272146
Angle 61,11864.5266749828,10199.5523834701
Angle 61,11881.556529981,10189.5488580634
Angle 61,11898.5729309802,10179.4552356847
Angle 61,11915.575865322,10169.2716013262
Angle 61,11932.5653201872,10158.9980402836
Angle 61,11949.5412825988,10148.6346381576
Angle 61,11966.5037394245,10138.1814808553
Angle 61,11983.4526773797,10127.6386545916
Angle 61,12000.3880830296,10117.0062458902
Angle 61,12017.3099427926,10106.2843415854
Angle 61,12034.2182429425,10095.473028823
Angle 61,12051.1129696111,10084.5723950613
Angle 61,12067.9941087913,10073.5825280728
Angle 61,12084.8616463394,10062.5035159444
Angle 61,12101.7155679776,10051.3354470795
Angle 61,12118.5558592971,10040.0784101978
Angle 61,12135.3825057601,10028.7324943372
Angle 61,12152.1954927028,10017.2977888543
Angle 61,12168.9948053379,10005.7743834249
Angle 61,12185.780428757,9994.16236804559
Angle 61,12202.5523479334,9982.46183303369
Angle 61,12219.3105477243,9970.67286902845
Angle 61,12236.0550128736,9958.79556699152
Angle 61,12252.7857280143,9946.83001820759
Angle 61,12269.5026776711,9934.77631428497
Angle 61,12286.2058462625,9922.63454715612
Angle 61,12302.8952181038,9910.40480907812
Angle 61,12319.5707774091,9898.08719263311
Angle 61,12336.2325082942,9885.68179072871
Angle 61,12352.8803947783,9873.18869659835
Angle 61,12369.5144207872,9860.60800380163
Angle 61,12386.1345701552,9847.93980622454
Angle 61,12402.7408266276,9835.18419807975
Angle 61,12419.333173863,9822.34127390678
Angle 61,12435.9115954359,9809.41112857214
Angle 61,12452.4760748386,9796.39385726951
Angle 61,12469.0265954838,9783.28955551974
Angle 61,12485.563140707,9770.09831917097
Angle 61,12502.0856937685,9756.82024439857
Angle 61,12518.5942378557,9743.45542770516
Angle 61,12535.0887560857,9730.00396592051
Angle 61,12551.5692315069,9716.46595620143
Angle 61,12568.035647102,9702.84149603166
Angle 61,12584.4879857895,9689.13068322165
Angle 61,12600.9262304263,9675.3336159084
Angle 61,12617.3503638097,9661.45039255518
Angle 61,12633.7603686798,9647.48111195123
Angle 61,12650.1562277211,9633.4258732115
Angle 61,12666.5379235654,9619.28477577627
Angle 61,12682.905438793,9605.05791941074
Angle 61,12699.2587559357,9590.7454042047
Angle 61,12715.5978574781,9576.34733057198
Angle 61,12731.9227258603,9561.86379925005
Angle 61,12748.2333434794,9547.2949112995
Angle 61,12764.5296926918,9532.64076810344
Angle 61,12780.8117558154,9517.90147136702
Angle 61,12797.079515131,9503.07712311677
Angle 61,12813.332952885,9488.16782569997
Angle 61,12829.5720512908,9473.17368178402
Angle 61,12845.796792531,9458.09479435572
Angle 61,12862.0071587592,9442.93126672058
Angle 61,12878.2031321021,9427.68320250206
Angle 61,12894.3846946613,9412.35070564078
Angle 61,12910.551828515,9396.93388039377
Angle 61,12926.7045157201,9381.43283133358
Angle 61,12942.842738314,9365.84766334746
Angle 61,12958.9664783164,9350.17848163649
Angle 61,12975.0757177311,9334.42539171463
Angle 61,12991.1704385478,9318.58849940783
Angle 61,13007.2506227438,9302.66791085306
Angle 61,13023.3162522861,9286.6637324973
Angle 61,13039.3673091326,9270.57607109659
Angle 61,13055.4037752343,9254.40503371495
Angle 61,13071.425632537,9238.15072772332
Angle 61,13087.4328629825,9221.81326079854
Angle 61,13103.4254485109,9205.39274092219
Angle 61,13119.4033710619,9188.8892763795
Angle 61,13135.3666125767,9172.30297575817
Angle 61,13151.3151549993,9155.63394794724
Angle 61,13167.2489802786,9138.8823021359
Angle 61,13183.1680703694,9122.04814781223
Angle 61,13199.0724072345,9105.13159476203
Angle 61,13214.9619728461,9088.13275306752
Angle 61,13230.8367491873,9071.05173310611
Angle 61,13246.6967182537,9053.88864554907
Angle 61,13262.5418620551,9036.64360136022
Angle 61,13278.3721626164,9019.31671179464
Angle 61,13294.1876019801,9001.90808839727
Angle 61,13309.9881622068,8984.41784300156
Angle 61,13325.7738253772,8966.84608772812
Angle 61,13341.5445735935,8949.19293498323
Angle 61,13357.3003889807,8931.4584974575
Angle 61,13373.0412536881,8913.64288812438
Angle 61,13388.7671498908,8895.74622023874
Angle 61,13404.4780597909,8877.76860733536
Angle 61,13420.173965619,8859.71016322745
Angle 61,13435.8548496355,8841.57100200517
Angle 61,13451.5206941319,8823.35123803406
Angle 61,13467.1714814325,8805.05098595356
Angle 61,13482.8071938952,8786.67036067539
Angle 61,13498.427813913,8768.20947738204
Angle 61,13514.0333239155,8749.66845152517
Angle 61,13529.6237063699,8731.04739882399
Angle 61,13545.1989437823,8712.34643526367
Angle 61,13560.7590186991,8693.56567709371
Angle 61,13576.3039137082,8674.70524082632
Angle 61,13591.8336114401,8655.76524323473
Angle 61,13607.348094569,8636.74580135154
Angle 61,13622.8473458143,8617.64703246708
Angle 61,13638.3313479418,8598.46905412765
Angle 61,13653.8000837644,8579.21198413387
Angle 61,13669.2535361436,8559.87594053897
Angle 61,13684.6916879908,8540.461041647
Angle 61,13700.114522268,8520.96740601119
Angle 61,13715.5220219891,8501.3951524321
Angle 61,13730.914170221,8481.74439995595
Angle 61,13746.2909500849,8462.01526787277
Angle 61,13761.6523447569,8442.20787571469
Angle 61,13776.9983374694,8422.3223432541
Angle 61,13792.3289115121,8402.35879050188
Angle 61,13807.6440502329,8382.31733770555
Angle 61,13822.9437370392,8362.19810534751
Angle 61,13838.2279553983,8342.00121414316
Angle 61,13853.4966888393,8321.72678503906
Angle 61,13868.7499209532,8301.37493921114
Angle 61,13883.9876353943,8280.94579806277
Angle 61,13899.2098158813,8260.43948322297
Angle 61,13914.4164461977,8239.85611654445
Angle 61,13929.6075101934,8219.19582010184
Angle 61,13944.782991785,8198.45871618969
Angle 61,13959.9428749573,8177.64492732066
Angle 61,13975.0871437635,8156.75457622357
Angle 61,13990.2157823266,8135.78778584153
Angle 61,14005.3287748404,8114.74467932997
Angle 61,14020.4261055696,8093.62538005477
Angle 61,14035.5077588514,8072.43001159031
Angle 61,14050.5737190961,8051.15869771753
Angle 61,14065.6239707877,8029.81156242198
Angle 61,14080.6584984849,8008.38872989191
Angle 61,14095.6772868222,7986.89032451629
Angle 61,14110.6803205099,7965.31647088284
Angle 61,14125.6675843356,7943.6672937761
Angle 61,14140.6390631647,7921.94291817546
Angle 61,14155.5947419411,7900.14346925313
Angle 61,14170.534605688,7878.26907237224
Angle 61,14185.4586395088,7856.31985308483
Angle 61,14200.3668285873,7834.29593712983
Angle 61,14215.2591581891,7812.19745043111
Angle 61,14230.1356136618,7790.02451909549
Angle 61,14244.9961804358,7767.7772694107
Angle 61,14259.8408440252,7745.45582784342
Angle 61,14274.6695900281,7723.06032103726
Angle 61,14289.4824041275,7700.59087581074
Angle 61,14304.2792720919,7678.04761915532
Angle 61,14319.0601797759,7655.43067823332
Angle 61,14333.8251131209,7632.74018037597
Angle 61,14348.5740581556,7609.97625308135
Angle 61,14363.3070009966,7587.13902401239
Angle 61,14378.0239278492,7564.22862099483
Angle 61,14392.7248250077,7541.24517201519
Angle 61,14407.4096788563,7518.18880521879
Angle 61,14422.0784758693,7495.05964890765
Angle 61,14436.7312026119,7471.85783153851
Angle 61,14451.3678457405,7448.58348172079
Angle 61,14465.9883920038,7425.23672821454
Angle 61,14480.5928282426,7401.8176999284
Angle 61,14495.1811413907,7378.32652591762
Angle 61,14509.7533184755,7354.76333538195
Angle 61,14524.3093466182,7331.12825766364
Angle 61,14538.8492130346,7307.42142224541
Angle 61,14553.3729050352,7283.6429587484
Angle 61,14567.8804100262,7259.79299693011
Angle 61,14582.3717155093,7235.87166668241
Angle 61,14596.8468090827,7211.87909802948
Angle 61,14611.3056784415,7187.81542112574
Angle 61,14625.7483113775,7163.68076625386
Angle 61,14640.1746957807,7139.4752638227
Angle 61,14654.5848196386,7115.19904436528
Angle 61,14668.9786710375,7090.85223853673
Angle 61,14683.3562381622,7066.43497711226
Angle 61,14697.7175092971,7041.94739098515
Angle 61,14712.0624728259,7017.38961116467
Angle 61,14726.3911172323,6992.76176877411
Angle 61,14740.7034311005,6968.06399504868
Angle 61,14754.9994031153,6943.29642133352
Angle 61,14769.2790220625,6918.45917908168
Angle 61,14783.5422768294,6893.55239985207
Angle 61,14797.7891564048,6868.57621530745
Angle 61,14812.0196498799,6843.53075721239
Angle 61,14826.2337464479,6818.41615743128
Angle 61,14840.4314354049,6793.23254792627
Angle 61,14854.6127061499,6767.98006075529
Angle 61,14868.7775481851,6742.65882807004
Angle 61,14882.9259511164,6717.26898211392
Angle 61,14897.0579046533,6691.8106552201
Angle 61,14911.1733986097,6666.28397980946
Angle 61,14925.2724229037,6640.68908838859
Angle 61,14939.3549675579,6615.02611354782
Angle 61,14953.4210226999,6589.29518795921
Angle 61,14967.4705785626,6563.49644437451
Angle 61,14981.5036254838,6537.63001562325
Angle 61,14995.5201539072,6511.69603461069
Angle 61,15009.5201543823,6485.69463431584
Angle 61,15023.5036175645,6459.62594778951
Angle 61,15037.4705342153,6433.49010815231
Angle 61,15051.4208952028,6407.28724859267
Angle 61,15065.3546915016,6381.0175023649
Angle 61,15079.2719141932,6354.68100278716
Angle 61,15093.1725544659,6328.27788323959
Angle 61,15107.0566036152,6301.80827716226
Angle 61,15120.924053044,6275.27231805326
Angle 61,15134.7748942626,6248.67013946676
Angle 61,15148.6091188887,6222.00187501103
Angle 61,15162.4267186481,6195.26765834652
Angle 61,15176.2276853744,6168.46762318391
Angle 61,15190.012011009,6141.60190328219
Angle 61,15203.7796876017,6114.67063244673
Angle 61,15217.5307073106,6087.67394452733
Angle 61,15231.265062402,6060.61197341632
Angle 61,15244.9827452508,6033.48485304667
Angle 61,15258.6837483406,6006.29271739003
Angle 61,15272.3680642635,5979.03570045486
Angle 61,15286.0356857205,5951.71393628451
Angle 61,15299.6866055215,5924.32755895536
Angle 61,15313.3208165853,5896.87670257487
Angle 61,15326.9383119397,5869.36150127975
Angle 61,15340.5390847217,5841.78208923407
Angle 61,15354.1231281773,5814.13860062735
Angle 61,15367.6904356618,5786.43116967275
Angle 61,15381.2410006397,5758.65993060516
Angle 61,15394.7748166849,5730.82501767935
Angle 61,15408.2918774806,5702.92656516813
Angle 61,15421.7921768193,5674.96470736053
Angle 61,15435.2757086029,5646.93957855988
Angle 61,15448.7424668429,5618.85131308207
Angle 61,15462.19244566,5590.70004525364
Angle 61,15475.6256392846,5562.48590941003
Angle 61,15489.0420420564,5534.2090398937
Angle 61,15502.4416484245,5505.86957105235
Angle 61,15515.8244529476,5477.46763723712
Angle 61,15529.1904502939,5449.00337280078
Angle 61,15542.5396352408,5420.47691209594
Angle 61,15555.8720026754,5391.88838947327
Angle 61,15569.187547594,5363.23793927969
Angle 61,15582.4862651023,5334.52569585665
Angle 61,15595.7681504154,5305.75179353833
Angle 61,15609.0331988577,5276.91636664986
Angle 61,15622.2814058629,5248.01954950561
Angle 61,15635.5127669737,5219.06147640743
Angle 61,15648.7272778421,5190.04228164287
Angle 61,15661.9249342294,5160.96209948351
Angle 61,15675.1057320055,5131.82106418317
Angle 61,15688.2696671497,5102.61930997623
Angle 61,15701.41673575,5073.35697107592
Angle 61,15714.5469340032,5044.03418167256
Angle 61,15727.6602582151,5014.65107593193
Angle 61,15740.7567047998,4985.20778799352
Angle 61,15753.8362702803,4955.70445196888
Angle 61,15766.8989512881,4926.14120193991
Angle 61,15779.9447445629,4896.51817195723
Angle 61,15792.9736469528,4866.83549603846
Angle 61,15805.9856554141,4837.09330816661
Angle 61,15818.9807670113,4807.29174228839
Angle 61,15831.9589789167,4777.4309323126
Angle 61,15844.9202884107,4747.51101210847
Angle 61,15857.8646928811,4717.53211550403
Angle 61,15870.7921898238,4687.49437628451
Angle 61,15883.7027768418,4657.3979281907
Angle 61,15896.5964516456,4627.24290491736
Angle 61,15909.4732120531,4597.02944011159
Angle 61,15922.333055989,4566.75766737128
Angle 61,15935.1759814852,4536.4277202435
Angle 61,15948.0019866804,4506.03973222292
Angle 61,15960.8110698198,4475.59383675024
Angle 61,15973.6032292553,4445.09016721063
Angle 61,15986.378463445,4414.52885693218
Angle 61,15999.1367709533,4383.91003918434
Angle 61,16011.8781504507,4353.23384717641
Angle 61,16024.6026007134,4322.50041405594
Angle 61,16037.3101206234,4291.70987290729
Angle 61,16050.0007091683,4260.86235675003
Angle 61,16062.674365441,4229.9579985375
Angle 61,16075.3310886394,4198.99693115527
Angle 61,16087.9708780668,4167.97928741964
Angle 61,16100.5937331308,4136.90520007619
Angle 61,16113.1996533441,4105.77480179825
Angle 61,16125.7886383236,4074.58822518547
Angle 61,16138.3606877904,4043.34560276234
Angle 61,16150.9158015698,4012.04706697674
Angle 61,16163.4539795907,3980.69275019848
Angle 61,16175.9752218859,3949.28278471787
Angle 61,16188.4795285915,3917.8173027443
Angle 61,16200.9668999468,3886.29643640476
Angle 61,16213.4373362942,3854.72031774253
Angle 61,16225.8908380789,3823.08907871564
Angle 61,16238.3274058485,3791.40285119558
Angle 61,16250.7470402532,3759.66176696585
Angle 61,16263.1497420451,3727.86595772058
Angle 61,16275.5355120786,3696.01555506318
Angle 61,16287.9043513093,3664.11069050493
Angle 61,16300.2562607946,3632.15149546366
Angle 61,16312.591241693,3600.13810126238
Angle 61,16324.9092952639,3568.07063912791
Angle 61,16337.2104228678,3535.9492401896
Angle 61,16349.4946259652,3503.77403547794
Angle 61,16361.7619061173,3471.54515592328
Angle 61,16374.0122649851,3439.26273235452
Angle 61,16386.2457043294,3406.92689549775
Angle 61,16398.4622260107,3374.53777597504
Angle 61,16410.6618319885,3342.09550430308
Angle 61,16422.8445243215,3309.60021089191
Angle 61,16435.0103051671,3277.05202604369
Angle 61,16447.1591767813,3244.45107995139
Angle 61,16459.2911415182,3211.79750269756
Angle 61,16471.4062018301,3179.09142425306
Angle 61,16483.5043602668,3146.33297447584
Angle 61,16495.5856194756,3113.5222831097
Angle 61,16507.6499822011,3080.65947978307
Angle 61,16519.6974512847,3047.74469400776
Angle 61,16531.7280296644,3014.77805517782
Angle 61,16543.7417203749,2981.75969256828
Angle 61,16555.7385265464,2948.68973533399
Angle 61,16567.7184514055,2915.56831250841
Angle 61,16579.6814982741,2882.39555300247
Angle 61,16591.6276705691,2849.17158560336
Angle 61,16603.5569718028,2815.8965389734
Angle 61,16615.4694055819,2782.57054164891
Angle 61,16627.3649756076,2749.19372203899
Angle 61,16639.2436856752,2715.76620842446
Angle 61,16651.1055396738,2682.28812895671
Angle 61,16662.950541586,2648.75961165655
Angle 61,16674.7786954876,2615.18078441316
Angle 61,16686.5900055474,2581.55177498292
Angle 61,16698.3844760269,2547.87271098836
Angle 61,16710.1621112797,2514.14371991706
Angle 61,16721.9229157518,2480.36492912057
Angle 61,16733.6668939805,2446.53646581334
Angle 61,16745.3940505949,2412.65845707165
Angle 61,16757.1043903152,2378.73102983256
Angle 61,16768.7979179521,2344.75431089288
Angle 61,16780.4746384071,2310.72842690809
Angle 61,16792.1345566719,2276.65350439137
Angle 61,16803.777677828,2242.5296697125
Angle 61,16815.4040070465,2208.35704909691
Angle 61,16827.0135495879,2174.13576862465
Angle 61,16838.6063108015,2139.86595422938
Angle 61,16850.1822961253,2105.5477316974
Angle 61,16861.7415110856,2071.18122666663
Angle 61,16873.2839612969,2036.7665646257
Angle 61,16884.8096524611,2002.3038709129
Angle 61,16896.3185903678,1967.79327071529
Angle 61,16907.8107808933,1933.23488906771
Angle 61,16919.2862300009,1898.62885085185
Angle 61,16930.7449437403,1863.97528079531
Angle 61,16942.1869282471,1829.27430347067
Angle 61,16953.6121897428,1794.52604329458
Angle 61,16965.0207345344,1759.73062452683
Angle 61,16976.4125690139,1724.88817126946
Angle 61,16987.7876996581,1689.99880746586
Angle 61,16999.1461330282,1655.06265689988
Angle 61,17010.4878757696,1620.07984319493
Angle 61,17021.8129346117,1585.05048981315
Angle 61,17033.1213163669,1549.9747200545
Angle 61,17044.413027931,1514.85265705593
Angle 61,17055.6880762828,1479.6844237905
Angle 61,17066.9464684831,1444.47014306657
Angle 61,17078.1882116752,1409.20993752696
Angle 61,17089.4133130841,1373.9039296481
Angle 61,17100.6217800162,1338.55224173922
Angle 61,17111.8136198591,1303.15499594155
Angle 61,17122.9888400811,1267.7123142275
Angle 61,17134.147448231,1232.22431839987
Angle 61,17145.2894519377,1196.69113009107
Angle 61,17156.41485891,1161.11287076231
Angle 61,17167.5236769359,1125.48966170285
Angle 61,17178.6159138826,1089.82162402922
Angle 61,17189.6915776961,1054.10887868448
Angle 61,17200.7506764008,1018.35154643745
Angle 61,17211.7932180991,982.549747881949
Angle 61,17222.8192109711,946.703603436103
Angle 61,17233.8286632745,910.813233341578
Angle 61,17244.8215833437,874.878757662872
Angle 61,17255.7979795902,838.900296286594
Angle 61,17266.7578605014,802.877968920765
Angle 61,17277.7012346412,766.811895094109
Angle 61,17288.6281106486,730.702194155362
Angle 61,17299.5384972385,694.54898527259
Angle 61,17310.4324032003,658.352387432505
Angle 61,17321.3098373983,622.112519439798
Angle 61,17332.170808771,585.829499916471
Angle 61,17343.0153263307,549.503447301185
Angle 61,17353.8433991636,513.134479848605
Angle 61,17364.6550364289,476.722715628758
Angle 61,17375.4502473586,440.268272526404
Angle 61,17386.2290412575,403.771268240397
Angle 61,17396.9914275025,367.231820283074
Angle 61,17407.7374155422,330.650045979633
Angle 61,17418.4670148969,294.02606246753
Angle 61,17429.1802351579,257.359986695876
Angle 61,17439.8770859875,220.651935424848
Angle 61,17450.5575771182,183.902025225098
Angle 61,17461.2217183528,147.110372477175
Angle 61,17471.8695195636,110.277093370955
Angle 61,17482.5009906927,73.4023039050726
Angle 61,17493.1161417509,36.4861198863637
Angle 61,17503.5798087584,0
Angle 62,0,0
Angle 62,32.7709929687063,61.5352737719245
Angle 62,65.4505974872572,122.800944159561
Angle 62,98.0394356042558,183.798451397377
Angle 62,130.538123515689,244.52922178742
Angle 62,162.947271638679,304.994667873553
Angle 62,195.267484684068,365.196188612947
Angle 62,227.499361727876,425.135169544892
Angle 62,259.643496281632,484.812982956961
Angle 62,291.70047636161,544.230988048592
Angle 62,323.670884557001,603.39053109213
Angle 62,355.555298097009,662.292945591377
Angle 62,387.354288916932,720.939552437683
Angle 62,419.068423723213,779.331660063658
Angle 62,450.698264057493,837.470564594503
Angle 62,482.244366359693,895.357549997041
Angle 62,513.707282030123,952.993888226472
Angle 62,545.087557490653,1010.3808393709
Angle 62,576.385734244957,1067.51965179366
Angle 62,607.60234893784,1124.4115622735
Angle 62,638.737933413677,1181.05779614268
Angle 62,669.793014773971,1237.45956742293
Angle 62,700.768115434052,1293.61807895943
Angle 62,731.663753178919,1349.5345225528
Angle 62,762.480441218266,1405.21007908903
Angle 62,793.218688240672,1460.64591866763
Angle 62,823.878998467009,1515.84320072773
Angle 62,854.461871703041,1570.80307417246
Angle 62,884.967803391263,1625.52667749137
Angle 62,915.397284661973,1680.01513888115
Angle 62,945.750802383596,1734.26957636456
Angle 62,976.028839212278,1788.29109790758
Angle 62,1006.23187364075,1842.08080153494
Angle 62,1036.36038004648,1895.63977544389
Angle 62,1066.41482873916,1948.96909811637
Angle 62,1096.39568600746,2002.06983842959
Angle 62,1126.30341416513,2054.94305576492
Angle 62,1156.13847159646,2107.58980011536
Angle 62,1185.90131280105,2160.01111219134
Angle 62,1215.59238843798,2212.20802352512
Angle 62,1245.21214536933,2264.1815565736
Angle 62,1274.76102670307,2315.93272481979
Angle 62,1304.23947183537,2367.46253287275
Angle 62,1333.6479164923,2418.77197656615
Angle 62,1362.98679277095,2469.86204305548
Angle 62,1392.25652917996,2520.73371091387
Angle 62,1421.45755067946,2571.38795022654
Angle 62,1450.59027872053,2621.82572268397
Angle 62,1479.65513128404,2672.0479816738
Angle 62,1508.65252291895,2722.05567237139
Angle 62,1537.58286478015,2771.84973182918
Angle 62,1566.44656466565,2821.43108906479
Angle 62,1595.24402705342,2870.80066514793
Angle 62,1623.97565313757,2919.9593732861
Angle 62,1652.64184086417,2968.90811890912
Angle 62,1681.24298496642,3017.64779975253
Angle 62,1709.77947699952,3066.17930593981
Angle 62,1738.25170537493,3114.50352006355
Angle 62,1766.66005539424,3162.62131726545
Angle 62,1795.00490928253,3210.5335653153
Angle 62,1823.2866462213,3258.24112468885
Angle 62,1851.505642381,3305.74484864468
Angle 62,1879.66227095304,3353.0455833
Angle 62,1907.75690218144,3400.14416770547
Angle 62,1935.78990339403,3447.04143391899
Angle 62,1963.7616390332,3493.73820707856
Angle 62,1991.67247068635,3540.23530547412
Angle 62,2019.52275711579,3586.53354061847
Angle 62,2047.31285428834,3632.63371731726
Angle 62,2075.04311540454,3678.53663373806
Angle 62,2102.7138909274,3724.24308147848
Angle 62,2130.3255286109,3769.75384563347
Angle 62,2157.87837352796,3815.06970486169
Angle 62,2185.37276809816,3860.19143145106
Angle 62,2212.80905211508,3905.11979138339
Angle 62,2240.18756277322,3949.85554439826
Angle 62,2267.50863469467,3994.39944405601
Angle 62,2294.77259995533,4038.75223779994
Angle 62,2321.97978811089,4082.91466701773
Angle 62,2349.13052622239,4126.88746710204
Angle 62,2376.22513888152,4170.67136751038
Angle 62,2403.26394823554,4214.26709182413
Angle 62,2430.2472740119,4257.67535780696
Angle 62,2457.17543354258,4300.8968774623
Angle 62,2484.04874178807,4343.93235709033
Angle 62,2510.86751136108,4386.78249734402
Angle 62,2537.63205254991,4429.4479932846
Angle 62,2564.34267334156,4471.92953443632
Angle 62,2590.99967944456,4514.2278048405
Angle 62,2617.60337431145,4556.34348310886
Angle 62,2644.15405916104,4598.2772424763
Angle 62,2670.65203300035,4640.02975085292
Angle 62,2697.09759264633,4681.60167087544
Angle 62,2723.49103274721,4722.99365995797
Angle 62,2749.8326458037,4764.20637034218
Angle 62,2776.12272218985,4805.24044914682
Angle 62,2802.36155017365,4846.09653841664
Angle 62,2828.54941593742,4886.77527517072
Angle 62,2854.68660359794,4927.2772914502
Angle 62,2880.77339522627,4967.60321436545
Angle 62,2906.81007086742,5007.75366614262
Angle 62,2932.79690855967,5047.72926416967
Angle 62,2958.73418435378,5087.53062104184
Angle 62,2984.62217233186,5127.15834460653
Angle 62,3010.46114462604,5166.61303800767
Angle 62,3036.25137143696,5205.8952997296
Angle 62,3061.99312105193,5245.00572364031
Angle 62,3087.68665986299,5283.94489903427
Angle 62,3113.33225238469,5322.7134106747
Angle 62,3138.93016127161,5361.31183883537
Angle 62,3164.48064733579,5399.74075934184
Angle 62,3189.98396956381,5438.00074361226
Angle 62,3215.44038513378,5476.09235869772
Angle 62,3240.85014943206,5514.01616732202
Angle 62,3266.2135160698,5551.77272792111
Angle 62,3291.53073689928,5589.36259468192
Angle 62,3316.80206203005,5626.78631758086
Angle 62,3342.0277398449,5664.04444242178
Angle 62,3367.20801701559,5701.13751087356
Angle 62,3392.34313851847,5738.06606050723
Angle 62,3417.43334764982,5774.83062483262
Angle 62,3442.47888604111,5811.43173333467
Angle 62,3467.47999367399,5847.86991150924
Angle 62,3492.43690889514,5884.14568089856
Angle 62,3517.34986843098,5920.25955912628
Angle 62,3542.21910740214,5956.21205993204
Angle 62,3567.04485933782,5992.00369320574
Angle 62,3591.82735618994,6027.63496502138
Angle 62,3616.56682834711,6063.10637767047
Angle 62,3641.26350464854,6098.41842969516
Angle 62,3665.91761239763,6133.5716159209
Angle 62,3690.52937737555,6168.56642748877
Angle 62,3715.09902385457,6203.40335188748
Angle 62,3739.62677461125,6238.08287298492
Angle 62,3764.11285093951,6272.60547105946
Angle 62,3788.55747266351,6306.97162283081
Angle 62,3812.96085815043,6341.1818014906
Angle 62,3837.32322432303,6375.23647673259
Angle 62,3861.64478667213,6409.13611478255
Angle 62,3885.92575926891,6442.88117842778
Angle 62,3910.16635477711,6476.47212704636
Angle 62,3934.36678446501,6509.90941663604
Angle 62,3958.52725821736,6543.19349984282
Angle 62,3982.64798454713,6576.3248259892
Angle 62,4006.72917060711,6609.30384110215
Angle 62,4030.77102220143,6642.13098794074
Angle 62,4054.7737437969,6674.80670602352
Angle 62,4078.73753853423,6707.33143165554
Angle 62,4102.66260823914,6739.70559795509
Angle 62,4126.54915343332,6771.92963488022
Angle 62,4150.39737334531,6804.00396925487
Angle 62,4174.20746592118,6835.92902479479
Angle 62,4197.97962783516,6867.70522213315
Angle 62,4221.71405450013,6899.33297884589
Angle 62,4245.41094007793,6930.81270947676
Angle 62,4269.0704774897,6962.14482556217
Angle 62,4292.69285842591,6993.32973565572
Angle 62,4316.27827335643,7024.36784535245
Angle 62,4339.82691154045,7055.25955731286
Angle 62,4363.3389610362,7086.00527128672
Angle 62,4386.8146087107,7116.60538413656
Angle 62,4410.2540402493,7147.06028986091
Angle 62,4433.65744016514,7177.37037961736
Angle 62,4457.0249918085,7207.53604174535
Angle 62,4480.3568773761,7237.55766178868
Angle 62,4503.65327792017,7267.43562251782
Angle 62,4526.91437335754,7297.17030395202
Angle 62,4550.1403424786,7326.76208338113
Angle 62,4573.33136295608,7356.21133538724
Angle 62,4596.48761135386,7385.51843186603
Angle 62,4619.60926313557,7414.68374204803
Angle 62,4642.69649267315,7443.70763251951
Angle 62,4665.74947325531,7472.59046724323
Angle 62,4688.76837709585,7501.33260757904
Angle 62,4711.75337534199,7529.9344123041
Angle 62,4734.70463808247,7558.3962376331
Angle 62,4757.62233435567,7586.71843723808
Angle 62,4780.5066321576,7614.90136226822
Angle 62,4803.35769844975,7642.9453613693
Angle 62,4826.17569916698,7670.85078070303
Angle 62,4848.96079922515,7698.6179639662
Angle 62,4871.71316252883,7726.24725240954
Angle 62,4894.43295197883,7753.73898485656
Angle 62,4917.12032947962,7781.093497722
Angle 62,4939.77545594677,7808.3111250303
Angle 62,4962.39849131424,7835.3921984337
Angle 62,4984.98959454156,7862.33704723031
Angle 62,5007.54892362099,7889.14599838191
Angle 62,5030.07663558459,7915.81937653162
Angle 62,5052.57288651115,7942.3575040214
Angle 62,5075.03783153315,7968.76070090929
Angle 62,5097.47162484352,7995.02928498667
Angle 62,5119.87441970242,8021.16357179511
Angle 62,5142.24636844388,8047.1638746433
Angle 62,5164.58762248243,8073.03050462362
Angle 62,5186.89833231958,8098.76377062865
Angle 62,5209.17864755028,8124.36397936752
Angle 62,5231.42871686929,8149.83143538208
Angle 62,5253.64868807747,8175.1664410629
Angle 62,5275.83870808802,8200.36929666518
Angle 62,5297.99892293262,8225.44030032441
Angle 62,5320.12947776754,8250.379748072
Angle 62,5342.23051687964,8275.18793385067
Angle 62,5364.30218369231,8299.86514952974
Angle 62,5386.34462077138,8324.41168492025
Angle 62,5408.3579698309,8348.82782778998
Angle 62,5430.34237173893,8373.11386387828
Angle 62,5452.29796652315,8397.27007691081
Angle 62,5474.22489337658,8421.29674861409
Angle 62,5496.12329066302,8445.19415873
Angle 62,5517.99329592262,8468.96258503005
Angle 62,5539.83504587727,8492.60230332955
Angle 62,5561.64867643597,8516.11358750172
Angle 62,5583.43432270012,8539.4967094916
Angle 62,5605.19211896876,8562.75193932981
Angle 62,5626.92219874377,8585.87954514628
Angle 62,5648.62469473496,8608.87979318377
Angle 62,5670.29973886513,8631.75294781133
Angle 62,5691.9474622751,8654.49927153759
Angle 62,5713.56799532858,8677.11902502398
Angle 62,5735.16146761715,8699.61246709778
Angle 62,5756.728007965,8721.97985476511
Angle 62,5778.26774443372,8744.22144322377
Angle 62,5799.78080432704,8766.337485876
Angle 62,5821.26731419545,8788.32823434105
Angle 62,5842.72739984082,8810.19393846778
Angle 62,5864.16118632092,8831.93484634701
Angle 62,5885.56879795396,8853.55120432385
Angle 62,5906.95035832295,8875.04325700988
Angle 62,5928.30599028015,8896.4112472953
Angle 62,5949.63581595137,8917.65541636085
Angle 62,5970.93995674026,8938.77600368976
Angle 62,5992.2185333325,8959.77324707953
Angle 62,6013.47166570002,8980.6473826536
Angle 62,6034.6994731051,9001.398644873
Angle 62,6055.90207410444,9022.02726654779
Angle 62,6077.07958655317,9042.53347884853
Angle 62,6098.23212760887,9062.91751131756
Angle 62,6119.35981373542,9083.17959188022
Angle 62,6140.46276070694,9103.31994685603
Angle 62,6161.54108361157,9123.33880096966
Angle 62,6182.59489685527,9143.23637736197
Angle 62,6203.62431416552,9163.01289760081
Angle 62,6224.62944859505,9182.66858169184
Angle 62,6245.61041252544,9202.20364808921
Angle 62,6266.56731767069,9221.61831370622
Angle 62,6287.50027508082,9240.91279392579
Angle 62,6308.40939514531,9260.08730261096
Angle 62,6329.29478759659,9279.14205211524
Angle 62,6350.1565615134,9298.07725329292
Angle 62,6370.99482532421,9316.89311550927
Angle 62,6391.8096868105,9335.58984665069
Angle 62,6412.60125311003,9354.1676531348
Angle 62,6433.36963072007,9372.62673992037
Angle 62,6454.11492550063,9390.9673105173
Angle 62,6474.83724267753,9409.18956699643
Angle 62,6495.53668684555,9427.29370999932
Angle 62,6516.21336197151,9445.27993874797
Angle 62,6536.8673713972,9463.14845105444
Angle 62,6557.49881784245,9480.89944333042
Angle 62,6578.10780340802,9498.53311059675
Angle 62,6598.69442957848,9516.04964649281
Angle 62,6619.2587972251,9533.44924328596
Angle 62,6639.80100660865,9550.73209188077
Angle 62,6660.32115738213,9567.89838182833
Angle 62,6680.8193485936,9584.94830133539
Angle 62,6701.29567868876,9601.88203727349
Angle 62,6721.7502455137,9618.69977518806
Angle 62,6742.18314631746,9635.40169930735
Angle 62,6762.59447775465,9651.98799255145
Angle 62,6782.98433588794,9668.45883654113
Angle 62,6803.35281619062,9684.81441160669
Angle 62,6823.70001354901,9701.05489679674
Angle 62,6844.02602226496,9717.18046988691
Angle 62,6864.33093605817,9733.19130738855
Angle 62,6884.61484806858,9749.0875845573
Angle 62,6904.8778508587,9764.86947540171
Angle 62,6925.12003641588,9780.53715269172
Angle 62,6945.34149615455,9796.09078796715
Angle 62,6965.54232091846,9811.5305515461
Angle 62,6985.72260098283,9826.85661253333
Angle 62,7005.88242605653,9842.06913882859
Angle 62,7026.02188528415,9857.1682971349
Angle 62,7046.14106724809,9872.15425296677
Angle 62,7066.24005997064,9887.02717065839
Angle 62,7086.3189509159,9901.78721337181
Angle 62,7106.37782699188,9916.43454310498
Angle 62,7126.41677455232,9930.96932069989
Angle 62,7146.43587939868,9945.39170585052
Angle 62,7166.435226782,9959.7018571109
Angle 62,7186.41490140473,9973.89993190295
Angle 62,7206.37498742256,9987.9860865245
Angle 62,7226.31556844619,10001.9604761571
Angle 62,7246.23672754312,10015.8232548737
Angle 62,7266.13854723931,10029.5745756469
Angle 62,7286.02110952094,10043.2145903562
Angle 62,7305.884495836,10056.743449796
Angle 62,7325.728787096,10070.1613036831
Angle 62,7345.55406367749,10083.4683006647
Angle 62,7365.3604054237,10096.6645883257
Angle 62,7385.14789164607,10109.7503131965
Angle 62,7404.91660112571,10122.7256207603
Angle 62,7424.66661211498,10135.5906554612
Angle 62,7444.39800233886,10148.3455607109
Angle 62,7464.11084899645,10160.990478897
Angle 62,7483.80522876232,10173.5255513898
Angle 62,7503.48121778794,10185.9509185501
Angle 62,7523.13889170299,10198.2667197367
Angle 62,7542.77832561669,10210.4730933133
Angle 62,7562.39959411913,10222.5701766563
Angle 62,7582.00277128248,10234.558106162
Angle 62,7601.58793066231,10246.4370172539
Angle 62,7621.15514529876,10258.2070443898
Angle 62,7640.70448771776,10269.8683210696
Angle 62,7660.23602993219,10281.4209798418
Angle 62,7679.74984344306,10292.8651523113
Angle 62,7699.24599924057,10304.2009691465
Angle 62,7718.7245678053,10315.4285600864
Angle 62,7738.1856191092,10326.5480539476
Angle 62,7757.62922261671,10337.5595786317
Angle 62,7777.05544728578,10348.4632611327
Angle 62,7796.46436156885,10359.2592275434
Angle 62,7815.85603341388,10369.947603063
Angle 62,7835.23053026532,10380.5285120043
Angle 62,7854.58791906501,10391.0020778003
Angle 62,7873.92826625316,10401.3684230118
Angle 62,7893.25163776924,10411.6276693341
Angle 62,7912.55809905287,10421.7799376041
Angle 62,7931.84771504468,10431.8253478074
Angle 62,7951.12055018717,10441.7640190853
Angle 62,7970.37666842555,10451.5960697418
Angle 62,7989.61613320853,10461.3216172506
Angle 62,8008.83900748914,10470.9407782622
Angle 62,8028.04535372551,10480.4536686106
Angle 62,8047.2352338816,10489.8604033205
Angle 62,8066.408709428,10499.1610966143
Angle 62,8085.5658413426,10508.3558619189
Angle 62,8104.70669011136,10517.4448118728
Angle 62,8123.83131572897,10526.428058333
Angle 62,8142.93977769956,10535.3057123818
Angle 62,8162.03213503736,10544.0778843339
Angle 62,8181.10844626734,10552.7446837436
Angle 62,8200.16876942592,10561.306219411
Angle 62,8219.2131620615,10569.7625993895
Angle 62,8238.24168123518,10578.1139309929
Angle 62,8257.2543835213,10586.3603208016
Angle 62,8276.25132500806,10594.5018746701
Angle 62,8295.23256129811,10602.5386977338
Angle 62,8314.19814750911,10610.4708944159
Angle 62,8333.14813827432,10618.2985684341
Angle 62,8352.08258774313,10626.0218228079
Angle 62,8371.00154958162,10633.6407598653
Angle 62,8389.90507697309,10641.1554812497
Angle 62,8408.79322261862,10648.5660879268
Angle 62,8427.66603873753,10655.8726801919
Angle 62,8446.52357706798,10663.0753576761
Angle 62,8465.36588886741,10670.1742193539
Angle 62,8484.19302491309,10677.1693635498
Angle 62,8503.00503550259,10684.0608879453
Angle 62,8521.8019704543,10690.8488895858
Angle 62,8540.5838791079,10697.5334648875
Angle 62,8559.35081032486,10704.1147096446
Angle 62,8578.10281248893,10710.5927190358
Angle 62,8596.8399335066,10716.9675876317
Angle 62,8615.56222080759,10723.2394094012
Angle 62,8634.26972134534,10729.4082777192
Angle 62,8652.96248159749,10735.4742853729
Angle 62,8671.64054756633,10741.4375245689
Angle 62,8690.30396477931,10747.2980869405
Angle 62,8708.9527782895,10753.0560635543
Angle 62,8727.58703267606,10758.7115449173
Angle 62,8746.20677204477,10764.264620984
Angle 62,8764.81204002846,10769.7153811631
Angle 62,8783.40287978754,10775.0639143248
Angle 62,8801.97933401045,10780.3103088075
Angle 62,8820.54144491421,10785.454652425
Angle 62,8839.08925424487,10790.4970324737
Angle 62,8857.62280327808,10795.4375357389
Angle 62,8876.14213281952,10800.2762485027
Angle 62,8894.64728320548,10805.0132565502
Angle 62,8913.1382943034,10809.6486451772
Angle 62,8931.61520551234,10814.1824991967
Angle 62,8950.07805576359,10818.6149029464
Angle 62,8968.52688352118,10822.9459402954
Angle 62,8986.96172678247,10827.1756946511
Angle 62,9005.3826230787,10831.3042489669
Angle 62,9023.7896094756,10835.3316857484
Angle 62,9042.18272257396,10839.2580870611
Angle 62,9060.56199851024,10843.0835345371
Angle 62,9078.92747295722,10846.8081093825
Angle 62,9097.27918112458,10850.4318923839
Angle 62,9115.6171577596,10853.954963916
Angle 62,9133.94143714777,10857.3774039484
Angle 62,9152.2520531135,10860.6992920526
Angle 62,9170.54903902081,10863.9207074094
Angle 62,9188.83242777401,10867.0417288155
Angle 62,9207.10225181843,10870.0624346911
Angle 62,9225.35854314119,10872.9829030863
Angle 62,9243.6013332719,10875.8032116888
Angle 62,9261.83065328348,10878.5234378307
Angle 62,9280.04653379294,10881.1436584954
Angle 62,9298.24900496218,10883.6639503249
Angle 62,9316.43809649882,10886.084389627
Angle 62,9334.61383765706,10888.4050523817
Angle 62,9352.77625723854,10890.6260142493
Angle 62,9370.92538359326,10892.7473505762
Angle 62,9389.06124462044,10894.7691364031
Angle 62,9407.18386776949,10896.6914464713
Angle 62,9425.29328004094,10898.5143552301
Angle 62,9443.38950798747,10900.2379368435
Angle 62,9461.47257771482,10901.8622651978
Angle 62,9479.54251488291,10903.3874139078
Angle 62,9497.59934470681,10904.8134563246
Angle 62,9515.64309195787,10906.1404655421
Angle 62,9533.67378096476,10907.3685144042
Angle 62,9551.69143561462,10908.4976755117
Angle 62,9569.69607935421,10909.5280212293
Angle 62,9587.68773519106,10910.4596236925
Angle 62,9605.66642569468,10911.2925548148
Angle 62,9623.63217299776,10912.026886294
Angle 62,9641.58499879745,10912.6626896201
Angle 62,9659.52492435658,10913.2000360813
Angle 62,9677.45197050502,10913.6389967714
Angle 62,9695.36615764096,10913.9796425964
Angle 62,9713.26750573228,10914.2220442815
Angle 62,9731.15603431796,10914.366272378
Angle 62,9749.0317625094,10914.41239727
Angle 62,9766.89470899196,10914.3604891813
Angle 62,9784.74489202635,10914.210618182
Angle 62,9802.58232945015,10913.9628541955
Angle 62,9820.40703867932,10913.617267005
Angle 62,9838.21903670973,10913.1739262604
Angle 62,9856.01834011878,10912.6329014851
Angle 62,9873.80496506695,10911.9942620822
Angle 62,9891.57892729946,10911.2580773417
Angle 62,9909.34024214792,10910.4244164467
Angle 62,9927.088924532,10909.4933484804
Angle 62,9944.8249889612,10908.4649424321
Angle 62,9962.5484495365,10907.3392672043
Angle 62,9980.25931995223,10906.116391619
Angle 62,9997.95761349779,10904.7963844239
Angle 62,10015.6433430595,10903.3793142993
Angle 62,10033.3165211225,10901.8652498643
Angle 62,10050.9771597727,10900.2542596831
Angle 62,10068.6252706982,10898.5464122716
Angle 62,10086.2608651921,10896.7417761033
Angle 62,10103.8839541536,10894.840419616
Angle 62,10121.4945480906,10892.842411218
Angle 62,10139.0926571214,10890.7478192939
Angle 62,10156.6782909768,10888.5567122112
Angle 62,10174.2514590023,10886.2691583264
Angle 62,10191.8121701599,10883.8852259907
Angle 62,10209.3604330308,10881.4049835566
Angle 62,10226.8962558168,10878.8284993836
Angle 62,10244.419646343,10876.1558418439
Angle 62,10261.93061206,10873.3870793291
Angle 62,10279.4291600457,10870.5222802554
Angle 62,10296.915297008,10867.5615130696
Angle 62,10314.389029287,10864.504846255
Angle 62,10331.850362857,10861.3523483373
Angle 62,10349.2993033291,10858.1040878898
Angle 62,10366.7358559537,10854.7601335397
Angle 62,10384.1600256222,10851.3205539732
Angle 62,10401.5718168703,10847.7854179414
Angle 62,10418.9712338798,10844.1547942654
Angle 62,10436.3582804809,10840.4287518425
Angle 62,10453.7329601554,10836.6073596508
Angle 62,10471.0952760385,10832.690686755
Angle 62,10488.4452309215,10828.6788023117
Angle 62,10505.7828272544,10824.5717755748
Angle 62,10523.1080671484,10820.3696759001
Angle 62,10540.4209523784,10816.0725727513
Angle 62,10557.7214843857,10811.6805357046
Angle 62,10575.0096642803,10807.1936344537
Angle 62,10592.2854928439,10802.6119388151
Angle 62,10609.5489705324,10797.9355187329
Angle 62,10626.8000974784,10793.1644442836
Angle 62,10644.0388734939,10788.2987856813
Angle 62,10661.2652980731,10783.338613282
Angle 62,10678.4793703951,10778.2839975886
Angle 62,10695.6810893264,10773.1350092554
Angle 62,10712.8704534239,10767.891719093
Angle 62,10730.0474609373,10762.5541980728
Angle 62,10747.2121098124,10757.122517331
Angle 62,10764.364397693,10751.5967481737
Angle 62,10781.5043219247,10745.9769620811
Angle 62,10798.6318795567,10740.2632307114
Angle 62,10815.7470673454,10734.4556259057
Angle 62,10832.8498817566,10728.5542196917
Angle 62,10849.9403189688,10722.5590842882
Angle 62,10867.0183748757,10716.470292109
Angle 62,10884.0840450891,10710.2879157669
Angle 62,10901.137324942,10704.0120280779
Angle 62,10918.1782094908,10697.6427020648
Angle 62,10935.206693519,10691.1800109612
Angle 62,10952.2227715395,10684.6240282154
Angle 62,10969.2264377976,10677.974827494
Angle 62,10986.217686274,10671.2324826856
Angle 62,11003.1965106874,10664.3970679043
Angle 62,11020.1629044978,10657.4686574935
Angle 62,11037.1168609089,10650.4473260292
Angle 62,11054.0583728715,10643.3331483234
Angle 62,11070.987433086,10636.1261994278
Angle 62,11087.9040340054,10628.8265546365
Angle 62,11104.8081678385,10621.43428949
Angle 62,11121.6998265523,10613.9494797775
Angle 62,11138.5790018753,10606.3722015412
Angle 62,11155.4456853002,10598.702531078
Angle 62,11172.2998680868,10590.9405449438
Angle 62,11189.1415412651,10583.0863199554
Angle 62,11205.970695638,10575.1399331942
Angle 62,11222.7873217844,10567.1014620086
Angle 62,11239.5914100617,10558.9709840167
Angle 62,11256.3829506094,10550.7485771093
Angle 62,11273.1619333512,10542.4343194525
Angle 62,11289.9283479984,10534.02828949
Angle 62,11306.6821840526,10525.5305659462
Angle 62,11323.4234308089,10516.9412278279
Angle 62,11340.1520773582,10508.2603544276
Angle 62,11356.8681125905,10499.4880253252
Angle 62,11373.5715251978,10490.6243203905
Angle 62,11390.2623036766,10481.6693197856
Angle 62,11406.9404363312,10472.6231039668
Angle 62,11423.6059112764,10463.4857536872
Angle 62,11440.25871644,10454.2573499981
Angle 62,11456.8988395662,10444.9379742518
Angle 62,11473.5262682181,10435.5277081029
Angle 62,11490.1409897805,10426.0266335106
Angle 62,11506.7429914629,10416.4348327404
Angle 62,11523.3322603023,10406.7523883658
Angle 62,11539.9087831657,10396.9793832705
Angle 62,11556.4725467533,10387.1159006495
Angle 62,11573.0235376009,10377.1620240112
Angle 62,11589.5617420831,10367.1178371786
Angle 62,11606.0871464156,10356.9834242912
Angle 62,11622.5997366582,10346.7588698062
Angle 62,11639.0994987176,10336.4442585001
Angle 62,11655.58641835,10326.0396754699
Angle 62,11672.0604811638,10315.5452061348
Angle 62,11688.5216726223,10304.9609362368
Angle 62,11704.9699780465,10294.2869518425
Angle 62,11721.405382618,10283.5233393443
Angle 62,11737.8278713809,10272.6701854609
Angle 62,11754.2374292454,10261.7275772391
Angle 62,11770.6340409897,10250.6956020544
Angle 62,11787.017691263,10239.5743476119
Angle 62,11803.3883645883,10228.3639019477
Angle 62,11819.7460453643,10217.0643534293
Angle 62,11836.0907178689,10205.6757907565
Angle 62,11852.4223662611,10194.1983029624
Angle 62,11868.7409745837,10182.631979414
Angle 62,11885.0465267662,10170.9769098129
Angle 62,11901.3390066269,10159.2331841959
Angle 62,11917.6183978756,10147.4008929358
Angle 62,11933.884684116,10135.4801267414
Angle 62,11950.1378488487,10123.4709766589
Angle 62,11966.3778754728,10111.3735340715
Angle 62,11982.604747289,10099.1878907004
Angle 62,11998.8184475021,10086.9141386047
Angle 62,12015.0189592229,10074.5523701823
Angle 62,12031.206265471,10062.1026781696
Angle 62,12047.3803491772,10049.5651556423
Angle 62,12063.5411931859,10036.9398960152
Angle 62,12079.6887802571,10024.2269930425
Angle 62,12095.8230930694,10011.426540818
Angle 62,12111.9441142217,9998.53863377514
Angle 62,12128.0518262358,9985.56336668699
Angle 62,12144.1462115589,9972.50083466636
Angle 62,12160.2272525654,9959.35113316568
Angle 62,12176.2949315599,9946.11435797699
Angle 62,12192.3492307785,9932.79060523182
Angle 62,12208.390132392,9919.37997140107
Angle 62,12224.4176185073,9905.88255329476
Angle 62,12240.4316711704,9892.29844806191
Angle 62,12256.4322723679,9878.62775319021
Angle 62,12272.4194040294,9864.87056650578
Angle 62,12288.3930480301,9851.02698617284
Angle 62,12304.3531861921,9837.09711069334
Angle 62,12320.2998002873,9823.08103890658
Angle 62,12336.2328720391,9808.97886998878
Angle 62,12352.1523831245,9794.79070345262
Angle 62,12368.0583151763,9780.51663914677
Angle 62,12383.9506497852,9766.15677725535
Angle 62,12399.8293685016,9751.71121829737
Angle 62,12415.694452838,9737.18006312617
Angle 62,12431.5458842706,9722.56341292875
Angle 62,12447.3836442414,9707.8613692252
Angle 62,12463.2077141606,9693.07403386794
Angle 62,12479.0180754079,9678.20150904107
Angle 62,12494.8147093349,9663.2438972596
Angle 62,12510.5975972667,9648.20130136871
Angle 62,12526.3667205042,9633.07382454291
Angle 62,12542.1220603257,9617.86157028528
Angle 62,12557.8635979887,9602.56464242655
Angle 62,12573.5913147322,9587.18314512427
Angle 62,12589.3051917779,9571.71718286188
Angle 62,12605.0052103325,9556.16686044779
Angle 62,12620.6913515896,9540.53228301439
Angle 62,12636.3635967309,9524.81355601711
Angle 62,12652.0219269286,9509.01078523339
Angle 62,12667.6663233468,9493.12407676162
Angle 62,12683.2967671433,9477.15353702012
Angle 62,12698.9132394715,9461.09927274601
Angle 62,12714.5157214817,9444.96139099416
Angle 62,12730.1041943234,9428.73999913599
Angle 62,12745.6786391464,9412.43520485835
Angle 62,12761.2390371029,9396.04711616236
Angle 62,12776.7853693487,9379.57584136216
Angle 62,12792.3176170452,9363.02148908372
Angle 62,12807.835761361,9346.38416826359
Angle 62,12823.3397834731,9329.66398814763
Angle 62,12838.829664569,9312.86105828971
Angle 62,12854.305385848,9295.97548855042
Angle 62,12869.7669285226,9279.00738909573
Angle 62,12885.2142738204,9261.95687039565
Angle 62,12900.6474029853,9244.82404322283
Angle 62,12916.0662972791,9227.60901865122
Angle 62,12931.4709379831,9210.31190805463
Angle 62,12946.8613063995,9192.93282310532
Angle 62,12962.2373838526,9175.47187577252
Angle 62,12977.5991516908,9157.92917832101
Angle 62,12992.9465912874,9140.30484330964
Angle 62,13008.2796840425,9122.59898358978
Angle 62,13023.5984113841,9104.81171230386
Angle 62,13038.9027547696,9086.94314288383
Angle 62,13054.1926956871,9068.99338904957
Angle 62,13069.4682156569,9050.96256480737
Angle 62,13084.7292962325,9032.85078444834
Angle 62,13099.9759190024,9014.6581625468
Angle 62,13115.2080655909,8996.38481395867
Angle 62,13130.4257176598,8978.03085381986
Angle 62,13145.6288569095,8959.59639754462
Angle 62,13160.8174650802,8941.08156082388
Angle 62,13175.9915239533,8922.48645962359
Angle 62,13191.1510153523,8903.81121018301
Angle 62,13206.2959211446,8885.05592901307
Angle 62,13221.4262232422,8866.22073289459
Angle 62,13236.5419036031,8847.3057388766
Angle 62,13251.6429442323,8828.3110642746
Angle 62,13266.7293271832,8809.23682666881
Angle 62,13281.8010345587,8790.08314390239
Angle 62,13296.8580485123,8770.8501340797
Angle 62,13311.9003512489,8751.53791556449
Angle 62,13326.9279250266,8732.14660697811
Angle 62,13341.9407521571,8712.67632719771
Angle 62,13356.9388150072,8693.12719535442
Angle 62,13371.9220959998,8673.49933083153
Angle 62,13386.8905776147,8653.79285326263
Angle 62,13401.8442423901,8634.00788252978
Angle 62,13416.7830729231,8614.14453876165
Angle 62,13431.7070518711,8594.20294233164
Angle 62,13446.6161619528,8574.18321385602
Angle 62,13461.5103859487,8554.08547419202
Angle 62,13476.3897067029,8533.90984443597
Angle 62,13491.2541071233,8513.65644592135
Angle 62,13506.103570183,8493.32540021693
Angle 62,13520.9380789209,8472.91682912479
Angle 62,13535.7576164429,8452.43085467845
Angle 62,13550.562165923,8431.86759914089
Angle 62,13565.3517106035,8411.22718500262
Angle 62,13580.1262337966,8390.50973497975
Angle 62,13594.8857188849,8369.71537201199
Angle 62,13609.6301493224,8348.84421926072
Angle 62,13624.3595086352,8327.89640010699
Angle 62,13639.0737804225,8306.87203814959
Angle 62,13653.7729483575,8285.77125720298
Angle 62,13668.456996188,8264.5941812954
Angle 62,13683.1259077372,8243.34093466678
Angle 62,13697.7796669049,8222.01164176683
Angle 62,13712.4182576675,8200.60642725293
Angle 62,13727.0416640798,8179.12541598822
Angle 62,13741.6498702747,8157.5687330395
Angle 62,13756.2428604648,8135.93650367525
Angle 62,13770.8206189426,8114.22885336359
Angle 62,13785.3831300816,8092.44590777026
Angle 62,13799.9303783366,8070.58779275656
Angle 62,13814.4623482449,8048.65463437733
Angle 62,13828.9790244266,8026.6465588789
Angle 62,13843.4803915853,8004.56369269703
Angle 62,13857.966434509,7982.40616245488
Angle 62,13872.4371380707,7960.17409496095
Angle 62,13886.8924872289,7937.867617207
Angle 62,13901.3324670285,7915.48685636601
Angle 62,13915.7570626009,7893.03193979011
Angle 62,13930.1662591655,7870.50299500852
Angle 62,13944.5600420294,7847.90014972545
Angle 62,13958.9383965886,7825.22353181809
Angle 62,13973.3013083282,7802.47326933447
Angle 62,13987.6487628234,7779.64949049141
Angle 62,14001.9807457396,7756.75232367247
Angle 62,14016.2972428334,7733.78189742581
Angle 62,14030.5982399529,7710.73834046217
Angle 62,14044.8837230381,7687.62178165275
Angle 62,14059.1536781218,7664.43235002713
Angle 62,14073.40809133,7641.17017477121
Angle 62,14087.6469488821,7617.8353852251
Angle 62,14101.8702370919,7594.42811088102
Angle 62,14116.0779423676,7570.94848138126
Angle 62,14130.2700512128,7547.39662651605
Angle 62,14144.4465502264,7523.77267622149
Angle 62,14158.6074261037,7500.07676057745
Angle 62,14172.7526656362,7476.30900980551
Angle 62,14186.8822557126,7452.46955426681
Angle 62,14200.9961833189,7428.55852446006
Angle 62,14215.094435539,7404.57605101934
Angle 62,14229.1769995549,7380.5222647121
Angle 62,14243.2438626475,7356.39729643703
Angle 62,14257.2950121966,7332.20127722199
Angle 62,14271.3304356815,7307.93433822191
Angle 62,14285.3501206815,7283.59661071673
Angle 62,14299.354054876,7259.18822610929
Angle 62,14313.3422260449,7234.70931592325
Angle 62,14327.3146220693,7210.16001180104
Angle 62,14341.2712309315,7185.54044550175
Angle 62,14355.2120407154,7160.85074889907
Angle 62,14369.137039607,7136.0910539792
Angle 62,14383.0462158947,7111.26149283877
Angle 62,14396.9395579693,7086.36219768282
Angle 62,14410.8170543247,7061.39330082265
Angle 62,14424.6786935582,7036.35493467381
Angle 62,14438.5244643705,7011.24723175402
Angle 62,14452.3543555662,6986.07032468111
Angle 62,14466.1683560541,6960.82434617094
Angle 62,14479.9664548472,6935.50942903536
Angle 62,14493.7486410635,6910.12570618018
Angle 62,14507.5149039256,6884.67331060303
Angle 62,14521.2652327616,6859.15237539144
Angle 62,14534.999617005,6833.56303372066
Angle 62,14548.7180461947,6807.90541885172
Angle 62,14562.4205099757,6782.17966412934
Angle 62,14576.1069980992,6756.38590297989
Angle 62,14589.7775004227,6730.5242689094
Angle 62,14603.4320069102,6704.59489550146
Angle 62,14617.0705076324,6678.59791641528
Angle 62,14630.6929927671,6652.53346538358
Angle 62,14644.2994525992,6626.40167621065
Angle 62,14657.8898775209,6600.20268277026
Angle 62,14671.4642580319,6573.93661900373
Angle 62,14685.0225847397,6547.60361891785
Angle 62,14698.5648483593,6521.20381658293
Angle 62,14712.091039714,6494.73734613076
Angle 62,14725.6011497353,6468.20434175265
Angle 62,14739.0951694626,6441.60493769744
Angle 62,14752.573090044,6414.93926826948
Angle 62,14766.0349027361,6388.20746782669
Angle 62,14779.4805989042,6361.40967077855
Angle 62,14792.9101700223,6334.54601158417
Angle 62,14806.3236076733,6307.61662475028
Angle 62,14819.7209035493,6280.6216448293
Angle 62,14833.1020494512,6253.56120641736
Angle 62,14846.4670372893,6226.43544415239
Angle 62,14859.8158590832,6199.24449271211
Angle 62,14873.1485069617,6171.98848681216
Angle 62,14886.4649731632,6144.66756120409
Angle 62,14899.7652500356,6117.28185067351
Angle 62,14913.0493300364,6089.8314900381
Angle 62,14926.3172057325,6062.31661414572
Angle 62,14939.5688698008,6034.7373578725
Angle 62,14952.8043150277,6007.09385612092
Angle 62,14966.0235343097,5979.38624381789
Angle 62,14979.2265206526,5951.61465591291
Angle 62,14992.4132671726,5923.77922737613
Angle 62,15005.5837670954,5895.88009319647
Angle 62,15018.7380137568,5867.91738837975
Angle 62,15031.8760006024,5839.89124794683
Angle 62,15044.9977211876,5811.80180693172
Angle 62,15058.1031691781,5783.64920037973
Angle 62,15071.1923383492,5755.43356334562
Angle 62,15084.2652225862,5727.15503089173
Angle 62,15097.3218158843,5698.81373808617
Angle 62,15110.3621123487,5670.40982000096
Angle 62,15123.3861061944,5641.94341171021
Angle 62,15136.3937917461,5613.41464828829
Angle 62,15149.3851634387,5584.82366480802
Angle 62,15162.3602158165,5556.17059633887
Angle 62,15175.3189435337,5527.45557794513
Angle 62,15188.2613413543,5498.67874468413
Angle 62,15201.1874041518,5469.84023160445
Angle 62,15214.0971269094,5440.94017374414
Angle 62,15226.9905047198,5411.97870612894
Angle 62,15239.8675327852,5382.9559637705
Angle 62,15252.7282064172,5353.87208166462
Angle 62,15265.5725210367,5324.72719478952
Angle 62,15278.4004721741,5295.52143810405
Angle 62,15291.2120554687,5266.25494654598
Angle 62,15304.007266669,5236.92785503026
Angle 62,15316.7861016327,5207.54029844728
Angle 62,15329.5485563262,5178.09241166115
Angle 62,15342.2946268248,5148.58432950799
Angle 62,15355.0243093126,5119.01618679424
Angle 62,15367.7376000823,5089.38811829494
Angle 62,15380.434495535,5059.70025875205
Angle 62,15393.1149921805,5029.95274287275
Angle 62,15405.7790866365,5000.14570532778
Angle 62,15418.4267756293,4970.27928074977
Angle 62,15431.0580559929,4940.35360373156
Angle 62,15443.6729246693,4910.36880882457
Angle 62,15456.2713787085,4880.32503053712
Angle 62,15468.853415268,4850.22240333284
Angle 62,15481.4190316127,4820.06106162898
Angle 62,15493.9682251151,4789.84113979483
Angle 62,15506.5009932548,4759.56277215008
Angle 62,15519.0173336185,4729.22609296322
Angle 62,15531.5172438999,4698.83123644993
Angle 62,15544.0007218994,4668.37833677148
Angle 62,15556.467765524,4637.86752803319
Angle 62,15568.9183727872,4607.29894428278
Angle 62,15581.3525418088,4576.67271950886
Angle 62,15593.7702708147,4545.98898763932
Angle 62,15606.1715581366,4515.24788253981
Angle 62,15618.5564022123,4484.44953801219
Angle 62,15630.9248015847,4453.59408779296
Angle 62,15643.2767549027,4422.68166555176
Angle 62,15655.6122609199,4391.71240488982
Angle 62,15667.9313184951,4360.68643933849
Angle 62,15680.2339265921,4329.60390235767
Angle 62,15692.5200842792,4298.46492733435
Angle 62,15704.7897907291,4267.26964758112
Angle 62,15717.0430452189,4236.01819633466
Angle 62,15729.2798471296,4204.71070675429
Angle 62,15741.5001959461,4173.34731192049
Angle 62,15753.7040912569,4141.92814483345
Angle 62,15765.8915327539,4110.45333841158
Angle 62,15778.0625202324,4078.92302549013
Angle 62,15790.2170535903,4047.3373388197
Angle 62,15802.3551328287,4015.69641106485
Angle 62,15814.476758051,3984.00037480264
Angle 62,15826.5819294628,3952.24936252126
Angle 62,15838.6706473721,3920.44350661861
Angle 62,15850.7429121885,3888.5829394009
Angle 62,15862.7987244234,3856.66779308126
Angle 62,15874.8380846894,3824.69819977838
Angle 62,15886.8609937005,3792.67429151511
Angle 62,15898.8674522714,3760.59620021716
Angle 62,15910.8574613176,3728.46405771164
Angle 62,15922.8310218549,3696.27799572582
Angle 62,15934.7881349995,3664.03814588574
Angle 62,15946.7288019673,3631.74463971487
Angle 62,15958.653024074,3599.39760863283
Angle 62,15970.5608027346,3566.99718395405
Angle 62,15982.4521394635,3534.54349688646
Angle 62,15994.3270358738,3502.0366785302
Angle 62,16006.1854936773,3469.47685987636
Angle 62,16018.0275146842,3436.86417180564
Angle 62,16029.8531008029,3404.19874508714
Angle 62,16041.6622540395,3371.48071037705
Angle 62,16053.4549764978,3338.71019821743
Angle 62,16065.231270379,3305.88733903494
Angle 62,16076.9911379811,3273.01226313959
Angle 62,16088.734581699,3240.08510072356
Angle 62,16100.4616040242,3207.10598185993
Angle 62,16112.1722075443,3174.07503650146
Angle 62,16123.8663949428,3140.99239447944
Angle 62,16135.5441689989,3107.85818550243
Angle 62,16147.2055325872,3074.67253915512
Angle 62,16158.8504886775,3041.4355848971
Angle 62,16170.479040334,3008.14745206173
Angle 62,16182.0911907159,2974.80826985496
Angle 62,16193.6869430764,2941.41816735418
Angle 62,16205.2663007624,2907.97727350703
Angle 62,16216.8292672149,2874.48571713034
Angle 62,16228.3758459679,2840.94362690892
Angle 62,16239.9060406486,2807.35113139449
Angle 62,16251.4198549769,2773.70835900451
Angle 62,16262.917292765,2740.01543802116
Angle 62,16274.3983579175,2706.27249659013
Angle 62,16285.8630544308,2672.47966271964
Angle 62,16297.3113863926,2638.63706427926
Angle 62,16308.7433579821,2604.74482899891
Angle 62,16320.1589734693,2570.80308446775
Angle 62,16331.5582372149,2536.81195813313
Angle 62,16342.9411536697,2502.77157729957
Angle 62,16354.3077273749,2468.68206912767
Angle 62,16365.657962961,2434.5435606331
Angle 62,16376.991865148,2400.3561786856
Angle 62,16388.309438745,2366.12005000791
Angle 62,16399.6106886499,2331.83530117479
Angle 62,16410.8956198488,2297.50205861205
Angle 62,16422.1642374162,2263.12044859548
Angle 62,16433.4165465143,2228.69059724992
Angle 62,16444.6525523925,2194.2126305483
Angle 62,16455.8722603878,2159.6866743106
Angle 62,16467.0756759237,2125.11285420297
Angle 62,16478.2628045104,2090.4912957367
Angle 62,16489.4336517441,2055.82212426735
Angle 62,16500.588223307,2021.10546499375
Angle 62,16511.7265249667,1986.34144295711
Angle 62,16522.8485625763,1951.53018304008
Angle 62,16533.9543420733,1916.67180996585
Angle 62,16545.0438694801,1881.76644829722
Angle 62,16556.1171509033,1846.81422243574
Angle 62,16567.1741925333,1811.8152566208
Angle 62,16578.215000644,1776.76967492873
Angle 62,16589.2395815927,1741.67760127197
Angle 62,16600.2479418193,1706.53915939816
Angle 62,16611.2400878466,1671.35447288931
Angle 62,16622.2160262795,1636.12366516095
Angle 62,16633.1757638046,1600.84685946127
Angle 62,16644.1193071903,1565.52417887028
Angle 62,16655.046663286,1530.15574629902
Angle 62,16665.9578390223,1494.74168448872
Angle 62,16676.8528414101,1459.28211600996
Angle 62,16687.7316775404,1423.77716326192
Angle 62,16698.5943545843,1388.22694847155
Angle 62,16709.4408797923,1352.63159369277
Angle 62,16720.2712604942,1316.99122080575
Angle 62,16731.0855040985,1281.30595151605
Angle 62,16741.8836180922,1245.57590735393
Angle 62,16752.6656100407,1209.80120967353
Angle 62,16763.4314875868,1173.9819796522
Angle 62,16774.1812584512,1138.11833828966
Angle 62,16784.9149304316,1102.21040640733
Angle 62,16795.6325114022,1066.2583046476
Angle 62,16806.3340093141,1030.26215347308
Angle 62,16817.0194321943,994.222073165896
Angle 62,16827.6887881454,958.138183827008
Angle 62,16838.3420853456,922.010605375484
Angle 62,16848.9793320482,885.839457547821
Angle 62,16859.6005365811,849.624859897263
Angle 62,16870.2057073466,813.366931793122
Angle 62,16880.7948528211,777.065792420111
Angle 62,16891.3679815546,740.721560777682
Angle 62,16901.9251021705,704.334355679373
Angle 62,16912.4662233651,667.904295752158
Angle 62,16922.9913539075,631.431499435815
Angle 62,16933.5005026389,594.916084982283
Angle 62,16943.9936784727,558.358170455049
Angle 62,16954.4708903935,521.757873728518
Angle 62,16964.9321474576,485.115312487414
Angle 62,16975.3774587919,448.430604226165
Angle 62,16985.8068335939,411.703866248316
Angle 62,16996.2202811315,374.935215665934
Angle 62,17006.6178107422,338.124769399028
Angle 62,17016.9994318332,301.272644174971
Angle 62,17027.3651538808,264.378956527935
Angle 62,17037.71498643,227.443822798327
Angle 62,17048.0489390944,190.467359132235
Angle 62,17058.3670215558,153.449681480881
Angle 62,17068.6692435634,116.39090560008
Angle 62,17078.9556149343,79.2911470497064
Angle 62,17089.2261455524,42.1505211931661
Angle 62,17099.4808453682,4.9691431968772
Angle 62,17100.8477368664,0
Angle 63,0,0
Angle 63,31.6903528438193,62.0978194144448
Angle 63,63.2923318203863,123.924468638055
Angle 63,94.8065394568622,185.481400518908
Angle 63,126.233572609559,246.770053844081
Angle 63,157.574022535476,307.791853515647
Angle 63,188.828474962715,368.548210723911
Angle 63,219.997510159786,429.040523117924
Angle 63,251.081703003831,489.270174973327
Angle 63,282.081623047786,549.238537357588
Angle 63,312.997834586491,608.946968292662
Angle 63,343.83089672179,668.396812915135
Angle 63,374.581363426608,727.589403633892
Angle 63,405.249783608058,786.526060285361
Angle 63,435.836701169561,845.208090286369
Angle 63,466.342655072034,903.636788784663
Angle 63,496.768179394128,961.813438807131
Angle 63,527.113803391559,1019.73931140577
Angle 63,557.380051555535,1077.41566580144
Angle 63,587.5674436703,1134.84374952543
Angle 63,617.676494869808,1192.02479855894
Angle 63,647.707715693552,1248.9600374704
Angle 63,677.661612141544,1305.65067955074
Angle 63,707.538685728485,1362.09792694672
Angle 63,737.339433537122,1418.30297079217
Angle 63,767.064348270807,1474.26699133734
Angle 63,796.71391830529,1529.9911580763
Angle 63,826.288627739735,1585.47662987251
Angle 63,855.788956446989,1640.72455508248
Angle 63,885.215380123114,1695.73607167764
Angle 63,914.568370336189,1750.51230736447
Angle 63,943.848394574403,1805.0543797028
Angle 63,973.055916293446,1859.36339622242
Angle 63,1002.19139496321,1913.44045453802
Angle 63,1031.25528611383,1967.28664246245
Angle 63,1060.24804138101,2020.90303811833
Angle 63,1089.17010855078,2074.29071004809
Angle 63,1118.02193160352,2127.45071732239
Angle 63,1146.80395075742,2180.384109647
Angle 63,1175.51660251128,2233.0919274682
Angle 63,1204.16031968673,2285.57520207662
Angle 63,1232.73553146983,2337.83495570964
Angle 63,1261.24266345208,2389.87220165232
Angle 63,1289.68213767085,2441.68794433694
Angle 63,1318.05437264929,2493.28317944112
Angle 63,1346.35978343556,2544.65889398452
Angle 63,1374.59878164168,2595.81606642428
Angle 63,1402.77177548166,2646.75566674908
Angle 63,1430.87916980925,2697.47865657185
Angle 63,1458.92136615503,2747.98598922125
Angle 63,1486.89876276313,2798.27860983189
Angle 63,1514.8117546273,2848.35745543325
Angle 63,1542.6607335266,2898.22345503744
Angle 63,1570.44608806049,2947.87752972571
Angle 63,1598.16820368357,2997.32059273377
Angle 63,1625.82746273971,3046.55354953601
Angle 63,1653.42424449579,3095.57729792851
Angle 63,1680.95892517501,3144.39272811092
Angle 63,1708.43187798964,3193.00072276729
Angle 63,1735.84347317341,3241.40215714576
Angle 63,1763.19407801348,3289.59789913718
Angle 63,1790.48405688192,3337.58880935268
Angle 63,1817.71377126674,3385.37574120024
Angle 63,1844.88357980265,3432.95954096014
Angle 63,1871.99383830123,3480.34104785953
Angle 63,1899.04489978083,3527.52109414589
Angle 63,1926.03711449599,3574.50050515962
Angle 63,1952.97082996652,3621.28009940557
Angle 63,1979.84639100617,3667.86068862372
Angle 63,2006.66413975094,3714.24307785885
Angle 63,2033.42441568698,3760.42806552935
Angle 63,2060.12755567818,3806.41644349514
Angle 63,2086.77389399333,3852.20899712463
Angle 63,2113.36376233301,3897.80650536087
Angle 63,2139.89748985604,3943.20974078684
Angle 63,2166.37540320563,3988.41946968986
Angle 63,2192.79782653521,4033.43645212521
Angle 63,2219.1650815339,4078.26144197887
Angle 63,2245.47748745162,4122.89518702955
Angle 63,2271.73536112395,4167.33842900978
Angle 63,2297.9390169966,4211.59190366641
Angle 63,2324.08876714962,4255.65634082012
Angle 63,2350.18492132124,4299.53246442439
Angle 63,2376.22778693151,4343.22099262353
Angle 63,2402.21766910547,4386.72263781013
Angle 63,2428.15487069623,4430.03810668167
Angle 63,2454.03969230756,4473.16810029646
Angle 63,2479.87243231636,4516.11331412894
Angle 63,2505.65338689471,4558.87443812414
Angle 63,2531.38285003176,4601.45215675162
Angle 63,2557.06111355527,4643.84714905861
Angle 63,2582.68846715285,4686.06008872257
Angle 63,2608.26519839308,4728.09164410307
Angle 63,2633.79159274618,4769.942478293
Angle 63,2659.26793360456,4811.61324916919
Angle 63,2684.69450230304,4853.10460944241
Angle 63,2710.07157813887,4894.41720670668
Angle 63,2735.39943839146,4935.55168348809
Angle 63,2760.67835834188,4976.50867729291
Angle 63,2785.90861129212,5017.28882065522
Angle 63,2811.09046858415,5057.89274118385
Angle 63,2836.22419961866,5098.32106160884
Angle 63,2861.31007187365,5138.57439982729
Angle 63,2886.34835092276,5178.65336894868
Angle 63,2911.33930045337,5218.55857733959
Angle 63,2936.2831822845,5258.290628668
Angle 63,2961.18025638449,5297.85012194691
Angle 63,2986.03078088843,5337.23765157752
Angle 63,3010.83501211541,5376.45380739192
Angle 63,3035.5932045856,5415.49917469522
Angle 63,3060.305611037,5454.37433430715
Angle 63,3084.97248244215,5493.07986260327
Angle 63,3109.59406802452,5531.61633155561
Angle 63,3134.17061527473,5569.98430877283
Angle 63,3158.70236996661,5608.18435753998
Angle 63,3183.18957617303,5646.21703685767
Angle 63,3207.63247628156,5684.08290148093
Angle 63,3232.03131100996,5721.78250195749
Angle 63,3256.38631942141,5759.31638466566
Angle 63,3280.69773893969,5796.6850918518
Angle 63,3304.96580536402,5833.88916166731
Angle 63,3329.19075288389,5870.9291282052
Angle 63,3353.37281409357,5907.80552153625
Angle 63,3377.51222000654,5944.51886774476
Angle 63,3401.60920006974,5981.06968896383
Angle 63,3425.66398217757,6017.45850341036
Angle 63,3449.67679268588,6053.68582541949
Angle 63,3473.64785642563,6089.75216547877
Angle 63,3497.57739671651,6125.65803026186
Angle 63,3521.46563538035,6161.40392266195
Angle 63,3545.31279275435,6196.99034182465
Angle 63,3569.11908770423,6232.41778318066
Angle 63,3592.88473763718,6267.68673847796
Angle 63,3616.60995851461,6302.79769581369
Angle 63,3640.2949648649,6337.75113966567
Angle 63,3663.93996979581,6372.54755092354
Angle 63,3687.5451850069,6407.18740691959
Angle 63,3711.11082080175,6441.6711814592
Angle 63,3734.63708610003,6475.999344851
Angle 63,3758.12418844944,6510.17236393659
Angle 63,3781.5723340375,6544.19070212009
Angle 63,3804.98172770327,6578.05481939721
Angle 63,3828.35257294883,6611.76517238408
Angle 63,3851.68507195069,6645.32221434574
Angle 63,3874.97942557111,6678.72639522432
Angle 63,3898.23583336917,6711.97816166694
Angle 63,3921.45449361185,6745.07795705324
Angle 63,3944.63560328488,6778.02622152263
Angle 63,3967.77935810355,6810.82339200134
Angle 63,3990.88595252328,6843.46990222901
Angle 63,4013.95557975023,6875.96618278512
Angle 63,4036.98843175163,6908.31266111508
Angle 63,4059.98469926611,6940.50976155605
Angle 63,4082.94457181387,6972.55790536248
Angle 63,4105.86823770669,7004.45751073141
Angle 63,4128.75588405793,7036.2089928274
Angle 63,4151.60769679229,7067.81276380731
Angle 63,4174.42386065561,7099.26923284477
Angle 63,4197.20455922438,7130.57880615434
Angle 63,4219.94997491532,7161.74188701551
Angle 63,4242.66028899474,7192.75887579636
Angle 63,4265.33568158781,7223.63016997702
Angle 63,4287.97633168777,7254.35616417286
Angle 63,4310.58241716499,7284.93725015745
Angle 63,4333.15411477595,7315.37381688526
Angle 63,4355.69160017211,7345.66625051417
Angle 63,4378.1950479087,7375.81493442764
Angle 63,4400.66463145339,7405.82024925681
Angle 63,4423.10052319487,7435.68257290219
Angle 63,4445.5028944513,7465.40228055528
Angle 63,4467.87191547878,7494.97974471988
Angle 63,4490.20775547954,7524.41533523318
Angle 63,4512.51058261024,7553.70941928669
Angle 63,4534.78056399,7582.86236144688
Angle 63,4557.01786570848,7611.87452367569
Angle 63,4579.22265283375,7640.74626535076
Angle 63,4601.39508942019,7669.47794328547
Angle 63,4623.53533851621,7698.06991174883
Angle 63,4645.64356217189,7726.5225224851
Angle 63,4667.71992144663,7754.83612473323
Angle 63,4689.76457641657,7783.01106524614
Angle 63,4711.77768618205,7811.04768830975
Angle 63,4733.75940887491,7838.94633576185
Angle 63,4755.70990166577,7866.70734701082
Angle 63,4777.62932077116,7894.33105905405
Angle 63,4799.5178214606,7921.81780649632
Angle 63,4821.37555806364,7949.16792156786
Angle 63,4843.20268397676,7976.38173414237
Angle 63,4864.99935167024,8003.4595717547
Angle 63,4886.76571269489,8030.40175961852
Angle 63,4908.5019176888,8057.20862064371
Angle 63,4930.20811638391,8083.88047545361
Angle 63,4951.8844576126,8110.4176424021
Angle 63,4973.53108931413,8136.82043759052
Angle 63,4995.14815854104,8163.08917488443
Angle 63,5016.7358114655,8189.22416593017
Angle 63,5038.29419338556,8215.22572017133
Angle 63,5059.8234487313,8241.09414486499
Angle 63,5081.323721071,8266.82974509782
Angle 63,5102.79515311714,8292.4328238021
Angle 63,5124.23788673241,8317.90368177145
Angle 63,5145.65206293558,8343.24261767656
Angle 63,5167.0378219074,8368.44992808063
Angle 63,5188.3953029963,8393.52590745479
Angle 63,5209.72464472418,8418.47084819327
Angle 63,5231.02598479201,8443.28504062852
Angle 63,5252.29946008539,8467.96877304608
Angle 63,5273.54520668011,8492.52233169945
Angle 63,5294.76335984761,8516.94600082467
Angle 63,5315.9540540603,8541.24006265489
Angle 63,5337.11742299698,8565.40479743473
Angle 63,5358.25359954803,8589.44048343455
Angle 63,5379.36271582066,8613.34739696454
Angle 63,5400.44490314404,8637.12581238875
Angle 63,5421.50029207441,8660.77600213892
Angle 63,5442.52901240005,8684.29823672825
Angle 63,5463.53119314632,8707.69278476499
Angle 63,5484.50696258052,8730.95991296594
Angle 63,5505.45644821677,8754.0998861698
Angle 63,5526.37977682077,8777.11296735046
Angle 63,5547.2770744146,8799.99941763009
Angle 63,5568.14846628135,8822.75949629218
Angle 63,5588.99407696976,8845.39346079444
Angle 63,5609.81403029881,8867.90156678157
Angle 63,5630.60844936224,8890.28406809793
Angle 63,5651.37745653299,8912.54121680012
Angle 63,5672.12117346762,8934.67326316944
Angle 63,5692.8397211107,8956.6804557242
Angle 63,5713.53321969906,8978.56304123198
Angle 63,5734.2017887661,9000.32126472178
Angle 63,5754.84554714596,9021.95536949601
Angle 63,5775.46461297769,9043.46559714245
Angle 63,5796.0591037093,9064.85218754607
Angle 63,5816.62913610191,9086.11537890072
Angle 63,5837.17482623365,9107.25540772083
Angle 63,5857.69628950367,9128.27250885284
Angle 63,5878.19364063601,9149.16691548675
Angle 63,5898.66699368348,9169.93885916735
Angle 63,5919.11646203146,9190.58856980553
Angle 63,5939.54215840164,9211.11627568944
Angle 63,5959.94419485576,9231.5222034955
Angle 63,5980.32268279922,9251.80657829943
Angle 63,6000.67773298478,9271.96962358709
Angle 63,6021.00945551605,9292.01156126531
Angle 63,6041.31795985105,9311.93261167257
Angle 63,6061.60335480571,9331.73299358967
Angle 63,6081.86574855726,9351.41292425023
Angle 63,6102.10524864765,9370.97261935118
Angle 63,6122.32196198688,9390.41229306311
Angle 63,6142.51599485632,9409.7321580406
Angle 63,6162.68745291193,9428.93242543242
Angle 63,6182.83644118753,9448.01330489168
Angle 63,6202.96306409791,9466.97500458588
Angle 63,6223.067425442,9485.81773120693
Angle 63,6243.14962840595,9504.54168998103
Angle 63,6263.20977556616,9523.14708467854
Angle 63,6283.24796889228,9541.63411762371
Angle 63,6303.2643097502,9560.00298970442
Angle 63,6323.25889890494,9578.25390038178
Angle 63,6343.23183652352,9596.38704769971
Angle 63,6363.18322217785,9614.40262829439
Angle 63,6383.11315484748,9632.30083740372
Angle 63,6403.02173292237,9650.08186887666
Angle 63,6422.90905420562,9667.74591518251
Angle 63,6442.77521591614,9685.29316742017
Angle 63,6462.62031469131,9702.72381532726
Angle 63,6482.44444658953,9720.03804728924
Angle 63,6502.24770709286,9737.23605034847
Angle 63,6522.03019110949,9754.31801021315
Angle 63,6541.79199297624,9771.28411126628
Angle 63,6561.53320646102,9788.13453657449
Angle 63,6581.25392476525,9804.86946789686
Angle 63,6600.95424052621,9821.48908569367
Angle 63,6620.63424581939,9837.99356913508
Angle 63,6640.29403216083,9854.3830961098
Angle 63,6659.93369050933,9870.65784323364
Angle 63,6679.55331126871,9886.81798585804
Angle 63,6699.15298429002,9902.86369807861
Angle 63,6718.73279887367,9918.79515274347
Angle 63,6738.29284377158,9934.61252146172
Angle 63,6757.83320718926,9950.31597461172
Angle 63,6777.35397678788,9965.90568134937
Angle 63,6796.85523968626,9981.38180961638
Angle 63,6816.33708246291,9996.74452614844
Angle 63,6835.79959115792,10011.9939964834
Angle 63,6855.24285127495,10027.1303849692
Angle 63,6874.66694778307,10042.1538547723
Angle 63,6894.07196511864,10057.0645678853
Angle 63,6913.45798718711,10071.8626851351
Angle 63,6932.82509736485,10086.5483661908
Angle 63,6952.17337850085,10101.1217695718
Angle 63,6971.50291291852,10115.5830526551
Angle 63,6990.81378241732,10129.9323716837
Angle 63,7010.10606827446,10144.1698817741
Angle 63,7029.37985124653,10158.2957369242
Angle 63,7048.63521157107,10172.3100900207
Angle 63,7067.87222896821,10186.2130928471
Angle 63,7087.09098264213,10200.0048960911
Angle 63,7106.29155128264,10213.6856493524
Angle 63,7125.47401306663,10227.2555011502
Angle 63,7144.63844565952,10240.7145989306
Angle 63,7163.78492621669,10254.0630890742
Angle 63,7182.91353138489,10267.3011169039
Angle 63,7202.02433730358,10280.4288266916
Angle 63,7221.11741960629,10293.4463616663
Angle 63,7240.19285342193,10306.3538640214
Angle 63,7259.25071337604,10319.1514749217
Angle 63,7278.2910735921,10331.8393345111
Angle 63,7297.31400769272,10344.4175819196
Angle 63,7316.31958880084,10356.886355271
Angle 63,7335.30788954093,10369.2457916897
Angle 63,7354.27898204011,10381.4960273084
Angle 63,7373.23293792931,10393.637197275
Angle 63,7392.16982834433,10405.6694357599
Angle 63,7411.08972392694,10417.5928759631
Angle 63,7429.9926948259,10429.4076501216
Angle 63,7448.87881069802,10441.1138895161
Angle 63,7467.74814070911,10452.7117244786
Angle 63,7486.60075353501,10464.2012843994
Angle 63,7505.4367173625,10475.5826977337
Angle 63,7524.25609989023,10486.8560920094
Angle 63,7543.05896832965,10498.0215938337
Angle 63,7561.84538940587,10509.0793289
Angle 63,7580.61542935854,10520.0294219955
Angle 63,7599.36915394265,10530.8719970076
Angle 63,7618.10662842938,10541.6071769314
Angle 63,7636.82791760691,10552.2350838762
Angle 63,7655.53308578112,10562.7558390729
Angle 63,7674.22219677644,10573.1695628807
Angle 63,7692.89531393651,10583.4763747941
Angle 63,7711.55250012493,10593.67639345
Angle 63,7730.19381772594,10603.7697366343
Angle 63,7748.81932864511,10613.7565212893
Angle 63,7767.42909430996,10623.63686352
Angle 63,7786.02317567066,10633.4108786017
Angle 63,7804.60163320059,10643.0786809864
Angle 63,7823.16452689699,10652.6403843097
Angle 63,7841.71191628151,10662.096101398
Angle 63,7860.2438604008,10671.4459442753
Angle 63,7878.76041782707,10680.6900241699
Angle 63,7897.26164665861,10689.8284515213
Angle 63,7915.74760452033,10698.8613359874
Angle 63,7934.21834856424,10707.7887864509
Angle 63,7952.67393546999,10716.6109110265
Angle 63,7971.11442144532,10725.3278170677
Angle 63,7989.53986222651,10733.9396111735
Angle 63,8007.95031307888,10742.4463991956
Angle 63,8026.34582879719,10750.848286245
Angle 63,8044.7264637061,10759.1453766989
Angle 63,8063.09227166057,10767.3377742075
Angle 63,8081.44330604626,10775.4255817013
Angle 63,8099.77961977995,10783.4089013973
Angle 63,8118.10126530992,10791.2878348065
Angle 63,8136.4082946163,10799.0624827402
Angle 63,8154.70075921147,10806.7329453175
Angle 63,8172.97871014043,10814.2993219716
Angle 63,8191.24219798109,10821.7617114572
Angle 63,8209.49127284469,10829.1202118568
Angle 63,8227.72598437609,10836.3749205884
Angle 63,8245.94638175411,10843.5259344114
Angle 63,8264.15251369187,10850.5733494344
Angle 63,8282.3444284371,10857.5172611217
Angle 63,8300.52217377244,10864.3577643003
Angle 63,8318.68579701579,10871.0949531665
Angle 63,8336.83534502059,10877.7289212935
Angle 63,8354.97086417612,10884.2597616378
Angle 63,8373.09240040783,10890.6875665463
Angle 63,8391.19999917762,10897.0124277632
Angle 63,8409.29370548416,10903.234436437
Angle 63,8427.37356386315,10909.3536831277
Angle 63,8445.43961838767,10915.3702578132
Angle 63,8463.49191266845,10921.2842498969
Angle 63,8481.53048985418,10927.0957482144
Angle 63,8499.5553926318,10932.8048410403
Angle 63,8517.56666322684,10938.4116160955
Angle 63,8535.5643434037,10943.9161605543
Angle 63,8553.54847446596,10949.318561051
Angle 63,8571.51909725671,10954.6189036874
Angle 63,8589.4762521589,10959.8172740394
Angle 63,8607.4199790956,10964.9137571643
Angle 63,8625.35031753039,10969.9084376081
Angle 63,8643.26730646767,10974.8013994118
Angle 63,8661.17098445305,10979.5927261192
Angle 63,8679.06138957365,10984.2825007838
Angle 63,8696.9385594585,10988.8708059757
Angle 63,8714.80253127891,10993.3577237886
Angle 63,8732.65334174885,10997.7433358475
Angle 63,8750.49102712534,11002.0277233151
Angle 63,8768.31562320888,11006.2109668993
Angle 63,8786.12716534383,11010.2931468602
Angle 63,8803.92568841887,11014.2743430175
Angle 63,8821.71122686743,11018.154634757
Angle 63,8839.48381466815,11021.9341010386
Angle 63,8857.24348534535,11025.6128204027
Angle 63,8874.99027196954,11029.1908709776
Angle 63,8892.72420715786,11032.668330487
Angle 63,8910.44532307467,11036.0452762567
Angle 63,8928.15365143203,11039.3217852219
Angle 63,8945.84922349028,11042.4979339345
Angle 63,8963.53207005861,11045.5737985701
Angle 63,8981.20222149562,11048.5494549354
Angle 63,8998.85970770996,11051.4249784751
Angle 63,9016.50455816093,11054.2004442794
Angle 63,9034.13680185916,11056.8759270909
Angle 63,9051.75646736723,11059.451501312
Angle 63,9069.36358280038,11061.9272410119
Angle 63,9086.95817582723,11064.3032199339
Angle 63,9104.54027367051,11066.5795115028
Angle 63,9122.10990310779,11068.7561888316
Angle 63,9139.66709047228,11070.833324729
Angle 63,9157.21186165361,11072.8109917067
Angle 63,9174.74424209869,11074.6892619862
Angle 63,9192.26425681252,11076.4682075062
Angle 63,9209.77193035909,11078.1478999301
Angle 63,9227.26728686225,11079.7284106524
Angle 63,9244.75035000669,11081.2098108067
Angle 63,9262.22114303882,11082.592171272
Angle 63,9279.6796887678,11083.8755626807
Angle 63,9297.12600956654,11085.0600554252
Angle 63,9314.5601273727,11086.1457196652
Angle 63,9331.98206368979,11087.1326253346
Angle 63,9349.39183958822,11088.0208421492
Angle 63,9366.78947570646,11088.8104396131
Angle 63,9384.17499225212,11089.5014870262
Angle 63,9401.5484090032,11090.0940534911
Angle 63,9418.90974530923,11090.5882079204
Angle 63,9436.25902009255,11090.9840190435
Angle 63,9453.59625184953,11091.2815554136
Angle 63,9470.92145865188,11091.4808854151
Angle 63,9488.23465814798,11091.5820772702
Angle 63,9505.53586756421,11091.5851990458
Angle 63,9522.82510370636,11091.490318661
Angle 63,9540.10238296101,11091.2975038936
Angle 63,9557.36772129699,11091.0068223871
Angle 63,9574.62113426686,11090.6183416575
Angle 63,9591.86263700841,11090.1321291007
Angle 63,9609.09224424617,11089.5482519986
Angle 63,9626.30997029302,11088.8667775264
Angle 63,9643.51582905174,11088.0877727593
Angle 63,9660.70983401668,11087.2113046793
Angle 63,9677.89199827539,11086.2374401819
Angle 63,9695.06233451033,11085.1662460826
Angle 63,9712.22085500056,11083.9977891242
Angle 63,9729.36757162353,11082.7321359828
Angle 63,9746.50249585682,11081.3693532748
Angle 63,9763.62563877999,11079.9095075634
Angle 63,9780.73701107639,11078.3526653652
Angle 63,9797.83662303507,11076.6988931565
Angle 63,9814.92448455266,11074.9482573802
Angle 63,9832.00060513527,11073.100824452
Angle 63,9849.06499390053,11071.1566607667
Angle 63,9866.11765957952,11069.1158327049
Angle 63,9883.15861051881,11066.9784066392
Angle 63,9900.18785468251,11064.7444489402
Angle 63,9917.20539965436,11062.4140259835
Angle 63,9934.21125263983,11059.9872041552
Angle 63,9951.20542046824,11057.4640498582
Angle 63,9968.18790959495,11054.8446295189
Angle 63,9985.15872610354,11052.1290095924
Angle 63,10002.117875708,11049.3172565696
Angle 63,10019.0653637551,11046.409436982
Angle 63,10036.0011952265,11043.4056174088
Angle 63,10052.9253747411,11040.3058644821
Angle 63,10069.8379065573,11037.1102448929
Angle 63,10086.7387945757,11033.818825397
Angle 63,10103.6280423409,11030.4316728208
Angle 63,10120.5056530444,11026.9488540669
Angle 63,10137.3716295268,11023.3704361199
Angle 63,10154.2259742802,11019.6964860518
Angle 63,10171.0686894508,11015.9270710278
Angle 63,10187.8997768413,11012.0622583116
Angle 63,10204.7192379135,11008.1021152709
Angle 63,10221.5270737907,11004.0467093831
Angle 63,10238.3232852604,10999.89610824
Angle 63,10255.1078727769,10995.6503795539
Angle 63,10271.8808364637,10991.3095911621
Angle 63,10288.6421761163,10986.8738110324
Angle 63,10305.3918912047,10982.3431072686
Angle 63,10322.1299808762,10977.7175481146
Angle 63,10338.8564439579,10972.9972019604
Angle 63,10355.5712789596,10968.1821373465
Angle 63,10372.2744840765,10963.2724229689
Angle 63,10388.9660571915,10958.2681276841
Angle 63,10405.6459958785,10953.1693205134
Angle 63,10422.3142974049,10947.9760706483
Angle 63,10438.9709587342,10942.6884474545
Angle 63,10455.6159765292,10937.3065204769
Angle 63,10472.2493471545,10931.8303594441
Angle 63,10488.8710666791,10926.2600342726
Angle 63,10505.4811308799,10920.5956150715
Angle 63,10522.0795352439,10914.8371721466
Angle 63,10538.6662749712,10908.984776005
Angle 63,10555.241344978,10903.0384973589
Angle 63,10571.8047398994,10896.9984071302
Angle 63,10588.3564540922,10890.8645764542
Angle 63,10604.8964816379,10884.637076684
Angle 63,10621.4248163454,10878.3159793943
Angle 63,10637.941451754,10871.901356385
Angle 63,10654.4463811366,10865.3932796858
Angle 63,10670.9395975019,10858.7918215591
Angle 63,10687.4210935982,10852.0970545044
Angle 63,10703.8908619153,10845.3090512618
Angle 63,10720.3488946886,10838.4278848151
Angle 63,10736.795183901,10831.4536283962
Angle 63,10753.2297212864,10824.3863554878
Angle 63,10769.6524983325,10817.2261398271
Angle 63,10786.0635062836,10809.9730554094
Angle 63,10802.4627361437,10802.6271764908
Angle 63,10818.8501786795,10795.1885775919
Angle 63,10835.2258244232,10787.6573335009
Angle 63,10851.5896636754,10780.0335192762
Angle 63,10867.9416865083,10772.3172102502
Angle 63,10884.2818827683,10764.5084820317
Angle 63,10900.6102420791,10756.607410509
Angle 63,10916.9267538447,10748.6140718526
Angle 63,10933.2314072524,10740.5285425182
Angle 63,10949.5241912754,10732.3508992493
Angle 63,10965.8050946761,10724.0812190799
Angle 63,10982.0741060088,10715.7195793369
Angle 63,10998.3312136226,10707.2660576429
Angle 63,11014.5764056646,10698.7207319185
Angle 63,11030.8096700824,10690.0836803848
Angle 63,11047.0309946275,10681.3549815658
Angle 63,11063.2403668576,10672.5347142905
Angle 63,11079.4377741401,10663.6229576952
Angle 63,11095.6232036545,10654.6197912258
Angle 63,11111.7966423956,10645.5252946399
Angle 63,11127.9580771762,10636.3395480085
Angle 63,11144.1074946301,10627.0626317187
Angle 63,11160.2448812149,10617.6946264748
Angle 63,11176.3702232146,10608.2356133009
Angle 63,11192.4835067429,10598.6856735422
Angle 63,11208.5847177457,10589.0448888671
Angle 63,11224.6738420041,10579.3133412688
Angle 63,11240.750865137,10569.491113067
Angle 63,11256.8157726041,10559.5782869092
Angle 63,11272.8685497086,10549.5749457728
Angle 63,11288.9091816001,10539.4811729661
Angle 63,11304.9376532769,10529.29705213
Angle 63,11320.9539495897,10519.0226672392
Angle 63,11336.9580552431,10508.6581026036
Angle 63,11352.9499547995,10498.2034428697
Angle 63,11368.929632681,10487.6587730216
Angle 63,11384.8970731726,10477.0241783825
Angle 63,11400.8522604245,10466.2997446152
Angle 63,11416.7951784553,10455.4855577239
Angle 63,11432.725811154,10444.5817040547
Angle 63,11448.6441422831,10433.5882702968
Angle 63,11464.5501554814,10422.5053434833
Angle 63,11480.443834266,10411.333010992
Angle 63,11496.3251620354,10400.0713605466
Angle 63,11512.1941220722,10388.720480217
Angle 63,11528.0506975451,10377.2804584201
Angle 63,11543.894871512,10365.7513839207
Angle 63,11559.7266269223,10354.1333458321
Angle 63,11575.5459466197,10342.4264336163
Angle 63,11591.3528133443,10330.630737085
Angle 63,11607.1472097354,10318.7463463999
Angle 63,11622.9291183339,10306.7733520728
Angle 63,11638.698521585,10294.7118449668
Angle 63,11654.4554018403,10282.5619162958
Angle 63,11670.1997413602,10270.3236576252
Angle 63,11685.931522317,10257.9971608721
Angle 63,11701.6507267964,10245.5825183059
Angle 63,11717.3573368005,10233.0798225476
Angle 63,11733.0513342502,10220.4891665707
Angle 63,11748.732700987,10207.8106437012
Angle 63,11764.401418776,10195.0443476171
Angle 63,11780.0574693078,10182.1903723492
Angle 63,11795.7008342011,10169.2488122805
Angle 63,11811.3314950047,10156.2197621461
Angle 63,11826.9494332001,10143.1033170338
Angle 63,11842.5546302033,10129.899572383
Angle 63,11858.1470673677,10116.6086239851
Angle 63,11873.7267259856,10103.2305679833
Angle 63,11889.2935872911,10089.7655008721
Angle 63,11904.8476324618,10076.2135194968
Angle 63,11920.388842621,10062.574721054
Angle 63,11935.9171988403,10048.8492030902
Angle 63,11951.4326821412,10035.0370635023
Angle 63,11966.9352734976,10021.1384005363
Angle 63,11982.4249538376,10007.1533127877
Angle 63,11997.9017040461,9993.08189920038
Angle 63,12013.365504966,9978.92425906615
Angle 63,12028.8163374013,9964.68049202444
Angle 63,12044.2541821184,9950.35069806147
Angle 63,12059.6790198482,9935.93497750966
Angle 63,12075.0908312886,9921.43343104699
Angle 63,12090.4895971057,9906.84615969628
Angle 63,12105.8752979366,9892.17326482444
Angle 63,12121.2479143906,9877.41484814175
Angle 63,12136.6074270519,9862.57101170104
Angle 63,12151.9538164807,9847.64185789686
Angle 63,12167.2870632156,9832.62748946464
Angle 63,12182.6071477756,9817.52800947984
Angle 63,12197.9140506616,9802.34352135699
Angle 63,12213.2077523583,9787.07412884878
Angle 63,12228.4882333362,9771.7199360451
Angle 63,12243.7554740535,9756.28104737206
Angle 63,12259.0094549575,9740.75756759093
Angle 63,12274.2501564868,9725.14960179715
Angle 63,12289.4775590728,9709.45725541922
Angle 63,12304.6916431416,9693.68063421765
Angle 63,12319.8923891155,9677.81984428377
Angle 63,12335.0797774152,9661.87499203867
Angle 63,12350.2537884607,9645.84618423197
Angle 63,12365.4144026739,9629.73352794067
Angle 63,12380.5616004796,9613.53713056788
Angle 63,12395.6953623074,9597.25709984165
Angle 63,12410.8156685933,9580.89354381365
Angle 63,12425.9224997813,9564.44657085794
Angle 63,12441.015836325,9547.91628966961
Angle 63,12456.0956586893,9531.30280926348
Angle 63,12471.1619473516,9514.60623897276
Angle 63,12486.2146828038,9497.82668844768
Angle 63,12501.2538455536,9480.96426765406
Angle 63,12516.2794161262,9464.01908687197
Angle 63,12531.2913750653,9446.99125669422
Angle 63,12546.2897029352,9429.88088802499
Angle 63,12561.274380322,9412.6880920783
Angle 63,12576.245387835,9395.41298037657
Angle 63,12591.2027061083,9378.05566474905
Angle 63,12606.146315802,9360.61625733038
Angle 63,12621.0761976038,9343.09487055899
Angle 63,12635.9923322303,9325.49161717554
Angle 63,12650.8947004285,9307.80661022138
Angle 63,12665.7832829768,9290.03996303695
Angle 63,12680.6580606871,9272.19178926012
Angle 63,12695.5190144051,9254.26220282463
Angle 63,12710.3661250125,9236.25131795842
Angle 63,12725.1993734279,9218.15924918196
Angle 63,12740.0187406081,9199.9861113066
Angle 63,12754.8242075494,9181.73201943287
Angle 63,12769.615755289,9163.3970889488
Angle 63,12784.393364906,9144.98143552817
Angle 63,12799.1570175229,9126.48517512878
Angle 63,12813.9066943064,9107.90842399074
Angle 63,12828.6423764692,9089.25129863471
Angle 63,12843.3640452705,9070.51391586008
Angle 63,12858.0716820179,9051.69639274323
Angle 63,12872.7652680678,9032.79884663573
Angle 63,12887.4447848273,9013.82139516252
Angle 63,12902.1102137546,8994.7641562201
Angle 63,12916.7615363607,8975.62724797467
Angle 63,12931.3987342101,8956.41078886032
Angle 63,12946.0217889224,8937.11489757717
Angle 63,12960.6306821725,8917.73969308947
Angle 63,12975.2253956927,8898.28529462376
Angle 63,12989.805911273,8878.75182166698
Angle 63,13004.3722107623,8859.13939396453
Angle 63,13018.9242760697,8839.44813151843
Angle 63,13033.4620891653,8819.67815458534
Angle 63,13047.9856320809,8799.82958367465
Angle 63,13062.4948869117,8779.90253954659
Angle 63,13076.9898358167,8759.8971432102
Angle 63,13091.4704610196,8739.81351592146
Angle 63,13105.9367448103,8719.65177918125
Angle 63,13120.3886695452,8699.41205473345
Angle 63,13134.8262176487,8679.09446456291
Angle 63,13149.2493716136,8658.69913089348
Angle 63,13163.6581140022,8638.22617618604
Angle 63,13178.0524274473,8617.67572313643
Angle 63,13192.432294653,8597.04789467353
Angle 63,13206.7976983954,8576.34281395716
Angle 63,13221.1486215236,8555.56060437613
Angle 63,13235.4850469605,8534.70138954614
Angle 63,13249.8069577037,8513.76529330781
Angle 63,13264.1143368262,8492.75243972459
Angle 63,13278.4071674771,8471.66295308074
Angle 63,13292.6854328827,8450.49695787926
Angle 63,13306.949116347,8429.25457883984
Angle 63,13321.1982012527,8407.93594089679
Angle 63,13335.4326710616,8386.54116919698
Angle 63,13349.6525093157,8365.07038909776
Angle 63,13363.8576996378,8343.52372616487
Angle 63,13378.048225732,8321.90130617037
Angle 63,13392.224071385,8300.20325509057
Angle 63,13406.385220466,8278.42969910388
Angle 63,13420.5316569282,8256.5807645888
Angle 63,13434.6633648087,8234.65657812172
Angle 63,13448.7803282297,8212.65726647491
Angle 63,13462.8825313992,8190.58295661435
Angle 63,13476.9699586111,8168.43377569766
Angle 63,13491.0425942464,8146.20985107195
Angle 63,13505.1004227735,8123.91131027174
Angle 63,13519.143428749,8101.53828101683
Angle 63,13533.1715968181,8079.09089121016
Angle 63,13547.1849117155,8056.56926893571
Angle 63,13561.1833582655,8033.97354245638
Angle 63,13575.1669213833,8011.30384021182
Angle 63,13589.1355860746,7988.56029081637
Angle 63,13603.0893374371,7965.74302305685
Angle 63,13617.0281606605,7942.8521658905
Angle 63,13630.9520410272,7919.88784844279
Angle 63,13644.8609639125,7896.85020000533
Angle 63,13658.7549147859,7873.73935003371
Angle 63,13672.6338792107,7850.55542814534
Angle 63,13686.4978428451,7827.29856411737
Angle 63,13700.3467914425,7803.9688878845
Angle 63,13714.1807108518,7780.56652953688
Angle 63,13727.9995870182,7757.09161931794
Angle 63,13741.8034059834,7733.54428762227
Angle 63,13755.5921538863,7709.92466499345
Angle 63,13769.365816963,7686.23288212197
Angle 63,13783.1243815479,7662.46906984304
Angle 63,13796.8678340734,7638.63335913447
Angle 63,13810.5961610708,7614.72588111452
Angle 63,13824.3093491708,7590.74676703978
Angle 63,13838.0073851031,7566.69614830302
Angle 63,13851.690255698,7542.57415643108
Angle 63,13865.3579478856,7518.3809230827
Angle 63,13879.0104486971,7494.11658004639
Angle 63,13892.6477452646,7469.78125923833
Angle 63,13906.2698248215,7445.37509270022
Angle 63,13919.8766747033,7420.89821259713
Angle 63,13933.4682823473,7396.35075121542
Angle 63,13947.0446352934,7371.73284096057
Angle 63,13960.6057211844,7347.04461435507
Angle 63,13974.151527766,7322.28620403632
Angle 63,13987.6820428872,7297.45774275448
Angle 63,14001.197254501,7272.55936337037
Angle 63,14014.6971506643,7247.59119885334
Angle 63,14028.181719538,7222.5533822792
Angle 63,14041.6509493879,7197.44604682803
Angle 63,14055.1048285846,7172.26932578216
Angle 63,14068.5433456035,7147.02335252402
Angle 63,14081.9664890256,7121.70826053404
Angle 63,14095.3742475374,7096.32418338855
Angle 63,14108.7666099313,7070.8712547577
Angle 63,14122.1435651057,7045.34960840337
Angle 63,14135.5051020653,7019.75937817706
Angle 63,14148.8512099212,6994.10069801783
Angle 63,14162.1818778915,6968.37370195019
Angle 63,14175.497095301,6942.57852408204
Angle 63,14188.7968515817,6916.71529860261
Angle 63,14202.0811362729,6890.78415978035
Angle 63,14215.3499390214,6864.78524196089
Angle 63,14228.6032495817,6838.718679565
Angle 63,14241.8410578162,6812.58460708648
Angle 63,14255.0633536952,6786.38315909013
Angle 63,14268.2701272973,6760.11447020971
Angle 63,14281.4613688093,6733.77867514589
Angle 63,14294.6370685266,6707.3759086642
Angle 63,14307.7972168531,6680.906305593
Angle 63,14320.9418043016,6654.37000082145
Angle 63,14334.0708214935,6627.76712929746
Angle 63,14347.1842591596,6601.09782602571
Angle 63,14360.2821081394,6574.3622260656
Angle 63,14373.3643593819,6547.56046452925
Angle 63,14386.4310039452,6520.69267657948
Angle 63,14399.482032997,6493.75899742782
Angle 63,14412.5174378144,6466.75956233253
Angle 63,14425.5372097841,6439.69450659655
Angle 63,14438.5413404025,6412.56396556558
Angle 63,14451.5298212758,6385.36807462605
Angle 63,14464.5026441197,6358.10696920319
Angle 63,14477.4598007602,6330.78078475901
Angle 63,14490.401283133,6303.38965679035
Angle 63,14503.3270832837,6275.93372082697
Angle 63,14516.2371933681,6248.4131124295
Angle 63,14529.1316056519,6220.82796718761
Angle 63,14542.010312511,6193.17842071796
Angle 63,14554.8733064313,6165.46460866232
Angle 63,14567.7205800091,6137.68666668566
Angle 63,14580.5521259506,6109.84473047416
Angle 63,14593.3679370723,6081.93893573337
Angle 63,14606.1680063008,6053.96941818623
Angle 63,14618.952326673,6025.93631357119
Angle 63,14631.7208913359,5997.83975764035
Angle 63,14644.4736935467,5969.67988615752
Angle 63,14657.2107266727,5941.45683489632
Angle 63,14669.9319841915,5913.17073963837
Angle 63,14682.6374596908,5884.82173617136
Angle 63,14695.3271468681,5856.40996028718
Angle 63,14708.0010395315,5827.93554778011
Angle 63,14720.6591315987,5799.39863444493
Angle 63,14733.3014170974,5770.79935607506
Angle 63,14745.9278901656,5742.13784846078
Angle 63,14758.5385450509,5713.41424738732
Angle 63,14771.1333761107,5684.62868863309
Angle 63,14783.7123778123,5655.78130796786
Angle 63,14796.2755447329,5626.8722411509
Angle 63,14808.8228715589,5597.90162392924
Angle 63,14821.3543530867,5568.86959203583
Angle 63,14833.8699842219,5539.77628118775
Angle 63,14846.3697599798,5510.62182708444
Angle 63,14858.8536754848,5481.40636540594
Angle 63,14871.3217259707,5452.13003181109
Angle 63,14883.7739067803,5422.79296193576
Angle 63,14896.2102133655,5393.39529139115
Angle 63,14908.6306412874,5363.93715576199
Angle 63,14921.0351862155,5334.41869060482
Angle 63,14933.4238439284,5304.84003144627
Angle 63,14945.7966103133,5275.2013137813
Angle 63,14958.1534813657,5245.50267307155
Angle 63,14970.4944531896,5215.74424474353
Angle 63,14982.8195219973,5185.92616418701
Angle 63,14995.1286841092,5156.0485667533
Angle 63,15007.4219359538,5126.11158775351
Angle 63,15019.6992740672,5096.11536245697
Angle 63,15031.9606950936,5066.06002608946
Angle 63,15044.2061957844,5035.9457138316
Angle 63,15056.4357729988,5005.7725608172
Angle 63,15068.649423703,4975.54070213159
Angle 63,15080.8471449705,4945.25027280997
Angle 63,15093.0289339818,4914.90140783582
Angle 63,15105.194788024,4884.49424213924
Angle 63,15117.3447044911,4854.02891059532
Angle 63,15129.4786808835,4823.50554802258
Angle 63,15141.5967148079,4792.92428918136
Angle 63,15153.6988039771,4762.28526877216
Angle 63,15165.78494621,4731.58862143415
Angle 63,15177.8551394312,4700.83448174355
Angle 63,15189.9093816709,4670.02298421202
Angle 63,15201.9476710647,4639.1542632852
Angle 63,15213.9700058536,4608.22845334105
Angle 63,15225.9763843833,4577.24568868837
Angle 63,15237.9668051048,4546.20610356527
Angle 63,15249.9412665733,4515.10983213759
Angle 63,15261.8997674487,4483.95700849743
Angle 63,15273.8423064952,4452.74776666161
Angle 63,15285.7688825808,4421.48224057017
Angle 63,15297.6794946774,4390.16056408491
Angle 63,15309.5741418607,4358.78287098783
Angle 63,15321.4528233096,4327.34929497974
Angle 63,15333.3155383063,4295.8599696787
Angle 63,15345.1622862358,4264.31502861864
Angle 63,15356.9930665861,4232.71460524784
Angle 63,15368.8078789474,4201.05883292754
Angle 63,15380.6067230125,4169.34784493045
Angle 63,15392.389598576,4137.58177443935
Angle 63,15404.1565055346,4105.76075454569
Angle 63,15415.9074438862,4073.88491824812
Angle 63,15427.6424137304,4041.95439845114
Angle 63,15439.3614152678,4009.96932796368
Angle 63,15451.0644487999,3977.92983949772
Angle 63,15462.7515147287,3945.83606566689
Angle 63,15474.4226135566,3913.68813898514
Angle 63,15486.0777458864,3881.48619186534
Angle 63,15497.7169124204,3849.23035661795
Angle 63,15509.3401139608,3816.92076544967
Angle 63,15520.9473514089,3784.55755046207
Angle 63,15532.5386257655,3752.14084365032
Angle 63,15544.1139381299,3719.67077690185
Angle 63,15555.6732897002,3687.14748199499
Angle 63,15567.2166817726,3654.57109059773
Angle 63,15578.7441157416,3621.94173426641
Angle 63,15590.2555930993,3589.25954444439
Angle 63,15601.7511154356,3556.52465246085
Angle 63,15613.2306844373,3523.73718952945
Angle 63,15624.6943018883,3490.8972867471
Angle 63,15636.1419696694,3458.00507509269
Angle 63,15647.5736897575,3425.06068542589
Angle 63,15658.989464226,3392.06424848586
Angle 63,15670.3892952437,3359.01589489004
Angle 63,15681.7731850755,3325.91575513296
Angle 63,15693.1411360811,3292.76395958499
Angle 63,15704.4931507157,3259.56063849115
Angle 63,15715.8292315287,3226.30592196994
Angle 63,15727.1493811644,3192.9999400121
Angle 63,15738.453602361,3159.64282247949
Angle 63,15749.7418979505,3126.23469910391
Angle 63,15761.0142708586,3092.77569948591
Angle 63,15772.2707241042,3059.26595309365
Angle 63,15783.5112607992,3025.70558926179
Angle 63,15794.735884148,2992.09473719031
Angle 63,15805.9445974476,2958.4335259434
Angle 63,15817.1374040868,2924.72208444835
Angle 63,15828.3143075465,2890.96054149443
Angle 63,15839.4753113987,2857.1490257318
Angle 63,15850.6204193067,2823.2876656704
Angle 63,15861.7496350247,2789.37658967887
Angle 63,15872.8629623973,2755.41592598349
Angle 63,15883.9604053594,2721.40580266709
Angle 63,15895.0419679358,2687.346347668
Angle 63,15906.107654241,2653.23768877899
Angle 63,15917.1574684785,2619.07995364625
Angle 63,15928.1914149411,2584.87326976833
Angle 63,15939.2094980101,2550.61776449512
Angle 63,15950.211722155,2516.31356502682
Angle 63,15961.1980919337,2481.96079841297
Angle 63,15972.1686119914,2447.5595915514
Angle 63,15983.1232870609,2413.11007118726
Angle 63,15994.062121962,2378.61236391203
Angle 63,16004.9851216013,2344.06659616255
Angle 63,16015.8922909717,2309.47289422003
Angle 63,16026.7836351524,2274.83138420911
Angle 63,16037.659159308,2240.1421920969
Angle 63,16048.518868689,2205.40544369204
Angle 63,16059.3627686307,2170.62126464373
Angle 63,16070.1908645532,2135.78978044085
Angle 63,16081.0031619612,2100.91111641102
Angle 63,16091.7996664435,2065.98539771966
Angle 63,16102.5803836726,2031.01274936915
Angle 63,16113.3453194045,1995.99329619784
Angle 63,16124.0944794784,1960.92716287926
Angle 63,16134.8278698163,1925.81447392117
Angle 63,16145.5454964226,1890.65535366473
Angle 63,16156.2473653839,1855.44992628358
Angle 63,16166.9334828686,1820.19831578306
Angle 63,16177.6038551265,1784.90064599929
Angle 63,16188.2584884887,1749.55704059838
Angle 63,16198.8973893668,1714.16762307557
Angle 63,16209.5205642531,1678.73251675441
Angle 63,16220.12801972,1643.25184478595
Angle 63,16230.7197624196,1607.7257301479
Angle 63,16241.2957990835,1572.15429564389
Angle 63,16251.8561365223,1536.53766390262
Angle 63,16262.4007816256,1500.87595737709
Angle 63,16272.9297413612,1465.16929834382
Angle 63,16283.4430227751,1429.4178089021
Angle 63,16293.9406329909,1393.62161097321
Angle 63,16304.4225792098,1357.78082629964
Angle 63,16314.8888687099,1321.8955764444
Angle 63,16325.3395088461,1285.96598279024
Angle 63,16335.7745070496,1249.9921665389
Angle 63,16346.1938708278,1213.97424871044
Angle 63,16356.5976077635,1177.91235014249
Angle 63,16366.9857255151,1141.80659148953
Angle 63,16377.3582318159,1105.65709322222
Angle 63,16387.7151344739,1069.46397562667
Angle 63,16398.0564413712,1033.22735880377
Angle 63,16408.3821604642,996.947362668535
Angle 63,16418.6922997827,960.624106949381
Angle 63,16428.9868674297,924.257711187503
Angle 63,16439.2658715814,887.848294736195
Angle 63,16449.5293204863,851.395976760212
Angle 63,16459.7772224654,814.900876235119
Angle 63,16470.0095859113,778.363111946661
Angle 63,16480.2264192884,741.782802490134
Angle 63,16490.4277311321,705.160066269761
Angle 63,16500.6135300487,668.495021498081
Angle 63,16510.7838247151,631.787786195345
Angle 63,16520.9386238783,595.03847818891
Angle 63,16531.0779363551,558.247215112656
Angle 63,16541.2017710317,521.414114406392
Angle 63,16551.3101368634,484.539293315286
Angle 63,16561.4030428744,447.622868889288
Angle 63,16571.4804981573,410.664957982574
Angle 63,16581.5425118726,373.665677252979
Angle 63,16591.5890932487,336.625143161459
Angle 63,16601.6202515813,299.54347197154
Angle 63,16611.6359962332,262.420779748786
Angle 63,16621.6363366338,225.257182360269
Angle 63,16631.6212822788,188.05279547405
Angle 63,16641.59084273,150.80773455866
Angle 63,16651.5450276147,113.522114882595
Angle 63,16661.4838466258,76.1960515138159
Angle 63,16671.4073095207,38.8296593192492
Angle 63,16681.3154261218,1.42305296430446
Angle 63,16681.6913724109,0
Angle 64,0,0
Angle 64,30.6000595304648,62.6414196078671
Angle 64,61.1147865948626,125.010155019197
Angle 64,91.5447639153013,187.107671304365
Angle 64,121.890568727688,248.935419348154
Angle 64,152.152772851013,310.494836027475
Angle 64,182.331942755541,371.78734438628
Angle 64,212.428639629933,432.814353807738
Angle 64,242.443419447316,493.577260183713
Angle 64,272.376833030326,554.077446081595
Angle 64,302.229426115134,614.316280908539
Angle 64,332.001739414482,674.29512107316
Angle 64,361.694308679744,734.01531014472
Angle 64,391.307664762033,793.478179009871
Angle 64,420.842333672362,852.685046026985
Angle 64,450.298836640893,911.637217178117
Angle 64,479.677690175271,970.335986218659
Angle 64,508.97940611808,1028.7826348247
Angle 64,538.204491703418,1086.97843273816
Angle 64,567.353449612623,1144.92463790973
Angle 64,596.42677802915,1202.62249663964
Angle 64,625.42497069263,1260.07324371633
Angle 64,654.348516952113,1317.27810255302
Angle 64,683.197901818519,1374.23828532225
Angle 64,711.973606016299,1430.95499308843
Angle 64,740.676106034339,1487.42941593839
Angle 64,769.305874176101,1543.66273310999
Angle 64,797.863378609022,1599.65611311887
Angle 64,826.349083413192,1655.41071388331
Angle 64,854.763448629309,1710.92768284725
Angle 64,883.106930305939,1766.20815710148
Angle 64,911.379980546074,1821.25326350317
Angle 64,939.583047553025,1876.06411879349
Angle 64,967.716575675638,1930.64182971367
Angle 64,995.781005452856,1984.98749311931
Angle 64,1023.77677365764,2039.10219609306
Angle 64,1051.70431334028,2092.98701605564
Angle 64,1079.564053871,2146.64302087533
Angle 64,1107.35642098209,2200.07126897582
Angle 64,1135.08183680929,2253.2728094426
Angle 64,1162.7407199327,2306.24868212778
Angle 64,1190.33348541705,2358.99991775339
Angle 64,1217.86054485139,2411.52753801334
Angle 64,1245.32230638826,2463.83255567381
Angle 64,1272.71917478231,2515.91597467228
Angle 64,1300.05155142829,2567.7787902152
Angle 64,1327.31983439863,2619.42198887424
Angle 64,1354.52441848044,2670.84654868121
Angle 64,1381.66569521194,2722.05343922171
Angle 64,1408.74405291849,2773.04362172737
Angle 64,1435.75987674803,2823.81804916695
Angle 64,1462.71354870609,2874.37766633604
Angle 64,1489.60544769027,2924.72340994566
Angle 64,1516.4359495243,2974.85620870955
Angle 64,1543.20542699155,3024.77698343027
Angle 64,1569.91424986818,3074.48664708418
Angle 64,1596.56278495577,3123.98610490524
Angle 64,1623.15139611352,3173.27625446761
Angle 64,1649.68044429006,3222.35798576723
Angle 64,1676.1502875547,3271.23218130221
Angle 64,1702.56128112843,3319.89971615221
Angle 64,1728.91377741439,3368.3614580567
Angle 64,1755.20812602795,3416.61826749217
Angle 64,1781.44467382639,3464.67099774837
Angle 64,1807.62376493819,3512.52049500344
Angle 64,1833.74574079197,3560.16759839814
Angle 64,1859.81094014493,3607.61314010898
Angle 64,1885.81969911103,3654.85794542053
Angle 64,1911.77235118876,3701.90283279659
Angle 64,1937.66922728848,3748.74861395063
Angle 64,1963.51065575954,3795.39609391512
Angle 64,1989.29696241686,3841.84607111008
Angle 64,2015.02847056735,3888.09933741065
Angle 64,2040.70550103582,3934.15667821386
Angle 64,2066.32837219068,3980.01887250444
Angle 64,2091.89739996922,4025.68669291986
Angle 64,2117.41289790262,4071.16090581448
Angle 64,2142.87517714056,4116.44227132289
Angle 64,2168.28454647562,4161.53154342242
Angle 64,2193.64131236727,4206.42946999487
Angle 64,2218.94577896561,4251.13679288746
Angle 64,2244.19824813475,4295.65424797293
Angle 64,2269.39901947596,4339.98256520896
Angle 64,2294.54839035046,4384.1224686968
Angle 64,2319.64665590198,4428.07467673916
Angle 64,2344.69410907896,4471.83990189734
Angle 64,2369.69104065654,4515.41885104767
Angle 64,2394.63773925824,4558.81222543728
Angle 64,2419.53449137733,4602.02072073906
Angle 64,2444.38158139803,4645.04502710603
Angle 64,2469.17929161632,4687.885829225
Angle 64,2493.92790226059,4730.54380636956
Angle 64,2518.62769151197,4773.01963245239
Angle 64,2543.27893552444,4815.31397607697
Angle 64,2567.88190844466,4857.42750058858
Angle 64,2592.43688243161,4899.36086412478
Angle 64,2616.94412767588,4941.11471966514
Angle 64,2641.40391241886,4982.68971508045
Angle 64,2665.81650297155,5024.08649318129
Angle 64,2690.18216373329,5065.30569176604
Angle 64,2714.50115721008,5106.34794366824
Angle 64,2738.77374403286,5147.21387680343
Angle 64,2763.00018297544,5187.90411421544
Angle 64,2787.18073097223,5228.41927412202
Angle 64,2811.31564313582,5268.75996996004
Angle 64,2835.40517277425,5308.92681043008
Angle 64,2859.44957140817,5348.92039954045
Angle 64,2883.44908878768,5388.74133665081
Angle 64,2907.40397290909,5428.39021651511
Angle 64,2931.31447003136,5467.86762932411
Angle 64,2955.18082469244,5507.17416074741
Angle 64,2979.00327972532,5546.3103919749
Angle 64,3002.78207627399,5585.27689975782
Angle 64,3026.5174538091,5624.07425644922
Angle 64,3050.20965014355,5662.70303004405
Angle 64,3073.85890144776,5701.16378421871
Angle 64,3097.46544226489,5739.45707837016
Angle 64,3121.02950552578,5777.58346765458
Angle 64,3144.55132256375,5815.54350302555
Angle 64,3168.03112312926,5853.33773127182
Angle 64,3191.4691354043,5890.96669505461
Angle 64,3214.86558601674,5928.4309329445
Angle 64,3238.22070005439,5965.73097945788
Angle 64,3261.53470107895,6002.86736509297
Angle 64,3284.80781113983,6039.84061636545
Angle 64,3308.04025078771,6076.65125584367
Angle 64,3331.23223908805,6113.29980218344
Angle 64,3354.38399363437,6149.78677016247
Angle 64,3377.49573056138,6186.11267071431
Angle 64,3400.56766455803,6222.27801096205
Angle 64,3423.60000888026,6258.28329425152
Angle 64,3446.59297536379,6294.12902018416
Angle 64,3469.5467744366,6329.81568464955
Angle 64,3492.46161513135,6365.34377985746
Angle 64,3515.33770509763,6400.7137943697
Angle 64,3538.17525061409,6435.92621313146
Angle 64,3560.97445660039,6470.98151750239
Angle 64,3583.73552662906,6505.88018528734
Angle 64,3606.45866293718,6540.62269076666
Angle 64,3629.14406643795,6575.20950472627
Angle 64,3651.79193673212,6609.64109448736
Angle 64,3674.40247211932,6643.9179239357
Angle 64,3696.97586960919,6678.04045355075
Angle 64,3719.51232493243,6712.00914043432
Angle 64,3742.01203255176,6745.824438339
Angle 64,3764.47518567264,6779.48679769624
Angle 64,3786.90197625403,6812.99666564414
Angle 64,3809.29259501885,6846.35448605492
Angle 64,3831.64723146448,6879.56069956209
Angle 64,3853.966073873,6912.61574358735
Angle 64,3876.24930932147,6945.52005236717
Angle 64,3898.49712369192,6978.27405697909
Angle 64,3920.70970168138,7010.87818536773
Angle 64,3942.88722681167,7043.33286237054
Angle 64,3965.02988143921,7075.63850974325
Angle 64,3987.13784676459,7107.79554618506
Angle 64,4009.2113028421,7139.80438736355
Angle 64,4031.25042858918,7171.66544593932
Angle 64,4053.2554017957,7203.37913159042
Angle 64,4075.22639913313,7234.9458510364
Angle 64,4097.16359616372,7266.36600806224
Angle 64,4119.06716734943,7297.64000354197
Angle 64,4140.93728606082,7328.76823546198
Angle 64,4162.77412458591,7359.7510989442
Angle 64,4184.57785413881,7390.58898626894
Angle 64,4206.34864486836,7421.28228689756
Angle 64,4228.08666586661,7451.83138749484
Angle 64,4249.79208517726,7482.23667195113
Angle 64,4271.46506980391,7512.49852140436
Angle 64,4293.10578571836,7542.61731426167
Angle 64,4314.71439786867,7572.59342622091
Angle 64,4336.29107018726,7602.42723029193
Angle 64,4357.83596559879,7632.11909681757
Angle 64,4379.34924602809,7661.66939349454
Angle 64,4400.83107240786,7691.07848539396
Angle 64,4422.28160468641,7720.34673498182
Angle 64,4443.70100183523,7749.47450213913
Angle 64,4465.08942185653,7778.46214418193
Angle 64,4486.44702179062,7807.31001588102
Angle 64,4507.77395772332,7836.01846948159
Angle 64,4529.07038479316,7864.58785472258
Angle 64,4550.33645719862,7893.01851885586
Angle 64,4571.5723282052,7921.31080666523
Angle 64,4592.77815015245,7949.46506048518
Angle 64,4613.95407446091,7977.48162021956
Angle 64,4635.10025163901,8005.36082335998
Angle 64,4656.21683128981,8033.10300500403
Angle 64,4677.30396211775,8060.70849787336
Angle 64,4698.36179193528,8088.17763233155
Angle 64,4719.39046766941,8115.51073640181
Angle 64,4740.39013536824,8142.70813578455
Angle 64,4761.36094020733,8169.77015387464
Angle 64,4782.30302649609,8196.6971117787
Angle 64,4803.21653768403,8223.48932833204
Angle 64,4824.10161636696,8250.14712011556
Angle 64,4844.95840429314,8276.67080147238
Angle 64,4865.78704236935,8303.06068452443
Angle 64,4886.58767066687,8329.31707918875
Angle 64,4907.36042842742,8355.44029319373
Angle 64,4928.10545406903,8381.43063209515
Angle 64,4948.8228851918,8407.28839929207
Angle 64,4969.51285858369,8433.01389604259
Angle 64,4990.17551022613,8458.60742147941
Angle 64,5010.81097529966,8484.06927262529
Angle 64,5031.41938818945,8509.39974440834
Angle 64,5052.00088249076,8534.59912967719
Angle 64,5072.55559101439,8559.66771921598
Angle 64,5093.08364579201,8584.6058017592
Angle 64,5113.58517808142,8609.41366400649
Angle 64,5134.06031837184,8634.09159063715
Angle 64,5154.50919638902,8658.63986432464
Angle 64,5174.93194110039,8683.05876575089
Angle 64,5195.3286807201,8707.34857362046
Angle 64,5215.69954271397,8731.50956467464
Angle 64,5236.0446538045,8755.54201370533
Angle 64,5256.36413997568,8779.44619356888
Angle 64,5276.65812647784,8803.22237519972
Angle 64,5296.92673783241,8826.87082762393
Angle 64,5317.17009783662,8850.39181797266
Angle 64,5337.38832956817,8873.78561149544
Angle 64,5357.5815553898,8897.05247157333
Angle 64,5377.74989695385,8920.19265973202
Angle 64,5397.89347520678,8943.20643565478
Angle 64,5418.01241039352,8966.09405719523
Angle 64,5438.10682206196,8988.85578039014
Angle 64,5458.17682906721,9011.49185947198
Angle 64,5478.2225495759,9034.00254688142
Angle 64,5498.2441010704,9056.38809327974
Angle 64,5518.24160035302,9078.64874756108
Angle 64,5538.21516355011,9100.7847568646
Angle 64,5558.16490611617,9122.79636658658
Angle 64,5578.09094283783,9144.68382039235
Angle 64,5597.99338783787,9166.44736022815
Angle 64,5617.87235457912,9188.08722633289
Angle 64,5637.72795586837,9209.60365724981
Angle 64,5657.56030386016,9230.996889838
Angle 64,5677.36951006063,9252.26715928392
Angle 64,5697.15568533116,9273.41469911271
Angle 64,5716.91893989217,9294.43974119946
Angle 64,5736.65938332669,9315.34251578042
Angle 64,5756.37712458398,9336.12325146404
Angle 64,5776.07227198308,9356.78217524198
Angle 64,5795.74493321633,9377.31951250001
Angle 64,5815.39521535281,9397.73548702879
Angle 64,5835.02322484177,9418.03032103464
Angle 64,5854.62906751601,9438.20423515014
Angle 64,5874.2128485952,9458.25744844471
Angle 64,5893.77467268915,9478.19017843503
Angle 64,5913.31464380109,9498.00264109548
Angle 64,5932.83286533082,9517.69505086839
Angle 64,5952.32944007791,9537.26762067431
Angle 64,5971.80447024479,9556.72056192212
Angle 64,5991.25805743984,9576.05408451908
Angle 64,6010.69030268039,9595.26839688086
Angle 64,6030.10130639575,9614.36370594142
Angle 64,6049.4911684301,9633.34021716284
Angle 64,6068.85998804547,9652.1981345451
Angle 64,6088.20786392454,9670.93766063577
Angle 64,6107.53489417352,9689.55899653958
Angle 64,6126.84117632488,9708.06234192804
Angle 64,6146.12680734015,9726.44789504885
Angle 64,6165.3918836126,9744.71585273533
Angle 64,6184.6365009699,9762.86641041576
Angle 64,6203.86075467679,9780.89976212265
Angle 64,6223.0647394376,9798.81610050197
Angle 64,6242.24854939888,9816.61561682224
Angle 64,6261.41227815186,9834.29850098365
Angle 64,6280.55601873496,9851.86494152705
Angle 64,6299.67986363622,9869.31512564294
Angle 64,6318.78390479567,9886.64923918033
Angle 64,6337.86823360774,9903.86746665556
Angle 64,6356.93294092358,9920.96999126113
Angle 64,6375.97811705333,9937.95699487438
Angle 64,6395.0038517684,9954.82865806612
Angle 64,6414.01023430367,9971.58516010933
Angle 64,6432.99735335968,9988.2266789876
Angle 64,6451.9652971048,10004.7533914037
Angle 64,6470.91415317731,10021.165472788
Angle 64,6489.8440086875,10037.4630973068
Angle 64,6508.75495021972,10053.6464378708
Angle 64,6527.64706383435,10069.7156661433
Angle 64,6546.52043506984,10085.6709525485
Angle 64,6565.37514894457,10101.5124662796
Angle 64,6584.21128995885,10117.2403753069
Angle 64,6603.02894209672,10132.8548463862
Angle 64,6621.82818882782,10148.3560450665
Angle 64,6640.6091131092,10163.7441356982
Angle 64,6659.37179738708,10179.019281441
Angle 64,6678.11632359861,10194.1816442718
Angle 64,6696.84277317357,10209.2313849927
Angle 64,6715.55122703605,10224.1686632387
Angle 64,6734.24176560611,10238.9936374856
Angle 64,6752.91446880135,10253.7064650576
Angle 64,6771.56941603855,10268.3073021352
Angle 64,6790.20668623519,10282.7963037629
Angle 64,6808.82635781096,10297.1736238565
Angle 64,6827.4285086893,10311.4394152112
Angle 64,6846.0132162988,10325.5938295089
Angle 64,6864.58055757466,10339.6370173256
Angle 64,6883.13060896009,10353.5691281393
Angle 64,6901.66344640767,10367.390310337
Angle 64,6920.17914538072,10381.1007112226
Angle 64,6938.67778085457,10394.7004770241
Angle 64,6957.15942731785,10408.1897529009
Angle 64,6975.62415877377,10421.5686829512
Angle 64,6994.07204874133,10434.8374102193
Angle 64,7012.50317025651,10447.9960767032
Angle 64,7030.91759587345,10461.0448233613
Angle 64,7049.31539766558,10473.9837901202
Angle 64,7067.69664722675,10486.8131158815
Angle 64,7086.06141567231,10499.5329385293
Angle 64,7104.40977364014,10512.143394937
Angle 64,7122.74179129176,10524.6446209749
Angle 64,7141.05753831323,10537.036751517
Angle 64,7159.35708391624,10549.3199204481
Angle 64,7177.64049683897,10561.4942606712
Angle 64,7195.9078453471,10573.5599041141
Angle 64,7214.15919723465,10585.5169817368
Angle 64,7232.39461982489,10597.3656235384
Angle 64,7250.6141799712,10609.1059585639
Angle 64,7268.81794405789,10620.7381149116
Angle 64,7287.005978001,10632.2622197399
Angle 64,7305.17834724909,10643.678399274
Angle 64,7323.335116784,10654.9867788131
Angle 64,7341.47635112159,10666.1874827375
Angle 64,7359.60211431244,10677.280634515
Angle 64,7377.71246994256,10688.2663567084
Angle 64,7395.80748113402,10699.1447709818
Angle 64,7413.88721054566,10709.915998108
Angle 64,7431.95172037364,10720.5801579751
Angle 64,7450.00107235213,10731.1373695932
Angle 64,7468.0353277538,10741.5877511017
Angle 64,7486.05454739046,10751.9314197759
Angle 64,7504.05879161356,10762.1684920336
Angle 64,7522.04812031473,10772.2990834423
Angle 64,7540.02259292629,10782.323308726
Angle 64,7557.98226842171,10792.2412817717
Angle 64,7575.92720531611,10802.0531156365
Angle 64,7593.85746166666,10811.7589225543
Angle 64,7611.77309507309,10821.3588139426
Angle 64,7629.67416267802,10830.8529004095
Angle 64,7647.5607211674,10840.24129176
Angle 64,7665.43282677091,10849.5240970034
Angle 64,7683.29053526225,10858.7014243597
Angle 64,7701.1339019596,10867.7733812665
Angle 64,7718.96298172583,10876.7400743858
Angle 64,7736.77782896892,10885.6016096109
Angle 64,7754.57849764221,10894.358092073
Angle 64,7772.36504124471,10903.0096261481
Angle 64,7790.13751282138,10911.5563154638
Angle 64,7807.89596496339,10919.9982629061
Angle 64,7825.64044980836,10928.3355706264
Angle 64,7843.37101904061,10936.5683400478
Angle 64,7861.08772389143,10944.6966718723
Angle 64,7878.79061513921,10952.7206660879
Angle 64,7896.47974310975,10960.6404219745
Angle 64,7914.15515767637,10968.4560381119
Angle 64,7931.81690826016,10976.1676123856
Angle 64,7949.46504383015,10983.7752419944
Angle 64,7967.09961290343,10991.2790234566
Angle 64,7984.72066354542,10998.6790526176
Angle 64,8002.32824336991,11005.9754246561
Angle 64,8019.92239953929,11013.1682340912
Angle 64,8037.50317876469,11020.2575747896
Angle 64,8055.07062730608,11027.2435399719
Angle 64,8072.62479097244,11034.1262222201
Angle 64,8090.16571512188,11040.905713484
Angle 64,8107.69344466175,11047.5821050883
Angle 64,8125.20802404883,11054.1554877399
Angle 64,8142.70949728937,11060.6259515342
Angle 64,8160.19790793925,11066.9935859625
Angle 64,8177.67329910411,11073.2584799188
Angle 64,8195.13571343946,11079.4207217068
Angle 64,8212.58519315079,11085.4803990469
Angle 64,8230.02177999369,11091.4375990831
Angle 64,8247.44551527399,11097.2924083902
Angle 64,8264.85643984788,11103.0449129807
Angle 64,8282.25459412202,11108.6951983118
Angle 64,8299.64001805368,11114.2433492924
Angle 64,8317.01275115088,11119.6894502903
Angle 64,8334.37283247253,11125.0335851392
Angle 64,8351.72030062855,11130.2758371459
Angle 64,8369.05519378005,11135.416289097
Angle 64,8386.37754963949,11140.4550232665
Angle 64,8403.6874054708,11145.3921214225
Angle 64,8420.98479808961,11150.2276648346
Angle 64,8438.26976386339,11154.9617342811
Angle 64,8455.54233871166,11159.5944100557
Angle 64,8472.8025581062,11164.1257719752
Angle 64,8490.05045707121,11168.5558993862
Angle 64,8507.28607018363,11172.8848711728
Angle 64,8524.50943157325,11177.1127657632
Angle 64,8541.72057492309,11181.2396611374
Angle 64,8558.91953346955,11185.2656348341
Angle 64,8576.10634000275,11189.1907639584
Angle 64,8593.2810268668,11193.0151251881
Angle 64,8610.44362596013,11196.7387947821
Angle 64,8627.59416873575,11200.3618485868
Angle 64,8644.73268620167,11203.8843620436
Angle 64,8661.8592089212,11207.3064101965
Angle 64,8678.97376701333,11210.6280676987
Angle 64,8696.07639015317,11213.8494088208
Angle 64,8713.1671075723,11216.9705074572
Angle 64,8730.24594805922,11219.9914371339
Angle 64,8747.31293995986,11222.9122710157
Angle 64,8764.36811117796,11225.7330819136
Angle 64,8781.41148917565,11228.453942292
Angle 64,8798.44310097391,11231.074924276
Angle 64,8815.46297315316,11233.5960996588
Angle 64,8832.47113185376,11236.0175399091
Angle 64,8849.46760277669,11238.3393161782
Angle 64,8866.45241118409,11240.5614993077
Angle 64,8883.42558189992,11242.6841598365
Angle 64,8900.38713931065,11244.7073680081
Angle 64,8917.33710736592,11246.6311937785
Angle 64,8934.27550957926,11248.4557068229
Angle 64,8951.20236902886,11250.1809765432
Angle 64,8968.11770835833,11251.8070720755
Angle 64,8985.0215497775,11253.3340622974
Angle 64,9001.91391506325,11254.7620158352
Angle 64,9018.79482556036,11256.0910010714
Angle 64,9035.66430218244,11257.3210861516
Angle 64,9052.52236541279,11258.4523389925
Angle 64,9069.3690353054,11259.4848272884
Angle 64,9086.20433148589,11260.4186185194
Angle 64,9103.02827315255,11261.2537799577
Angle 64,9119.84087907737,11261.9903786757
Angle 64,9136.64216760712,11262.6284815527
Angle 64,9153.43215666445,11263.1681552825
Angle 64,9170.21086374903,11263.6094663804
Angle 64,9186.97830593872,11263.9524811908
Angle 64,9203.73449989076,11264.1972658938
Angle 64,9220.47946184305,11264.3438865129
Angle 64,9237.21320761536,11264.3924089219
Angle 64,9253.93575261068,11264.3428988524
Angle 64,9270.64711181653,11264.1954219003
Angle 64,9287.34729980634,11263.9500435337
Angle 64,9304.03633074085,11263.6068290994
Angle 64,9320.71421836954,11263.1658438302
Angle 64,9337.38097603212,11262.627152852
Angle 64,9354.03661666002,11261.9908211905
Angle 64,9370.68115277792,11261.2569137788
Angle 64,9387.31459650535,11260.4254954638
Angle 64,9403.93695955827,11259.4966310134
Angle 64,9420.54825325071,11258.4703851234
Angle 64,9437.14848849648,11257.3468224243
Angle 64,9453.73767581082,11256.1260074884
Angle 64,9470.3158253122,11254.8080048362
Angle 64,9486.88294672405,11253.3928789435
Angle 64,9503.4390493766,11251.8806942483
Angle 64,9519.98414220867,11250.2715151569
Angle 64,9536.51823376963,11248.5654060515
Angle 64,9553.04133222121,11246.7624312959
Angle 64,9569.55344533953,11244.8626552427
Angle 64,9586.05458051698,11242.8661422398
Angle 64,9602.54474476432,11240.7729566368
Angle 64,9619.02394471263,11238.5831627915
Angle 64,9635.49218661542,11236.2968250764
Angle 64,9651.94947635073,11233.914007885
Angle 64,9668.39581942324,11231.4347756385
Angle 64,9684.83122096646,11228.8591927916
Angle 64,9701.25568574487,11226.1873238392
Angle 64,9717.66921815618,11223.4192333224
Angle 64,9734.07182223356,11220.5549858346
Angle 64,9750.46350164793,11217.594646028
Angle 64,9766.84425971025,11214.5382786192
Angle 64,9783.21409937385,11211.3859483956
Angle 64,9799.57302323683,11208.1377202213
Angle 64,9815.92103354439,11204.7936590426
Angle 64,9832.25813219127,11201.3538298947
Angle 64,9848.58432072421,11197.8182979066
Angle 64,9864.8996003444,11194.1871283077
Angle 64,9881.20397190993,11190.4603864328
Angle 64,9897.49743593839,11186.6381377282
Angle 64,9913.77999260934,11182.7204477572
Angle 64,9930.05164176687,11178.7073822055
Angle 64,9946.31238292224,11174.5990068868
Angle 64,9962.56221525644,11170.3953877482
Angle 64,9978.80113762284,11166.0965908756
Angle 64,9995.0291485498,11161.702682499
Angle 64,10011.2462462434,11157.2137289976
Angle 64,10027.4524285901,11152.6297969052
Angle 64,10043.6476931594,11147.9509529151
Angle 64,10059.8320372067,11143.1772638855
Angle 64,10076.0054576759,11138.3087968441
Angle 64,10092.1679512021,11133.3456189932
Angle 64,10108.3195141148,11128.2877977147
Angle 64,10124.46014244,11123.1354005746
Angle 64,10140.5898319038,11117.8884953284
Angle 64,10156.7085779345,11112.5471499247
Angle 64,10172.8163756659,11107.111432511
Angle 64,10188.91321994,11101.5814114374
Angle 64,10204.9991053098,11095.9571552614
Angle 64,10221.0740260424,11090.2387327525
Angle 64,10237.1379761216,11084.4262128962
Angle 64,10253.1909492509,11078.5196648986
Angle 64,10269.2329388566,11072.5191581903
Angle 64,10285.2639380905,11066.4247624309
Angle 64,10301.2839398328,11060.236547513
Angle 64,10317.2929366951,11053.9545835661
Angle 64,10333.2909210235,11047.5789409605
Angle 64,10349.2778849012,11041.1096903117
Angle 64,10365.253820152,11034.5469024835
Angle 64,10381.2187183425,11027.8906485924
Angle 64,10397.1725707857,11021.1410000108
Angle 64,10413.1153685438,11014.2980283711
Angle 64,10429.047102431,11007.3618055687
Angle 64,10444.9677630167,11000.3324037663
Angle 64,10460.8773406283,10993.2098953963
Angle 64,10476.7758253543,10985.9943531651
Angle 64,10492.6632070472,10978.6858500559
Angle 64,10508.5394753266,10971.2844593321
Angle 64,10524.404619582,10963.7902545403
Angle 64,10540.258628976,10956.2033095135
Angle 64,10556.1014924471,10948.5236983744
Angle 64,10571.9331987128,10940.7514955378
Angle 64,10587.7537362725,10932.886775714
Angle 64,10603.5630934104,10924.9296139115
Angle 64,10619.3612581989,10916.8800854397
Angle 64,10635.1482185008,10908.7382659116
Angle 64,10650.923961973,10900.5042312464
Angle 64,10666.6884760693,10892.1780576726
Angle 64,10682.4417480428,10883.7598217295
Angle 64,10698.1837649496,10875.2496002707
Angle 64,10713.9145136514,10866.6474704659
Angle 64,10729.6339808184,10857.9535098034
Angle 64,10745.3421529322,10849.1677960924
Angle 64,10761.0390162891,10840.2904074649
Angle 64,10776.7245570024,10831.3214223783
Angle 64,10792.3987610058,10822.2609196173
Angle 64,10808.0616140562,10813.1089782958
Angle 64,10823.7131017364,10803.865677859
Angle 64,10839.3532094581,10794.5310980853
Angle 64,10854.9819224651,10785.1053190878
Angle 64,10870.5992258353,10775.5884213169
Angle 64,10886.2051044846,10765.980485561
Angle 64,10901.799543169,10756.281592949
Angle 64,10917.3825264876,10746.4918249514
Angle 64,10932.9540388856,10736.611263382
Angle 64,10948.514064657,10726.6399903996
Angle 64,10964.0625879474,10716.5780885089
Angle 64,10979.5995927566,10706.4256405626
Angle 64,10995.1250629417,10696.1827297621
Angle 64,11010.6389822195,10685.8494396592
Angle 64,11026.1413341698,10675.4258541568
Angle 64,11041.6321022374,10664.9120575108
Angle 64,11057.1112697353,10654.3081343304
Angle 64,11072.5788198472,10643.6141695799
Angle 64,11088.0347356305,10632.8302485789
Angle 64,11103.4790000185,10621.9564570042
Angle 64,11118.9115958234,10610.9928808898
Angle 64,11134.3325057387,10599.9396066282
Angle 64,11149.7417123422,10588.7967209711
Angle 64,11165.1391980983,10577.5643110303
Angle 64,11180.5249453606,10566.2424642781
Angle 64,11195.8989363746,10554.8312685482
Angle 64,11211.2611532802,10543.330812036
Angle 64,11226.6115781144,10531.7411832994
Angle 64,11241.9501928135,10520.0624712595
Angle 64,11257.2769792161,10508.2947652003
Angle 64,11272.5919190651,10496.43815477
Angle 64,11287.8949940105,10484.4927299807
Angle 64,11303.1861856118,10472.458581209
Angle 64,11318.4654753404,10460.3357991963
Angle 64,11333.7328445822,10448.1244750489
Angle 64,11348.9882746397,10435.8247002382
Angle 64,11364.2317467347,10423.4365666008
Angle 64,11379.4632420105,10410.9601663389
Angle 64,11394.6827415344,10398.3955920198
Angle 64,11409.8902263001,10385.7429365763
Angle 64,11425.0856772297,10373.0022933067
Angle 64,11440.2690751764,10360.1737558745
Angle 64,11455.4404009265,10347.2574183084
Angle 64,11470.5996352019,10334.253375002
Angle 64,11485.7467586622,10321.161720714
Angle 64,11500.8817519073,10307.9825505675
Angle 64,11516.0045954788,10294.7159600501
Angle 64,11531.1152698633,10281.3620450131
Angle 64,11546.2137554938,10267.9209016718
Angle 64,11561.300032752,10254.3926266047
Angle 64,11576.3740819708,10240.7773167531
Angle 64,11591.435883436,10227.0750694207
Angle 64,11606.4854173888,10213.2859822732
Angle 64,11621.5226640277,10199.4101533376
Angle 64,11636.5476035105,10185.4476810019
Angle 64,11651.5602159565,10171.398664014
Angle 64,11666.5604814488,10157.2632014818
Angle 64,11681.5483800356,10143.0413928719
Angle 64,11696.523891733,10128.7333380091
Angle 64,11711.4869965266,10114.3391370759
Angle 64,11726.4376743734,10099.8588906114
Angle 64,11741.3759052041,10085.2926995108
Angle 64,11756.3016689247,10070.6406650243
Angle 64,11771.2149454187,10055.9028887564
Angle 64,11786.1157145487,10041.0794726652
Angle 64,11801.0039561586,10026.1705190611
Angle 64,11815.8796500753,10011.1761306062
Angle 64,11830.7427761105,9996.096410313
Angle 64,11845.5933140627,9980.93146154379
Angle 64,11860.4312437189,9965.68138800934
Angle 64,11875.2565448566,9950.34629376793
Angle 64,11890.0691972451,9934.9262832243
Angle 64,11904.8691806479,9919.42146112852
Angle 64,11919.656474824,9903.83193257486
Angle 64,11934.4310595298,9888.15780300062
Angle 64,11949.1929145207,9872.39917818499
Angle 64,11963.9420195531,9856.55616424778
Angle 64,11978.6783543856,9840.62886764825
Angle 64,11993.4018987811,9824.61739518382
Angle 64,12008.1126325082,9808.52185398881
Angle 64,12022.8105353431,9792.34235153311
Angle 64,12037.4955870707,9776.07899562087
Angle 64,12052.1677674867,9759.73189438918
Angle 64,12066.827056399,9743.30115630666
Angle 64,12081.4734336292,9726.78689017208
Angle 64,12096.1068790144,9710.18920511297
Angle 64,12110.7273724083,9693.50821058414
Angle 64,12125.3348936829,9676.74401636629
Angle 64,12139.9294227305,9659.89673256447
Angle 64,12154.5109394642,9642.96646960663
Angle 64,12169.0794238202,9625.9533382421
Angle 64,12183.634855759,9608.85744954004
Angle 64,12198.1772152665,9591.67891488791
Angle 64,12212.7064823561,9574.41784598988
Angle 64,12227.2226370694,9557.07435486524
Angle 64,12241.725659478,9539.64855384684
Angle 64,12256.2155296848,9522.1405555794
Angle 64,12270.6922278254,9504.55047301793
Angle 64,12285.1557340691,9486.87841942601
Angle 64,12299.6060286209,9469.12450837418
Angle 64,12314.0430917219,9451.28885373822
Angle 64,12328.4669036517,9433.37156969744
Angle 64,12342.8774447286,9415.37277073297
Angle 64,12357.2746953115,9397.29257162601
Angle 64,12371.6586358012,9379.1310874561
Angle 64,12386.0292466411,9360.88843359934
Angle 64,12400.3865083189,9342.56472572662
Angle 64,12414.7304013679,9324.16007980181
Angle 64,12429.0609063676,9305.67461207996
Angle 64,12443.3780039455,9287.1084391055
Angle 64,12457.6816747778,9268.46167771037
Angle 64,12471.9718995909,9249.7344450122
Angle 64,12486.2486591624,9230.92685841245
Angle 64,12500.5119343222,9212.03903559451
Angle 64,12514.7617059534,9193.07109452185
Angle 64,12528.997954994,9174.02315343611
Angle 64,12543.2206624373,9154.89533085521
Angle 64,12557.4298093334,9135.68774557139
Angle 64,12571.6253767901,9116.40051664934
Angle 64,12585.8073459739,9097.03376342422
Angle 64,12599.9756981111,9077.5876054997
Angle 64,12614.130414489,9058.06216274605
Angle 64,12628.2714764563,9038.45755529814
Angle 64,12642.3988654248,9018.77390355345
Angle 64,12656.5125628701,8999.0113281701
Angle 64,12670.6125503322,8979.16995006486
Angle 64,12684.698809417,8959.24989041112
Angle 64,12698.7713217971,8939.25127063688
Angle 64,12712.8300692123,8919.17421242276
Angle 64,12726.8750334713,8899.01883769992
Angle 64,12740.9061964517,8878.78526864804
Angle 64,12754.9235401015,8858.47362769329
Angle 64,12768.92704644,8838.08403750627
Angle 64,12782.916697558,8817.61662099991
Angle 64,12796.8924756196,8797.07150132747
Angle 64,12810.8543628622,8776.44880188039
Angle 64,12824.8023415979,8755.74864628627
Angle 64,12838.7363942139,8734.97115840675
Angle 64,12852.6565031737,8714.11646233542
Angle 64,12866.5626510174,8693.18468239572
Angle 64,12880.454820363,8672.17594313884
Angle 64,12894.3329939069,8651.09036934161
Angle 64,12908.1971544246,8629.92808600438
Angle 64,12922.0472847714,8608.68921834887
Angle 64,12935.8833678837,8587.37389181611
Angle 64,12949.7053867787,8565.98223206423
Angle 64,12963.5133245562,8544.51436496639
Angle 64,12977.3071643986,8522.9704166086
Angle 64,12991.0868895716,8501.3505132876
Angle 64,13004.8524834253,8479.65478150868
Angle 64,13018.6039293946,8457.88334798356
Angle 64,13032.3412109999,8436.03633962823
Angle 64,13046.0643118476,8414.11388356078
Angle 64,13059.7732156309,8392.11610709923
Angle 64,13073.4679061306,8370.0431377594
Angle 64,13087.1483672152,8347.89510325269
Angle 64,13100.8145828421,8325.67213148396
Angle 64,13114.4665370578,8303.37435054933
Angle 64,13128.1042139985,8281.00188873403
Angle 64,13141.727597891,8258.55487451016
Angle 64,13155.3366730527,8236.03343653459
Angle 64,13168.9314238929,8213.43770364674
Angle 64,13182.5118349125,8190.76780486638
Angle 64,13196.0778907055,8168.02386939149
Angle 64,13209.6295759584,8145.20602659604
Angle 64,13223.1668754518,8122.31440602781
Angle 64,13236.6897740603,8099.34913740621
Angle 64,13250.1982567529,8076.3103506201
Angle 64,13263.6923085941,8053.19817572556
Angle 64,13277.1719147435,8030.01274294375
Angle 64,13290.6370604573,8006.75418265869
Angle 64,13304.0877310878,7983.4226254151
Angle 64,13317.5239120845,7960.01820191615
Angle 64,13330.9455889942,7936.54104302133
Angle 64,13344.3527474616,7912.99127974423
Angle 64,13357.7453732298,7889.36904325037
Angle 64,13371.1234521404,7865.67446485498
Angle 64,13384.4869701341,7841.90767602083
Angle 64,13397.8359132512,7818.06880835605
Angle 64,13411.170267632,7794.15799361192
Angle 64,13424.4900195169,7770.17536368071
Angle 64,13437.7951552469,7746.12105059347
Angle 64,13451.0856612643,7721.99518651786
Angle 64,13464.3615241124,7697.79790375597
Angle 64,13477.6227304366,7673.52933474213
Angle 64,13490.869266984,7649.18961204072
Angle 64,13504.1011206045,7624.77886834404
Angle 64,13517.3182782503,7600.29723647007
Angle 64,13530.520726977,7575.74484936034
Angle 64,13543.7084539433,7551.12184007774
Angle 64,13556.8814464117,7526.42834180437
Angle 64,13570.0396917487,7501.66448783934
Angle 64,13583.1831774248,7476.83041159664
Angle 64,13596.3118910153,7451.92624660295
Angle 64,13609.4258202001,7426.95212649551
Angle 64,13622.5249527641,7401.90818501993
Angle 64,13635.6092765978,7376.79455602807
Angle 64,13648.6787796969,7351.61137347586
Angle 64,13661.7334501632,7326.35877142117
Angle 64,13674.7732762043,7301.03688402166
Angle 64,13687.7982461342,7275.64584553266
Angle 64,13700.8083483735,7250.18579030498
Angle 64,13713.8035714491,7224.65685278284
Angle 64,13726.7839039953,7199.05916750169
Angle 64,13739.7493347532,7173.39286908613
Angle 64,13752.6998525711,7147.65809224773
Angle 64,13765.6354464052,7121.85497178295
Angle 64,13778.5561053191,7095.98364257105
Angle 64,13791.4618184841,7070.0442395719
Angle 64,13804.3525751798,7044.03689782396
Angle 64,13817.2283647938,7017.96175244211
Angle 64,13830.089176822,6991.81893861561
Angle 64,13842.935000869,6965.60859160597
Angle 64,13855.7658266477,6939.33084674485
Angle 64,13868.58164398,6912.98583943204
Angle 64,13881.3824427964,6886.57370513329
Angle 64,13894.1682131367,6860.09457937831
Angle 64,13906.9389451496,6833.54859775869
Angle 64,13919.6946290931,6806.93589592579
Angle 64,13932.4352553345,6780.25660958873
Angle 64,13945.1608143506,6753.51087451231
Angle 64,13957.8712967276,6726.69882651497
Angle 64,13970.5666931614,6699.82060146675
Angle 64,13983.2469944574,6672.87633528723
Angle 64,13995.9121915311,6645.86616394355
Angle 64,14008.5622754076,6618.79022344831
Angle 64,14021.1972372218,6591.64864985761
Angle 64,14033.8170682187,6564.441579269
Angle 64,14046.4217597533,6537.16914781947
Angle 64,14059.0113032907,6509.83149168349
Angle 64,14071.5856904059,6482.42874707093
Angle 64,14084.1449127843,6454.96105022516
Angle 64,14096.688962221,6427.42853742099
Angle 64,14109.2178306219,6399.83134496273
Angle 64,14121.7315100026,6372.1696091822
Angle 64,14134.2299924891,6344.44346643677
Angle 64,14146.7132703178,6316.65305310739
Angle 64,14159.181335835,6288.79850559665
Angle 64,14171.6341814974,6260.8799603268
Angle 64,14184.071799872,6232.89755373785
Angle 64,14196.4941836359,6204.85142228561
Angle 64,14208.9013255766,6176.74170243974
Angle 64,14221.2932185914,6148.56853068187
Angle 64,14233.6698556882,6120.33204350367
Angle 64,14246.0312299847,6092.03237740491
Angle 64,14258.3773347089,6063.6696688916
Angle 64,14270.7081631987,6035.24405447408
Angle 64,14283.0237089022,6006.75567066511
Angle 64,14295.3239653773,5978.20465397802
Angle 64,14307.608926292,5949.59114092482
Angle 64,14319.8785854239,5920.91526801432
Angle 64,14332.1329366606,5892.17717175029
Angle 64,14344.3719739994,5863.37698862961
Angle 64,14356.5956915473,5834.5148551404
Angle 64,14368.8040835206,5805.59090776019
Angle 64,14380.9971442456,5776.6052829541
Angle 64,14393.1748681576,5747.558117173
Angle 64,14405.3372498015,5718.44954685171
Angle 64,14417.4842838313,5689.27970840716
Angle 64,14429.6159650103,5660.04873823663
Angle 64,14441.7322882106,5630.75677271591
Angle 64,14453.8332484137,5601.40394819756
Angle 64,14465.9188407094,5571.99040100908
Angle 64,14477.9890602967,5542.51626745118
Angle 64,14490.043902483,5512.98168379599
Angle 64,14502.0833626843,5483.38678628532
Angle 64,14514.1074364247,5453.7317111289
Angle 64,14526.1161193371,5424.01659450263
Angle 64,14538.109407162,5394.24157254686
Angle 64,14550.0872957481,5364.40678136468
Angle 64,14562.0497810521,5334.51235702017
Angle 64,14573.9968591382,5304.5584355367
Angle 64,14585.9285261783,5274.54515289523
Angle 64,14597.8447784517,5244.47264503263
Angle 64,14609.7456123448,5214.34104783997
Angle 64,14621.6310243515,5184.15049716086
Angle 64,14633.5010110723,5153.90112878976
Angle 64,14645.3555692148,5123.59307847034
Angle 64,14657.1946955929,5093.22648189382
Angle 64,14669.0183871273,5062.8014746973
Angle 64,14680.8266408448,5032.31819246216
Angle 64,14692.6194538784,5001.77677071242
Angle 64,14704.3968234671,4971.17734491308
Angle 64,14716.1587469555,4940.52005046855
Angle 64,14727.905221794,4909.80502272106
Angle 64,14739.6362455384,4879.03239694898
Angle 64,14751.3518158493,4848.20230836534
Angle 64,14763.051930493,4817.31489211616
Angle 64,14774.73658734,4786.37028327892
Angle 64,14786.4057843658,4755.36861686101
Angle 64,14798.0595196502,4724.31002779813
Angle 64,14809.6977913773,4693.19465095278
Angle 64,14821.320597835,4662.0226211127
Angle 64,14832.9279374153,4630.79407298935
Angle 64,14844.5198086136,4599.5091412164
Angle 64,14856.0962100288,4568.16796034819
Angle 64,14867.6571403628,4536.77066485823
Angle 64,14879.2025984207,4505.31738913773
Angle 64,14890.73258311,4473.80826749407
Angle 64,14902.247093441,4442.24343414936
Angle 64,14913.7461285261,4410.62302323895
Angle 64,14925.2296875797,4378.94716880996
Angle 64,14936.6977699182,4347.21600481985
Angle 64,14948.1503749595,4315.42966513494
Angle 64,14959.5875022226,4283.58828352899
Angle 64,14971.009151328,4251.69199368181
Angle 64,14982.4153219967,4219.74092917776
Angle 64,14993.8060140505,4187.73522350439
Angle 64,15005.1812274116,4155.67501005105
Angle 64,15016.5409621021,4123.56042210746
Angle 64,15027.8852182441,4091.39159286232
Angle 64,15039.2139960595,4059.16865540198
Angle 64,15050.5272958692,4026.89174270903
Angle 64,15061.8251180934,3994.56098766094
Angle 64,15073.1074632512,3962.17652302874
Angle 64,15084.3743319601,3929.73848147565
Angle 64,15095.625724936,3897.24699555574
Angle 64,15106.8616429928,3864.70219771263
Angle 64,15118.0820870424,3832.10422027815
Angle 64,15129.287058094,3799.45319547106
Angle 64,15140.4765572541,3766.7492553957
Angle 64,15151.6505857261,3733.99253204076
Angle 64,15162.8091448102,3701.18315727795
Angle 64,15173.952235903,3668.32126286074
Angle 64,15185.0798604972,3635.40698042311
Angle 64,15196.1920201814,3602.44044147827
Angle 64,15207.2887166398,3569.42177741743
Angle 64,15218.3699516519,3536.35111950852
Angle 64,15229.435727092,3503.22859889504
Angle 64,15240.4860449295,3470.05434659476
Angle 64,15251.5209072279,3436.82849349852
Angle 64,15262.540316145,3403.55117036907
Angle 64,15273.5442739324,3370.22250783982
Angle 64,15284.5327829355,3336.84263641367
Angle 64,15295.5058455925,3303.41168646185
Angle 64,15306.463464435,3269.92978822272
Angle 64,15317.405642087,3236.39707180061
Angle 64,15328.3323812651,3202.8136671647
Angle 64,15339.2436847777,3169.17970414782
Angle 64,15350.1395555253,3135.49531244537
Angle 64,15361.0199964996,3101.76062161415
Angle 64,15371.8850107835,3067.97576107124
Angle 64,15382.7346015509,3034.14086009292
Angle 64,15393.5687720662,3000.25604781355
Angle 64,15404.387525684,2966.32145322446
Angle 64,15415.1908658488,2932.33720517289
Angle 64,15425.9787960948,2898.30343236089
Angle 64,15436.7513200456,2864.22026334428
Angle 64,15447.5084414134,2830.08782653154
Angle 64,15458.2501639997,2795.90625018282
Angle 64,15468.9764916938,2761.67566240885
Angle 64,15479.6874284735,2727.3961911699
Angle 64,15490.382978404,2693.06796427481
Angle 64,15501.063145638,2658.69110937989
Angle 64,15511.7279344155,2624.265753988
Angle 64,15522.377349063,2589.79202544746
Angle 64,15533.0113939936,2555.27005095111
Angle 64,15543.6300737066,2520.69995753531
Angle 64,15554.233392787,2486.08187207898
Angle 64,15564.8213559053,2451.41592130259
Angle 64,15575.3939678171,2416.70223176723
Angle 64,15585.9512333631,2381.94092987368
Angle 64,15596.4931574681,2347.1321418614
Angle 64,15607.0197451414,2312.27599380766
Angle 64,15617.5310014762,2277.37261162657
Angle 64,15628.0269316488,2242.42212106819
Angle 64,15638.5075409192,2207.42464771758
Angle 64,15648.9728346299,2172.38031699396
Angle 64,15659.4228182062,2137.28925414973
Angle 64,15669.8574971554,2102.15158426967
Angle 64,15680.2768770667,2066.96743227001
Angle 64,15690.6809636109,2031.73692289756
Angle 64,15701.0697625399,1996.46018072886
Angle 64,15711.4432796867,1961.13733016935
Angle 64,15721.8015209645,1925.76849545245
Angle 64,15732.144492367,1890.35380063882
Angle 64,15742.4721999675,1854.89336961545
Angle 64,15752.784649919,1819.38732609486
Angle 64,15763.0818484536,1783.83579361432
Angle 64,15773.3638018823,1748.23889553499
Angle 64,15783.6305165945,1712.59675504116
Angle 64,15793.8819990578,1676.90949513944
Angle 64,15804.1182558178,1641.17723865799
Angle 64,15814.3392934973,1605.40010824573
Angle 64,15824.5451187966,1569.57822637158
Angle 64,15834.7357384924,1533.71171532371
Angle 64,15844.9111594382,1497.80069720879
Angle 64,15855.0713885635,1461.8452939512
Angle 64,15865.2164328735,1425.84562729236
Angle 64,15875.346299449,1389.80181878997
Angle 64,15885.4609954458,1353.71398981727
Angle 64,15895.5605280944,1317.58226156238
Angle 64,15905.6449046999,1281.40675502754
Angle 64,15915.7141326414,1245.18759102843
Angle 64,15925.7682193716,1208.9248901935
Angle 64,15935.8071724166,1172.61877296326
Angle 64,15945.8309993758,1136.26935958963
Angle 64,15955.839707921,1099.87677013524
Angle 64,15965.8333057964,1063.44112447281
Angle 64,15975.8118008184,1026.96254228446
Angle 64,15985.7752008748,990.441143061091
Angle 64,15995.7235139249,953.877046101726
Angle 64,16005.656747999,917.270370512902
Angle 64,16015.5749111978,880.621235208032
Angle 64,16025.4780116924,843.929758906794
Angle 64,16035.366057724,807.196060134521
Angle 64,16045.2390576032,770.420257221602
Angle 64,16055.0970197099,733.602468302888
Angle 64,16064.9399524928,696.742811317104
Angle 64,16074.7678644695,659.841404006271
Angle 64,16084.5807642253,622.898363915132
Angle 64,16094.3786604138,585.91380839059
Angle 64,16104.1615617559,548.887854581148
Angle 64,16113.9294770398,511.82061943636
Angle 64,16123.6824151204,474.712219706286
Angle 64,16133.4203849192,437.562771940954
Angle 64,16143.1433954237,400.372392489834
Angle 64,16152.8514556873,363.141197501314
Angle 64,16162.5445748289,325.869302922184
Angle 64,16172.2227620324,288.556824497125
Angle 64,16181.8860265466,251.203877768213
Angle 64,16191.5343776845,213.810578074419
Angle 64,16201.1678248233,176.377040551124
Angle 64,16210.786377404,138.903380129637
Angle 64,16220.3900449309,101.389711536718
Angle 64,16229.9788369713,63.8361492941167
Angle 64,16239.5527631553,26.2428077181051
Angle 64,16246.2186359578,0
Angle 65,0,0
Angle 65,29.5004451425478,63.1659087663063
Angle 65,58.9186251146832,126.057672588907
Angle 65,88.2551025584749,188.676768361984
Angle 65,117.510434817233,251.024658673604
Angle 65,146.685174002493,313.102791985103
Angle 65,175.77986705995,374.912602807639
Angle 65,204.795055834346,436.455511875967
Angle 65,233.731277133354,497.732926319499
Angle 65,262.589062790456,558.74623983069
Angle 65,291.368939726845,619.496832830798
Angle 65,320.071430012366,679.986072633085
Angle 65,348.697050925518,740.215313603475
Angle 65,377.24631501252,800.185897318751
Angle 65,405.719730145487,859.899152722311
Angle 65,434.117799579694,919.356396277534
Angle 65,462.44102200998,978.558932118813
Angle 65,490.689891626286,1037.50805220027
Angle 65,518.864898168351,1096.20503644224
Angle 65,546.966526979577,1154.65115287548
Angle 65,574.995259060089,1212.84765778331
Angle 65,602.951571118981,1270.79579584144
Angle 65,630.835935625797,1328.49680025592
Angle 65,658.648820861223,1385.9518928988
Angle 65,686.390690967039,1443.16228444195
Angle 65,714.062005995313,1500.12917448877
Angle 65,741.663221956878,1556.85375170399
Angle 65,769.194790869082,1613.33719394158
Angle 65,796.657160802842,1669.58066837071
Angle 65,824.050775928999,1725.58533159991
Angle 65,851.376076563997,1781.35232979938
Angle 65,878.633499214894,1836.88279882153
Angle 65,905.823476623719,1892.17786431974
Angle 65,932.946437811176,1947.23864186544
Angle 65,960.002808119723,2002.06623706342
Angle 65,986.993009256025,2056.66174566557
Angle 65,1013.9174593328,2111.02625368287
Angle 65,1040.77657291004,2165.16083749588
Angle 65,1067.57076103569,2219.06656396354
Angle 65,1094.30043128569,2272.74449053055
Angle 65,1120.96598780348,2326.19566533304
Angle 65,1147.56783133894,2379.42112730293
Angle 65,1174.10635928676,2432.42190627067
Angle 65,1200.5819657243,2485.1990230666
Angle 65,1226.99504144888,2537.75348962083
Angle 65,1253.34597401457,2590.08630906181
Angle 65,1279.63514776844,2642.19847581339
Angle 65,1305.86294388637,2694.09097569063
Angle 65,1332.02974040824,2745.76478599424
Angle 65,1358.13591227275,2797.22087560366
Angle 65,1384.18183135169,2848.46020506895
Angle 65,1410.16786648376,2899.48372670132
Angle 65,1436.09438350792,2950.29238466244
Angle 65,1461.96174529626,3000.88711505255
Angle 65,1487.77031178647,3051.26884599735
Angle 65,1513.52044001378,3101.43849773365
Angle 65,1539.21248414259,3151.39698269392
Angle 65,1564.84679549752,3201.14520558968
Angle 65,1590.42372259416,3250.68406349372
Angle 65,1615.94361116936,3300.01444592123
Angle 65,1641.40680421108,3349.13723490988
Angle 65,1666.81364198788,3398.05330509871
Angle 65,1692.16446207801,3446.7635238061
Angle 65,1717.45959939808,3495.26875110658
Angle 65,1742.69938623138,3543.56983990668
Angle 65,1767.88415225581,3591.66763601977
Angle 65,1793.01422457141,3639.56297823985
Angle 65,1818.08992772759,3687.25669841445
Angle 65,1843.11158374995,3734.74962151647
Angle 65,1868.07951216671,3782.04256571516
Angle 65,1892.99403003491,3829.1363424461
Angle 65,1917.85545196614,3876.03175648032
Angle 65,1942.66409015203,3922.72960599248
Angle 65,1967.4202543893,3969.23068262814
Angle 65,1992.12425210462,4015.53577157023
Angle 65,2016.77638837901,4061.64565160458
Angle 65,2041.37696597203,4107.56109518464
Angle 65,2065.92628534558,4153.28286849538
Angle 65,2090.42464468745,4198.8117315163
Angle 65,2114.87233993452,4244.14843808371
Angle 65,2139.26966479569,4289.29373595219
Angle 65,2163.61691077451,4334.24836685521
Angle 65,2187.91436719154,4379.01306656504
Angle 65,2212.16232120635,4423.5885649519
Angle 65,2236.36105783934,4467.97558604229
Angle 65,2260.51085999322,4512.17484807669
Angle 65,2284.61200847421,4556.18706356641
Angle 65,2308.66478201305,4600.01293934981
Angle 65,2332.66945728562,4643.65317664781
Angle 65,2356.62630893343,4687.10847111866
Angle 65,2380.53560958375,4730.37951291204
Angle 65,2404.39762986954,4773.46698672251
Angle 65,2428.21263844914,4816.3715718423
Angle 65,2451.98090202568,4859.09394221336
Angle 65,2475.70268536622,4901.63476647891
Angle 65,2499.37825132078,4943.99470803421
Angle 65,2523.00786084097,4986.1744250768
Angle 65,2546.59177299852,5028.17457065607
Angle 65,2570.13024500349,5069.99579272228
Angle 65,2593.6235322223,5111.63873417489
Angle 65,2617.07188819556,5153.1040329104
Angle 65,2640.47556465564,5194.39232186954
Angle 65,2663.834811544,5235.5042290839
Angle 65,2687.14987702841,5276.44037772203
Angle 65,2710.42100751984,5317.20138613491
Angle 65,2733.64844768923,5357.78786790098
Angle 65,2756.83244048403,5398.20043187051
Angle 65,2779.97322714451,5438.43968220953
Angle 65,2803.07104721991,5478.50621844317
Angle 65,2826.12613858439,5518.40063549853
Angle 65,2849.13873745279,5558.123523747
Angle 65,2872.10907839615,5597.67546904613
Angle 65,2895.03739435714,5637.05705278091
Angle 65,2917.9239166652,5676.26885190469
Angle 65,2940.76887505158,5715.31143897947
Angle 65,2963.57249766416,5754.18538221589
Angle 65,2986.3350110821,5792.89124551254
Angle 65,3009.05664033031,5831.429588495
Angle 65,3031.73760889377,5869.80096655433
Angle 65,3054.37813873168,5908.00593088511
Angle 65,3076.97845029138,5946.04502852305
Angle 65,3099.5387625222,5983.91880238217
Angle 65,3122.0592928891,6021.62779129156
Angle 65,3144.5402573861,6059.17253003168
Angle 65,3166.98187054968,6096.55354937027
Angle 65,3189.38434547187,6133.77137609782
Angle 65,3211.74789381332,6170.82653306267
Angle 65,3234.07272581612,6207.71953920567
Angle 65,3256.35905031655,6244.45090959446
Angle 65,3278.60707475757,6281.02115545738
Angle 65,3300.81700520133,6317.43078421694
Angle 65,3322.98904634137,6353.68029952298
Angle 65,3345.12340151478,6389.77020128537
Angle 65,3367.22027271415,6425.70098570644
Angle 65,3389.27986059949,6461.47314531293
Angle 65,3411.30236450988,6497.08716898769
Angle 65,3433.28798247506,6532.54354200097
Angle 65,3455.23691122689,6567.84274604133
Angle 65,3477.14934621067,6602.98525924627
Angle 65,3499.02548159627,6637.97155623248
Angle 65,3520.86551028925,6672.80210812575
Angle 65,3542.66962394176,6707.47738259055
Angle 65,3564.43801296333,6741.99784385932
Angle 65,3586.17086653155,6776.3639527614
Angle 65,3607.86837260267,6810.57616675159
Angle 65,3629.53071792197,6844.63493993853
Angle 65,3651.15808803414,6878.54072311265
Angle 65,3672.75066729344,6912.29396377386
Angle 65,3694.30863887381,6945.8951061589
Angle 65,3715.83218477882,6979.34459126848
Angle 65,3737.32148585154,7012.64285689402
Angle 65,3758.7767217843,7045.79033764418
Angle 65,3780.19807112828,7078.78746497104
Angle 65,3801.5857113031,7111.63466719601
Angle 65,3822.93981860619,7144.33236953555
Angle 65,3844.26056822212,7176.88099412644
Angle 65,3865.54813423183,7209.28096005095
Angle 65,3886.80268962168,7241.53268336163
Angle 65,3908.02440629252,7273.6365771059
Angle 65,3929.21345506854,7305.5930513503
Angle 65,3950.37000570611,7337.4025132046
Angle 65,3971.49422690243,7369.06536684551
Angle 65,3992.5862863042,7400.58201354027
Angle 65,4013.64635051609,7431.95285166991
Angle 65,4034.67458510916,7463.17827675228
Angle 65,4055.67115462917,7494.25868146487
Angle 65,4076.63622260482,7525.19445566734
Angle 65,4097.56995155591,7555.98598642386
Angle 65,4118.47250300132,7586.63365802517
Angle 65,4139.34403746702,7617.13785201047
Angle 65,4160.18471449389,7647.49894718901
Angle 65,4180.99469264557,7677.71731966152
Angle 65,4201.77412951604,7707.7933428414
Angle 65,4222.52318173734,7737.72738747562
Angle 65,4243.24200498702,7767.51982166556
Angle 65,4263.93075399557,7797.17101088746
Angle 65,4284.58958255383,7826.68131801277
Angle 65,4305.21864352022,7856.05110332828
Angle 65,4325.81808882793,7885.28072455602
Angle 65,4346.38806949205,7914.37053687293
Angle 65,4366.92873561658,7943.32089293041
Angle 65,4387.44023640139,7972.13214287361
Angle 65,4407.92272014912,8000.80463436052
Angle 65,4428.37633427193,8029.33871258092
Angle 65,4448.80122529827,8057.73472027508
Angle 65,4469.1975388795,8085.99299775231
Angle 65,4489.56541979648,8114.1138829093
Angle 65,4509.90501196603,8142.09771124833
Angle 65,4530.21645844743,8169.94481589521
Angle 65,4550.49990144871,8197.65552761708
Angle 65,4570.75548233297,8225.2301748401
Angle 65,4590.98334162457,8252.66908366687
Angle 65,4611.18361901532,8279.9725778937
Angle 65,4631.35645337048,8307.14097902775
Angle 65,4651.50198273487,8334.17460630397
Angle 65,4671.62034433869,8361.07377670187
Angle 65,4691.71167460352,8387.83880496213
Angle 65,4711.77610914801,8414.4700036031
Angle 65,4731.81378279373,8440.96768293702
Angle 65,4751.82482957075,8467.33215108622
Angle 65,4771.80938272333,8493.56371399904
Angle 65,4791.76757471543,8519.66267546572
Angle 65,4811.69953723621,8545.62933713402
Angle 65,4831.60540120544,8571.46399852477
Angle 65,4851.4852967789,8597.16695704722
Angle 65,4871.33935335365,8622.73850801429
Angle 65,4891.16769957327,8648.17894465765
Angle 65,4910.97046333306,8673.48855814264
Angle 65,4930.74777178519,8698.66763758307
Angle 65,4950.49975134369,8723.71647005591
Angle 65,4970.22652768952,8748.63534061577
Angle 65,4989.92822577551,8773.4245323093
Angle 65,5009.60496983122,8798.08432618944
Angle 65,5029.25688336783,8822.61500132955
Angle 65,5048.88408918287,8847.01683483735
Angle 65,5068.48670936496,8871.29010186882
Angle 65,5088.0648652985,8895.43507564194
Angle 65,5107.61867766826,8919.45202745022
Angle 65,5127.14826646396,8943.34122667625
Angle 65,5146.65375098477,8967.10294080501
Angle 65,5166.13524984376,8990.73743543714
Angle 65,5185.5928809723,9014.244974302
Angle 65,5205.02676162445,9037.62581927071
Angle 65,5224.43700838121,9060.880230369
Angle 65,5243.82373715478,9084.00846578998
Angle 65,5263.18706319279,9107.01078190677
Angle 65,5282.5271010824,9129.88743328508
Angle 65,5301.84396475444,9152.63867269557
Angle 65,5321.13776748743,9175.26475112618
Angle 65,5340.4086219116,9197.76591779438
Angle 65,5359.65664001281,9220.14242015919
Angle 65,5378.88193313651,9242.39450393325
Angle 65,5398.08461199152,9264.52241309462
Angle 65,5417.26478665391,9286.52638989864
Angle 65,5436.42256657071,9308.40667488957
Angle 65,5455.55806056365,9330.16350691217
Angle 65,5474.67137683281,9351.7971231232
Angle 65,5493.76262296028,9373.3077590028
Angle 65,5512.83190591367,9394.69564836575
Angle 65,5531.87933204973,9415.9610233727
Angle 65,5550.90500711776,9437.10411454123
Angle 65,5569.90903626308,9458.12515075689
Angle 65,5588.89152403045,9479.02435928408
Angle 65,5607.85257436739,9499.8019657769
Angle 65,5626.79229062752,9520.45819428985
Angle 65,5645.7107755738,9540.99326728853
Angle 65,5664.6081313818,9561.40740566012
Angle 65,5683.48445964282,9581.70082872393
Angle 65,5702.33986136709,9601.87375424172
Angle 65,5721.17443698684,9621.92639842807
Angle 65,5739.98828635935,9641.85897596055
Angle 65,5758.78150877001,9661.67169998987
Angle 65,5777.55420293523,9681.36478214998
Angle 65,5796.30646700543,9700.93843256799
Angle 65,5815.03839856791,9720.39285987413
Angle 65,5833.75009464972,9739.72827121155
Angle 65,5852.44165172044,9758.94487224607
Angle 65,5871.11316569499,9778.04286717586
Angle 65,5889.76473193637,9797.02245874106
Angle 65,5908.39644525832,9815.88384823329
Angle 65,5927.00839992801,9834.62723550514
Angle 65,5945.60068966864,9853.2528189795
Angle 65,5964.17340766205,9871.76079565896
Angle 65,5982.72664655122,9890.15136113501
Angle 65,6001.26049844281,9908.42470959723
Angle 65,6019.77505490963,9926.58103384242
Angle 65,6038.27040699304,9944.62052528367
Angle 65,6056.74664520537,9962.54337395931
Angle 65,6075.20385953227,9980.34976854187
Angle 65,6093.64213943503,9998.03989634693
Angle 65,6112.06157385288,10015.6139433419
Angle 65,6130.46225120519,10033.0720941549
Angle 65,6148.84425939376,10050.4145320832
Angle 65,6167.2076858049,10067.641439102
Angle 65,6185.55261731167,10084.752995873
Angle 65,6203.87914027593,10101.749381753
Angle 65,6222.1873405504,10118.6307748021
Angle 65,6240.47730348074,10135.3973517922
Angle 65,6258.74911390753,10152.0492882157
Angle 65,6277.00285616823,10168.5867582931
Angle 65,6295.23861409913,10185.0099349819
Angle 65,6313.45647103724,10201.3189899845
Angle 65,6331.65650982215,10217.5140937563
Angle 65,6349.83881279788,10233.5954155139
Angle 65,6368.00346181466,10249.5631232432
Angle 65,6386.15053823074,10265.4173837072
Angle 65,6404.28012291405,10281.1583624542
Angle 65,6422.39229624396,10296.7862238253
Angle 65,6440.48713811293,10312.301130963
Angle 65,6458.56472792814,10327.7032458183
Angle 65,6476.6251446131,10342.9927291586
Angle 65,6494.66846660925,10358.169740576
Angle 65,6512.69477187744,10373.2344384941
Angle 65,6530.70413789947,10388.1869801766
Angle 65,6548.69664167962,10403.0275217341
Angle 65,6566.67235974599,10417.7562181322
Angle 65,6584.631368152,10432.3732231988
Angle 65,6602.57374247777,10446.8786896318
Angle 65,6620.49955783143,10461.2727690064
Angle 65,6638.40888885049,10475.5556117824
Angle 65,6656.30180970309,10489.7273673121
Angle 65,6674.17839408933,10503.7881838471
Angle 65,6692.03871524243,10517.738208546
Angle 65,6709.88284593002,10531.5775874815
Angle 65,6727.71085845522,10545.3064656481
Angle 65,6745.5228246579,10558.9249869685
Angle 65,6763.31881591569,10572.4332943017
Angle 65,6781.09890314515,10585.8315294497
Angle 65,6798.86315680281,10599.1198331648
Angle 65,6816.61164688619,10612.2983451566
Angle 65,6834.34444293483,10625.3672040994
Angle 65,6852.06161403124,10638.326547639
Angle 65,6869.76322880189,10651.1765123999
Angle 65,6887.44935541812,10663.9172339922
Angle 65,6905.12006159703,10676.5488470188
Angle 65,6922.77541460235,10689.0714850824
Angle 65,6940.4154812453,10701.4852807922
Angle 65,6958.04032788541,10713.7903657712
Angle 65,6975.65002043131,10725.9868706628
Angle 65,6993.24462434148,10738.0749251381
Angle 65,7010.82420462503,10750.0546579023
Angle 65,7028.38882584237,10761.9261967021
Angle 65,7045.93855210596,10773.6896683323
Angle 65,7063.47344708092,10785.3451986425
Angle 65,7080.99357398572,10796.8929125445
Angle 65,7098.49899559278,10808.3329340183
Angle 65,7115.98977422906,10819.6653861195
Angle 65,7133.46597177666,10830.8903909862
Angle 65,7150.92764967333,10842.0080698452
Angle 65,7168.37486891304,10853.0185430193
Angle 65,7185.80769004645,10863.9219299339
Angle 65,7203.22617318143,10874.7183491234
Angle 65,7220.63037798347,10885.4079182389
Angle 65,7238.02036367617,10895.9907540537
Angle 65,7255.39618904162,10906.4669724711
Angle 65,7272.75791242084,10916.8366885304
Angle 65,7290.10559171411,10927.1000164142
Angle 65,7307.43928438136,10937.2570694547
Angle 65,7324.75904744248,10947.3079601404
Angle 65,7342.06493747769,10957.2528001233
Angle 65,7359.35701062776,10967.0917002248
Angle 65,7376.63532259437,10976.8247704434
Angle 65,7393.89992864032,10986.4521199606
Angle 65,7411.15088358978,10995.9738571478
Angle 65,7428.38824182856,11005.3900895733
Angle 65,7445.61205730427,11014.7009240088
Angle 65,7462.82238352653,11023.906466436
Angle 65,7480.01927356714,11033.0068220534
Angle 65,7497.20278006028,11042.0020952832
Angle 65,7514.37295520262,11050.8923897777
Angle 65,7531.52985075343,11059.6778084262
Angle 65,7548.67351803477,11068.3584533619
Angle 65,7565.80400793154,11076.934425968
Angle 65,7582.92137089156,11085.4058268852
Angle 65,7600.02565692569,11093.7727560181
Angle 65,7617.11691560788,11102.0353125418
Angle 65,7634.19519607521,11110.1935949089
Angle 65,7651.26054702794,11118.2477008561
Angle 65,7668.31301672955,11126.1977274111
Angle 65,7685.35265300674,11134.0437708993
Angle 65,7702.37950324947,11141.7859269507
Angle 65,7719.39361441095,11149.4242905065
Angle 65,7736.39503300762,11156.9589558261
Angle 65,7753.38380511914,11164.3900164937
Angle 65,7770.3599763884,11171.7175654256
Angle 65,7787.32359202145,11178.9416948764
Angle 65,7804.27469678749,11186.0624964464
Angle 65,7821.2133350188,11193.0800610881
Angle 65,7838.13955061074,11199.9944791133
Angle 65,7855.05338702168,11206.8058401999
Angle 65,7871.95488727291,11213.5142333989
Angle 65,7888.84409394865,11220.1197471413
Angle 65,7905.72104919593,11226.6224692448
Angle 65,7922.58579472458,11233.0224869211
Angle 65,7939.43837180711,11239.3198867827
Angle 65,7956.27882127871,11245.5147548498
Angle 65,7973.10718353713,11251.6071765575
Angle 65,7989.92349854267,11257.5972367626
Angle 65,8006.72780581805,11263.4850197509
Angle 65,8023.52014444845,11269.2706092438
Angle 65,8040.30055308135,11274.9540884059
Angle 65,8057.06906992656,11280.5355398515
Angle 65,8073.82573275612,11286.0150456522
Angle 65,8090.57057890428,11291.3926873438
Angle 65,8107.30364526747,11296.6685459332
Angle 65,8124.02496830424,11301.842701906
Angle 65,8140.73458403527,11306.9152352334
Angle 65,8157.43252804334,11311.886225379
Angle 65,8174.1188354733,11316.7557513069
Angle 65,8190.79354103212,11321.5238914879
Angle 65,8207.45667898887,11326.1907239075
Angle 65,8224.10828317475,11330.7563260727
Angle 65,8240.74838698313,11335.2207750192
Angle 65,8257.37702336958,11339.584147319
Angle 65,8273.99422485195,11343.8465190876
Angle 65,8290.60002351045,11348.0079659909
Angle 65,8307.1944509877,11352.0685632531
Angle 65,8323.77753848889,11356.0283856636
Angle 65,8340.34931678183,11359.8875075844
Angle 65,8356.90981619717,11363.6460029577
Angle 65,8373.45906662847,11367.3039453129
Angle 65,8389.99709753245,11370.8614077742
Angle 65,8406.52393792909,11374.3184630681
Angle 65,8423.03961640195,11377.6751835305
Angle 65,8439.54416109831,11380.9316411143
Angle 65,8456.03759972946,11384.0879073967
Angle 65,8472.51995957098,11387.144053587
Angle 65,8488.99126746301,11390.1001505336
Angle 65,8505.4515498106,11392.9562687314
Angle 65,8521.90083258403,11395.71247833
Angle 65,8538.33914131918,11398.3688491402
Angle 65,8554.76650111794,11400.9254506421
Angle 65,8571.18293664859,11403.3823519926
Angle 65,8587.58847214629,11405.7396220324
Angle 65,8603.98313141354,11407.9973292941
Angle 65,8620.36693782063,11410.1555420093
Angle 65,8636.73991430624,11412.2143281161
Angle 65,8653.10208337795,11414.1737552671
Angle 65,8669.45346711285,11416.0338908361
Angle 65,8685.79408715811,11417.7948019263
Angle 65,8702.12396473168,11419.4565553777
Angle 65,8718.44312062294,11421.0192177741
Angle 65,8734.75157519341,11422.4828554515
Angle 65,8751.04934837748,11423.8475345045
Angle 65,8767.3364596832,11425.1133207951
Angle 65,8783.61292819308,11426.2802799588
Angle 65,8799.87877256491,11427.3484774135
Angle 65,8816.13401103265,11428.3179783657
Angle 65,8832.37866140733,11429.1888478189
Angle 65,8848.61274107798,11429.9611505808
Angle 65,8864.83626701264,11430.6349512705
Angle 65,8881.04925575932,11431.2103143263
Angle 65,8897.25172344706,11431.6873040131
Angle 65,8913.44368578704,11432.0659844295
Angle 65,8929.62515807365,11432.3464195157
Angle 65,8945.79615518569,11432.5286730606
Angle 65,8961.95669158752,11432.6128087091
Angle 65,8978.1067813303,11432.5988899697
Angle 65,8994.24643805326,11432.486980222
Angle 65,9010.37567498499,11432.2771427233
Angle 65,9026.49450494475,11431.9694406169
Angle 65,9042.6029403439,11431.5639369385
Angle 65,9058.70099318727,11431.0606946241
Angle 65,9074.78867507461,11430.4597765168
Angle 65,9090.86599720207,11429.7612453744
Angle 65,9106.93297036375,11428.9651638762
Angle 65,9122.98960495322,11428.0715946305
Angle 65,9139.03591096514,11427.0806001813
Angle 65,9155.07189799689,11425.9922430161
Angle 65,9171.09757525022,11424.8065855721
Angle 65,9187.112951533,11423.5236902439
Angle 65,9203.11803526091,11422.1436193903
Angle 65,9219.11283445924,11420.6664353412
Angle 65,9235.09735676472,11419.0922004045
Angle 65,9251.07160942736,11417.420976873
Angle 65,9267.03559931234,11415.6528270316
Angle 65,9282.98933290191,11413.7878131635
Angle 65,9298.93281629739,11411.8259975575
Angle 65,9314.86605522112,11409.7674425145
Angle 65,9330.78905501853,11407.6122103541
Angle 65,9346.70182066018,11405.3603634215
Angle 65,9362.60435674382,11403.0119640938
Angle 65,9378.4966674966,11400.567074787
Angle 65,9394.37875677717,11398.0257579619
Angle 65,9410.25062807787,11395.3880761309
Angle 65,9426.11228452701,11392.6540918647
Angle 65,9441.96372889109,11389.823867798
Angle 65,9457.80496357709,11386.8974666363
Angle 65,9473.63599063481,11383.8749511619
Angle 65,9489.4568117592,11380.7563842402
Angle 65,9505.26742829274,11377.541828826
Angle 65,9521.0678412279,11374.2313479692
Angle 65,9536.85805120949,11370.8250048213
Angle 65,9552.6380585372,11367.3228626409
Angle 65,9568.40786316807,11363.7249848001
Angle 65,9584.16746471901,11360.03143479
Angle 65,9599.91686246932,11356.2422762267
Angle 65,9615.65605536333,11352.3575728568
Angle 65,9631.38504201291,11348.3773885635
Angle 65,9647.10382070017,11344.3017873719
Angle 65,9662.81238938005,11340.1308334545
Angle 65,9678.51074568301,11335.864591137
Angle 65,9694.19888691773,11331.5031249036
Angle 65,9709.87681007379,11327.0464994021
Angle 65,9725.54451182444,11322.4947794499
Angle 65,9741.20198852933,11317.8480300382
Angle 65,9756.84923623726,11313.1063163383
Angle 65,9772.48625068904,11308.2697037059
Angle 65,9788.11302732021,11303.3382576864
Angle 65,9803.72956126393,11298.31204402
Angle 65,9819.33584735382,11293.1911286465
Angle 65,9834.93188012676,11287.9755777102
Angle 65,9850.51765382584,11282.6654575644
Angle 65,9866.0931624032,11277.2608347766
Angle 65,9881.65839952293,11271.7617761327
Angle 65,9897.21335856401,11266.1683486418
Angle 65,9912.75803262323,11260.4806195405
Angle 65,9928.29241451811,11254.6986562978
Angle 65,9943.81649678987,11248.8225266187
Angle 65,9959.33027170639,11242.8522984493
Angle 65,9974.83373126513,11236.7880399803
Angle 65,9990.32686719621,11230.6298196517
Angle 65,10005.8096709653,11224.3777061567
Angle 65,10021.2821337766,11218.0317684454
Angle 65,10036.7442465759,11211.5920757295
Angle 65,10052.1960000537,11205.0586974852
Angle 65,10067.637384648,11198.4317034577
Angle 65,10083.0683905472,11191.7111636649
Angle 65,10098.4890076937,11184.8971484006
Angle 65,10113.8992257863,11177.9897282385
Angle 65,10129.2990342836,11170.9889740356
Angle 65,10144.6884224067,11163.8949569357
Angle 65,10160.0673791426,11156.7077483725
Angle 65,10175.4358932471,11149.4274200734
Angle 65,10190.7939532476,11142.0540440624
Angle 65,10206.1415474464,11134.5876926633
Angle 65,10221.4786639237,11127.0284385029
Angle 65,10236.8052905404,11119.3763545139
Angle 65,10252.1214149416,11111.6315139381
Angle 65,10267.4270245589,11103.7939903291
Angle 65,10282.722106614,11095.8638575551
Angle 65,10298.0066481217,11087.8411898019
Angle 65,10313.2806358926,11079.7260615753
Angle 65,10328.5440565361,11071.5185477039
Angle 65,10343.7968964638,11063.2187233417
Angle 65,10359.0391418922,11054.8266639704
Angle 65,10374.2707788455,11046.3424454021
Angle 65,10389.491793159,11037.7661437814
Angle 65,10404.7021704819,11029.0978355879
Angle 65,10419.90189628,11020.3375976381
Angle 65,10435.0909558392,11011.4855070882
Angle 65,10450.269334268,11002.5416414354
Angle 65,10465.4370165003,10993.5060785207
Angle 65,10480.593987299,10984.3788965304
Angle 65,10495.7402312584,10975.1601739979
Angle 65,10510.875732807,10965.8499898062
Angle 65,10526.0004762108,10956.448423189
Angle 65,10541.114445576,10946.9555537329
Angle 65,10556.2176248518,10937.3714613786
Angle 65,10571.3099978333,10927.696226423
Angle 65,10586.3915481644,10917.9299295206
Angle 65,10601.4622593407,10908.0726516846
Angle 65,10616.522114712,10898.124474289
Angle 65,10631.5710974855,10888.0854790693
Angle 65,10646.6091907285,10877.9557481244
Angle 65,10661.6363773709,10867.7353639173
Angle 65,10676.6526402083,10857.4244092769
Angle 65,10691.6579619046,10847.0229673985
Angle 65,10706.6523249948,10836.5311218454
Angle 65,10721.6357118876,10825.9489565497
Angle 65,10736.6081048682,10815.2765558133
Angle 65,10751.5694861011,10804.5140043088
Angle 65,10766.5198376326,10793.6613870803
Angle 65,10781.4591413935,10782.7187895446
Angle 65,10796.3873792018,10771.6862974915
Angle 65,10811.3045327652,10760.5639970846
Angle 65,10826.2105836839,10749.3519748622
Angle 65,10841.1055134531,10738.0503177377
Angle 65,10855.9893034655,10726.6591130003
Angle 65,10870.8619350142,10715.1784483152
Angle 65,10885.7233892945,10703.6084117245
Angle 65,10900.5736474075,10691.9490916473
Angle 65,10915.4126903615,10680.2005768802
Angle 65,10930.2404990753,10668.3629565976
Angle 65,10945.0570543803,10656.4363203518
Angle 65,10959.8623370232,10644.4207580735
Angle 65,10974.6563276681,10632.3163600718
Angle 65,10989.4390068992,10620.1232170343
Angle 65,11004.2103552231,10607.8414200275
Angle 65,11018.9703530711,10595.4710604963
Angle 65,11033.7189808019,10583.0122302644
Angle 65,11048.4562187036,10570.4650215344
Angle 65,11063.182046996,10557.829526887
Angle 65,11077.8964458333,10545.1058392819
Angle 65,11092.599395306,10532.2940520566
Angle 65,11107.2908754435,10519.3942589269
Angle 65,11121.9708662161,10506.4065539864
Angle 65,11136.6393475372,10493.3310317062
Angle 65,11151.2962992658,10480.1677869346
Angle 65,11165.9417012087,10466.9169148968
Angle 65,11180.5755331223,10453.5785111942
Angle 65,11195.197774715,10440.1526718044
Angle 65,11209.8084056496,10426.6394930805
Angle 65,11224.4074055451,10413.0390717504
Angle 65,11238.9947539786,10399.3515049166
Angle 65,11253.5704304882,10385.5768900553
Angle 65,11268.1344145742,10371.7153250162
Angle 65,11282.6866857015,10357.7669080211
Angle 65,11297.227223302,10343.7317376641
Angle 65,11311.756006776,10329.6099129102
Angle 65,11326.2730154944,10315.4015330948
Angle 65,11340.778228801,10301.106697923
Angle 65,11355.2716260142,10286.7255074685
Angle 65,11369.7531864287,10272.258062173
Angle 65,11384.222889318,10257.7044628453
Angle 65,11398.6807139358,10243.0648106602
Angle 65,11413.1266395183,10228.3392071576
Angle 65,11427.5606452857,10213.5277542417
Angle 65,11441.9827104442,10198.6305541798
Angle 65,11456.3928141879,10183.6477096015
Angle 65,11470.7909357008,10168.5793234972
Angle 65,11485.177054158,10153.4254992175
Angle 65,11499.5511487281,10138.1863404718
Angle 65,11513.9131985746,10122.8619513272
Angle 65,11528.2631828581,10107.4524362073
Angle 65,11542.6010807372,10091.9578998912
Angle 65,11556.926871371,10076.378447512
Angle 65,11571.2405339207,10060.7141845557
Angle 65,11585.5420475507,10044.9652168598
Angle 65,11599.8313914308,10029.1316506124
Angle 65,11614.1085447379,10013.2135923502
Angle 65,11628.3734866572,9997.21114895773
Angle 65,11642.626196384,9981.12442766582
Angle 65,11656.8666531255,9964.95353605007
Angle 65,11671.094836102,9948.69858202955
Angle 65,11685.310724549,9932.35967386536
Angle 65,11699.514297718,9915.93692015915
Angle 65,11713.7055348786,9899.43042985164
Angle 65,11727.8844153199,9882.84031222111
Angle 65,11742.0509183519,9866.16667688192
Angle 65,11756.2050233068,9849.40963378292
Angle 65,11770.346709541,9832.5692932059
Angle 65,11784.4759564359,9815.64576576402
Angle 65,11798.5927433998,9798.63916240022
Angle 65,11812.6970498692,9781.54959438556
Angle 65,11826.78885531,9764.37717331764
Angle 65,11840.868139219,9747.12201111889
Angle 65,11854.9348811254,9729.78422003491
Angle 65,11868.989060592,9712.36391263282
Angle 65,11883.0306572166,9694.8612017995
Angle 65,11897.0596506332,9677.2762007399
Angle 65,11911.0760205133,9659.60902297528
Angle 65,11925.0797465675,9641.85978234145
Angle 65,11939.0708085465,9624.02859298704
Angle 65,11953.0491862421,9606.11556937166
Angle 65,11967.0148594892,9588.12082626411
Angle 65,11980.9678081662,9570.04447874059
Angle 65,11994.9080121968,9551.88664218285
Angle 65,12008.8354515509,9533.64743227633
Angle 65,12022.7501062457,9515.32696500833
Angle 65,12036.6519563474,9496.92535666612
Angle 65,12050.5409819716,9478.44272383504
Angle 65,12064.417163285,9459.87918339664
Angle 65,12078.2804805064,9441.23485252673
Angle 65,12092.1309139076,9422.50984869347
Angle 65,12105.9684438149,9403.70428965544
Angle 65,12119.7930506096,9384.8182934597
Angle 65,12133.6047147297,9365.85197843979
Angle 65,12147.4034166706,9346.8054632138
Angle 65,12161.1891369861,9327.67886668239
Angle 65,12174.9618562896,9308.47230802676
Angle 65,12188.7215552551,9289.18590670668
Angle 65,12202.468214618,9269.81978245847
Angle 65,12216.2018151766,9250.37405529297
Angle 65,12229.9223377923,9230.84884549353
Angle 65,12243.6297633911,9211.24427361391
Angle 65,12257.3240729647,9191.56046047632
Angle 65,12271.0052475709,9171.79752716927
Angle 65,12284.6732683349,9151.95559504558
Angle 65,12298.3281164499,9132.03478572023
Angle 65,12311.9697731786,9112.03522106833
Angle 65,12325.5982198533,9091.957023223
Angle 65,12339.2134378776,9071.80031457329
Angle 65,12352.8154087263,9051.56521776204
Angle 65,12366.4041139472,9031.2518556838
Angle 65,12379.9795351614,9010.86035148269
Angle 65,12393.5416540641,8990.39082855026
Angle 65,12407.0904524259,8969.84341052339
Angle 65,12420.6259120929,8949.2182212821
Angle 65,12434.1480149881,8928.51538494745
Angle 65,12447.6567431118,8907.73502587936
Angle 65,12461.1520785425,8886.87726867445
Angle 65,12474.6340034377,8865.94223816388
Angle 65,12488.1025000347,8844.93005941118
Angle 65,12501.5575506511,8823.84085771007
Angle 65,12514.9991376857,8802.67475858231
Angle 65,12528.4272436192,8781.43188777545
Angle 65,12541.8418510147,8760.11237126071
Angle 65,12555.2429425189,8738.71633523075
Angle 65,12568.6305008621,8717.24390609748
Angle 65,12582.0045088593,8695.69521048986
Angle 65,12595.364949411,8674.07037525168
Angle 65,12608.7118055032,8652.36952743938
Angle 65,12622.0450602088,8630.59279431982
Angle 65,12635.3646966877,8608.74030336806
Angle 65,12648.6706981876,8586.81218226516
Angle 65,12661.9630480447,8564.80855889594
Angle 65,12675.2417296839,8542.72956134678
Angle 65,12688.5067266201,8520.57531790335
Angle 65,12701.758022458,8498.34595704846
Angle 65,12714.9956008931,8476.04160745972
Angle 65,12728.2194457124,8453.66239800743
Angle 65,12741.4295407942,8431.20845775226
Angle 65,12754.6258701097,8408.67991594302
Angle 65,12767.8084177227,8386.07690201449
Angle 65,12780.9771677904,8363.3995455851
Angle 65,12794.1321045638,8340.64797645474
Angle 65,12807.2732123886,8317.82232460251
Angle 65,12820.4004757052,8294.92272018447
Angle 65,12833.5138790492,8271.94929353142
Angle 65,12846.6134070524,8248.90217514662
Angle 65,12859.6990444425,8225.78149570358
Angle 65,12872.7707760443,8202.58738604384
Angle 65,12885.8285867796,8179.31997717464
Angle 65,12898.8724616679,8155.97940026679
Angle 65,12911.9023858266,8132.56578665234
Angle 65,12924.9183444717,8109.07926782238
Angle 65,12937.9203229181,8085.51997542479
Angle 65,12950.9083065799,8061.888041262
Angle 65,12963.8822809709,8038.18359728876
Angle 65,12976.842231705,8014.40677560988
Angle 65,12989.7881444963,7990.557708478
Angle 65,13002.72000516,7966.63652829138
Angle 65,13015.6377996122,7942.64336759163
Angle 65,13028.5415138707,7918.5783590615
Angle 65,13041.431134055,7894.44163552262
Angle 65,13054.3066463867,7870.23332993332
Angle 65,13067.1680371901,7845.95357538634
Angle 65,13080.0152928922,7821.60250510665
Angle 65,13092.8484000232,7797.18025244922
Angle 65,13105.6673452165,7772.68695089677
Angle 65,13118.4721152096,7748.12273405759
Angle 65,13131.2626968438,7723.48773566329
Angle 65,13144.0390770646,7698.7820895666
Angle 65,13156.8012429221,7674.00592973918
Angle 65,13169.5491815715,7649.15939026935
Angle 65,13182.2828802727,7624.24260535995
Angle 65,13195.0023263912,7599.2557093261
Angle 65,13207.7075073979,7574.19883659303
Angle 65,13220.3984108696,7549.07212169383
Angle 65,13233.0750244893,7523.87569926733
Angle 65,13245.737336046,7498.60970405583
Angle 65,13258.3853334352,7473.27427090299
Angle 65,13271.0190046593,7447.8695347516
Angle 65,13283.6383378274,7422.3956306414
Angle 65,13296.2433211558,7396.85269370695
Angle 65,13308.8339429679,7371.24085917542
Angle 65,13321.4101916948,7345.5602623644
Angle 65,13333.9720558749,7319.81103867982
Angle 65,13346.5195241548,7293.99332361371
Angle 65,13359.0525852886,7268.10725274208
Angle 65,13371.5712281389,7242.15296172277
Angle 65,13384.0754416764,7216.13058629332
Angle 65,13396.5652149801,7190.04026226878
Angle 65,13409.0405372377,7163.88212553964
Angle 65,13421.5013977454,7137.65631206965
Angle 65,13433.9477859084,7111.36295789371
Angle 65,13446.3796912405,7085.00219911575
Angle 65,13458.7971033649,7058.57417190662
Angle 65,13471.2000120136,7032.07901250196
Angle 65,13483.588407028,7005.51685720012
Angle 65,13495.9622783588,6978.88784236003
Angle 65,13508.3216160659,6952.19210439915
Angle 65,13520.6664103189,6925.42977979131
Angle 65,13532.996651397,6898.60100506471
Angle 65,13545.3123296888,6871.70591679977
Angle 65,13557.6134356929,6844.74465162711
Angle 65,13569.8999600173,6817.71734622543
Angle 65,13582.1718933801,6790.62413731951
Angle 65,13594.4292266092,6763.4651616781
Angle 65,13606.6719506422,6736.24055611192
Angle 65,13618.9000565269,6708.95045747155
Angle 65,13631.113535421,6681.59500264547
Angle 65,13643.3123785921,6654.17432855798
Angle 65,13655.4965774179,6626.68857216718
Angle 65,13667.6661233861,6599.13787046298
Angle 65,13679.8210080945,6571.52236046505
Angle 65,13691.961223251,6543.84217922082
Angle 65,13704.0867606734,6516.09746380353
Angle 65,13716.1976122896,6488.28835131015
Angle 65,13728.2937701378,6460.4149788595
Angle 65,13740.3752263658,6432.47748359016
Angle 65,13752.4419732318,6404.47600265859
Angle 65,13764.4940031038,6376.41067323709
Angle 65,13776.5313084598,6348.28163251192
Angle 65,13788.5538818877,6320.08901768127
Angle 65,13800.5617160854,6291.83296595335
Angle 65,13812.5548038605,6263.51361454447
Angle 65,13824.5331381307,6235.13110067708
Angle 65,13836.4967119231,6206.68556157785
Angle 65,13848.4455183747,6178.17713447575
Angle 65,13860.3795507323,6149.60595660017
Angle 65,13872.2988023519,6120.97216517899
Angle 65,13884.2032666994,6092.27589743669
Angle 65,13896.0929373499,6063.51729059244
Angle 65,13907.9678079879,6034.69648185827
Angle 65,13919.8278724074,6005.81360843717
Angle 65,13931.6731245113,5976.8688075212
Angle 65,13943.5035583119,5947.86221628968
Angle 65,13955.3191679303,5918.7939719073
Angle 65,13967.1199475966,5889.6642115223
Angle 65,13978.9058916499,5860.47307226462
Angle 65,13990.6769945377,5831.22069124409
Angle 65,14002.4332508164,5801.90720554858
Angle 65,14014.1746551508,5772.53275224223
Angle 65,14025.901202314,5743.09746836362
Angle 65,14037.6128871876,5713.60149092396
Angle 65,14049.309704761,5684.04495690533
Angle 65,14060.9916501321,5654.4280032589
Angle 65,14072.6587185061,5624.75076690311
Angle 65,14084.3109051965,5595.01338472198
Angle 65,14095.9482056241,5565.21599356328
Angle 65,14107.5706153173,5535.35873023685
Angle 65,14119.1781299117,5505.44173151279
Angle 65,14130.7707451503,5475.46513411978
Angle 65,14142.3484568828,5445.42907474333
Angle 65,14153.9112610662,5415.33369002409
Angle 65,14165.4591537639,5385.17911655609
Angle 65,14176.992131146,5354.96549088511
Angle 65,14188.510189489,5324.69294950691
Angle 65,14200.0133251754,5294.36162886564
Angle 65,14211.5015346941,5263.97166535206
Angle 65,14222.9748146396,5233.52319530197
Angle 65,14234.4331617123,5203.01635499449
Angle 65,14245.876572718,5172.45128065043
Angle 65,14257.3050445679,5141.82810843063
Angle 65,14268.7185742783,5111.14697443439
Angle 65,14280.1171589706,5080.40801469775
Angle 65,14291.5007958707,5049.61136519195
Angle 65,14302.8694823093,5018.75716182178
Angle 65,14314.2232157215,4987.84554042401
Angle 65,14325.5619936464,4956.87663676579
Angle 65,14336.8858137272,4925.85058654304
Angle 65,14348.1946737109,4894.7675253789
Angle 65,14359.488571448,4863.6275888222
Angle 65,14370.7675048923,4832.43091234582
Angle 65,14382.0314721008,4801.17763134522
Angle 65,14393.2804712334,4769.86788113686
Angle 65,14404.5145005527,4738.50179695667
Angle 65,14415.7335584238,4707.07951395855
Angle 65,14426.937643314,4675.60116721285
Angle 65,14438.1267537926,4644.06689170483
Angle 65,14449.3008885309,4612.47682233322
Angle 65,14460.4600463016,4580.83109390869
Angle 65,14471.6042259786,4549.12984115238
Angle 65,14482.7334265371,4517.37319869446
Angle 65,14493.8476470531,4485.56130107262
Angle 65,14504.9468867032,4453.69428273065
Angle 65,14516.0311447644,4421.77227801699
Angle 65,14527.1004206138,4389.79542118329
Angle 65,14538.1547137283,4357.76384638299
Angle 65,14549.1940236847,4325.67768766988
Angle 65,14560.2183501587,4293.53707899673
Angle 65,14571.2276929256,4261.34215421385
Angle 65,14582.2220518593,4229.09304706775
Angle 65,14593.2014269324,4196.78989119967
Angle 65,14604.1658182159,4164.43282014432
Angle 65,14615.1152258786,4132.0219673284
Angle 65,14626.0496501875,4099.55746606935
Angle 65,14636.9690915069,4067.0394495739
Angle 65,14647.8735502985,4034.46805093683
Angle 65,14658.763027121,4001.84340313955
Angle 65,14669.6375226298,3969.16563904884
Angle 65,14680.4970375768,3936.43489141553
Angle 65,14691.3415728101,3903.65129287316
Angle 65,14702.1711292738,3870.81497593672
Angle 65,14712.9857080075,3837.92607300135
Angle 65,14723.7853101463,3804.98471634107
Angle 65,14734.5699369202,3771.9910381075
Angle 65,14745.3395896541,3738.9451703286
Angle 65,14756.0942697675,3705.84724490745
Angle 65,14766.833978774,3672.69739362096
Angle 65,14777.5587182812,3639.49574811865
Angle 65,14788.2684899902,3606.24243992147
Angle 65,14798.9632956958,3572.93760042052
Angle 65,14809.6431372854,3539.58136087586
Angle 65,14820.3080167395,3506.17385241536
Angle 65,14830.9579361309,3472.71520603344
Angle 65,14841.5928976248,3439.20555258993
Angle 65,14852.212903478,3405.64502280888
Angle 65,14862.8179560391,3372.03374727741
Angle 65,14873.4080577477,3338.37185644456
Angle 65,14883.9832111347,3304.6594806201
Angle 65,14894.5434188215,3270.89674997346
Angle 65,14905.0886835197,3237.08379453254
Angle 65,14915.6190080314,3203.22074418262
Angle 65,14926.134395248,3169.30772866525
Angle 65,14936.6348481505,3135.34487757713
Angle 65,14947.1203698092,3101.33232036902
Angle 65,14957.590963383,3067.27018634468
Angle 65,14968.0466321193,3033.15860465973
Angle 65,14978.4873793539,2998.99770432067
Angle 65,14988.9132085102,2964.78761418374
Angle 65,14999.3241230995,2930.52846295391
Angle 65,15009.72012672,2896.22037918382
Angle 65,15020.1012230571,2861.86349127277
Angle 65,15030.4674158827,2827.45792746564
Angle 65,15040.818709055,2793.00381585196
Angle 65,15051.1551065182,2758.5012843648
Angle 65,15061.476612302,2723.95046077984
Angle 65,15071.7832305217,2689.35147271437
Angle 65,15082.0749653774,2654.70444762626
Angle 65,15092.351821154,2620.00951281304
Angle 65,15102.6138022206,2585.26679541092
Angle 65,15112.8609130306,2550.47642239379
Angle 65,15123.0931581208,2515.63852057232
Angle 65,15133.3105421116,2480.75321659301
Angle 65,15143.5130697064,2445.82063693723
Angle 65,15153.7007456913,2410.84090792032
Angle 65,15163.8735749348,2375.81415569066
Angle 65,15174.0315623875,2340.74050622877
Angle 65,15184.1747130816,2305.62008534641
Angle 65,15194.3030321308,2270.45301868567
Angle 65,15204.4165247301,2235.23943171811
Angle 65,15214.5151961548,2199.97944974388
Angle 65,15224.5990517609,2164.67319789084
Angle 65,15234.6680969844,2129.32080111371
Angle 65,15244.7223373411,2093.92238419322
Angle 65,15254.761778426,2058.47807173527
Angle 65,15264.7864259135,2022.98798817007
Angle 65,15274.7962855565,1987.45225775135
Angle 65,15284.7913631862,1951.87100455552
Angle 65,15294.7716647122,1916.24435248087
Angle 65,15304.7371961215,1880.57242524676
Angle 65,15314.6879634788,1844.85534639282
Angle 65,15324.6239729255,1809.09323927818
Angle 65,15334.5452306799,1773.28622708067
Angle 65,15344.4517430368,1737.43443279607
Angle 65,15354.3435163668,1701.53797923734
Angle 65,15364.2205571162,1665.59698903387
Angle 65,15374.082871807,1629.61158463072
Angle 65,15383.9304670357,1593.58188828788
Angle 65,15393.7633494739,1557.50802207955
Angle 65,15403.5815258673,1521.39010789344
Angle 65,15413.3850030357,1485.22826742998
Angle 65,15423.1737878726,1449.02262220171
Angle 65,15432.9478873445,1412.77329353249
Angle 65,15442.7073084914,1376.48040255687
Angle 65,15452.4520584254,1340.14407021938
Angle 65,15462.1821443313,1303.76441727384
Angle 65,15471.8975734656,1267.34156428273
Angle 65,15481.5983531564,1230.87563161647
Angle 65,15491.2844908033,1194.36673945284
Angle 65,15500.9559938765,1157.81500777627
Angle 65,15510.6128699171,1121.22055637721
Angle 65,15520.2551265361,1084.58350485153
Angle 65,15529.8827714147,1047.90397259988
Angle 65,15539.4958123035,1011.18207882706
Angle 65,15549.0942570223,974.417942541426
Angle 65,15558.6781134597,937.611682554274
Angle 65,15568.2473895731,900.763417479262
Angle 65,15577.8020933878,863.873265731811
Angle 65,15587.342232997,826.941345528529
Angle 65,15596.8678165615,789.967774886636
Angle 65,15606.3788523092,752.952671623402
Angle 65,15615.8753485346,715.896153355583
Angle 65,15625.3573135991,678.798337498876
Angle 65,15634.8247559299,641.659341267371
Angle 65,15644.27768402,604.479281673016
Angle 65,15653.716106428,567.258275525086
Angle 65,15663.1400317774,529.996439429661
Angle 65,15672.5494687567,492.69388978911
Angle 65,15681.9444261186,455.350742801585
Angle 65,15691.32491268,417.967114460514
Angle 65,15700.6909373214,380.543120554113
Angle 65,15710.0425089869,343.078876664893
Angle 65,15719.3796366835,305.574498169181
Angle 65,15728.7023294809,268.030100236648
Angle 65,15738.0105965112,230.44579782984
Angle 65,15747.3044469686,192.821705703718
Angle 65,15756.583890109,155.157938405206
Angle 65,15765.8489352493,117.45461027274
Angle 65,15775.099591768,79.711835435837
Angle 65,15784.3358691038,41.9297278146516
Angle 65,15793.5577767559,4.10840111955635
Angle 65,15794.556928015,0
Air Resistance,0,0
Air Resistance,29.5004451425478,63.1659087663063
Air Resistance,58.9186251146832,126.057672588907
Air Resistance,88.2551025584749,188.676768361984
Air Resistance,117.510434817233,251.024658673604
Air Resistance,146.685174002493,313.102791985103
Air Resistance,175.77986705995,374.912602807639
Air Resistance,204.795055834346,436.455511875967
Air Resistance,233.731277133354,497.732926319499
Air Resistance,262.589062790456,558.74623983069
Air Resistance,291.368939726845,619.496832830798
Air Resistance,320.071430012366,679.986072633085
Air Resistance,348.697050925518,740.215313603475
Air Resistance,377.24631501252,800.185897318751
Air Resistance,405.719730145487,859.899152722311
Air Resistance,434.117799579694,919.356396277534
Air Resistance,462.44102200998,978.558932118813
Air Resistance,490.689891626286,1037.50805220027
Air Resistance,518.864898168351,1096.20503644224
Air Resistance,546.966526979577,1154.65115287548
Air Resistance,574.995259060089,1212.84765778331
Air Resistance,602.951571118981,1270.79579584144
Air Resistance,630.835935625797,1328.49680025592
Air Resistance,658.648820861223,1385.9518928988
Air Resistance,686.390690967039,1443.16228444195
Air Resistance,714.062005995313,1500.12917448877
Air Resistance,741.663221956878,1556.85375170399
Air Resistance,769.194790869082,1613.33719394158
Air Resistance,796.657160802842,1669.58066837071
Air Resistance,824.050775928999,1725.58533159991
Air Resistance,851.376076563997,1781.35232979938
Air Resistance,878.633499214894,1836.88279882153
Air Resistance,905.823476623719,1892.17786431974
Air Resistance,932.946437811176,1947.23864186544
Air Resistance,960.002808119723,2002.06623706342
Air Resistance,986.993009256025,2056.66174566557
Air Resistance,1013.9174593328,2111.02625368287
Air Resistance,1040.77657291004,2165.16083749588
Air Resistance,1067.57076103569,2219.06656396354
Air Resistance,1094.30043128569,2272.74449053055
Air Resistance,1120.96598780348,2326.19566533304
Air Resistance,1147.56783133894,2379.42112730293
Air Resistance,1174.10635928676,2432.42190627067
Air Resistance,1200.5819657243,2485.1990230666
Air Resistance,1226.99504144888,2537.75348962083
Air Resistance,1253.34597401457,2590.08630906181
Air Resistance,1279.63514776844,2642.19847581339
Air Resistance,1305.86294388637,2694.09097569063
Air Resistance,1332.02974040824,2745.76478599424
Air Resistance,1358.13591227275,2797.22087560366
Air Resistance,1384.18183135169,2848.46020506895
Air Resistance,1410.16786648376,2899.48372670132
Air Resistance,1436.09438350792,2950.29238466244
Air Resistance,1461.96174529626,3000.88711505255
Air Resistance,1487.77031178647,3051.26884599735
Air Resistance,1513.52044001378,3101.43849773365
Air Resistance,1539.21248414259,3151.39698269392
Air Resistance,1564.84679549752,3201.14520558968
Air Resistance,1590.42372259416,3250.68406349372
Air Resistance,1615.94361116936,3300.01444592123
Air Resistance,1641.40680421108,3349.13723490988
Air Resistance,1666.81364198788,3398.05330509871
Air Resistance,1692.16446207801,3446.7635238061
Air Resistance,1717.45959939808,3495.26875110658
Air Resistance,1742.69938623138,3543.56983990668
Air Resistance,1767.88415225581,3591.66763601977
Air Resistance,1793.01422457141,3639.56297823985
Air Resistance,1818.08992772759,3687.25669841445
Air Resistance,1843.11158374995,3734.74962151647
Air Resistance,1868.07951216671,3782.04256571516
Air Resistance,1892.99403003491,3829.1363424461
Air Resistance,1917.85545196614,3876.03175648032
Air Resistance,1942.66409015203,3922.72960599248
Air Resistance,1967.4202543893,3969.23068262814
Air Resistance,1992.12425210462,4015.53577157023
Air Resistance,2016.77638837901,4061.64565160458
Air Resistance,2041.37696597203,4107.56109518464
Air Resistance,2065.92628534558,4153.28286849538
Air Resistance,2090.42464468745,4198.8117315163
Air Resistance,2114.87233993452,4244.14843808371
Air Resistance,2139.26966479569,4289.29373595219
Air Resistance,2163.61691077451,4334.24836685521
Air Resistance,2187.91436719154,4379.01306656504
Air Resistance,2212.16232120635,4423.5885649519
Air Resistance,2236.36105783934,4467.97558604229
Air Resistance,2260.51085999322,4512.17484807669
Air Resistance,2284.61200847421,4556.18706356641
Air Resistance,2308.66478201305,4600.01293934981
Air Resistance,2332.66945728562,4643.65317664781
Air Resistance,2356.62630893343,4687.10847111866
Air Resistance,2380.53560958375,4730.37951291204
Air Resistance,2404.39762986954,4773.46698672251
Air Resistance,2428.21263844914,4816.3715718423
Air Resistance,2451.98090202568,4859.09394221336
Air Resistance,2475.70268536622,4901.63476647891
Air Resistance,2499.37825132078,4943.99470803421
Air Resistance,2523.00786084097,4986.1744250768
Air Resistance,2546.59177299852,5028.17457065607
Air Resistance,2570.13024500349,5069.99579272228
Air Resistance,2593.6235322223,5111.63873417489
Air Resistance,2617.07188819556,5153.1040329104
Air Resistance,2640.47556465564,5194.39232186954
Air Resistance,2663.834811544,5235.5042290839
Air Resistance,2687.14987702841,5276.44037772203
Air Resistance,2710.42100751984,5317.20138613491
Air Resistance,2733.64844768923,5357.78786790098
Air Resistance,2756.83244048403,5398.20043187051
Air Resistance,2779.97322714451,5438.43968220953
Air Resistance,2803.07104721991,5478.50621844317
Air Resistance,2826.12613858439,5518.40063549853
Air Resistance,2849.13873745279,5558.123523747
Air Resistance,2872.10907839615,5597.67546904613
Air Resistance,2895.03739435714,5637.05705278091
Air Resistance,2917.9239166652,5676.26885190469
Air Resistance,2940.76887505158,5715.31143897947
Air Resistance,2963.57249766416,5754.18538221589
Air Resistance,2986.3350110821,5792.89124551254
Air Resistance,3009.05664033031,5831.429588495
Air Resistance,3031.73760889377,5869.80096655433
Air Resistance,3054.37813873168,5908.00593088511
Air Resistance,3076.97845029138,5946.04502852305
Air Resistance,3099.5387625222,5983.91880238217
Air Resistance,3122.0592928891,6021.62779129156
Air Resistance,3144.5402573861,6059.17253003168
Air Resistance,3166.98187054968,6096.55354937027
Air Resistance,3189.38434547187,6133.77137609782
Air Resistance,3211.74789381332,6170.82653306267
Air Resistance,3234.07272581612,6207.71953920567
Air Resistance,3256.35905031655,6244.45090959446
Air Resistance,3278.60707475757,6281.02115545738
Air Resistance,3300.81700520133,6317.43078421694
Air Resistance,3322.98904634137,6353.68029952298
Air Resistance,3345.12340151478,6389.77020128537
Air Resistance,3367.22027271415,6425.70098570644
Air Resistance,3389.27986059949,6461.47314531293
Air Resistance,3411.30236450988,6497.08716898769
Air Resistance,3433.28798247506,6532.54354200097
Air Resistance,3455.23691122689,6567.84274604133
Air Resistance,3477.14934621067,6602.98525924627
Air Resistance,3499.02548159627,6637.97155623248
Air Resistance,3520.86551028925,6672.80210812575
Air Resistance,3542.66962394176,6707.47738259055
Air Resistance,3564.43801296333,6741.99784385932
Air Resistance,3586.17086653155,6776.3639527614
Air Resistance,3607.86837260267,6810.57616675159
Air Resistance,3629.53071792197,6844.63493993853
Air Resistance,3651.15808803414,6878.54072311265
Air Resistance,3672.75066729344,6912.29396377386
Air Resistance,3694.30863887381,6945.8951061589
Air Resistance,3715.83218477882,6979.34459126848
Air Resistance,3737.32148585154,7012.64285689402
Air Resistance,3758.7767217843,7045.79033764418
Air Resistance,3780.19807112828,7078.78746497104
Air Resistance,3801.5857113031,7111.63466719601
Air Resistance,3822.93981860619,7144.33236953555
Air Resistance,3844.26056822212,7176.88099412644
Air Resistance,3865.54813423183,7209.28096005095
Air Resistance,3886.80268962168,7241.53268336163
Air Resistance,3908.02440629252,7273.6365771059
Air Resistance,3929.21345506854,7305.5930513503
Air Resistance,3950.37000570611,7337.4025132046
Air Resistance,3971.49422690243,7369.06536684551
Air Resistance,3992.5862863042,7400.58201354027
Air Resistance,4013.64635051609,7431.95285166991
Air Resistance,4034.67458510916,7463.17827675228
Air Resistance,4055.67115462917,7494.25868146487
Air Resistance,4076.63622260482,7525.19445566734
Air Resistance,4097.56995155591,7555.98598642386
Air Resistance,4118.47250300132,7586.63365802517
Air Resistance,4139.34403746702,7617.13785201047
Air Resistance,4160.18471449389,7647.49894718901
Air Resistance,4180.99469264557,7677.71731966152
Air Resistance,4201.77412951604,7707.7933428414
Air Resistance,4222.52318173734,7737.72738747562
Air Resistance,4243.24200498702,7767.51982166556
Air Resistance,4263.93075399557,7797.17101088746
Air Resistance,4284.58958255383,7826.68131801277
Air Resistance,4305.21864352022,7856.05110332828
Air Resistance,4325.81808882793,7885.28072455602
Air Resistance,4346.38806949205,7914.37053687293
Air Resistance,4366.92873561658,7943.32089293041
Air Resistance,4387.44023640139,7972.13214287361
Air Resistance,4407.92272014912,8000.80463436052
Air Resistance,4428.37633427193,8029.33871258092
Air Resistance,4448.80122529827,8057.73472027508
Air Resistance,4469.1975388795,8085.99299775231
Air Resistance,4489.56541979648,8114.1138829093
Air Resistance,4509.90501196603,8142.09771124833
Air Resistance,4530.21645844743,8169.94481589521
Air Resistance,4550.49990144871,8197.65552761708
Air Resistance,4570.75548233297,8225.2301748401
Air Resistance,4590.98334162457,8252.66908366687
Air Resistance,4611.18361901532,8279.9725778937
Air Resistance,4631.35645337048,8307.14097902775
Air Resistance,4651.50198273487,8334.17460630397
Air Resistance,4671.62034433869,8361.07377670187
Air Resistance,4691.71167460352,8387.83880496213
Air Resistance,4711.77610914801,8414.4700036031
Air Resistance,4731.81378279373,8440.96768293702
Air Resistance,4751.82482957075,8467.33215108622
Air Resistance,4771.80938272333,8493.56371399904
Air Resistance,4791.76757471543,8519.66267546572
Air Resistance,4811.69953723621,8545.62933713402
Air Resistance,4831.60540120544,8571.46399852477
Air Resistance,4851.4852967789,8597.16695704722
Air Resistance,4871.33935335365,8622.73850801429
Air Resistance,4891.16769957327,8648.17894465765
Air Resistance,4910.97046333306,8673.48855814264
Air Resistance,4930.74777178519,8698.66763758307
Air Resistance,4950.49975134369,8723.71647005591
Air Resistance,4970.22652768952,8748.63534061577
Air Resistance,4989.92822577551,8773.4245323093
Air Resistance,5009.60496983122,8798.08432618944
Air Resistance,5029.25688336783,8822.61500132955
Air Resistance,5048.88408918287,8847.01683483735
Air Resistance,5068.48670936496,8871.29010186882
Air Resistance,5088.0648652985,8895.43507564194
Air Resistance,5107.61867766826,8919.45202745022
Air Resistance,5127.14826646396,8943.34122667625
Air Resistance,5146.65375098477,8967.10294080501
Air Resistance,5166.13524984376,8990.73743543714
Air Resistance,5185.5928809723,9014.244974302
Air Resistance,5205.02676162445,9037.62581927071
Air Resistance,5224.43700838121,9060.880230369
Air Resistance,5243.82373715478,9084.00846578998
Air Resistance,5263.18706319279,9107.01078190677
Air Resistance,5282.5271010824,9129.88743328508
Air Resistance,5301.84396475444,9152.63867269557
Air Resistance,5321.13776748743,9175.26475112618
Air Resistance,5340.4086219116,9197.76591779438
Air Resistance,5359.65664001281,9220.14242015919
Air Resistance,5378.88193313651,9242.39450393325
Air Resistance,5398.08461199152,9264.52241309462
Air Resistance,5417.26478665391,9286.52638989864
Air Resistance,5436.42256657071,9308.40667488957
Air Resistance,5455.55806056365,9330.16350691217
Air Resistance,5474.67137683281,9351.7971231232
Air Resistance,5493.76262296028,9373.3077590028
Air Resistance,5512.83190591367,9394.69564836575
Air Resistance,5531.87933204973,9415.9610233727
Air Resistance,5550.90500711776,9437.10411454123
Air Resistance,5569.90903626308,9458.12515075689
Air Resistance,5588.89152403045,9479.02435928408
Air Resistance,5607.85257436739,9499.8019657769
Air Resistance,5626.79229062752,9520.45819428985
Air Resistance,5645.7107755738,9540.99326728853
Air Resistance,5664.6081313818,9561.40740566012
Air Resistance,5683.48445964282,9581.70082872393
Air Resistance,5702.33986136709,9601.87375424172
Air Resistance,5721.17443698684,9621.92639842807
Air Resistance,5739.98828635935,9641.85897596055
Air Resistance,5758.78150877001,9661.67169998987
Air Resistance,5777.55420293523,9681.36478214998
Air Resistance,5796.30646700543,9700.93843256799
Air Resistance,5815.03839856791,9720.39285987413
Air Resistance,5833.75009464972,9739.72827121155
Air Resistance,5852.44165172044,9758.94487224607
Air Resistance,5871.11316569499,9778.04286717586
Air Resistance,5889.76473193637,9797.02245874106
Air Resistance,5908.39644525832,9815.88384823329
Air Resistance,5927.00839992801,9834.62723550514
Air Resistance,5945.60068966864,9853.2528189795
Air Resistance,5964.17340766205,9871.76079565896
Air Resistance,5982.72664655122,9890.15136113501
Air Resistance,6001.26049844281,9908.42470959723
Air Resistance,6019.77505490963,9926.58103384242
Air Resistance,6038.27040699304,9944.62052528367
Air Resistance,6056.74664520537,9962.54337395931
Air Resistance,6075.20385953227,9980.34976854187
Air Resistance,6093.64213943503,9998.03989634693
Air Resistance,6112.06157385288,10015.6139433419
Air Resistance,6130.46225120519,10033.0720941549
Air Resistance,6148.84425939376,10050.4145320832
Air Resistance,6167.2076858049,10067.641439102
Air Resistance,6185.55261731167,10084.752995873
Air Resistance,6203.87914027593,10101.749381753
Air Resistance,6222.1873405504,10118.6307748021
Air Resistance,6240.47730348074,10135.3973517922
Air Resistance,6258.74911390753,10152.0492882157
Air Resistance,6277.00285616823,10168.5867582931
Air Resistance,6295.23861409913,10185.0099349819
Air Resistance,6313.45647103724,10201.3189899845
Air Resistance,6331.65650982215,10217.5140937563
Air Resistance,6349.83881279788,10233.5954155139
Air Resistance,6368.00346181466,10249.5631232432
Air Resistance,6386.15053823074,10265.4173837072
Air Resistance,6404.28012291405,10281.1583624542
Air Resistance,6422.39229624396,10296.7862238253
Air Resistance,6440.48713811293,10312.301130963
Air Resistance,6458.56472792814,10327.7032458183
Air Resistance,6476.6251446131,10342.9927291586
Air Resistance,6494.66846660925,10358.169740576
Air Resistance,6512.69477187744,10373.2344384941
Air Resistance,6530.70413789947,10388.1869801766
Air Resistance,6548.69664167962,10403.0275217341
Air Resistance,6566.67235974599,10417.7562181322
Air Resistance,6584.631368152,10432.3732231988
Air Resistance,6602.57374247777,10446.8786896318
Air Resistance,6620.49955783143,10461.2727690064
Air Resistance,6638.40888885049,10475.5556117824
Air Resistance,6656.30180970309,10489.7273673121
Air Resistance,6674.17839408933,10503.7881838471
Air Resistance,6692.03871524243,10517.738208546
Air Resistance,6709.88284593002,10531.5775874815
Air Resistance,6727.71085845522,10545.3064656481
Air Resistance,6745.5228246579,10558.9249869685
Air Resistance,6763.31881591569,10572.4332943017
Air Resistance,6781.09890314515,10585.8315294497
Air Resistance,6798.86315680281,10599.1198331648
Air Resistance,6816.61164688619,10612.2983451566
Air Resistance,6834.34444293483,10625.3672040994
Air Resistance,6852.06161403124,10638.326547639
Air Resistance,6869.76322880189,10651.1765123999
Air Resistance,6887.44935541812,10663.9172339922
Air Resistance,6905.12006159703,10676.5488470188
Air Resistance,6922.77541460235,10689.0714850824
Air Resistance,6940.4154812453,10701.4852807922
Air Resistance,6958.04032788541,10713.7903657712
Air Resistance,6975.65002043131,10725.9868706628
Air Resistance,6993.24462434148,10738.0749251381
Air Resistance,7010.82420462503,10750.0546579023
Air Resistance,7028.38882584237,10761.9261967021
Air Resistance,7045.93855210596,10773.6896683323
Air Resistance,7063.47344708092,10785.3451986425
Air Resistance,7080.99357398572,10796.8929125445
Air Resistance,7098.49899559278,10808.3329340183
Air Resistance,7115.98977422906,10819.6653861195
Air Resistance,7133.46597177666,10830.8903909862
Air Resistance,7150.92764967333,10842.0080698452
Air Resistance,7168.37486891304,10853.0185430193
Air Resistance,7185.80769004645,10863.9219299339
Air Resistance,7203.22617318143,10874.7183491234
Air Resistance,7220.63037798347,10885.4079182389
Air Resistance,7238.02036367617,10895.9907540537
Air Resistance,7255.39618904162,10906.4669724711
Air Resistance,7272.75791242084,10916.8366885304
Air Resistance,7290.10559171411,10927.1000164142
Air Resistance,7307.43928438136,10937.2570694547
Air Resistance,7324.75904744248,10947.3079601404
Air Resistance,7342.06493747769,10957.2528001233
Air Resistance,7359.35701062776,10967.0917002248
Air Resistance,7376.63532259437,10976.8247704434
Air Resistance,7393.89992864032,10986.4521199606
Air Resistance,7411.15088358978,10995.9738571478
Air Resistance,7428.38824182856,11005.3900895733
Air Resistance,7445.61205730427,11014.7009240088
Air Resistance,7462.82238352653,11023.906466436
Air Resistance,7480.01927356714,11033.0068220534
Air Resistance,7497.20278006028,11042.0020952832
Air Resistance,7514.37295520262,11050.8923897777
Air Resistance,7531.52985075343,11059.6778084262
Air Resistance,7548.67351803477,11068.3584533619
Air Resistance,7565.80400793154,11076.934425968
Air Resistance,7582.92137089156,11085.4058268852
Air Resistance,7600.02565692569,11093.7727560181
Air Resistance,7617.11691560788,11102.0353125418
Air Resistance,7634.19519607521,11110.1935949089
Air Resistance,7651.26054702794,11118.2477008561
Air Resistance,7668.31301672955,11126.1977274111
Air Resistance,7685.35265300674,11134.0437708993
Air Resistance,7702.37950324947,11141.7859269507
Air Resistance,7719.39361441095,11149.4242905065
Air Resistance,7736.39503300762,11156.9589558261
Air Resistance,7753.38380511914,11164.3900164937
Air Resistance,7770.3599763884,11171.7175654256
Air Resistance,7787.32359202145,11178.9416948764
Air Resistance,7804.27469678749,11186.0624964464
Air Resistance,7821.2133350188,11193.0800610881
Air Resistance,7838.13955061074,11199.9944791133
Air Resistance,7855.05338702168,11206.8058401999
Air Resistance,7871.95488727291,11213.5142333989
Air Resistance,7888.84409394865,11220.1197471413
Air Resistance,7905.72104919593,11226.6224692448
Air Resistance,7922.58579472458,11233.0224869211
Air Resistance,7939.43837180711,11239.3198867827
Air Resistance,7956.27882127871,11245.5147548498
Air Resistance,7973.10718353713,11251.6071765575
Air Resistance,7989.92349854267,11257.5972367626
Air Resistance,8006.72780581805,11263.4850197509
Air Resistance,8023.52014444845,11269.2706092438
Air Resistance,8040.30055308135,11274.9540884059
Air Resistance,8057.06906992656,11280.5355398515
Air Resistance,8073.82573275612,11286.0150456522
Air Resistance,8090.57057890428,11291.3926873438
Air Resistance,8107.30364526747,11296.6685459332
Air Resistance,8124.02496830424,11301.842701906
Air Resistance,8140.73458403527,11306.9152352334
Air Resistance,8157.43252804334,11311.886225379
Air Resistance,8174.1188354733,11316.7557513069
Air Resistance,8190.79354103212,11321.5238914879
Air Resistance,8207.45667898887,11326.1907239075
Air Resistance,8224.10828317475,11330.7563260727
Air Resistance,8240.74838698313,11335.2207750192
Air Resistance,8257.37702336958,11339.584147319
Air Resistance,8273.99422485195,11343.8465190876
Air Resistance,8290.60002351045,11348.0079659909
Air Resistance,8307.1944509877,11352.0685632531
Air Resistance,8323.77753848889,11356.0283856636
Air Resistance,8340.34931678183,11359.8875075844
Air Resistance,8356.90981619717,11363.6460029577
Air Resistance,8373.45906662847,11367.3039453129
Air Resistance,8389.99709753245,11370.8614077742
Air Resistance,8406.52393792909,11374.3184630681
Air Resistance,8423.03961640195,11377.6751835305
Air Resistance,8439.54416109831,11380.9316411143
Air Resistance,8456.03759972946,11384.0879073967
Air Resistance,8472.51995957098,11387.144053587
Air Resistance,8488.99126746301,11390.1001505336
Air Resistance,8505.4515498106,11392.9562687314
Air Resistance,8521.90083258403,11395.71247833
Air Resistance,8538.33914131918,11398.3688491402
Air Resistance,8554.76650111794,11400.9254506421
Air Resistance,8571.18293664859,11403.3823519926
Air Resistance,8587.58847214629,11405.7396220324
Air Resistance,8603.98313141354,11407.9973292941
Air Resistance,8620.36693782063,11410.1555420093
Air Resistance,8636.73991430624,11412.2143281161
Air Resistance,8653.10208337795,11414.1737552671
Air Resistance,8669.45346711285,11416.0338908361
Air Resistance,8685.79408715811,11417.7948019263
Air Resistance,8702.12396473168,11419.4565553777
Air Resistance,8718.44312062294,11421.0192177741
Air Resistance,8734.75157519341,11422.4828554515
Air Resistance,8751.04934837748,11423.8475345045
Air Resistance,8767.3364596832,11425.1133207951
Air Resistance,8783.61292819308,11426.2802799588
Air Resistance,8799.87877256491,11427.3484774135
Air Resistance,8816.13401103265,11428.3179783657
Air Resistance,8832.37866140733,11429.1888478189
Air Resistance,8848.61274107798,11429.9611505808
Air Resistance,8864.83626701264,11430.6349512705
Air Resistance,8881.04925575932,11431.2103143263
Air Resistance,8897.25172344706,11431.6873040131
Air Resistance,8913.44368578704,11432.0659844295
Air Resistance,8929.62515807365,11432.3464195157
Air Resistance,8945.79615518569,11432.5286730606
Air Resistance,8961.95669158752,11432.6128087091
Air Resistance,8978.1067813303,11432.5988899697
Air Resistance,8994.24643805326,11432.486980222
Air Resistance,9010.37567498499,11432.2771427233
Air Resistance,9026.49450494475,11431.9694406169
Air Resistance,9042.6029403439,11431.5639369385
Air Resistance,9058.70099318727,11431.0606946241
Air Resistance,9074.78867507461,11430.4597765168
Air Resistance,9090.86599720207,11429.7612453744
Air Resistance,9106.93297036375,11428.9651638762
Air Resistance,9122.98960495322,11428.0715946305
Air Resistance,9139.03591096514,11427.0806001813
Air Resistance,9155.07189799689,11425.9922430161
Air Resistance,9171.09757525022,11424.8065855721
Air Resistance,9187.112951533,11423.5236902439
Air Resistance,9203.11803526091,11422.1436193903
Air Resistance,9219.11283445924,11420.6664353412
Air Resistance,9235.09735676472,11419.0922004045
Air Resistance,9251.07160942736,11417.420976873
Air Resistance,9267.03559931234,11415.6528270316
Air Resistance,9282.98933290191,11413.7878131635
Air Resistance,9298.93281629739,11411.8259975575
Air Resistance,9314.86605522112,11409.7674425145
Air Resistance,9330.78905501853,11407.6122103541
Air Resistance,9346.70182066018,11405.3603634215
Air Resistance,9362.60435674382,11403.0119640938
Air Resistance,9378.4966674966,11400.567074787
Air Resistance,9394.37875677717,11398.0257579619
Air Resistance,9410.25062807787,11395.3880761309
Air Resistance,9426.11228452701,11392.6540918647
Air Resistance,9441.96372889109,11389.823867798
Air Resistance,9457.80496357709,11386.8974666363
Air Resistance,9473.63599063481,11383.8749511619
Air Resistance,9489.4568117592,11380.7563842402
Air Resistance,9505.26742829274,11377.541828826
Air Resistance,9521.0678412279,11374.2313479692
Air Resistance,9536.85805120949,11370.8250048213
Air Resistance,9552.6380585372,11367.3228626409
Air Resistance,9568.40786316807,11363.7249848001
Air Resistance,9584.16746471901,11360.03143479
Air Resistance,9599.91686246932,11356.2422762267
Air Resistance,9615.65605536333,11352.3575728568
Air Resistance,9631.38504201291,11348.3773885635
Air Resistance,9647.10382070017,11344.3017873719
Air Resistance,9662.81238938005,11340.1308334545
Air Resistance,9678.51074568301,11335.864591137
Air Resistance,9694.19888691773,11331.5031249036
Air Resistance,9709.87681007379,11327.0464994021
Air Resistance,9725.54451182444,11322.4947794499
Air Resistance,9741.20198852933,11317.8480300382
Air Resistance,9756.84923623726,11313.1063163383
Air Resistance,9772.48625068904,11308.2697037059
Air Resistance,9788.11302732021,11303.3382576864
Air Resistance,9803.72956126393,11298.31204402
Air Resistance,9819.33584735382,11293.1911286465
Air Resistance,9834.93188012676,11287.9755777102
Air Resistance,9850.51765382584,11282.6654575644
Air Resistance,9866.0931624032,11277.2608347766
Air Resistance,9881.65839952293,11271.7617761327
Air Resistance,9897.21335856401,11266.1683486418
Air Resistance,9912.75803262323,11260.4806195405
Air Resistance,9928.29241451811,11254.6986562978
Air Resistance,9943.81649678987,11248.8225266187
Air Resistance,9959.33027170639,11242.8522984493
Air Resistance,9974.83373126513,11236.7880399803
Air Resistance,9990.32686719621,11230.6298196517
Air Resistance,10005.8096709653,11224.3777061567
Air Resistance,10021.2821337766,11218.0317684454
Air Resistance,10036.7442465759,11211.5920757295
Air Resistance,10052.1960000537,11205.0586974852
Air Resistance,10067.637384648,11198.4317034577
Air Resistance,10083.0683905472,11191.7111636649
Air Resistance,10098.4890076937,11184.8971484006
Air Resistance,10113.8992257863,11177.9897282385
Air Resistance,10129.2990342836,11170.9889740356
Air Resistance,10144.6884224067,11163.8949569357
Air Resistance,10160.0673791426,11156.7077483725
Air Resistance,10175.4358932471,11149.4274200734
Air Resistance,10190.7939532476,11142.0540440624
Air Resistance,10206.1415474464,11134.5876926633
Air Resistance,10221.4786639237,11127.0284385029
Air Resistance,10236.8052905404,11119.3763545139
Air Resistance,10252.1214149416,11111.6315139381
Air Resistance,10267.4270245589,11103.7939903291
Air Resistance,10282.722106614,11095.8638575551
Air Resistance,10298.0066481217,11087.8411898019
Air Resistance,10313.2806358926,11079.7260615753
Air Resistance,10328.5440565361,11071.5185477039
Air Resistance,10343.7968964638,11063.2187233417
Air Resistance,10359.0391418922,11054.8266639704
Air Resistance,10374.2707788455,11046.3424454021
Air Resistance,10389.491793159,11037.7661437814
Air Resistance,10404.7021704819,11029.0978355879
Air Resistance,10419.90189628,11020.3375976381
Air Resistance,10435.0909558392,11011.4855070882
Air Resistance,10450.269334268,11002.5416414354
Air Resistance,10465.4370165003,10993.5060785207
Air Resistance,10480.593987299,10984.3788965304
Air Resistance,10495.7402312584,10975.1601739979
Air Resistance,10510.875732807,10965.8499898062
Air Resistance,10526.0004762108,10956.448423189
Air Resistance,10541.114445576,10946.9555537329
Air Resistance,10556.2176248518,10937.3714613786
Air Resistance,10571.3099978333,10927.696226423
Air Resistance,10586.3915481644,10917.9299295206
Air Resistance,10601.4622593407,10908.0726516846
Air Resistance,10616.522114712,10898.124474289
Air Resistance,10631.5710974855,10888.0854790693
Air Resistance,10646.6091907285,10877.9557481244
Air Resistance,10661.6363773709,10867.7353639173
Air Resistance,10676.6526402083,10857.4244092769
Air Resistance,10691.6579619046,10847.0229673985
Air Resistance,10706.6523249948,10836.5311218454
Air Resistance,10721.6357118876,10825.9489565497
Air Resistance,10736.6081048682,10815.2765558133
Air Resistance,10751.5694861011,10804.5140043088
Air Resistance,10766.5198376326,10793.6613870803
Air Resistance,10781.4591413935,10782.7187895446
Air Resistance,10796.3873792018,10771.6862974915
Air Resistance,10811.3045327652,10760.5639970846
Air Resistance,10826.2105836839,10749.3519748622
Air Resistance,10841.1055134531,10738.0503177377
Air Resistance,10855.9893034655,10726.6591130003
Air Resistance,10870.8619350142,10715.1784483152
Air Resistance,10885.7233892945,10703.6084117245
Air Resistance,10900.5736474075,10691.9490916473
Air Resistance,10915.4126903615,10680.2005768802
Air Resistance,10930.2404990753,10668.3629565976
Air Resistance,10945.0570543803,10656.4363203518
Air Resistance,10959.8623370232,10644.4207580735
Air Resistance,10974.6563276681,10632.3163600718
Air Resistance,10989.4390068992,10620.1232170343
Air Resistance,11004.2103552231,10607.8414200275
Air Resistance,11018.9703530711,10595.4710604963
Air Resistance,11033.7189808019,10583.0122302644
Air Resistance,11048.4562187036,10570.4650215344
Air Resistance,11063.182046996,10557.829526887
Air Resistance,11077.8964458333,10545.1058392819
Air Resistance,11092.599395306,10532.2940520566
Air Resistance,11107.2908754435,10519.3942589269
Air Resistance,11121.9708662161,10506.4065539864
Air Resistance,11136.6393475372,10493.3310317062
Air Resistance,11151.2962992658,10480.1677869346
Air Resistance,11165.9417012087,10466.9169148968
Air Resistance,11180.5755331223,10453.5785111942
Air Resistance,11195.197774715,10440.1526718044
Air Resistance,11209.8084056496,10426.6394930805
Air Resistance,11224.4074055451,10413.0390717504
Air Resistance,11238.9947539786,10399.3515049166
Air Resistance,11253.5704304882,10385.5768900553
Air Resistance,11268.1344145742,10371.7153250162
Air Resistance,11282.6866857015,10357.7669080211
Air Resistance,11297.227223302,10343.7317376641
Air Resistance,11311.756006776,10329.6099129102
Air Resistance,11326.2730154944,10315.4015330948
Air Resistance,11340.778228801,10301.106697923
Air Resistance,11355.2716260142,10286.7255074685
Air Resistance,11369.7531864287,10272.258062173
Air Resistance,11384.222889318,10257.7044628453
Air Resistance,11398.6807139358,10243.0648106602
Air Resistance,11413.1266395183,10228.3392071576
Air Resistance,11427.5606452857,10213.5277542417
Air Resistance,11441.9827104442,10198.6305541798
Air Resistance,11456.3928141879,10183.6477096015
Air Resistance,11470.7909357008,10168.5793234972
Air Resistance,11485.177054158,10153.4254992175
Air Resistance,11499.5511487281,10138.1863404718
Air Resistance,11513.9131985746,10122.8619513272
Air Resistance,11528.2631828581,10107.4524362073
Air Resistance,11542.6010807372,10091.9578998912
Air Resistance,11556.926871371,10076.378447512
Air Resistance,11571.2405339207,10060.7141845557
Air Resistance,11585.5420475507,10044.9652168598
Air Resistance,11599.8313914308,10029.1316506124
Air Resistance,11614.1085447379,10013.2135923502
Air Resistance,11628.3734866572,9997.21114895773
Air Resistance,11642.626196384,9981.12442766582
Air Resistance,11656.8666531255,9964.95353605007
Air Resistance,11671.094836102,9948.69858202955
Air Resistance,11685.310724549,9932.35967386536
Air Resistance,11699.514297718,9915.93692015915
Air Resistance,11713.7055348786,9899.43042985164
Air Resistance,11727.8844153199,9882.84031222111
Air Resistance,11742.0509183519,9866.16667688192
Air Resistance,11756.2050233068,9849.40963378292
Air Resistance,11770.346709541,9832.5692932059
Air Resistance,11784.4759564359,9815.64576576402
Air Resistance,11798.5927433998,9798.63916240022
Air Resistance,11812.6970498692,9781.54959438556
Air Resistance,11826.78885531,9764.37717331764
Air Resistance,11840.868139219,9747.12201111889
Air Resistance,11854.9348811254,9729.78422003491
Air Resistance,11868.989060592,9712.36391263282
Air Resistance,11883.0306572166,9694.8612017995
Air Resistance,11897.0596506332,9677.2762007399
Air Resistance,11911.0760205133,9659.60902297528
Air Resistance,11925.0797465675,9641.85978234145
Air Resistance,11939.0708085465,9624.02859298704
Air Resistance,11953.0491862421,9606.11556937166
Air Resistance,11967.0148594892,9588.12082626411
Air Resistance,11980.9678081662,9570.04447874059
Air Resistance,11994.9080121968,9551.88664218285
Air Resistance,12008.8354515509,9533.64743227633
Air Resistance,12022.7501062457,9515.32696500833
Air Resistance,12036.6519563474,9496.92535666612
Air Resistance,12050.5409819716,9478.44272383504
Air Resistance,12064.417163285,9459.87918339664
Air Resistance,12078.2804805064,9441.23485252673
Air Resistance,12092.1309139076,9422.50984869347
Air Resistance,12105.9684438149,9403.70428965544
Air Resistance,12119.7930506096,9384.8182934597
Air Resistance,12133.6047147297,9365.85197843979
Air Resistance,12147.4034166706,9346.8054632138
Air Resistance,12161.1891369861,9327.67886668239
Air Resistance,12174.9618562896,9308.47230802676
Air Resistance,12188.7215552551,9289.18590670668
Air Resistance,12202.468214618,9269.81978245847
Air Resistance,12216.2018151766,9250.37405529297
Air Resistance,12229.9223377923,9230.84884549353
Air Resistance,12243.6297633911,9211.24427361391
Air Resistance,12257.3240729647,9191.56046047632
Air Resistance,12271.0052475709,9171.79752716927
Air Resistance,12284.6732683349,9151.95559504558
Air Resistance,12298.3281164499,9132.03478572023
Air Resistance,12311.9697731786,9112.03522106833
Air Resistance,12325.5982198533,9091.957023223
Air Resistance,12339.2134378776,9071.80031457329
Air Resistance,12352.8154087263,9051.56521776204
Air Resistance,12366.4041139472,9031.2518556838
Air Resistance,12379.9795351614,9010.86035148269
Air Resistance,12393.5416540641,8990.39082855026
Air Resistance,12407.0904524259,8969.84341052339
Air Resistance,12420.6259120929,8949.2182212821
Air Resistance,12434.1480149881,8928.51538494745
Air Resistance,12447.6567431118,8907.73502587936
Air Resistance,12461.1520785425,8886.87726867445
Air Resistance,12474.6340034377,8865.94223816388
Air Resistance,12488.1025000347,8844.93005941118
Air Resistance,12501.5575506511,8823.84085771007
Air Resistance,12514.9991376857,8802.67475858231
Air Resistance,12528.4272436192,8781.43188777545
Air Resistance,12541.8418510147,8760.11237126071
Air Resistance,12555.2429425189,8738.71633523075
Air Resistance,12568.6305008621,8717.24390609748
Air Resistance,12582.0045088593,8695.69521048986
Air Resistance,12595.364949411,8674.07037525168
Air Resistance,12608.7118055032,8652.36952743938
Air Resistance,12622.0450602088,8630.59279431982
Air Resistance,12635.3646966877,8608.74030336806
Air Resistance,12648.6706981876,8586.81218226516
Air Resistance,12661.9630480447,8564.80855889594
Air Resistance,12675.2417296839,8542.72956134678
Air Resistance,12688.5067266201,8520.57531790335
Air Resistance,12701.758022458,8498.34595704846
Air Resistance,12714.9956008931,8476.04160745972
Air Resistance,12728.2194457124,8453.66239800743
Air Resistance,12741.4295407942,8431.20845775226
Air Resistance,12754.6258701097,8408.67991594302
Air Resistance,12767.8084177227,8386.07690201449
Air Resistance,12780.9771677904,8363.3995455851
Air Resistance,12794.1321045638,8340.64797645474
Air Resistance,12807.2732123886,8317.82232460251
Air Resistance,12820.4004757052,8294.92272018447
Air Resistance,12833.5138790492,8271.94929353142
Air Resistance,12846.6134070524,8248.90217514662
Air Resistance,12859.6990444425,8225.78149570358
Air Resistance,12872.7707760443,8202.58738604384
Air Resistance,12885.8285867796,8179.31997717464
Air Resistance,12898.8724616679,8155.97940026679
Air Resistance,12911.9023858266,8132.56578665234
Air Resistance,12924.9183444717,8109.07926782238
Air Resistance,12937.9203229181,8085.51997542479
Air Resistance,12950.9083065799,8061.888041262
Air Resistance,12963.8822809709,8038.18359728876
Air Resistance,12976.842231705,8014.40677560988
Air Resistance,12989.7881444963,7990.557708478
Air Resistance,13002.72000516,7966.63652829138
Air Resistance,13015.6377996122,7942.64336759163
Air Resistance,13028.5415138707,7918.5783590615
Air Resistance,13041.431134055,7894.44163552262
Air Resistance,13054.3066463867,7870.23332993332
Air Resistance,13067.1680371901,7845.95357538634
Air Resistance,13080.0152928922,7821.60250510665
Air Resistance,13092.8484000232,7797.18025244922
Air Resistance,13105.6673452165,7772.68695089677
Air Resistance,13118.4721152096,7748.12273405759
Air Resistance,13131.2626968438,7723.48773566329
Air Resistance,13144.0390770646,7698.7820895666
Air Resistance,13156.8012429221,7674.00592973918
Air Resistance,13169.5491815715,7649.15939026935
Air Resistance,13182.2828802727,7624.24260535995
Air Resistance,13195.0023263912,7599.2557093261
Air Resistance,13207.7075073979,7574.19883659303
Air Resistance,13220.3984108696,7549.07212169383
Air Resistance,13233.0750244893,7523.87569926733
Air Resistance,13245.737336046,7498.60970405583
Air Resistance,13258.3853334352,7473.27427090299
Air Resistance,13271.0190046593,7447.8695347516
Air Resistance,13283.6383378274,7422.3956306414
Air Resistance,13296.2433211558,7396.85269370695
Air Resistance,13308.8339429679,7371.24085917542
Air Resistance,13321.4101916948,7345.5602623644
Air Resistance,13333.9720558749,7319.81103867982
Air Resistance,13346.5195241548,7293.99332361371
Air Resistance,13359.0525852886,7268.10725274208
Air Resistance,13371.5712281389,7242.15296172277
Air Resistance,13384.0754416764,7216.13058629332
Air Resistance,13396.5652149801,7190.04026226878
Air Resistance,13409.0405372377,7163.88212553964
Air Resistance,13421.5013977454,7137.65631206965
Air Resistance,13433.9477859084,7111.36295789371
Air Resistance,13446.3796912405,7085.00219911575
Air Resistance,13458.7971033649,7058.57417190662
Air Resistance,13471.2000120136,7032.07901250196
Air Resistance,13483.588407028,7005.51685720012
Air Resistance,13495.9622783588,6978.88784236003
Air Resistance,13508.3216160659,6952.19210439915
Air Resistance,13520.6664103189,6925.42977979131
Air Resistance,13532.996651397,6898.60100506471
Air Resistance,13545.3123296888,6871.70591679977
Air Resistance,13557.6134356929,6844.74465162711
Air Resistance,13569.8999600173,6817.71734622543
Air Resistance,13582.1718933801,6790.62413731951
Air Resistance,13594.4292266092,6763.4651616781
Air Resistance,13606.6719506422,6736.24055611192
Air Resistance,13618.9000565269,6708.95045747155
Air Resistance,13631.113535421,6681.59500264547
Air Resistance,13643.3123785921,6654.17432855798
Air Resistance,13655.4965774179,6626.68857216718
Air Resistance,13667.6661233861,6599.13787046298
Air Resistance,13679.8210080945,6571.52236046505
Air Resistance,13691.961223251,6543.84217922082
Air Resistance,13704.0867606734,6516.09746380353
Air Resistance,13716.1976122896,6488.28835131015
Air Resistance,13728.2937701378,6460.4149788595
Air Resistance,13740.3752263658,6432.47748359016
Air Resistance,13752.4419732318,6404.47600265859
Air Resistance,13764.4940031038,6376.41067323709
Air Resistance,13776.5313084598,6348.28163251192
Air Resistance,13788.5538818877,6320.08901768127
Air Resistance,13800.5617160854,6291.83296595335
Air Resistance,13812.5548038605,6263.51361454447
Air Resistance,13824.5331381307,6235.13110067708
Air Resistance,13836.4967119231,6206.68556157785
Air Resistance,13848.4455183747,6178.17713447575
Air Resistance,13860.3795507323,6149.60595660017
Air Resistance,13872.2988023519,6120.97216517899
Air Resistance,13884.2032666994,6092.27589743669
Air Resistance,13896.0929373499,6063.51729059244
Air Resistance,13907.9678079879,6034.69648185827
Air Resistance,13919.8278724074,6005.81360843717
Air Resistance,13931.6731245113,5976.8688075212
Air Resistance,13943.5035583119,5947.86221628968
Air Resistance,13955.3191679303,5918.7939719073
Air Resistance,13967.1199475966,5889.6642115223
Air Resistance,13978.9058916499,5860.47307226462
Air Resistance,13990.6769945377,5831.22069124409
Air Resistance,14002.4332508164,5801.90720554858
Air Resistance,14014.1746551508,5772.53275224223
Air Resistance,14025.901202314,5743.09746836362
Air Resistance,14037.6128871876,5713.60149092396
Air Resistance,14049.309704761,5684.04495690533
Air Resistance,14060.9916501321,5654.4280032589
Air Resistance,14072.6587185061,5624.75076690311
Air Resistance,14084.3109051965,5595.01338472198
Air Resistance,14095.9482056241,5565.21599356328
Air Resistance,14107.5706153173,5535.35873023685
Air Resistance,14119.1781299117,5505.44173151279
Air Resistance,14130.7707451503,5475.46513411978
Air Resistance,14142.3484568828,5445.42907474333
Air Resistance,14153.9112610662,5415.33369002409
Air Resistance,14165.4591537639,5385.17911655609
Air Resistance,14176.992131146,5354.96549088511
Air Resistance,14188.510189489,5324.69294950691
Air Resistance,14200.0133251754,5294.36162886564
Air Resistance,14211.5015346941,5263.97166535206
Air Resistance,14222.9748146396,5233.52319530197
Air Resistance,14234.4331617123,5203.01635499449
Air Resistance,14245.876572718,5172.45128065043
Air Resistance,14257.3050445679,5141.82810843063
Air Resistance,14268.7185742783,5111.14697443439
Air Resistance,14280.1171589706,5080.40801469775
Air Resistance,14291.5007958707,5049.61136519195
Air Resistance,14302.8694823093,5018.75716182178
Air Resistance,14314.2232157215,4987.84554042401
Air Resistance,14325.5619936464,4956.87663676579
Air Resistance,14336.8858137272,4925.85058654304
Air Resistance,14348.1946737109,4894.7675253789
Air Resistance,14359.488571448,4863.6275888222
Air Resistance,14370.7675048923,4832.43091234582
Air Resistance,14382.0314721008,4801.17763134522
Air Resistance,14393.2804712334,4769.86788113686
Air Resistance,14404.5145005527,4738.50179695667
Air Resistance,14415.7335584238,4707.07951395855
Air Resistance,14426.937643314,4675.60116721285
Air Resistance,14438.1267537926,4644.06689170483
Air Resistance,14449.3008885309,4612.47682233322
Air Resistance,14460.4600463016,4580.83109390869
Air Resistance,14471.6042259786,4549.12984115238
Air Resistance,14482.7334265371,4517.37319869446
Air Resistance,14493.8476470531,4485.56130107262
Air Resistance,14504.9468867032,4453.69428273065
Air Resistance,14516.0311447644,4421.77227801699
Air Resistance,14527.1004206138,4389.79542118329
Air Resistance,14538.1547137283,4357.76384638299
Air Resistance,14549.1940236847,4325.67768766988
Air Resistance,14560.2183501587,4293.53707899673
Air Resistance,14571.2276929256,4261.34215421385
Air Resistance,14582.2220518593,4229.09304706775
Air Resistance,14593.2014269324,4196.78989119967
Air Resistance,14604.1658182159,4164.43282014432
Air Resistance,14615.1152258786,4132.0219673284
Air Resistance,14626.0496501875,4099.55746606935
Air Resistance,14636.9690915069,4067.0394495739
Air Resistance,14647.8735502985,4034.46805093683
Air Resistance,14658.763027121,4001.84340313955
Air Resistance,14669.6375226298,3969.16563904884
Air Resistance,14680.4970375768,3936.43489141553
Air Resistance,14691.3415728101,3903.65129287316
Air Resistance,14702.1711292738,3870.81497593672
Air Resistance,14712.9857080075,3837.92607300135
Air Resistance,14723.7853101463,3804.98471634107
Air Resistance,14734.5699369202,3771.9910381075
Air Resistance,14745.3395896541,3738.9451703286
Air Resistance,14756.0942697675,3705.84724490745
Air Resistance,14766.833978774,3672.69739362096
Air Resistance,14777.5587182812,3639.49574811865
Air Resistance,14788.2684899902,3606.24243992147
Air Resistance,14798.9632956958,3572.93760042052
Air Resistance,14809.6431372854,3539.58136087586
Air Resistance,14820.3080167395,3506.17385241536
Air Resistance,14830.9579361309,3472.71520603344
Air Resistance,14841.5928976248,3439.20555258993
Air Resistance,14852.212903478,3405.64502280888
Air Resistance,14862.8179560391,3372.03374727741
Air Resistance,14873.4080577477,3338.37185644456
Air Resistance,14883.9832111347,3304.6594806201
Air Resistance,14894.5434188215,3270.89674997346
Air Resistance,14905.0886835197,3237.08379453254
Air Resistance,14915.6190080314,3203.22074418262
Air Resistance,14926.134395248,3169.30772866525
Air Resistance,14936.6348481505,3135.34487757713
Air Resistance,14947.1203698092,3101.33232036902
Air Resistance,14957.590963383,3067.27018634468
Air Resistance,14968.0466321193,3033.15860465973
Air Resistance,14978.4873793539,2998.99770432067
Air Resistance,14988.9132085102,2964.78761418374
Air Resistance,14999.3241230995,2930.52846295391
Air Resistance,15009.72012672,2896.22037918382
Air Resistance,15020.1012230571,2861.86349127277
Air Resistance,15030.4674158827,2827.45792746564
Air Resistance,15040.818709055,2793.00381585196
Air Resistance,15051.1551065182,2758.5012843648
Air Resistance,15061.476612302,2723.95046077984
Air Resistance,15071.7832305217,2689.35147271437
Air Resistance,15082.0749653774,2654.70444762626
Air Resistance,15092.351821154,2620.00951281304
Air Resistance,15102.6138022206,2585.26679541092
Air Resistance,15112.8609130306,2550.47642239379
Air Resistance,15123.0931581208,2515.63852057232
Air Resistance,15133.3105421116,2480.75321659301
Air Resistance,15143.5130697064,2445.82063693723
Air Resistance,15153.7007456913,2410.84090792032
Air Resistance,15163.8735749348,2375.81415569066
Air Resistance,15174.0315623875,2340.74050622877
Air Resistance,15184.1747130816,2305.62008534641
Air Resistance,15194.3030321308,2270.45301868567
Air Resistance,15204.4165247301,2235.23943171811
Air Resistance,15214.5151961548,2199.97944974388
Air Resistance,15224.5990517609,2164.67319789084
Air Resistance,15234.6680969844,2129.32080111371
Air Resistance,15244.7223373411,2093.92238419322
Air Resistance,15254.761778426,2058.47807173527
Air Resistance,15264.7864259135,2022.98798817007
Air Resistance,15274.7962855565,1987.45225775135
Air Resistance,15284.7913631862,1951.87100455552
Air Resistance,15294.7716647122,1916.24435248087
Air Resistance,15304.7371961215,1880.57242524676
Air Resistance,15314.6879634788,1844.85534639282
Air Resistance,15324.6239729255,1809.09323927818
Air Resistance,15334.5452306799,1773.28622708067
Air Resistance,15344.4517430368,1737.43443279607
Air Resistance,15354.3435163668,1701.53797923734
Air Resistance,15364.2205571162,1665.59698903387
Air Resistance,15374.082871807,1629.61158463072
Air Resistance,15383.9304670357,1593.58188828788
Air Resistance,15393.7633494739,1557.50802207955
Air Resistance,15403.5815258673,1521.39010789344
Air Resistance,15413.3850030357,1485.22826742998
Air Resistance,15423.1737878726,1449.02262220171
Air Resistance,15432.9478873445,1412.77329353249
Air Resistance,15442.7073084914,1376.48040255687
Air Resistance,15452.4520584254,1340.14407021938
Air Resistance,15462.1821443313,1303.76441727384
Air Resistance,15471.8975734656,1267.34156428273
Air Resistance,15481.5983531564,1230.87563161647
Air Resistance,15491.2844908033,1194.36673945284
Air Resistance,15500.9559938765,1157.81500777627
Air Resistance,15510.6128699171,1121.22055637721
Air Resistance,15520.2551265361,1084.58350485153
Air Resistance,15529.8827714147,1047.90397259988
Air Resistance,15539.4958123035,1011.18207882706
Air Resistance,15549.0942570223,974.417942541426
Air Resistance,15558.6781134597,937.611682554274
Air Resistance,15568.2473895731,900.763417479262
Air Resistance,15577.8020933878,863.873265731811
Air Resistance,15587.342232997,826.941345528529
Air Resistance,15596.8678165615,789.967774886636
Air Resistance,15606.3788523092,752.952671623402
Air Resistance,15615.8753485346,715.896153355583
Air Resistance,15625.3573135991,678.798337498876
Air Resistance,15634.8247559299,641.659341267371
Air Resistance,15644.27768402,604.479281673016
Air Resistance,15653.716106428,567.258275525086
Air Resistance,15663.1400317774,529.996439429661
Air Resistance,15672.5494687567,492.69388978911
Air Resistance,15681.9444261186,455.350742801585
Air Resistance,15691.32491268,417.967114460514
Air Resistance,15700.6909373214,380.543120554113
Air Resistance,15710.0425089869,343.078876664893
Air Resistance,15719.3796366835,305.574498169181
Air Resistance,15728.7023294809,268.030100236648
Air Resistance,15738.0105965112,230.44579782984
Air Resistance,15747.3044469686,192.821705703718
Air Resistance,15756.583890109,155.157938405206
Air Resistance,15765.8489352493,117.45461027274
Air Resistance,15775.099591768,79.711835435837
Air Resistance,15784.3358691038,41.9297278146516
Air Resistance,15793.5577767559,4.10840111955635
Air Resistance,15794.556928015,0
