Simulation:,Density Correction
Trajectory,X,Y
Angle 45,0,0
Angle 45,49.3588817539458,49.2608817539458
Angle 45,98.5807589221782,98.2870309390661
Angle 45,147.667192233915,147.08027485245
Angle 45,196.619715446385,195.642408501038
Angle 45,245.43983596821,243.975195352023
Angle 45,294.129035464654,292.080368061413
Angle 45,342.68877044536,339.959629181502
Angle 45,391.120472835185,387.614651848003
Angle 45,439.425550528733,435.047080447529
Angle 45,487.605387929128,482.258531266118
Angle 45,535.661346471574,529.250593119425
Angle 45,583.594765132223,576.024827965227
Angle 45,631.406960922842,622.582771498831
Angle 45,679.099229371749,668.925933731949
Angle 45,726.672844991499,715.05579955561
Angle 45,774.129061733732,760.973829287623
Angle 45,821.469113431627,806.681459205113
Angle 45,868.694214230358,852.180102062614
Angle 45,915.80555900595,897.471147596191
Angle 45,962.80432377291,942.555963014039
Angle 45,1009.69166608099,987.435893474015
Angle 45,1056.46872540142,1032.11226254849
Angle 45,1103.13662350301,1076.58637267697
Angle 45,1149.69646481833,1120.85950560682
Angle 45,1196.14933680038,1164.93292282249
Angle 45,1242.49631027003,1208.80786596368
Angle 45,1288.73843975445,1252.48555723259
Angle 45,1334.8767638169,1295.96719979088
Angle 45,1380.9123053781,1339.25397814633
Angle 45,1426.84607202945,1382.34705852984
Angle 45,1472.67905633834,1425.2475892628
Angle 45,1518.41223614575,1467.95670111529
Angle 45,1564.04657485654,1510.47550765533
Angle 45,1609.58302172238,1552.80510558942
Angle 45,1655.02251211779,1594.94657509469
Angle 45,1700.36596780938,1636.90098014286
Angle 45,1745.61429721842,1678.66936881629
Angle 45,1790.76839567718,1720.25277361632
Angle 45,1835.82914567888,1761.65221176416
Angle 45,1880.79741712177,1802.86868549452
Angle 45,1925.67406754729,1843.90318234217
Angle 45,1970.45994237251,1884.75667542176
Angle 45,2015.15587511719,1925.43012370084
Angle 45,2059.76268762531,1965.92447226661
Angle 45,2104.28119028155,2006.24065258625
Angle 45,2148.71218222257,2046.37958276125
Angle 45,2193.0564515435,2086.34216777581
Angle 45,2237.31477549955,2126.12929973942
Angle 45,2281.48792070304,2165.74185812397
Angle 45,2325.57664331587,2205.1807099953
Angle 45,2369.58168923764,2244.44671023955
Angle 45,2413.50379428945,2283.54070178428
Angle 45,2457.34368439356,2322.46351581473
Angle 45,2501.10207574906,2361.21597198505
Angle 45,2544.77967500351,2399.79887862493
Angle 45,2588.37717942084,2438.21303294151
Angle 45,2631.89527704549,2476.45922121696
Angle 45,2675.3346468629,2514.53821900149
Angle 45,2718.69595895655,2552.45079130234
Angle 45,2761.97987466144,2590.19769276847
Angle 45,2805.18704671438,2627.77966787127
Angle 45,2848.3181194009,2665.19745108142
Angle 45,2891.373728699,2702.45176704182
Angle 45,2934.35450241992,2739.54333073688
Angle 45,2977.26106034576,2776.47284765818
Angle 45,3020.09401436425,2813.24101396658
Angle 45,3062.85396860063,2849.84851665089
Angle 45,3105.54151954676,2886.29603368323
Angle 45,3148.15725618756,2922.58423417107
Angle 45,3190.70176012468,2958.71377850614
Angle 45,3233.17560569773,2994.68531851018
Angle 45,3275.57936010292,3030.49949757776
Angle 45,3317.91358350925,3066.15695081601
Angle 45,3360.17882917237,3101.65830518165
Angle 45,3402.37564354602,3137.00417961503
Angle 45,3444.50456639125,3172.19518517161
Angle 45,3486.56613088345,3207.23192515063
Angle 45,3528.56086371713,3242.11499522126
Angle 45,3570.48928520869,3276.84498354621
Angle 45,3612.35190939704,3311.42247090282
Angle 45,3654.14924414224,3345.84803080174
Angle 45,3695.88179122226,3380.1222296033
Angle 45,3737.55004642767,3414.24562663152
Angle 45,3779.15449965457,3448.2187742859
Angle 45,3820.6956349957,3482.042218151
Angle 45,3862.17393082969,3515.71649710391
Angle 45,3903.58985990865,3549.24214341958
Angle 45,3944.94388944399,3582.61968287413
Angle 45,3986.23648119065,3615.84963484618
Angle 45,4027.46809152967,3648.93251241623
Angle 45,4068.63917154916,3681.86882246409
Angle 45,4109.75016712376,3714.65906576449
Angle 45,4150.80151899259,3747.30373708089
Angle 45,4191.79366283566,3779.80332525746
Angle 45,4232.72702934891,3812.15831330937
Angle 45,4273.60204431784,3844.36917851138
Angle 45,4314.41912868966,3876.43639248475
Angle 45,4355.17869864422,3908.36042128252
Angle 45,4395.88116566358,3940.14172547327
Angle 45,4436.52693660019,3971.78076022328
Angle 45,4477.11641374402,4003.27797537718
Angle 45,4517.64999488823,4034.6338155371
Angle 45,4558.1280733938,4065.84872014048
Angle 45,4598.55103825292,4096.92312353629
Angle 45,4638.9192741512,4127.85745506002
Angle 45,4679.23316152884,4158.65213910726
Angle 45,4719.49307664056,4189.30759520592
Angle 45,4759.69939161461,4219.8242380872
Angle 45,4799.85247451062,4250.20247775529
Angle 45,4839.95268937643,4280.4427195558
Angle 45,4880.00039630392,4310.54536424302
Angle 45,4919.99595148389,4340.51080804596
Angle 45,4959.93970725991,4370.33944273319
Angle 45,4999.83201218123,4400.03165567668
Angle 45,5039.67321105483,4429.58782991433
Angle 45,5079.46364499645,4459.00834421159
Angle 45,5119.20365148084,4488.2935731219
Angle 45,5158.89356439108,4517.44388704614
Angle 45,5198.53371406704,4546.45965229101
Angle 45,5238.12442735304,4575.34123112646
Angle 45,5277.66602764469,4604.08898184212
Angle 45,5317.15883493487,4632.70325880273
Angle 45,5356.60316585901,4661.1844125027
Angle 45,5395.99933373954,4689.53278961969
Angle 45,5435.34764862963,4717.7487330673
Angle 45,5474.64841735614,4745.83258204693
Angle 45,5513.90194356191,4773.78467209865
Angle 45,5553.10852774727,4801.60533515136
Angle 45,5592.26846731094,4829.29489957203
Angle 45,5631.38205659016,4856.85369021416
Angle 45,5670.44958690024,4884.28202846541
Angle 45,5709.47134657338,4911.5802322945
Angle 45,5748.4476209969,4938.74861629727
Angle 45,5787.37869265081,4965.78749174206
Angle 45,5826.26484114481,4992.6971666143
Angle 45,5865.10634325464,5019.47794566042
Angle 45,5903.90347295782,5046.130130431
Angle 45,5942.65650146891,5072.65401932327
Angle 45,5981.36569727408,5099.0499076229
Angle 45,6020.0313261652,5125.31808754516
Angle 45,6058.65365127335,5151.45884827536
Angle 45,6097.2329331018,5177.47247600872
Angle 45,6135.76942955849,5203.35925398955
Angle 45,6174.26339598792,5229.11946254984
Angle 45,6212.71508520262,5254.75337914727
Angle 45,6251.12474751409,5280.26127840256
Angle 45,6289.49263076319,5305.64343213629
Angle 45,6327.81898035017,5330.90010940514
Angle 45,6366.10403926414,5356.03157653751
Angle 45,6404.3480481121,5381.03809716872
Angle 45,6442.55124514752,5405.9199322755
Angle 45,6480.71386629849,5430.6773402101
Angle 45,6518.83614519545,5455.31057673378
Angle 45,6556.91831319839,5479.81989504985
Angle 45,6594.96059942379,5504.20554583614
Angle 45,6632.96323077098,5528.46777727708
Angle 45,6670.92643194827,5552.60683509518
Angle 45,6708.85042549849,5576.62296258214
Angle 45,6746.73543182432,5600.51640062942
Angle 45,6784.58166921311,5624.28738775837
Angle 45,6822.38935386138,5647.93616014996
Angle 45,6860.15869989897,5671.462951674
Angle 45,6897.88991941273,5694.86799391796
Angle 45,6935.58322246999,5718.15151621536
Angle 45,6973.23881714156,5741.31374567379
Angle 45,7010.85690952447,5764.35490720239
Angle 45,7048.43770376432,5787.27522353911
Angle 45,7085.98140207731,5810.07491527739
Angle 45,7123.48820477197,5832.75420089261
Angle 45,7160.95831027051,5855.31329676805
Angle 45,7198.39191512995,5877.75241722052
Angle 45,7235.78921406284,5900.07177452563
Angle 45,7273.15039995774,5922.27157894265
Angle 45,7310.47566389936,5944.35203873911
Angle 45,7347.76519518846,5966.31336021491
Angle 45,7385.0191813614,5988.15574772626
Angle 45,7422.23780820945,6009.87940370909
Angle 45,7459.42125979781,6031.48452870233
Angle 45,7496.56971848432,6052.97132137068
Angle 45,7533.68336493798,6074.33997852719
Angle 45,7570.76237815713,6095.59069515548
Angle 45,7607.80693548738,6116.72366443162
Angle 45,7644.81721263934,6137.73907774579
Angle 45,7681.79338370604,6158.63712472354
Angle 45,7718.7356211801,6179.41799324683
Angle 45,7755.64409597072,6200.08186947475
Angle 45,7792.51897742035,6220.62893786398
Angle 45,7829.36043332119,6241.05938118894
Angle 45,7866.16862993141,6261.37338056168
Angle 45,7902.94373199117,6281.57111545153
Angle 45,7939.68590273842,6301.65276370444
Angle 45,7976.39530392444,6321.61850156205
Angle 45,8013.07209582923,6341.46850368059
Angle 45,8049.71643727662,6361.20294314944
Angle 45,8086.3284856492,6380.82199150946
Angle 45,8122.90839690306,6400.32581877112
Angle 45,8159.45632558229,6419.71459343233
Angle 45,8195.9724248333,6438.98848249609
Angle 45,8232.45684641897,6458.14765148788
Angle 45,8268.90974073253,6477.1922644728
Angle 45,8305.33125681133,6496.12248407256
Angle 45,8341.7215423504,6514.93847148214
Angle 45,8378.08074371578,6533.64038648635
Angle 45,8414.40900595774,6552.22838747609
Angle 45,8450.70647282377,6570.70263146445
Angle 45,8486.97328677141,6589.06327410258
Angle 45,8523.2095889809,6607.31046969533
Angle 45,8559.41551936768,6625.44437121679
Angle 45,8595.5912165947,6643.46513032551
Angle 45,8631.73681808459,6661.37289737959
Angle 45,8667.85246003162,6679.16782145162
Angle 45,8703.93827741356,6696.85005034331
Angle 45,8739.99440400333,6714.41973060007
Angle 45,8776.02097238054,6731.87700752534
Angle 45,8812.01811394283,6749.22202519473
Angle 45,8847.98595891712,6766.45492647002
Angle 45,8883.92463637062,6783.57585301299
Angle 45,8919.83427422182,6800.58494529901
Angle 45,8955.71499925122,6817.48234263059
Angle 45,8991.56693711196,6834.26818315064
Angle 45,9027.39021234034,6850.94260385563
Angle 45,9063.18494836618,6867.50574060859
Angle 45,9098.95126752302,6883.95772815193
Angle 45,9134.68929105822,6900.29870012012
Angle 45,9170.39913914293,6916.52878905223
Angle 45,9206.0809308819,6932.64812640429
Angle 45,9241.7347843232,6948.65684256152
Angle 45,9277.36081646776,6964.55506685043
Angle 45,9312.95914327889,6980.34292755073
Angle 45,9348.52987969152,6996.02055190716
Angle 45,9384.07313962149,7011.58806614114
Angle 45,9419.5890359746,7027.04559546228
Angle 45,9455.07768065559,7042.39326407979
Angle 45,9490.53918457703,7057.63119521373
Angle 45,9525.973657668,7072.75951110615
Angle 45,9561.38120888282,7087.77833303205
Angle 45,9596.76194620947,7102.68778131031
Angle 45,9632.1159766781,7117.4879753144
Angle 45,9667.44340636929,7132.179033483
Angle 45,9702.74434042226,7146.76107333056
Angle 45,9738.01888304299,7161.23421145761
Angle 45,9773.26713751218,7175.59856356109
Angle 45,9808.4892061932,7189.85424444447
Angle 45,9843.68519053986,7204.00136802782
Angle 45,9878.85519110411,7218.04004735772
Angle 45,9913.99930754363,7231.97039461709
Angle 45,9949.11763862939,7245.79252113487
Angle 45,9984.210282253,7259.50653739568
Angle 45,10019.2773354341,7273.11255304927
Angle 45,10054.3188943275,7286.61067691995
Angle 45,10089.3350542303,7300.00101701586
Angle 45,10124.3259095894,7313.28368053818
Angle 45,10159.2915540075,7326.45877389019
Angle 45,10194.232080251,7339.52640268632
Angle 45,10229.1475802562,7352.48667176102
Angle 45,10264.0381451362,7365.33968517756
Angle 45,10298.9038651874,7378.08554623676
Angle 45,10333.7448298962,7390.72435748559
Angle 45,10368.5611279453,7403.25622072573
Angle 45,10403.3528472204,7415.68123702198
Angle 45,10438.1200748161,7427.99950671064
Angle 45,10472.8628970424,7440.21112940777
Angle 45,10507.5813994306,7452.31620401734
Angle 45,10542.2756667397,7464.31482873939
Angle 45,10576.9457829623,7476.20710107799
Angle 45,10611.5918313303,7487.99311784919
Angle 45,10646.2138943211,7499.67297518889
Angle 45,10680.8120536631,7511.2467685606
Angle 45,10715.3863903415,7522.71459276312
Angle 45,10749.9369846042,7534.07654193821
Angle 45,10784.463915967,7545.33270957807
Angle 45,10818.9672632192,7556.48318853285
Angle 45,10853.4471044293,7567.52807101804
Angle 45,10887.90351695,7578.46744862178
Angle 45,10922.3365774239,7589.30141231214
Angle 45,10956.7463617885,7600.03005244426
Angle 45,10991.1329452813,7610.6534587675
Angle 45,11025.4964024453,7621.17172043247
Angle 45,11059.8368071335,7631.58492599798
Angle 45,11094.1542325147,7641.89316343802
Angle 45,11128.4487510775,7652.09652014852
Angle 45,11162.7204346359,7662.1950829542
Angle 45,11196.969354334,7672.18893811526
Angle 45,11231.1955806503,7682.07817133401
Angle 45,11265.399183403,7691.86286776152
Angle 45,11299.5802317544,7701.54311200411
Angle 45,11333.7387942155,7711.11898812983
Angle 45,11367.8749386504,7720.59057967489
Angle 45,11401.9887322812,7729.95796964998
Angle 45,11436.0802416919,7739.22124054663
Angle 45,11470.1495328333,7748.38047434339
Angle 45,11504.196671027,7757.43575251205
Angle 45,11538.2217209696,7766.38715602376
Angle 45,11572.2247467375,7775.23476535513
Angle 45,11606.2058117903,7783.97866049422
Angle 45,11640.1649789756,7792.61892094654
Angle 45,11674.1023105326,7801.15562574095
Angle 45,11708.0178680964,7809.58885343555
Angle 45,11741.9117127019,7817.9186821235
Angle 45,11775.7839047878,7826.14518943877
Angle 45,11809.6345042004,7834.26845256186
Angle 45,11843.4635701976,7842.28854822551
Angle 45,11877.2711614525,7850.20555272029
Angle 45,11911.0573360573,7858.0195419002
Angle 45,11944.8221515269,7865.73059118818
Angle 45,11978.5656648028,7873.33877558163
Angle 45,12012.2879322563,7880.84416965784
Angle 45,12045.9890096927,7888.24684757937
Angle 45,12079.6689523543,7895.54688309945
Angle 45,12113.327814924,7902.74434956724
Angle 45,12146.9656515292,7909.83931993316
Angle 45,12180.5825157446,7916.83186675407
Angle 45,12214.1784605959,7923.72206219849
Angle 45,12247.7535385631,7930.50997805172
Angle 45,12281.307801584,7937.195685721
Angle 45,12314.8413010571,7943.77925624053
Angle 45,12348.354087845,7950.26076027652
Angle 45,12381.8462122776,7956.6402681322
Angle 45,12415.3177241554,7962.91784975274
Angle 45,12448.7686727522,7969.0935747302
Angle 45,12482.1991068186,7975.16751230841
Angle 45,12515.609074585,7981.1397313878
Angle 45,12548.9986237641,7987.01030053025
Angle 45,12582.3678015547,7992.77928796381
Angle 45,12615.716654644,7998.4467615875
Angle 45,12649.0452292107,8004.01278897597
Angle 45,12682.3535709279,8009.47743738422
Angle 45,12715.641724966,8014.84077375221
Angle 45,12748.9097359954,8020.10286470951
Angle 45,12782.1576481893,8025.26377657983
Angle 45,12815.3855052264,8030.3235753856
Angle 45,12848.5933502937,8035.28232685248
Angle 45,12881.7812260891,8040.14009641385
Angle 45,12914.9491748242,8044.89694921528
Angle 45,12948.0972382268,8049.5529501189
Angle 45,12981.2254575433,8054.10816370789
Angle 45,13014.3338735417,8058.56265429076
Angle 45,13047.4225265138,8062.91648590575
Angle 45,13080.4914562777,8067.16972232512
Angle 45,13113.5407021805,8071.32242705944
Angle 45,13146.5703031005,8075.37466336186
Angle 45,13179.5802974498,8079.32649423232
Angle 45,13212.5707231765,8083.17798242178
Angle 45,13245.5416177674,8086.92919043638
Angle 45,13278.4930182498,8090.58018054162
Angle 45,13311.4249611943,8094.13101476646
Angle 45,13344.3374827169,8097.58175490746
Angle 45,13377.2306184812,8100.93246253283
Angle 45,13410.1044037006,8104.18319898651
Angle 45,13442.9588731408,8107.33402539218
Angle 45,13475.7940611215,8110.3850026573
Angle 45,13508.610001519,8113.33619147709
Angle 45,13541.4067277681,8116.18765233848
Angle 45,13574.1842728642,8118.93944552406
Angle 45,13606.9426693655,8121.591631116
Angle 45,13639.681949395,8124.14426899999
Angle 45,13672.4021446425,8126.59741886904
Angle 45,13705.1032863665,8128.95114022741
Angle 45,13737.7854053967,8131.20549239441
Angle 45,13770.4485321351,8133.36053450823
Angle 45,13803.0926965588,8135.41632552974
Angle 45,13835.7179282215,8137.37292424626
Angle 45,13868.3242562554,8139.23038927531
Angle 45,13900.911709373,8140.9887790684
Angle 45,13933.4803158693,8142.64815191468
Angle 45,13966.0301036234,8144.20856594468
Angle 45,13998.5611001003,8145.67007913402
Angle 45,14031.0733323527,8147.03274930702
Angle 45,14063.5668270229,8148.29663414038
Angle 45,14096.0416103444,8149.46179116685
Angle 45,14128.4977081437,8150.52827777875
Angle 45,14160.9351458422,8151.49615123168
Angle 45,14193.3539484573,8152.36546864801
Angle 45,14225.754140605,8153.13628702051
Angle 45,14258.1357465007,8153.80866321586
Angle 45,14290.4987899613,8154.38265397822
Angle 45,14322.8432944066,8154.8583159327
Angle 45,14355.1692828611,8155.23570558891
Angle 45,14387.4767779556,8155.51487934445
Angle 45,14419.7658019285,8155.69589348835
Angle 45,14452.0363766274,8155.77880420454
Angle 45,14484.2885235111,8155.76366757534
Angle 45,14516.5222636503,8155.65053958481
Angle 45,14548.7376177299,8155.43947612226
Angle 45,14580.93460605,8155.13053298559
Angle 45,14613.1132485274,8154.72376588471
Angle 45,14645.2735646973,8154.2192304449
Angle 45,14677.4155737143,8153.61698221021
Angle 45,14709.5392943544,8152.91707664679
Angle 45,14741.6447450159,8152.1195691462
Angle 45,14773.7319437209,8151.22451502883
Angle 45,14805.8009081168,8150.23196954712
Angle 45,14837.8516554775,8149.1419878889
Angle 45,14869.884202705,8147.95462518074
Angle 45,14901.8985663302,8146.66993649112
Angle 45,14933.8947625149,8145.28797683382
Angle 45,14965.8728070524,8143.80880117109
Angle 45,14997.8327153693,8142.23246441694
Angle 45,15029.7745025264,8140.55902144039
Angle 45,15061.6981832204,8138.78852706868
Angle 45,15093.6037717844,8136.92103609048
Angle 45,15125.4912821899,8134.95660325913
Angle 45,15157.3607280475,8132.89528329581
Angle 45,15189.2121226084,8130.73713089274
Angle 45,15221.0454787652,8128.48220071638
Angle 45,15252.8608090536,8126.13054741057
Angle 45,15284.658125653,8123.68222559969
Angle 45,15316.4374403879,8121.13728989185
Angle 45,15348.1987647292,8118.49579488202
Angle 45,15379.942109795,8115.75779515513
Angle 45,15411.6674863518,8112.92334528925
Angle 45,15443.3749048156,8109.99249985867
Angle 45,15475.0643752531,8106.96531343704
Angle 45,15506.7359073826,8103.84184060045
Angle 45,15538.3895105749,8100.62213593054
Angle 45,15570.025193855,8097.30625401759
Angle 45,15601.6429659022,8093.89424946359
Angle 45,15633.2428350518,8090.38617688531
Angle 45,15664.824809296,8086.78209091739
Angle 45,15696.3888962844,8083.08204621537
Angle 45,15727.9351033257,8079.28609745877
Angle 45,15759.4634373883,8075.39429935412
Angle 45,15790.9739051011,8071.40670663799
Angle 45,15822.4665127548,8067.32337408005
Angle 45,15853.9412663026,8063.14435648608
Angle 45,15885.3981713612,8058.86970870099
Angle 45,15916.8372332117,8054.49948561183
Angle 45,15948.2584568005,8050.03374215083
Angle 45,15979.6618467404,8045.47253329836
Angle 45,16011.047407311,8040.81591408596
Angle 45,16042.41514246,8036.06393959931
Angle 45,16073.7650558041,8031.21666498126
Angle 45,16105.0971506293,8026.27414543473
Angle 45,16136.4114298925,8021.23643622579
Angle 45,16167.7078962218,8016.10359268655
Angle 45,16198.9865519175,8010.87567021816
Angle 45,16230.2473989528,8005.55272429379
Angle 45,16261.490438975,8000.13481046154
Angle 45,16292.7156733057,7994.62198434746
Angle 45,16323.9231029421,7989.01430165844
Angle 45,16355.1127285574,7983.31181818518
Angle 45,16386.2845505018,7977.51458980514
Angle 45,16417.4385688032,7971.62267248547
Angle 45,16448.574783168,7965.63612228594
Angle 45,16479.6931929817,7959.55499536187
Angle 45,16510.7937973099,7953.37934796708
Angle 45,16541.8765948985,7947.10923645678
Angle 45,16572.9415841752,7940.7447172905
Angle 45,16603.9887632493,7934.28584703503
Angle 45,16635.0181299133,7927.7326823673
Angle 45,16666.0296816428,7921.08528007732
Angle 45,16697.0234155979,7914.34369707107
Angle 45,16727.9993286232,7907.50799037341
Angle 45,16758.957417249,7900.57821713099
Angle 45,16789.8976776916,7893.55443461514
Angle 45,16820.8201058541,7886.43670022478
Angle 45,16851.7246973271,7879.2250714893
Angle 45,16882.6114473894,7871.91960607146
Angle 45,16913.4803510081,7864.52036177028
Angle 45,16944.3314028401,7857.02739652395
Angle 45,16975.164597232,7849.44076841268
Angle 45,17005.9799282208,7841.76053566161
Angle 45,17036.7773895349,7833.98675664369
Angle 45,17067.5569745943,7826.11948988255
Angle 45,17098.3186765114,7818.1587940554
Angle 45,17129.0624880913,7810.10472799589
Angle 45,17159.7884018327,7801.95735069702
Angle 45,17190.4964099284,7793.71672131396
Angle 45,17221.1865042656,7785.38289916697
Angle 45,17251.8586764267,7776.95594374428
Angle 45,17282.5129176899,7768.43591470492
Angle 45,17313.1492190295,7759.82287188163
Angle 45,17343.7675711165,7751.11687528372
Angle 45,17374.3679643191,7742.31798509993
Angle 45,17404.9503887036,7733.42626170133
Angle 45,17435.5148340342,7724.44176564414
Angle 45,17466.0612897742,7715.36455767264
Angle 45,17496.5897450861,7706.19469872205
Angle 45,17527.100188832,7696.93224992134
Angle 45,17557.5926095745,7687.57727259614
Angle 45,17588.0669955769,7678.12982827162
Angle 45,17618.5233348038,7668.58997867533
Angle 45,17648.9616149213,7658.95778574006
Angle 45,17679.3818232979,7649.23331160674
Angle 45,17709.7839470044,7639.4166186273
Angle 45,17740.1679728151,7629.50776936751
Angle 45,17770.5338872074,7619.50682660988
Angle 45,17800.8816763629,7609.41385335653
Angle 45,17831.2113261675,7599.22891283202
Angle 45,17861.522822212,7588.95206848629
Angle 45,17891.8161497924,7578.58338399744
Angle 45,17922.0912939103,7568.12292327469
Angle 45,17952.3482392735,7557.5707504612
Angle 45,17982.5869702962,7546.92692993694
Angle 45,18012.8074710996,7536.19152632161
Angle 45,18043.009725512,7525.36460447746
Angle 45,18073.1937170697,7514.4462295122
Angle 45,18103.3594290166,7503.43646678187
Angle 45,18133.5068443056,7492.3353818937
Angle 45,18163.6359455981,7481.14304070904
Angle 45,18193.7467152647,7469.85950934616
Angle 45,18223.8391353859,7458.48485418321
Angle 45,18253.9131877518,7447.01914186107
Angle 45,18283.9688538629,7435.46243928621
Angle 45,18314.0061149306,7423.81481363364
Angle 45,18344.0249518772,7412.07633234973
Angle 45,18374.0253453361,7400.24706315515
Angle 45,18404.0072756529,7388.32707404772
Angle 45,18433.9707228849,7376.31643330536
Angle 45,18463.9156668019,7364.21520948892
Angle 45,18493.8420868865,7352.02347144512
Angle 45,18523.7499623344,7339.74128830943
Angle 45,18553.6392720544,7327.36872950898
Angle 45,18583.5099946694,7314.90586476546
Angle 45,18613.362108516,7302.35276409804
Angle 45,18643.1955916452,7289.70949782622
Angle 45,18673.0104218229,7276.97613657283
Angle 45,18702.8065765297,7264.15275126687
Angle 45,18732.5840329615,7251.23941314643
Angle 45,18762.3427680297,7238.23619376165
Angle 45,18792.0827583617,7225.14316497761
Angle 45,18821.803980301,7211.96039897722
Angle 45,18851.5064099074,7198.68796826422
Angle 45,18881.1900229577,7185.32594566604
Angle 45,18910.8547949454,7171.87440433673
Angle 45,18940.5007010815,7158.33341775993
Angle 45,18970.1277162944,7144.7030597518
Angle 45,18999.7358152306,7130.98340446392
Angle 45,19029.3249722544,7117.17452638624
Angle 45,19058.8951614486,7103.27650035005
Angle 45,19088.4463566147,7089.2894015309
Angle 45,19117.9785312732,7075.21330545155
Angle 45,19147.4916586635,7061.04828798491
Angle 45,19176.9857117446,7046.79442535704
Angle 45,19206.4606631952,7032.45179415003
Angle 45,19235.916485414,7018.02047130502
Angle 45,19265.3531505197,7003.50053412514
Angle 45,19294.7706303516,6988.89206027848
Angle 45,19324.1688964696,6974.19512780104
Angle 45,19353.5479201546,6959.40981509971
Angle 45,19382.9076724087,6944.53620095526
Angle 45,19412.2481239554,6929.5743645253
Angle 45,19441.5692452398,6914.52438534727
Angle 45,19470.8710064289,6899.38634334138
Angle 45,19500.1533774121,6884.16031881368
Angle 45,19529.4163278007,6868.84639245897
Angle 45,19558.6598269291,6853.44464536382
Angle 45,19587.8838438542,6837.95515900958
Angle 45,19617.0883473561,6822.37801527535
Angle 45,19646.2733059382,6806.71329644102
Angle 45,19675.4386878274,6790.96108519022
Angle 45,19704.5844609743,6775.12146461338
Angle 45,19733.7105930535,6759.19451821072
Angle 45,19762.817051464,6743.18032989525
Angle 45,19791.9038033289,6727.0789839958
Angle 45,19820.9708154963,6710.89056526006
Angle 45,19850.0180545388,6694.61515885756
Angle 45,19879.0454867543,6678.25285038274
Angle 45,19908.0530781661,6661.80372585795
Angle 45,19937.0407945229,6645.26787173649
Angle 45,19966.0086012991,6628.64537490567
Angle 45,19994.9564636952,6611.93632268981
Angle 45,20023.8843466379,6595.14080285331
Angle 45,20052.7922147803,6578.25890360368
Angle 45,20081.6800325019,6561.29071359461
Angle 45,20110.5477639094,6544.23632192898
Angle 45,20139.3953728363,6527.09581816198
Angle 45,20168.2228228436,6509.8692923041
Angle 45,20197.0300772197,6492.55683482424
Angle 45,20225.8170989806,6475.15853665274
Angle 45,20254.5838508705,6457.67448918447
Angle 45,20283.3302953615,6440.10478428189
Angle 45,20312.0563946544,6422.44951427812
Angle 45,20340.7621106783,6404.70877198003
Angle 45,20369.4474050913,6386.8826506713
Angle 45,20398.1122392805,6368.97124411551
Angle 45,20426.7565743622,6350.97464655923
Angle 45,20455.3803711824,6332.89295273508
Angle 45,20483.9835903168,6314.72625786488
Angle 45,20512.5661920707,6296.47465766265
Angle 45,20541.1281364801,6278.1382483378
Angle 45,20569.6693833111,6259.71712659817
Angle 45,20598.1898920604,6241.21138965312
Angle 45,20626.6896219557,6222.62113521671
Angle 45,20655.1685319559,6203.94646151069
Angle 45,20683.6265807511,6185.18746726771
Angle 45,20712.0637267631,6166.34425173438
Angle 45,20740.4799281452,6147.41691467437
Angle 45,20768.8751427833,6128.40555637157
Angle 45,20797.2493282951,6109.31027763316
Angle 45,20825.6024420313,6090.13117979276
Angle 45,20853.934441075,6070.86836471352
Angle 45,20882.2452822426,6051.52193479128
Angle 45,20910.5349220839,6032.09199295766
Angle 45,20938.8033168819,6012.5786426832
Angle 45,20967.0504226538,5992.98198798049
Angle 45,20995.2761951507,5973.30213340729
Angle 45,21023.4805898582,5953.53918406967
Angle 45,21051.6635619962,5933.69324562514
Angle 45,21079.8250665198,5913.76442428577
Angle 45,21107.9650581193,5893.75282682134
Angle 45,21136.0834912201,5873.65856056247
Angle 45,21164.1803199837,5853.48173340375
Angle 45,21192.2554983074,5833.22245380691
Angle 45,21220.3089798249,5812.88083080391
Angle 45,21248.3407179064,5792.4569740001
Angle 45,21276.350665659,5771.95099357738
Angle 45,21304.3387759271,5751.36300029732
Angle 45,21332.3050012924,5730.69310550429
Angle 45,21360.2492940747,5709.94142112863
Angle 45,21388.1716063315,5689.10805968979
Angle 45,21416.0718898591,5668.19313429942
Angle 45,21443.9500961925,5647.19675866459
Angle 45,21471.8061766055,5626.11904709088
Angle 45,21499.6400821115,5604.96011448554
Angle 45,21527.4517634639,5583.7200763606
Angle 45,21555.2411711557,5562.39904883607
Angle 45,21583.0082554208,5540.99714864304
Angle 45,21610.7529662335,5519.5144931268
Angle 45,21638.4752533095,5497.95120025003
Angle 45,21666.1750661059,5476.30738859589
Angle 45,21693.8523538218,5454.58317737121
Angle 45,21721.5070653985,5432.77868640954
Angle 45,21749.1391495197,5410.89403617437
Angle 45,21776.7485546126,5388.92934776222
Angle 45,21804.3352288474,5366.88474290577
Angle 45,21831.8991201383,5344.76034397698
Angle 45,21859.4401761437,5322.55627399024
Angle 45,21886.9583442666,5300.27265660549
Angle 45,21914.4535716551,5277.90961613129
Angle 45,21941.9258052028,5255.46727752802
Angle 45,21969.374991549,5232.94576641094
Angle 45,21996.8010770797,5210.34520905329
Angle 45,22024.2040079274,5187.66573238946
Angle 45,22051.583729972,5164.90746401804
Angle 45,22078.9401888411,5142.07053220492
Angle 45,22106.2733299104,5119.15506588644
Angle 45,22133.5830983044,5096.16119467243
Angle 45,22160.8694388965,5073.08904884933
Angle 45,22188.1322963101,5049.93875938326
Angle 45,22215.3716149184,5026.7104579231
Angle 45,22242.5873388455,5003.40427680359
Angle 45,22269.7794119664,4980.02034904836
Angle 45,22296.9477779081,4956.55880837303
Angle 45,22324.0923800496,4933.01978918826
Angle 45,22351.2131615227,4909.40342660279
Angle 45,22378.3100652126,4885.70985642651
Angle 45,22405.3830337583,4861.93921517349
Angle 45,22432.4320095534,4838.091640065
Angle 45,22459.4569347463,4814.1672690326
Angle 45,22486.4577512413,4790.16624072106
Angle 45,22513.4344006988,4766.08869449149
Angle 45,22540.3868245358,4741.93477042426
Angle 45,22567.3149639272,4717.70460932204
Angle 45,22594.2187598057,4693.39835271278
Angle 45,22621.0981528627,4669.01614285271
Angle 45,22647.9530835492,4644.55812272929
Angle 45,22674.7834920759,4620.0244360642
Angle 45,22701.5893184146,4595.41522731629
Angle 45,22728.3705022981,4570.73064168453
Angle 45,22755.1269832215,4545.97082511093
Angle 45,22781.8587004426,4521.13592428351
Angle 45,22808.5655929829,4496.22608663918
Angle 45,22835.2475996278,4471.24146036668
Angle 45,22861.9046589278,4446.18219440946
Angle 45,22888.5367091992,4421.04843846857
Angle 45,22915.1436885247,4395.84034300553
Angle 45,22941.7255347543,4370.55805924522
Angle 45,22968.2821855058,4345.20173917871
Angle 45,22994.8135781662,4319.7715355661
Angle 45,23021.319649892,4294.26760193937
Angle 45,23047.8003376099,4268.69009260516
Angle 45,23074.2555780183,4243.03916264762
Angle 45,23100.6853075875,4217.31496793115
Angle 45,23127.0894625608,4191.51766510321
Angle 45,23153.4679789557,4165.64741159706
Angle 45,23179.8207925641,4139.70436563451
Angle 45,23206.1478389536,4113.68868622869
Angle 45,23232.4490534687,4087.6005331867
Angle 45,23258.7243712312,4061.44006711234
Angle 45,23284.9737271413,4035.20744940883
Angle 45,23311.1970558788,4008.90284228143
Angle 45,23337.3942919038,3982.52640874011
Angle 45,23363.5653694577,3956.07831260218
Angle 45,23389.7102225644,3929.55871849494
Angle 45,23415.8287850312,3902.96779185823
Angle 45,23441.9209904497,3876.30569894705
Angle 45,23467.9867721972,3849.57260683411
Angle 45,23494.0260634372,3822.76868341236
Angle 45,23520.038797121,3795.89409739756
Angle 45,23546.0249059887,3768.94901833074
Angle 45,23571.98432257,3741.93361658071
Angle 45,23597.9169791857,3714.84806334652
Angle 45,23623.8228079484,3687.6925306599
Angle 45,23649.7017407641,3660.4671913877
Angle 45,23675.5537093333,3633.17221923427
Angle 45,23701.3786451519,3605.80778874385
Angle 45,23727.1764795126,3578.37407530294
Angle 45,23752.9471435062,3550.87125514262
Angle 45,23778.6905680225,3523.29950534086
Angle 45,23804.4066837521,3495.65900382481
Angle 45,23830.0954211872,3467.94992937306
Angle 45,23855.7567106231,3440.1724616179
Angle 45,23881.3904821593,3412.32678104751
Angle 45,23906.9966657011,3384.41306900814
Angle 45,23932.575190961,3356.43150770632
Angle 45,23958.1259874596,3328.38228021093
Angle 45,23983.6489845273,3300.26557045535
Angle 45,24009.1441113058,3272.08156323955
Angle 45,24034.6112967493,3243.83044423211
Angle 45,24060.050469626,3215.51239997225
Angle 45,24085.4615585194,3187.12761787187
Angle 45,24110.8444918302,3158.67628621746
Angle 45,24136.1991977774,3130.15859417207
Angle 45,24161.5256043997,3101.5747317772
Angle 45,24186.8236395576,3072.9248899547
Angle 45,24212.0932309343,3044.20926050861
Angle 45,24237.3343060378,3015.42803612693
Angle 45,24262.546792202,2986.58141038347
Angle 45,24287.7306165887,2957.66957773955
Angle 45,24312.885706189,2928.69273354575
Angle 45,24338.0119878252,2899.65107404354
Angle 45,24363.1093881519,2870.544796367
Angle 45,24388.1778336585,2841.37409854437
Angle 45,24413.2172506701,2812.13917949966
Angle 45,24438.2275653499,2782.84023905419
Angle 45,24463.2087037004,2753.47747792808
Angle 45,24488.1605915657,2724.05109774174
Angle 45,24513.0831546326,2694.5613010173
Angle 45,24537.9763184332,2665.00829117998
Angle 45,24562.8400083462,2635.39227255948
Angle 45,24587.6741495988,2605.71345039126
Angle 45,24612.4786672687,2575.97203081787
Angle 45,24637.2534862862,2546.16822089011
Angle 45,24661.9985314356,2516.30222856832
Angle 45,24686.7137273575,2486.37426272347
Angle 45,24711.3989985508,2456.38453313827
Angle 45,24736.0542693744,2426.3332505083
Angle 45,24760.6794640494,2396.220626443
Angle 45,24785.2745066613,2366.04687346665
Angle 45,24809.8393211616,2335.81220501932
Angle 45,24834.3738313703,2305.5168354578
Angle 45,24858.8779609776,2275.16098005641
Angle 45,24883.3516335465,2244.74485500781
Angle 45,24907.7947725145,2214.26867742381
Angle 45,24932.2073011959,2183.73266533603
Angle 45,24956.5891427842,2153.1370376966
Angle 45,24980.9402203541,2122.48201437876
Angle 45,25005.2604568636,2091.76781617745
Angle 45,25029.5497751566,2060.99466480984
Angle 45,25053.8080979649,2030.16278291576
Angle 45,25078.0353479107,1999.2723940582
Angle 45,25102.2314475087,1968.32372272358
Angle 45,25126.3963191686,1937.31699432218
Angle 45,25150.5298851977,1906.25243518834
Angle 45,25174.6320678027,1875.13027258069
Angle 45,25198.7027890926,1843.95073468235
Angle 45,25222.7419710813,1812.71405060099
Angle 45,25246.7495356892,1781.42045036892
Angle 45,25270.7254047469,1750.07016494309
Angle 45,25294.6694999967,1718.66342620505
Angle 45,25318.5817430957,1687.20046696079
Angle 45,25342.4620556182,1655.68152094065
Angle 45,25366.3103590582,1624.10682279904
Angle 45,25390.1265748322,1592.47660811418
Angle 45,25413.9106242817,1560.79111338777
Angle 45,25437.662428676,1529.05057604461
Angle 45,25461.3819092147,1497.25523443209
Angle 45,25485.0689870306,1465.40532781974
Angle 45,25508.7235831923,1433.50109639861
Angle 45,25532.3456187071,1401.54278128065
Angle 45,25555.9350145234,1369.53062449803
Angle 45,25579.4916915343,1337.46486900234
Angle 45,25603.0155705795,1305.34575866381
Angle 45,25626.5065724488,1273.17353827038
Angle 45,25649.9646178848,1240.9484535268
Angle 45,25673.3896275859,1208.67075105358
Angle 45,25696.7815222088,1176.34067838593
Angle 45,25720.1402223722,1143.95848397259
Angle 45,25743.4656486591,1111.52441717465
Angle 45,25766.7577216202,1079.03872826427
Angle 45,25790.0163617767,1046.50166842331
Angle 45,25813.2414896237,1013.91348974193
Angle 45,25836.4330256329,981.274445217134
Angle 45,25859.5908902559,948.584788751182
Angle 45,25882.7150039273,915.844775149993
Angle 45,25905.805287068,883.054660121451
Angle 45,25928.8616600879,850.214700273648
Angle 45,25951.8840433898,817.32515311305
Angle 45,25974.8723573722,784.386277042598
Angle 45,25997.8265224324,751.398331359732
Angle 45,26020.7464589703,718.361576254344
Angle 45,26043.6320873914,685.276272806659
Angle 45,26066.4833281098,652.142682985043
Angle 45,26089.3001015524,618.96106964373
Angle 45,26112.0823281614,585.731696520484
Angle 45,26134.8299283983,552.454828234181
Angle 45,26157.5428227469,519.130730282312
Angle 45,26180.2209317172,485.759669038418
Angle 45,26202.8641758484,452.34191174944
Angle 45,26225.4724757127,418.877726532995
Angle 45,26248.0457519188,385.367382374578
Angle 45,26270.5839251154,351.811149124682
Angle 45,26293.0869159946,318.209297495837
Angle 45,26315.5546452958,284.562099059576
Angle 45,26337.987033809,250.869826243316
Angle 45,26360.3840023789,217.132752327165
Angle 45,26382.745471908,183.351151440641
Angle 45,26405.0713633606,149.525298559318
Angle 45,26427.3615977665,115.655469501383
Angle 45,26449.6160962246,81.7419409241185
Angle 45,26471.8347799068,47.7849903202998
Angle 45,26494.0175700616,13.7848960145072
Angle 45,26502.985403436,0
Angle 46,0,0
Angle 46,48.4899328915199,50.1147954228392
Angle 46,96.8452869320155,99.9925023548279
Angle 46,145.067608775254,149.634988888394
Angle 46,193.158418183586,199.044089898632
Angle 46,241.119208653359,248.221607819969
Angle 46,288.951448022024,297.169313400087
Angle 46,336.656579057562,345.888946431882
Angle 46,384.236020030875,394.382216464259
Angle 46,431.69116527171,442.650803492472
Angle 46,479.023385708703,490.696358628736
Angle 46,526.234029394078,538.520504753777
Angle 46,573.324422013537,586.124837149982
Angle 46,620.295867381828,633.510924116764
Angle 46,667.149647924494,680.680307568756
Angle 46,713.88702514625,727.634503617394
Angle 46,760.509240086446,774.375003136462
Angle 46,807.01751376204,820.903272312116
Angle 46,853.413047598492,867.220753177908
Angle 46,899.697023848979,913.328864135305
Angle 46,945.87060600231,959.22900046016
Angle 46,991.934939179909,1004.92253479562
Angle 46,1037.89115052221,1050.41081763187
Angle 46,1083.74034956484,1095.69517777317
Angle 46,1129.48362860481,1140.77692279259
Angle 46,1175.12206305725,1185.65733947479
Angle 46,1220.65671180266,1230.33769424727
Angle 46,1266.08861752534,1274.81923360044
Angle 46,1311.41880704294,1319.10318449685
Angle 46,1356.64829162769,1363.1907547699
Angle 46,1401.77806731933,1407.08313351243
Angle 46,1446.80911523016,1450.78149145535
Angle 46,1491.74240184239,1494.28698133685
Angle 46,1536.57887929796,1537.60073826216
Angle 46,1581.31948568127,1580.72388005453
Angle 46,1625.96514529468,1623.65750759728
Angle 46,1670.5167689274,1666.40270516753
Angle 46,1714.97525411762,1708.96054076169
Angle 46,1759.34148540833,1751.33206641295
Angle 46,1803.61633459685,1793.5183185011
Angle 46,1847.80066097838,1835.52031805478
Angle 46,1891.89531158359,1877.3390710465
Angle 46,1935.90112141063,1918.97556868054
Angle 46,1979.8189136515,1960.43078767405
Angle 46,2023.64949991315,2001.70569053139
Angle 46,2067.39368043326,2042.80122581206
Angle 46,2111.05224429103,2083.71832839229
Angle 46,2154.62596961303,2124.45791972055
Angle 46,2198.11562377416,2165.02090806708
Angle 46,2241.52196359415,2205.40818876763
Angle 46,2284.84573552933,2245.62064446164
Angle 46,2328.08767586014,2285.6591453249
Angle 46,2371.24851087433,2325.52454929693
Angle 46,2414.32895704594,2365.21770230316
Angle 46,2457.32972121032,2404.73943847214
Angle 46,2500.25150073512,2444.09058034782
Angle 46,2543.09498368759,2483.27193909706
Angle 46,2585.86084899799,2522.28431471258
Angle 46,2628.54976661945,2561.12849621133
Angle 46,2671.16239768437,2599.80526182855
Angle 46,2713.69939465723,2638.31537920749
Angle 46,2756.1614014842,2676.65960558503
Angle 46,2798.54905373937,2714.83868797326
Angle 46,2840.86297876794,2752.85336333705
Angle 46,2883.1037958262,2790.70435876791
Angle 46,2925.27211621855,2828.39239165399
Angle 46,2967.36854343162,2865.9181698465
Angle 46,3009.3936732655,2903.28239182262
Angle 46,3051.34809396215,2940.48574684486
Angle 46,3093.2323863312,2977.52891511715
Angle 46,3135.04712387301,3014.41256793762
Angle 46,3176.79287289919,3051.13736784811
Angle 46,3218.47019265064,3087.70396878073
Angle 46,3260.0796354131,3124.11301620117
Angle 46,3301.62174663031,3160.36514724923
Angle 46,3343.09706501487,3196.46099087639
Angle 46,3384.50612265684,3232.40116798051
Angle 46,3425.84944513007,3268.18629153787
Angle 46,3467.12755159643,3303.81696673248
Angle 46,3508.34095490789,3339.29379108282
Angle 46,3549.49016170658,3374.61735456596
Angle 46,3590.5756725228,3409.78823973923
Angle 46,3631.59798187115,3444.80702185948
Angle 46,3672.55757834462,3479.67426899996
Angle 46,3713.45494470696,3514.39054216484
Angle 46,3754.29055798313,3548.95639540152
Angle 46,3795.06488954801,3583.37237591073
Angle 46,3835.77840521338,3617.63902415446
Angle 46,3876.43156531316,3651.75687396182
Angle 46,3917.02482478708,3685.72645263277
Angle 46,3957.55863326264,3719.54828103996
Angle 46,3998.03343513556,3753.22287372851
Angle 46,4038.44966964865,3786.75073901394
Angle 46,4078.80777096917,3820.13237907818
Angle 46,4119.10816826477,3853.36829006382
Angle 46,4159.35128577793,3886.45896216651
Angle 46,4199.53754289902,3919.40487972567
Angle 46,4239.66735423797,3952.20652131343
Angle 46,4279.74112969465,3984.86435982202
Angle 46,4319.75927452786,4017.37886254937
Angle 46,4359.7221894231,4049.75049128329
Angle 46,4399.63027055906,4081.97970238394
Angle 46,4439.48390967285,4114.06694686493
Angle 46,4479.28349412412,4146.01267047277
Angle 46,4519.02940695789,4177.81731376505
Angle 46,4558.72202696634,4209.48131218698
Angle 46,4598.36172874944,4241.00509614678
Angle 46,4637.9488827744,4272.38909108951
Angle 46,4677.48385543422,4303.63371756965
Angle 46,4716.967009105,4334.73939132241
Angle 46,4756.39870220236,4365.70652333374
Angle 46,4795.77928923682,4396.53551990901
Angle 46,4835.10912086813,4427.22678274063
Angle 46,4874.38854395871,4457.78070897435
Angle 46,4913.61790162614,4488.19769127444
Angle 46,4952.79753329469,4518.47811788772
Angle 46,4991.92777474597,4548.6223727065
Angle 46,5031.00895816872,4578.63083533032
Angle 46,5070.04141220766,4608.5038811268
Angle 46,5109.02546201157,4638.24188129124
Angle 46,5147.9614292805,4667.84520290535
Angle 46,5186.84963231219,4697.31420899486
Angle 46,5225.69038604764,4726.64925858624
Angle 46,5264.48400211597,4755.85070676237
Angle 46,5303.23078887849,4784.91890471731
Angle 46,5341.93105147198,4813.85419981016
Angle 46,5380.5850918513,4842.65693561795
Angle 46,5419.19320883127,4871.32745198772
Angle 46,5457.75569812776,4899.86608508764
Angle 46,5496.27285239824,4928.27316745738
Angle 46,5534.74496128154,4956.54902805752
Angle 46,5573.17231143694,4984.69399231829
Angle 46,5611.55518658274,5012.70838218736
Angle 46,5649.89386753402,5040.59251617694
Angle 46,5688.18863223992,5068.34670941008
Angle 46,5726.43975582021,5095.97127366619
Angle 46,5764.64751060132,5123.46651742587
Angle 46,5802.81216615175,5150.83274591496
Angle 46,5840.93398931694,5178.07026114791
Angle 46,5879.01324425352,5205.17936197044
Angle 46,5917.05019246303,5232.16034410155
Angle 46,5955.04509282515,5259.01350017477
Angle 46,5992.99820163029,5285.73911977885
Angle 46,6030.90977261177,5312.33748949776
Angle 46,6068.78005697739,5338.80889295004
Angle 46,6106.60930344054,5365.15361082758
Angle 46,6144.39775825086,5391.37192093372
Angle 46,6182.14566522431,5417.46409822081
Angle 46,6219.85326577288,5443.43041482719
Angle 46,6257.52079893374,5469.27114011353
Angle 46,6295.148501398,5494.98654069866
Angle 46,6332.73660753897,5520.57688049483
Angle 46,6370.28534944002,5546.04242074246
Angle 46,6407.79495692196,5571.38342004426
Angle 46,6445.26565757007,5596.60013439894
Angle 46,6482.69767676063,5621.69281723435
Angle 46,6520.09123768709,5646.66171944012
Angle 46,6557.44656138583,5671.50708939981
Angle 46,6594.76386676152,5696.22917302257
Angle 46,6632.04337061209,5720.82821377431
Angle 46,6669.28528765335,5745.30445270847
Angle 46,6706.48983054316,5769.65812849622
Angle 46,6743.65720990533,5793.88947745631
Angle 46,6780.78763435311,5817.9987335844
Angle 46,6817.88131051232,5841.98612858205
Angle 46,6854.93844304412,5865.85189188513
Angle 46,6891.95923466752,5889.596250692
Angle 46,6928.94388618146,5913.21942999112
Angle 46,6965.89259648659,5936.72165258832
Angle 46,7002.80556260675,5960.10313913373
Angle 46,7039.68297971014,5983.36410814817
Angle 46,7076.5250411301,6006.50477604932
Angle 46,7113.33193838568,6029.52535717741
Angle 46,7150.10386120186,6052.42606382056
Angle 46,7186.84099752947,6075.20710623979
Angle 46,7223.54353356484,6097.86869269363
Angle 46,7260.21165376915,6120.41102946244
Angle 46,7296.84554088748,6142.83432087226
Angle 46,7333.44537596765,6165.13876931851
Angle 46,7370.01133837869,6187.32457528918
Angle 46,7406.54360582917,6209.39193738777
Angle 46,7443.04235438509,6231.34105235597
Angle 46,7479.50775848774,6253.17211509586
Angle 46,7515.93999097106,6274.88531869199
Angle 46,7552.33922307898,6296.480854433
Angle 46,7588.70562448231,6317.95891183304
Angle 46,7625.03936329558,6339.31967865284
Angle 46,7661.34060609347,6360.56334092052
Angle 46,7697.60951792714,6381.69008295208
Angle 46,7733.84626234025,6402.70008737169
Angle 46,7770.05100138477,6423.59353513158
Angle 46,7806.22389563661,6444.37060553177
Angle 46,7842.36510421099,6465.03147623949
Angle 46,7878.47478477759,6485.57632330831
Angle 46,7914.55309357552,6506.0053211971
Angle 46,7950.60018542805,6526.31864278861
Angle 46,7986.61621375719,6546.51645940792
Angle 46,8022.60133059797,6566.5989408406
Angle 46,8058.55568661265,6586.56625535057
Angle 46,8094.47943110463,6606.41856969786
Angle 46,8130.37271203218,6626.15604915599
Angle 46,8166.23567602209,6645.7788575292
Angle 46,8202.06846838298,6665.28715716948
Angle 46,8237.87123311851,6684.6811089933
Angle 46,8273.64411294045,6703.96087249818
Angle 46,8309.38724928145,6723.12660577901
Angle 46,8345.10078230779,6742.17846554422
Angle 46,8380.78485093179,6761.11660713165
Angle 46,8416.43959282422,6779.9411845243
Angle 46,8452.06514442642,6798.65235036581
Angle 46,8487.6616409623,6817.25025597584
Angle 46,8523.2292164502,6835.73505136512
Angle 46,8558.76800371454,6854.10688525042
Angle 46,8594.27813439738,6872.3659050693
Angle 46,8629.75973896977,6890.51225699465
Angle 46,8665.21294674297,6908.54608594908
Angle 46,8700.63788587953,6926.46753561909
Angle 46,8736.0346834042,6944.27674846913
Angle 46,8771.40346521474,6961.97386575541
Angle 46,8806.7443560925,6979.5590275396
Angle 46,8842.05747971298,6997.03237270233
Angle 46,8877.34295865617,7014.39403895651
Angle 46,8912.60091441674,7031.64416286055
Angle 46,8947.83146741418,7048.78287983134
Angle 46,8983.03473700272,7065.81032415714
Angle 46,9018.21084148118,7082.72662901024
Angle 46,9053.35989810267,7099.53192645956
Angle 46,9088.48202308415,7116.22634748304
Angle 46,9123.57733161587,7132.81002197985
Angle 46,9158.64593787076,7149.28307878256
Angle 46,9193.68795501354,7165.64564566906
Angle 46,9228.70349520991,7181.89784937438
Angle 46,9263.69266963543,7198.03981560239
Angle 46,9298.65558848445,7214.07166903734
Angle 46,9333.5923609788,7229.99353335526
Angle 46,9368.50309537646,7245.80553123524
Angle 46,9403.38789898004,7261.50778437056
Angle 46,9438.24687814522,7277.10041347976
Angle 46,9473.08013828907,7292.58353831745
Angle 46,9507.8877838982,7307.95727768512
Angle 46,9542.66991853689,7323.2217494418
Angle 46,9577.42664485506,7338.37707051451
Angle 46,9612.15806459619,7353.42335690874
Angle 46,9646.86427860509,7368.36072371866
Angle 46,9681.5453868356,7383.18928513733
Angle 46,9716.20148835817,7397.90915446676
Angle 46,9750.83268136738,7412.52044412779
Angle 46,9785.43906318934,7427.02326566999
Angle 46,9820.020730289,7441.41772978133
Angle 46,9854.57777827739,7455.70394629782
Angle 46,9889.1103019187,7469.882024213
Angle 46,9923.61839513739,7483.95207168733
Angle 46,9958.1021510251,7497.91419605754
Angle 46,9992.56166184752,7511.76850384576
Angle 46,10026.9970190512,7525.51510076868
Angle 46,10061.4083132703,7539.15409174649
Angle 46,10095.7956343329,7552.68558091185
Angle 46,10130.1590712681,7566.10967161865
Angle 46,10164.4987123118,7579.42646645074
Angle 46,10198.8146449138,7592.63606723054
Angle 46,10233.1069557434,7605.73857502759
Angle 46,10267.375730696,7618.73409016699
Angle 46,10301.6210548993,7631.62271223775
Angle 46,10335.8430127191,7644.40454010103
Angle 46,10370.0416877654,7657.07967189836
Angle 46,10404.2171628985,7669.6482050597
Angle 46,10438.3695202346,7682.1102363115
Angle 46,10472.4988411517,7694.46586168457
Angle 46,10506.6052062952,7706.71517652197
Angle 46,10540.6886955836,7718.85827548678
Angle 46,10574.7493882141,7730.89525256975
Angle 46,10608.7873626682,7742.82620109698
Angle 46,10642.8026967168,7754.65121373739
Angle 46,10676.7954674258,7766.37038251024
Angle 46,10710.7657511614,7777.98379879246
Angle 46,10744.7136235954,7789.49155332604
Angle 46,10778.6391597102,7800.8937362252
Angle 46,10812.5424338038,7812.1904369836
Angle 46,10846.4235194952,7823.38174448144
Angle 46,10880.2824897294,7834.4677469925
Angle 46,10914.1194167819,7845.44853219109
Angle 46,10947.9343722638,7856.32418715896
Angle 46,10981.7274271267,7867.09479839215
Angle 46,11015.4986516676,7877.7604518077
Angle 46,11049.248115533,7888.32123275045
Angle 46,11082.9758877241,7898.77722599959
Angle 46,11116.6820366013,7909.12851577532
Angle 46,11150.3666298886,7919.37518574529
Angle 46,11184.0297346779,7929.51731903112
Angle 46,11217.6714174338,7939.55499821479
Angle 46,11251.2917439979,7949.48830534496
Angle 46,11284.8907795928,7959.31732194326
Angle 46,11318.4685888268,7969.04212901052
Angle 46,11352.0252356977,7978.66280703297
Angle 46,11385.5607835974,7988.17943598829
Angle 46,11419.0752953155,7997.59209535173
Angle 46,11452.5688330438,8006.9008641021
Angle 46,11486.0414583804,8016.10582072772
Angle 46,11519.493232333,8025.20704323232
Angle 46,11552.9242153235,8034.2046091409
Angle 46,11586.3344671918,8043.09859550552
Angle 46,11619.7240471993,8051.88907891107
Angle 46,11653.0930140328,8060.57613548096
Angle 46,11686.4414258084,8069.15984088276
Angle 46,11719.7693400753,8077.64027033385
Angle 46,11753.0768138189,8086.01749860693
Angle 46,11786.3639034651,8094.29160003554
Angle 46,11819.6306648835,8102.46264851956
Angle 46,11852.8771533907,8110.53071753061
Angle 46,11886.1034237545,8118.49588011743
Angle 46,11919.3095301966,8126.35820891121
Angle 46,11952.4955263964,8134.11777613087
Angle 46,11985.6614654944,8141.77465358836
Angle 46,12018.8074000953,8149.32891269379
Angle 46,12051.9333822715,8156.78062446067
Angle 46,12085.0394635661,8164.12985951098
Angle 46,12118.1256949964,8171.37668808029
Angle 46,12151.1921270569,8178.52118002277
Angle 46,12184.2388097225,8185.56340481625
Angle 46,12217.2657924516,8192.50343156713
Angle 46,12250.2731241891,8199.34132901536
Angle 46,12283.2608533695,8206.0771655393
Angle 46,12316.2290279198,8212.71100916059
Angle 46,12349.1776952627,8219.24292754896
Angle 46,12382.1069023191,8225.67298802705
Angle 46,12415.0166955116,8232.00125757512
Angle 46,12447.9071207667,8238.22780283578
Angle 46,12480.7782235179,8244.35269011867
Angle 46,12513.6300487089,8250.37598540512
Angle 46,12546.4626407956,8256.29775435276
Angle 46,12579.2760437494,8262.11806230008
Angle 46,12612.0703010596,8267.83697427102
Angle 46,12644.8454557362,8273.45455497946
Angle 46,12677.6015503127,8278.97086883372
Angle 46,12710.3386268481,8284.385979941
Angle 46,12743.0567269304,8289.69995211183
Angle 46,12775.7558916782,8294.91284886446
Angle 46,12808.4361617437,8300.02473342922
Angle 46,12841.0975773155,8305.03566875287
Angle 46,12873.7401781202,8309.9457175029
Angle 46,12906.3640034257,8314.75494207182
Angle 46,12938.9690920429,8319.4634045814
Angle 46,12971.5554823287,8324.07116688691
Angle 46,13004.1232121878,8328.57829058134
Angle 46,13036.6723190754,8332.98483699954
Angle 46,13069.2028399993,8337.29086722237
Angle 46,13101.7148115222,8341.49644208086
Angle 46,13134.2082697639,8345.60162216025
Angle 46,13166.6832504039,8349.60646780413
Angle 46,13199.1397886827,8353.51103911842
Angle 46,13231.5779194052,8357.31539597545
Angle 46,13263.9976769415,8361.01959801791
Angle 46,13296.3990952302,8364.62370466288
Angle 46,13328.7822077797,8368.12777510575
Angle 46,13361.1470476706,8371.53186832413
Angle 46,13393.4936475577,8374.83604308183
Angle 46,13425.8220396721,8378.04035793266
Angle 46,13458.132255823,8381.14487122436
Angle 46,13490.4243273997,8384.14964110242
Angle 46,13522.6982853737,8387.0547255139
Angle 46,13554.9541603007,8389.86018221122
Angle 46,13587.1919823221,8392.56606875598
Angle 46,13619.4117811674,8395.17244252267
Angle 46,13651.6135861557,8397.67936070248
Angle 46,13683.7974261976,8400.08688030693
Angle 46,13715.9633297971,8402.39505817167
Angle 46,13748.1113250536,8404.60395096007
Angle 46,13780.241439663,8406.71361516698
Angle 46,13812.3537009205,8408.72410712231
Angle 46,13844.4481357212,8410.63548299467
Angle 46,13876.5247705628,8412.44779879501
Angle 46,13908.5836315467,8414.16111038018
Angle 46,13940.6247443798,8415.77547345654
Angle 46,13972.6481343764,8417.29094358348
Angle 46,14004.6538264596,8418.70757617701
Angle 46,14036.6418451629,8420.02542651325
Angle 46,14068.6122146319,8421.24454973196
Angle 46,14100.5649586261,8422.36500084002
Angle 46,14132.5001005201,8423.38683471493
Angle 46,14164.4176633052,8424.31010610827
Angle 46,14196.3176695912,8425.13486964913
Angle 46,14228.2001416077,8425.86117984756
Angle 46,14260.0651012058,8426.48909109801
Angle 46,14291.9125698591,8427.01865768268
Angle 46,14323.7425686659,8427.44993377497
Angle 46,14355.5551183499,8427.78297344283
Angle 46,14387.3502392623,8428.01783065211
Angle 46,14419.1279513826,8428.15455926996
Angle 46,14450.8882743206,8428.19321306811
Angle 46,14482.6312273172,8428.13384572623
Angle 46,14514.3568292463,8427.97651083523
Angle 46,14546.0650986157,8427.72126190056
Angle 46,14577.7560535687,8427.3681523455
Angle 46,14609.4297118855,8426.91723551444
Angle 46,14641.0860909842,8426.36856467613
Angle 46,14672.7252079224,8425.72219302694
Angle 46,14704.3470793981,8424.97817369409
Angle 46,14735.9517217515,8424.1365597389
Angle 46,14767.5391509657,8423.19740415997
Angle 46,14799.1093826684,8422.16075989645
Angle 46,14830.6624321326,8421.02667983116
Angle 46,14862.1983142785,8419.79521679381
Angle 46,14893.717043674,8418.46642356422
Angle 46,14925.2186345362,8417.04035287539
Angle 46,14956.7031007327,8415.51705741674
Angle 46,14988.1704557824,8413.89658983721
Angle 46,15019.6207128571,8412.17900274841
Angle 46,15051.053884782,8410.36434872773
Angle 46,15082.4699840374,8408.45268032151
Angle 46,15113.8690227595,8406.44405004806
Angle 46,15145.2510127417,8404.33851040084
Angle 46,15176.6159654352,8402.13611385152
Angle 46,15207.9638919507,8399.83691285305
Angle 46,15239.294803059,8397.44095984274
Angle 46,15270.6087091921,8394.94830724534
Angle 46,15301.9056204446,8392.35900747608
Angle 46,15333.1855465741,8389.67311294374
Angle 46,15364.4484970025,8386.89067605367
Angle 46,15395.6944808174,8384.01174921083
Angle 46,15426.9235067722,8381.03638482282
Angle 46,15458.1355832879,8377.9646353029
Angle 46,15489.3307184536,8374.79655307301
Angle 46,15520.5089200274,8371.53219056676
Angle 46,15551.6701954378,8368.17160023242
Angle 46,15582.8145517841,8364.71483453597
Angle 46,15613.9419958375,8361.16194596399
Angle 46,15645.0525340421,8357.51298702674
Angle 46,15676.1461725158,8353.76801026105
Angle 46,15707.222917051,8349.92706823335
Angle 46,15738.2827731156,8345.99021354258
Angle 46,15769.3257458538,8341.95749882318
Angle 46,15800.3518400869,8337.82897674802
Angle 46,15831.3610603145,8333.60470003137
Angle 46,15862.3534107148,8329.2847214318
Angle 46,15893.3288951458,8324.86909375513
Angle 46,15924.2875171458,8320.3578698574
Angle 46,15955.2292799347,8315.7511026477
Angle 46,15986.1541864142,8311.04884509117
Angle 46,16017.062239169,8306.25115021191
Angle 46,16047.9534404674,8301.35807109581
Angle 46,16078.8277922621,8296.36966089356
Angle 46,16109.6852961908,8291.28597282346
Angle 46,16140.5259535775,8286.1070601744
Angle 46,16171.3497654325,8280.83297630865
Angle 46,16202.1567324534,8275.46377466486
Angle 46,16232.9468550262,8269.99950876086
Angle 46,16263.7201332255,8264.44023219655
Angle 46,16294.4765668155,8258.78599865683
Angle 46,16325.2161552503,8253.03686191442
Angle 46,16355.9388976753,8247.19287583275
Angle 46,16386.6447929271,8241.25409436881
Angle 46,16417.3338395348,8235.22057157604
Angle 46,16448.0060357203,8229.09236160716
Angle 46,16478.6613793988,8222.86951871706
Angle 46,16509.29986818,8216.55209726562
Angle 46,16539.9214993683,8210.14015172057
Angle 46,16570.5262699635,8203.63373666037
Angle 46,16601.1141766615,8197.03290677699
Angle 46,16631.685215855,8190.33771687884
Angle 46,16662.2393836337,8183.54822189353
Angle 46,16692.7766757855,8176.66447687076
Angle 46,16723.2970877967,8169.68653698512
Angle 46,16753.8006148524,8162.61445753897
Angle 46,16784.2872518377,8155.44829396523
Angle 46,16814.7569933377,8148.18810183023
Angle 46,16845.2098336383,8140.83393683654
Angle 46,16875.6457667269,8133.3858548258
Angle 46,16906.0647862924,8125.84391178152
Angle 46,16936.4668857265,8118.20816383194
Angle 46,16966.8520581235,8110.47866725283
Angle 46,16997.2202962816,8102.65547847034
Angle 46,17027.5715927025,8094.73865406377
Angle 46,17057.9059395929,8086.72825076843
Angle 46,17088.2233288642,8078.62432547846
Angle 46,17118.5237521333,8070.42693524962
Angle 46,17148.8072007233,8062.13613730212
Angle 46,17179.0736656637,8053.75198902347
Angle 46,17209.3231376911,8045.27454797121
Angle 46,17239.5556072493,8036.70387187583
Angle 46,17269.7710644903,8028.04001864351
Angle 46,17299.9694992744,8019.28304635896
Angle 46,17330.1509011706,8010.43301328823
Angle 46,17360.3152594575,8001.48997788153
Angle 46,17390.4625631232,7992.45399877603
Angle 46,17420.5928008661,7983.32513479869
Angle 46,17450.7059610952,7974.10344496907
Angle 46,17480.8020319304,7964.78898850213
Angle 46,17510.8810012034,7955.38182481106
Angle 46,17540.9428564575,7945.88201351008
Angle 46,17570.9875849483,7936.28961441727
Angle 46,17601.0151736444,7926.60468755738
Angle 46,17631.0256092272,7916.82729316463
Angle 46,17661.0188780916,7906.95749168555
Angle 46,17690.9949663466,7896.99534378177
Angle 46,17720.9538598154,7886.94091033289
Angle 46,17750.8955440357,7876.79425243922
Angle 46,17780.8200042603,7866.55543142467
Angle 46,17810.7272254575,7856.22450883953
Angle 46,17840.6171923113,7845.8015464633
Angle 46,17870.4898892217,7835.28660630752
Angle 46,17900.3453003053,7824.6797506186
Angle 46,17930.1834093956,7813.98104188061
Angle 46,17960.004200043,7803.19054281815
Angle 46,17989.8076555156,7792.30831639915
Angle 46,18019.5937587993,7781.33442583771
Angle 46,18049.3624925981,7770.26893459694
Angle 46,18079.1138393345,7759.11190639175
Angle 46,18108.84778115,7747.86340519174
Angle 46,18138.564299905,7736.523495224
Angle 46,18168.2633771794,7725.09224097596
Angle 46,18197.944994273,7713.56970719823
Angle 46,18227.6091322054,7701.95595890743
Angle 46,18257.2557717166,7690.25106138905
Angle 46,18286.8848932676,7678.45508020028
Angle 46,18316.4964770399,7666.56808117286
Angle 46,18346.0905029363,7654.59013041594
Angle 46,18375.6669505814,7642.52129431893
Angle 46,18405.2257993213,7630.36163955433
Angle 46,18434.7670282243,7618.11123308063
Angle 46,18464.2906160809,7605.77014214513
Angle 46,18493.7965414044,7593.3384342868
Angle 46,18523.2847824307,7580.81617733919
Angle 46,18552.7553171192,7568.20343943325
Angle 46,18582.2081231523,7555.50028900021
Angle 46,18611.6431779363,7542.70679477445
Angle 46,18641.0604586012,7529.82302579639
Angle 46,18670.4599420013,7516.84905141536
Angle 46,18699.8416047152,7503.78494129246
Angle 46,18729.2054230461,7490.63076540347
Angle 46,18758.5513730221,7477.38659404171
Angle 46,18787.8794303963,7464.05249782095
Angle 46,18817.1895706472,7450.6285476783
Angle 46,18846.4817689789,7437.11481487708
Angle 46,18875.756000321,7423.51137100974
Angle 46,18905.0122393294,7409.81828800077
Angle 46,18934.2504603861,7396.03563810957
Angle 46,18963.4706375994,7382.16349393336
Angle 46,18992.6727448044,7368.20192841014
Angle 46,19021.856755563,7354.15101482155
Angle 46,19051.0226431641,7340.0108267958
Angle 46,19080.1703806239,7325.78143831059
Angle 46,19109.2999406861,7311.46292369606
Angle 46,19138.411295822,7297.05535763766
Angle 46,19167.5044182307,7282.55881517914
Angle 46,19196.5792798395,7267.97337172543
Angle 46,19225.635852304,7253.29910304564
Angle 46,19254.6741070079,7238.53608527592
Angle 46,19283.6940150639,7223.68439492249
Angle 46,19312.6955473133,7208.7441088645
Angle 46,19341.6786743265,7193.71530435706
Angle 46,19370.643366403,7178.59805903415
Angle 46,19399.5895935718,7163.39245091158
Angle 46,19428.5173255913,7148.09855838995
Angle 46,19457.4265319497,7132.71646025766
Angle 46,19486.3171818651,7117.24623569381
Angle 46,19515.1892442856,7101.68796427122
Angle 46,19544.0426878896,7086.0417259594
Angle 46,19572.8774810859,7070.3076011275
Angle 46,19601.6935920141,7054.48567054735
Angle 46,19630.4909885441,7038.57601539638
Angle 46,19659.2696382771,7022.57871726068
Angle 46,19688.0295085454,7006.49385813792
Angle 46,19716.7705664123,6990.32152044044
Angle 46,19745.4927786726,6974.06178699816
Angle 46,19774.1961118529,6957.71474106165
Angle 46,19802.8805322114,6941.28046630512
Angle 46,19831.5460057381,6924.75904682941
Angle 46,19860.1924981553,6908.15056716507
Angle 46,19888.8199749174,6891.45511227532
Angle 46,19917.4284012111,6874.67276755908
Angle 46,19946.0177419559,6857.80361885405
Angle 46,19974.5879618039,6840.84775243969
Angle 46,20003.13902514,6823.80525504028
Angle 46,20031.6708960821,6806.67621382795
Angle 46,20060.1835384816,6789.46071642575
Angle 46,20088.6769159229,6772.15885091065
Angle 46,20117.150991724,6754.77070581664
Angle 46,20145.6057289368,6737.29637013775
Angle 46,20174.0410903466,6719.73593333112
Angle 46,20202.4570384731,6702.08948532008
Angle 46,20230.85353557,6684.3571164972
Angle 46,20259.2305436251,6666.53891772733
Angle 46,20287.588024361,6648.63498035074
Angle 46,20315.9259392348,6630.64539618613
Angle 46,20344.2442494382,6612.57025753375
Angle 46,20372.5429158982,6594.40965717849
Angle 46,20400.8218992767,6576.16368839291
Angle 46,20429.0811599708,6557.83244494039
Angle 46,20457.3206581133,6539.41602107822
Angle 46,20485.5403535724,6520.91451156064
Angle 46,20513.7402059523,6502.32801164201
Angle 46,20541.9201745929,6483.65661707988
Angle 46,20570.0802185703,6464.90042413808
Angle 46,20598.220296697,6446.05952958986
Angle 46,20626.3403675219,6427.134030721
Angle 46,20654.4403893306,6408.1240253329
Angle 46,20682.5203201453,6389.02961174572
Angle 46,20710.5801177255,6369.8508888015
Angle 46,20738.6197395677,6350.58795586729
Angle 46,20766.6391429058,6331.24091283825
Angle 46,20794.6382847113,6311.80986014081
Angle 46,20822.6171216933,6292.29489873578
Angle 46,20850.575610299,6272.69613012151
Angle 46,20878.5137067135,6253.013656337
Angle 46,20906.4313668605,6233.24757996506
Angle 46,20934.328546402,6213.39800413545
Angle 46,20962.2052007388,6193.465032528
Angle 46,20990.0612850105,6173.4487693758
Angle 46,21017.8967540959,6153.34931946831
Angle 46,21045.7115626132,6133.16678815455
Angle 46,21073.5056649201,6112.90128134619
Angle 46,21101.2790151139,6092.55290552078
Angle 46,21129.031567032,6072.12176772485
Angle 46,21156.7632742522,6051.60797557711
Angle 46,21184.4740900923,6031.01163727156
Angle 46,21212.1639676111,6010.33286158072
Angle 46,21239.8328596081,5989.57175785871
Angle 46,21267.480718624,5968.72843604448
Angle 46,21295.1074969409,5947.80300666495
Angle 46,21322.7131465824,5926.79558083818
Angle 46,21350.2976193141,5905.70627027653
Angle 46,21377.8608666436,5884.53518728984
Angle 46,21405.4028398209,5863.28244478856
Angle 46,21432.9234898386,5841.948156287
Angle 46,21460.4227674324,5820.53243590642
Angle 46,21487.900623081,5799.03539837822
Angle 46,21515.3570070066,5777.45715904714
Angle 46,21542.791869175,5755.79783387441
Angle 46,21570.2051592964,5734.0575394409
Angle 46,21597.5968268249,5712.23639295033
Angle 46,21624.9668209595,5690.3345122324
Angle 46,21652.315090644,5668.35201574599
Angle 46,21679.6415845674,5646.2890225823
Angle 46,21706.9462511645,5624.14565246806
Angle 46,21734.2290386156,5601.92202576864
Angle 46,21761.4898948475,5579.61826349125
Angle 46,21788.7287675334,5557.23448728811
Angle 46,21815.9456040933,5534.7708194596
Angle 46,21843.1403516947,5512.22738295739
Angle 46,21870.3129572524,5489.60430138768
Angle 46,21897.4633674292,5466.90169901425
Angle 46,21924.5915286362,5444.11970076173
Angle 46,21951.6973870333,5421.25843221865
Angle 46,21978.7808885293,5398.31801964066
Angle 46,22005.8419787825,5375.29858995363
Angle 46,22032.8806032011,5352.20027075683
Angle 46,22059.8967069435,5329.02319032606
Angle 46,22086.8902349185,5305.76747761678
Angle 46,22113.8611317865,5282.43326226725
Angle 46,22140.8093419589,5259.02067460165
Angle 46,22167.7348095993,5235.52984563324
Angle 46,22194.6374786236,5211.96090706744
Angle 46,22221.5172927005,5188.31399130499
Angle 46,22248.374195252,5164.58923144503
Angle 46,22275.2081294538,5140.78676128821
Angle 46,22302.0190382358,5116.90671533984
Angle 46,22328.8068642829,5092.94922881292
Angle 46,22355.5715500348,5068.9144376313
Angle 46,22382.3130376871,5044.80247843271
Angle 46,22409.0312691916,5020.6134885719
Angle 46,22435.7261862567,4996.34760612366
Angle 46,22462.3977303484,4972.00496988592
Angle 46,22489.0458426902,4947.58571938282
Angle 46,22515.6704642641,4923.08999486774
Angle 46,22542.2715358108,4898.51793732637
Angle 46,22568.8489978309,4873.86968847974
Angle 46,22595.4027905846,4849.14539078725
Angle 46,22621.9328540932,4824.34518744972
Angle 46,22648.4391281389,4799.46922241239
Angle 46,22674.9215522659,4774.5176403679
Angle 46,22701.380065781,4749.49058675935
Angle 46,22727.814607754,4724.38820778325
Angle 46,22754.2251170185,4699.21065039251
Angle 46,22780.6115321726,4673.95806229941
Angle 46,22806.9737915794,4648.63059197859
Angle 46,22833.3118333678,4623.22838866995
Angle 46,22859.6255954332,4597.75160238162
Angle 46,22885.9150154382,4572.20038389291
Angle 46,22912.1800308131,4546.5748847572
Angle 46,22938.4205787572,4520.87525730484
Angle 46,22964.6365962387,4495.10165464608
Angle 46,22990.8280199962,4469.25423067394
Angle 46,23016.994786539,4443.33314006707
Angle 46,23043.1368321482,4417.33853829261
Angle 46,23069.2540928772,4391.27058160904
Angle 46,23095.3465045528,4365.12942706903
Angle 46,23121.4140027756,4338.91523252223
Angle 46,23147.4565229212,4312.6281566181
Angle 46,23173.4740001411,4286.26835880865
Angle 46,23199.4663693632,4259.83599935129
Angle 46,23225.4335652929,4233.33123931153
Angle 46,23251.3755224139,4206.75424056575
Angle 46,23277.2921749891,4180.1051658039
Angle 46,23303.1834570618,4153.38417853227
Angle 46,23329.0493024561,4126.59144307611
Angle 46,23354.8896447782,4099.72712458237
Angle 46,23380.7044174174,4072.79138902234
Angle 46,23406.4935535467,4045.78440319426
Angle 46,23432.2569861244,4018.706334726
Angle 46,23457.9946478944,3991.55735207762
Angle 46,23483.7064713877,3964.337624544
Angle 46,23509.3923889234,3937.04732225736
Angle 46,23535.0523326093,3909.68661618983
Angle 46,23560.6862343438,3882.25567815599
Angle 46,23586.2940258161,3854.75468081536
Angle 46,23611.8756385078,3827.18379767489
Angle 46,23637.431003694,3799.54320309141
Angle 46,23662.9600524441,3771.83307227411
Angle 46,23688.4627156234,3744.05358128691
Angle 46,23713.938923894,3716.2049070509
Angle 46,23739.3886077158,3688.28722734668
Angle 46,23764.8116973483,3660.30072081675
Angle 46,23790.2081228511,3632.24556696778
Angle 46,23815.5778140856,3604.12194617296
Angle 46,23840.9207007161,3575.93003967427
Angle 46,23866.2367122112,3547.67002958471
Angle 46,23891.5257778447,3519.34209889051
Angle 46,23916.7878266973,3490.9464314534
Angle 46,23942.022787658,3462.48321201269
Angle 46,23967.230589425,3433.95262618749
Angle 46,23992.4111605072,3405.35486047879
Angle 46,24017.5644292259,3376.69010227155
Angle 46,24042.6903237159,3347.95853983674
Angle 46,24067.788771927,3319.16036233344
Angle 46,24092.8597016253,3290.29575981076
Angle 46,24117.9030403948,3261.36492320984
Angle 46,24142.918715639,3232.36804436582
Angle 46,24167.906654582,3203.3053160097
Angle 46,24192.8667842704,3174.17693177023
Angle 46,24217.7990315746,3144.98308617579
Angle 46,24242.7033231906,3115.72397465614
Angle 46,24267.5795856411,3086.39979354424
Angle 46,24292.4277452775,3057.01074007799
Angle 46,24317.2477282817,3027.55701240194
Angle 46,24342.0394606669,2998.03880956894
Angle 46,24366.8028682803,2968.4563315418
Angle 46,24391.5378768039,2938.8097791949
Angle 46,24416.2444117568,2909.09935431575
Angle 46,24440.9223984965,2879.3252596065
Angle 46,24465.571762221,2849.48769868548
Angle 46,24490.1924279701,2819.58687608859
Angle 46,24514.7843206277,2789.62299727077
Angle 46,24539.3473649233,2759.59626860736
Angle 46,24563.8814854338,2729.50689739542
Angle 46,24588.3866065855,2699.35509185506
Angle 46,24612.8626526558,2669.14106113065
Angle 46,24637.3095477753,2638.86501529208
Angle 46,24661.7272159295,2608.5271653359
Angle 46,24686.1155809609,2578.12772318648
Angle 46,24710.4745665708,2547.66690169706
Angle 46,24734.8040963215,2517.14491465082
Angle 46,24759.1040936379,2486.56197676186
Angle 46,24783.3744818101,2455.91830367618
Angle 46,24807.6151839949,2425.21411197256
Angle 46,24831.8261232182,2394.44961916344
Angle 46,24856.0072223771,2363.62504369574
Angle 46,24880.1584042418,2332.7406049516
Angle 46,24904.2795914578,2301.79652324913
Angle 46,24928.3707065482,2270.79301984308
Angle 46,24952.4316719159,2239.73031692545
Angle 46,24976.4624098455,2208.60863762608
Angle 46,25000.462842506,2177.42820601315
Angle 46,25024.4328919527,2146.18924709367
Angle 46,25048.3724801295,2114.89198681394
Angle 46,25072.2815288715,2083.53665205983
Angle 46,25096.159959907,2052.12347065717
Angle 46,25120.0076948599,2020.65267137202
Angle 46,25143.8246552525,1989.12448391083
Angle 46,25167.6107625072,1957.53913892062
Angle 46,25191.3659379495,1925.89686798911
Angle 46,25215.0901028103,1894.19790364472
Angle 46,25238.7831782281,1862.4424793566
Angle 46,25262.4450852519,1830.63082953454
Angle 46,25286.0757448436,1798.76318952886
Angle 46,25309.6750778803,1766.83979563021
Angle 46,25333.2430051574,1734.86088506938
Angle 46,25356.7794473906,1702.82669601692
Angle 46,25380.2843252189,1670.73746758286
Angle 46,25403.7575592072,1638.59343981625
Angle 46,25427.1990698489,1606.3948537047
Angle 46,25450.6087775687,1574.14195117383
Angle 46,25473.9866027251,1541.83497508664
Angle 46,25497.3324656134,1509.47416924292
Angle 46,25520.6462864686,1477.05977837843
Angle 46,25543.9279854677,1444.59204816419
Angle 46,25567.1774827328,1412.07122520557
Angle 46,25590.3946983343,1379.49755704137
Angle 46,25613.5795522932,1346.87129214287
Angle 46,25636.7319645842,1314.19267991275
Angle 46,25659.8518551388,1281.46197068397
Angle 46,25682.9391438481,1248.67941571858
Angle 46,25705.9937505658,1215.84526720649
Angle 46,25729.0155951113,1182.95977826411
Angle 46,25752.0045972725,1150.02320293298
Angle 46,25774.9606768091,1117.0357961783
Angle 46,25797.8837534555,1083.99781388741
Angle 46,25820.773746924,1050.90951286818
Angle 46,25843.630576908,1017.7711508473
Angle 46,25866.454163085,984.582986468585
Angle 46,25889.2444251197,951.345279291145
Angle 46,25912.0012826677,918.058289787466
Angle 46,25934.724655378,884.722279341466
Angle 46,25957.4144628969,851.337510246447
Angle 46,25980.070624871,817.904245702985
Angle 46,26002.6930609504,784.422749816737
Angle 46,26025.2816907922,750.893287596174
Angle 46,26047.8364340639,717.316124950243
Angle 46,26070.3572104466,683.691528685944
Angle 46,26092.8439396386,650.019766505837
Angle 46,26115.2965413586,616.301107005465
Angle 46,26137.7149353493,582.535819670703
Angle 46,26160.0990413811,548.724174875028
Angle 46,26182.4487792551,514.866443876707
Angle 46,26204.7640688069,480.962898815906
Angle 46,26227.0448299103,447.013812711719
Angle 46,26249.2909824806,413.019459459119
Angle 46,26271.5024464785,378.980113825821
Angle 46,26293.6791419134,344.89605144907
Angle 46,26315.8209888471,310.767548832343
Angle 46,26337.9279073978,276.594883341971
Angle 46,26359.9998177435,242.378333203671
Angle 46,26382.0366401257,208.118177499007
Angle 46,26404.0382948532,173.814696161753
Angle 46,26426.004702306,139.468169974183
Angle 46,26447.9357829391,105.078880563266
Angle 46,26469.8314572858,70.6471103967869
Angle 46,26491.6916459623,36.1731427793714
Angle 46,26513.516269671,1.65726184843098
Angle 46,26514.5611958028,0
Angle 47,0,0
Angle 47,47.6062135258026,50.9534137878246
Angle 47,95.0803141860752,101.667425834038
Angle 47,142.423833364255,152.143944751077
Angle 47,189.638275660023,202.384845007528
Angle 47,236.725119516004,252.391967731205
Angle 47,283.685817826011,302.167121488565
Angle 47,330.52179852548,351.712083041289
Angle 47,377.234465164723,401.028598080851
Angle 47,423.825197465609,450.118381941825
Angle 47,470.295351862238,498.983120294689
Angle 47,516.646262026171,547.624469818821
Angle 47,562.879239376743,596.044058856379
Angle 47,608.995573576967,644.243488047708
Angle 47,654.996533015528,692.224330948914
Angle 47,700.883365275319,739.988134632196
Angle 47,746.657297588991,787.536420269521
Angle 47,792.319537281935,834.870683700201
Angle 47,837.871272203129,881.992395982895
Angle 47,883.313671144224,928.903003932565
Angle 47,928.647884247291,975.603930642869
Angle 47,973.875043401563,1022.09657599447
Angle 47,1018.99626262956,1068.38231714972
Angle 47,1064.01263846291,1114.46250903416
Angle 47,1108.92525030822,1160.33848480521
Angle 47,1153.73516080333,1206.01155630861
Angle 47,1198.44341616415,1251.48301452278
Angle 47,1243.05104652258,1296.75412999164
Angle 47,1287.55906625556,1341.82615324623
Angle 47,1331.9684743057,1386.70031521539
Angle 47,1376.28025449368,1431.377827626
Angle 47,1420.49537582264,1475.85988339292
Angle 47,1464.61479277493,1520.14765699908
Angle 47,1508.6394456013,1564.24230486593
Angle 47,1552.57026060285,1608.14496571469
Angle 47,1596.40815040596,1651.85676091842
Angle 47,1640.15401423038,1695.37879484551
Angle 47,1683.8087381507,1738.71215519454
Angle 47,1727.37319535136,1781.85791332096
Angle 47,1770.84824637551,1824.81712455584
Angle 47,1814.23473936768,1867.59082851672
Angle 47,1857.53351031073,1910.18004941106
Angle 47,1900.74538325696,1952.58579633234
Angle 47,1943.87117055378,1994.80906354898
Angle 47,1986.91167306392,2036.85083078655
Angle 47,2029.86768038051,2078.71206350307
Angle 47,2072.73997103696,2120.39371315796
Angle 47,2115.52931271204,2161.89671747463
Angle 47,2158.23646243007,2203.22200069686
Angle 47,2200.86216675649,2244.37047383934
Angle 47,2243.40716198892,2285.34303493229
Angle 47,2285.87217434378,2326.14056926053
Angle 47,2328.25792013867,2366.76394959699
Angle 47,2370.56510597054,2407.21403643096
Angle 47,2412.79442888989,2447.4916781911
Angle 47,2454.94657657094,2487.59771146345
Angle 47,2497.02222747808,2527.5329612045
Angle 47,2539.02205102847,2567.29824094951
Angle 47,2580.94670775111,2606.89435301618
Angle 47,2622.79684944237,2646.3220887038
Angle 47,2664.57311931806,2685.58222848799
Angle 47,2706.27615216213,2724.6755422112
Angle 47,2747.90657447222,2763.60278926895
Angle 47,2789.46500460192,2802.36471879216
Angle 47,2830.95205290002,2840.96206982535
Angle 47,2872.36832184676,2879.39557150114
Angle 47,2913.71440618709,2917.66594321095
Angle 47,2954.99089306115,2955.77389477199
Angle 47,2996.19836213193,2993.72012659078
Angle 47,3037.33738571022,3031.50532982316
Angle 47,3078.40852887697,3069.13018653096
Angle 47,3119.41234960304,3106.59536983526
Angle 47,3160.34939886642,3143.90154406664
Angle 47,3201.22022076707,3181.04936491209
Angle 47,3242.02535263937,3218.03947955906
Angle 47,3282.76532516216,3254.87252683636
Angle 47,3323.44066246665,3291.54913735232
Angle 47,3364.05188224203,3328.06993363001
Angle 47,3404.59949583894,3364.43553023976
Angle 47,3445.08400837087,3400.64653392896
Angle 47,3485.50591881348,3436.70354374926
Angle 47,3525.86572010193,3472.60715118118
Angle 47,3566.16389922627,3508.35794025625
Angle 47,3606.40093732492,3543.95648767671
Angle 47,3646.57730977626,3579.4033629328
Angle 47,3686.69348628846,3614.69912841777
Angle 47,3726.7499309875,3649.84433954057
Angle 47,3766.7471025035,3684.8395448364
Angle 47,3806.68545405527,3719.68528607502
Angle 47,3846.56543353337,3754.38209836699
Angle 47,3886.38748358136,3788.93051026787
Angle 47,3926.15204167568,3823.33104388037
Angle 47,3965.85954020386,3857.58421495454
Angle 47,4005.51040654124,3891.69053298604
Angle 47,4045.1050631263,3925.65050131258
Angle 47,4084.64392753449,3959.46461720844
Angle 47,4124.12741255067,3993.13337197727
Angle 47,4163.55592624022,4026.65725104315
Angle 47,4202.92987201877,4060.03673403982
Angle 47,4242.24964872064,4093.27229489844
Angle 47,4281.51565066599,4126.3644019335
Angle 47,4320.72826772679,4159.31351792729
Angle 47,4359.88788539146,4192.12010021276
Angle 47,4398.99488482837,4224.7846007548
Angle 47,4438.04964294823,4257.30746623013
Angle 47,4477.05253246521,4289.68913810564
Angle 47,4516.00392195709,4321.93005271533
Angle 47,4554.90417592419,4354.0306413359
Angle 47,4593.75365484731,4385.9913302609
Angle 47,4632.55271524461,4417.81254087358
Angle 47,4671.30170972743,4449.49468971846
Angle 47,4710.00098705518,4481.03818857156
Angle 47,4748.6508921892,4512.44344450945
Angle 47,4787.25176634565,4543.71085997699
Angle 47,4825.80394704752,4574.84083285396
Angle 47,4864.30776817566,4605.83375652046
Angle 47,4902.76356001897,4636.69001992118
Angle 47,4941.17164932368,4667.41000762855
Angle 47,4979.53235934173,4697.99409990477
Angle 47,5017.8460098784,4728.44267276281
Angle 47,5056.11291733905,4758.7560980263
Angle 47,5094.33339477506,4788.93474338842
Angle 47,5132.50775192897,4818.97897246977
Angle 47,5170.6362952789,4848.88914487527
Angle 47,5208.71932808213,4878.66561625004
Angle 47,5246.75715041802,4908.30873833438
Angle 47,5284.75005923011,4937.81885901782
Angle 47,5322.69834836761,4967.19632239221
Angle 47,5360.60230862608,4996.44146880398
Angle 47,5398.46222778754,5025.55463490548
Angle 47,5436.2783906598,5054.53615370546
Angle 47,5474.05107911522,5083.38635461876
Angle 47,5511.78057212879,5112.10556351517
Angle 47,5549.46714581553,5140.69410276736
Angle 47,5587.11107346737,5169.15229129824
Angle 47,5624.71262558935,5197.48044462734
Angle 47,5662.27206993524,5225.67887491657
Angle 47,5699.78967154259,5253.74789101514
Angle 47,5737.2656927672,5281.68779850382
Angle 47,5774.70039331703,5309.49889973844
Angle 47,5812.09403028556,5337.18149389274
Angle 47,5849.4468581846,5364.73587700045
Angle 47,5886.75912897658,5392.16234199677
Angle 47,5924.03109210635,5419.46117875919
Angle 47,5961.26299453241,5446.63267414757
Angle 47,5998.45508075769,5473.67711204372
Angle 47,6035.60759285983,5500.59477339021
Angle 47,6072.72077052096,5527.38593622874
Angle 47,6109.79485105702,5554.0508757377
Angle 47,6146.83006944664,5580.58986426935
Angle 47,6183.82665835954,5607.00317138627
Angle 47,6220.78484818448,5633.29106389733
Angle 47,6257.70486705679,5659.45380589305
Angle 47,6294.58694088547,5685.49165878046
Angle 47,6331.43129337986,5711.40488131737
Angle 47,6368.23814607591,5737.1937296462
Angle 47,6405.00771836202,5762.85845732718
Angle 47,6441.74022750452,5788.39931537116
Angle 47,6478.43588867271,5813.81655227182
Angle 47,6515.09491496355,5839.11041403747
Angle 47,6551.71751742599,5864.28114422235
Angle 47,6588.3039050849,5889.32898395742
Angle 47,6624.85428496459,5914.25417198072
Angle 47,6661.36886211211,5939.05694466733
Angle 47,6697.84783962006,5963.73753605877
Angle 47,6734.29141864913,5988.29617789205
Angle 47,6770.69979845026,6012.73309962828
Angle 47,6807.07317638655,6037.04852848083
Angle 47,6843.41174795472,6061.24268944307
Angle 47,6879.71570680636,6085.31580531579
Angle 47,6915.9852447688,6109.26809673409
Angle 47,6952.22055186569,6133.09978219396
Angle 47,6988.42181633729,6156.8110780785
Angle 47,7024.58922466045,6180.40219868367
Angle 47,7060.72296156829,6203.87335624375
Angle 47,7096.82321006958,6227.22476095638
Angle 47,7132.89015146789,6250.45662100731
Angle 47,7168.92396538041,6273.5691425947
Angle 47,7204.92482975649,6296.56252995318
Angle 47,7240.89292089598,6319.43698537746
Angle 47,7276.82841346721,6342.19270924571
Angle 47,7312.7314805248,6364.82990004257
Angle 47,7348.60229352715,6387.34875438179
Angle 47,7384.4410223537,6409.74946702862
Angle 47,7420.24783532197,6432.03223092185
Angle 47,7456.02289920431,6454.1972371956
Angle 47,7491.76637924444,6476.24467520071
Angle 47,7527.47843917374,6498.1747325259
Angle 47,7563.15924122735,6519.98759501868
Angle 47,7598.80894615998,6541.68344680584
Angle 47,7634.42771326153,6563.26247031381
Angle 47,7670.01570037251,6584.72484628863
Angle 47,7705.57306389922,6606.07075381573
Angle 47,7741.09995882867,6627.30037033937
Angle 47,7776.59653874342,6648.41387168187
Angle 47,7812.06295583609,6669.41143206256
Angle 47,7847.4993609237,6690.29322411648
Angle 47,7882.90590346187,6711.05941891283
Angle 47,7918.28273155873,6731.71018597317
Angle 47,7953.62999198874,6752.24569328938
Angle 47,7988.94783020619,6772.6661073414
Angle 47,8024.23639035869,6792.97159311471
Angle 47,8059.49581530028,6813.16231411756
Angle 47,8094.72624660452,6833.23843239805
Angle 47,8129.92782457731,6853.20010856094
Angle 47,8165.10068826957,6873.0475017842
Angle 47,8200.24497548976,6892.78076983541
Angle 47,8235.36082281616,6912.40006908794
Angle 47,8270.4483656091,6931.90555453689
Angle 47,8305.50773802291,6951.29737981484
Angle 47,8340.5390730178,6970.5756972074
Angle 47,8375.54250237149,6989.74065766858
Angle 47,8410.51815669079,7008.7924108359
Angle 47,8445.46616542292,7027.73110504541
Angle 47,8480.38665686677,7046.55688734643
Angle 47,8515.27975818394,7065.26990351614
Angle 47,8550.14559540967,7083.87029807399
Angle 47,8584.98429346361,7102.35821429593
Angle 47,8619.79597616045,7120.73379422843
Angle 47,8654.58076622045,7138.99717870242
Angle 47,8689.33878527974,7157.14850734688
Angle 47,8724.07015390057,7175.18791860249
Angle 47,8758.77499158137,7193.11554973492
Angle 47,8793.45341676675,7210.93153684804
Angle 47,8828.10554685726,7228.63601489699
Angle 47,8862.73149821913,7246.22911770103
Angle 47,8897.3313861938,7263.71097795627
Angle 47,8931.90532510739,7281.08172724827
Angle 47,8966.45342828,7298.34149606441
Angle 47,9000.97580803493,7315.49041380621
Angle 47,9035.47257570773,7332.52860880141
Angle 47,9069.94384165518,7349.45620831597
Angle 47,9104.38971526414,7366.27333856592
Angle 47,9138.81030496027,7382.98012472902
Angle 47,9173.20571821664,7399.57669095635
Angle 47,9207.57606156229,7416.06316038371
Angle 47,9241.92144059056,7432.43965514295
Angle 47,9276.24195996742,7448.70629637305
Angle 47,9310.53772343969,7464.86320423123
Angle 47,9344.80883384304,7480.91049790379
Angle 47,9379.05539311005,7496.84829561692
Angle 47,9413.27750227803,7512.67671464732
Angle 47,9447.47526149683,7528.39587133275
Angle 47,9481.64877003654,7544.00588108245
Angle 47,9515.798126295,7559.50685838737
Angle 47,9549.92342780538,7574.89891683041
Angle 47,9584.02477124348,7590.18216909645
Angle 47,9618.10225243511,7605.35672698227
Angle 47,9652.15596636325,7620.42270140643
Angle 47,9686.18600717519,7635.38020241897
Angle 47,9720.19246818953,7650.22933921102
Angle 47,9754.17544190316,7664.97022012431
Angle 47,9788.13501999808,7679.60295266059
Angle 47,9822.0712933482,7694.12764349091
Angle 47,9855.98435202599,7708.54439846485
Angle 47,9889.87428530911,7722.85332261958
Angle 47,9923.74118168689,7737.05452018888
Angle 47,9957.58512886683,7751.14809461205
Angle 47,9991.40621378091,7765.13414854272
Angle 47,10025.2045225919,7779.01278385754
Angle 47,10058.9801406994,7792.78410166481
Angle 47,10092.7331527464,7806.44820231302
Angle 47,10126.4636426248,7820.00518539927
Angle 47,10160.1716934817,7833.45514977764
Angle 47,10193.8573877252,7846.79819356744
Angle 47,10227.5208070304,7860.03441416137
Angle 47,10261.1620323448,7873.16390823364
Angle 47,10294.7811438943,7886.18677174796
Angle 47,10328.3782211888,7899.10309996547
Angle 47,10361.9533430276,7911.91298745257
Angle 47,10395.506587505,7924.61652808869
Angle 47,10429.0380320156,7937.21381507399
Angle 47,10462.5477532597,7949.70494093692
Angle 47,10496.0358272488,7962.08999754182
Angle 47,10529.5023293104,7974.36907609629
Angle 47,10562.9473340936,7986.54226715864
Angle 47,10596.3709155736,7998.60966064516
Angle 47,10629.7731470577,8010.57134583736
Angle 47,10663.1541011891,8022.42741138912
Angle 47,10696.5138499528,8034.17794533381
Angle 47,10729.8524646797,8045.82303509129
Angle 47,10763.1700160522,8057.36276747486
Angle 47,10796.4665741081,8068.79722869818
Angle 47,10829.7422082458,8080.12650438205
Angle 47,10862.9969872287,8091.35067956119
Angle 47,10896.2309791901,8102.46983869094
Angle 47,10929.4442516371,8113.48406565385
Angle 47,10962.6368714556,8124.39344376629
Angle 47,10995.8089049148,8135.19805578492
Angle 47,11028.9604176707,8145.89798391316
Angle 47,11062.0914747716,8156.49330980755
Angle 47,11095.2021406613,8166.9841145841
Angle 47,11128.292479184,8177.37047882453
Angle 47,11161.3625535879,8187.65248258251
Angle 47,11194.41242653,8197.83020538977
Angle 47,11227.4421600793,8207.90372626225
Angle 47,11260.4518157215,8217.87312370611
Angle 47,11293.4414543627,8227.7384757237
Angle 47,11326.4111363333,8237.49985981957
Angle 47,11359.3609213916,8247.15735300626
Angle 47,11392.2908687284,8256.7110318102
Angle 47,11425.2010369697,8266.16097227747
Angle 47,11458.0914841813,8275.50724997951
Angle 47,11490.9622678722,8284.74994001884
Angle 47,11523.8134449981,8293.88911703467
Angle 47,11556.645071965,8302.92485520846
Angle 47,11589.4572046332,8311.85722826951
Angle 47,11622.24989832,8320.68630950042
Angle 47,11655.0232078041,8329.41217174254
Angle 47,11687.7771873283,8338.03488740135
Angle 47,11720.5118906032,8346.55452845187
Angle 47,11753.2273708106,8354.97116644389
Angle 47,11785.9236806067,8363.28487250731
Angle 47,11818.6008721252,8371.49571735732
Angle 47,11851.258996981,8379.60377129961
Angle 47,11883.8981062731,8387.60910423549
Angle 47,11916.5182505876,8395.511785667
Angle 47,11949.1194800011,8403.31188470196
Angle 47,11981.7018440838,8411.00947005902
Angle 47,12014.2653919023,8418.60461007259
Angle 47,12046.8101720228,8426.09737269784
Angle 47,12079.3362325141,8433.48782551556
Angle 47,12111.8436209502,8440.77603573704
Angle 47,12144.3323844139,8447.9620702089
Angle 47,12176.802569499,8455.04599541791
Angle 47,12209.2542223135,8462.02787749569
Angle 47,12241.6873884822,8468.90778222348
Angle 47,12274.1021131496,8475.68577503683
Angle 47,12306.4984409829,8482.3619210302
Angle 47,12338.876416174,8488.93628496165
Angle 47,12371.2360824431,8495.40893125738
Angle 47,12403.5774830404,8501.77992401629
Angle 47,12435.9006607496,8508.0493270145
Angle 47,12468.2056578898,8514.21720370987
Angle 47,12500.4925163185,8520.28361724642
Angle 47,12532.7612774339,8526.24863045875
Angle 47,12565.0119821775,8532.1123058765
Angle 47,12597.2446710366,8537.87470572863
Angle 47,12629.4593840464,8543.53589194781
Angle 47,12661.6561607931,8549.09592617475
Angle 47,12693.8350404156,8554.5548697624
Angle 47,12725.9960616082,8559.91278378027
Angle 47,12758.139262623,8565.16972901862
Angle 47,12790.2646812718,8570.32576599268
Angle 47,12822.3723549288,8575.38095494678
Angle 47,12854.4623205329,8580.33535585853
Angle 47,12886.5346145894,8585.18902844291
Angle 47,12918.5892731727,8589.94203215638
Angle 47,12950.6263319283,8594.59442620092
Angle 47,12982.6458260749,8599.14626952808
Angle 47,13014.6477904066,8603.59762084302
Angle 47,13046.6322592949,8607.94853860844
Angle 47,13078.599266691,8612.19908104861
Angle 47,13110.5488461276,8616.34930615326
Angle 47,13142.481030721,8620.39927168154
Angle 47,13174.3958531733,8624.3490351659
Angle 47,13206.2933457741,8628.19865391594
Angle 47,13238.1735404025,8631.9481850223
Angle 47,13270.0364685292,8635.59768536048
Angle 47,13301.8821612184,8639.14721159462
Angle 47,13333.7106491295,8642.59682018131
Angle 47,13365.5219625192,8645.94656737337
Angle 47,13397.316131243,8649.19650922356
Angle 47,13429.0931847577,8652.34670158832
Angle 47,13460.8531521224,8655.3972001315
Angle 47,13492.5960620007,8658.348060328
Angle 47,13524.3219426627,8661.19933746745
Angle 47,13556.0308219862,8663.9510866579
Angle 47,13587.7227274587,8666.60336282939
Angle 47,13619.3976861792,8669.15622073758
Angle 47,13651.05572486,8671.60971496735
Angle 47,13682.6968698276,8673.96389993638
Angle 47,13714.3211470255,8676.21882989866
Angle 47,13745.9285820149,8678.3745589481
Angle 47,13777.5191999766,8680.431141022
Angle 47,13809.0930257129,8682.38862990457
Angle 47,13840.6500836487,8684.2470792304
Angle 47,13872.1903978333,8686.00654248797
Angle 47,13903.7139919419,8687.66707302309
Angle 47,13935.2208892773,8689.22872404232
Angle 47,13966.7111127708,8690.69154861642
Angle 47,13998.1846849846,8692.05559968374
Angle 47,14029.6416281125,8693.32093005363
Angle 47,14061.0819639817,8694.48759240984
Angle 47,14092.505714054,8695.55563931381
Angle 47,14123.9128994277,8696.52512320811
Angle 47,14155.3035408384,8697.39609641973
Angle 47,14186.6776586608,8698.16861116341
Angle 47,14218.0352729099,8698.84271954495
Angle 47,14249.3764032425,8699.41847356451
Angle 47,14280.7010689582,8699.89592511989
Angle 47,14312.0092890011,8700.27512600979
Angle 47,14343.3010819611,8700.55612793711
Angle 47,14374.5764660748,8700.73898251214
Angle 47,14405.8354592272,8700.82374125582
Angle 47,14437.0780789527,8700.81045560295
Angle 47,14468.3043424366,8700.69917690544
Angle 47,14499.5142665159,8700.48995643544
Angle 47,14530.7078676811,8700.18284538858
Angle 47,14561.8851620769,8699.77789488711
Angle 47,14593.0461655037,8699.2751559831
Angle 47,14624.1908934188,8698.67467966154
Angle 47,14655.3193609372,8697.97651684355
Angle 47,14686.431582833,8697.18071838945
Angle 47,14717.5275735409,8696.28733510192
Angle 47,14748.6073471564,8695.29641772908
Angle 47,14779.670917438,8694.20801696764
Angle 47,14810.7182978075,8693.02218346594
Angle 47,14841.7495013513,8691.73896782705
Angle 47,14872.7645408218,8690.35842061185
Angle 47,14903.7634286378,8688.88059234211
Angle 47,14934.7461768864,8687.30553350349
Angle 47,14965.7127973232,8685.63329454864
Angle 47,14996.6633013739,8683.86392590021
Angle 47,15027.5977001351,8681.99747795389
Angle 47,15058.5160043752,8680.03400108143
Angle 47,15089.4182245357,8677.97354563362
Angle 47,15120.3043707318,8675.81616194335
Angle 47,15151.1744527538,8673.56190032856
Angle 47,15182.0284800675,8671.21081109526
Angle 47,15212.8664618156,8668.76294454048
Angle 47,15243.6884068186,8666.21835095526
Angle 47,15274.4943235754,8663.57708062762
Angle 47,15305.2842202646,8660.83918384551
Angle 47,15336.058104745,8658.00471089977
Angle 47,15366.815984557,8655.07371208707
Angle 47,15397.557866923,8652.04623771283
Angle 47,15428.2837587485,8648.92233809421
Angle 47,15458.9936666229,8645.70206356295
Angle 47,15489.6875968203,8642.38546446837
Angle 47,15520.3655553007,8638.97259118024
Angle 47,15551.0275477101,8635.46349409169
Angle 47,15581.6735793822,8631.85822362211
Angle 47,15612.3036553383,8628.15683022007
Angle 47,15642.917780289,8624.35936436618
Angle 47,15673.5159586342,8620.46587657601
Angle 47,15704.0981944645,8616.47641740292
Angle 47,15734.6644915616,8612.39103744098
Angle 47,15765.214853399,8608.2097873278
Angle 47,15795.7492831433,8603.93271774745
Angle 47,15826.2677836541,8599.55987943324
Angle 47,15856.7703574855,8595.09132317067
Angle 47,15887.2570068865,8590.52709980019
Angle 47,15917.7277338016,8585.86726022011
Angle 47,15948.1825398719,8581.1118553894
Angle 47,15978.6214264351,8576.26093633057
Angle 47,16009.0443945271,8571.31455413245
Angle 47,16039.451444882,8566.27275995307
Angle 47,16069.842577933,8561.13560502246
Angle 47,16100.217793813,8555.90314064547
Angle 47,16130.5770923556,8550.57541820461
Angle 47,16160.920473095,8545.15248916283
Angle 47,16191.2479352674,8539.63440506636
Angle 47,16221.5594778115,8534.02121754753
Angle 47,16251.8550993686,8528.31297832752
Angle 47,16282.1347982837,8522.50973921923
Angle 47,16312.3985726061,8516.61155213003
Angle 47,16342.6464200899,8510.61846906459
Angle 47,16372.8783381944,8504.53054212762
Angle 47,16403.094324085,8498.34782352676
Angle 47,16433.2943746336,8492.07036557525
Angle 47,16463.4784864194,8485.69822069481
Angle 47,16493.6466557291,8479.23144141838
Angle 47,16523.7988785577,8472.6700803929
Angle 47,16553.9351506089,8466.01419038212
Angle 47,16584.055467296,8459.26382426935
Angle 47,16614.1598237419,8452.41903506024
Angle 47,16644.2482147801,8445.47987588556
Angle 47,16674.320634955,8438.44640000398
Angle 47,16704.3770785222,8431.31866080483
Angle 47,16734.4175394497,8424.09671181087
Angle 47,16764.4420114175,8416.78060668105
Angle 47,16794.4504878189,8409.37039921332
Angle 47,16824.4429617604,8401.86614334733
Angle 47,16854.4194260625,8394.26789316724
Angle 47,16884.3798732602,8386.57570290447
Angle 47,16914.3242956032,8378.78962694048
Angle 47,16944.2526850566,8370.90971980949
Angle 47,16974.1650333014,8362.93603620129
Angle 47,17004.0613317346,8354.86863096396
Angle 47,17033.94157147,8346.70755910666
Angle 47,17063.8057433385,8338.45287580236
Angle 47,17093.6538378886,8330.10463639065
Angle 47,17123.4858453868,8321.66289638043
Angle 47,17153.3017558179,8313.12771145272
Angle 47,17183.1015588854,8304.49913746341
Angle 47,17212.8852440123,8295.77723044598
Angle 47,17242.6528003411,8286.96204661433
Angle 47,17272.4042167342,8278.05364236546
Angle 47,17302.1394817746,8269.0520742823
Angle 47,17331.8585837659,8259.9573991364
Angle 47,17361.561510733,8250.76967389076
Angle 47,17391.2482504223,8241.48895570253
Angle 47,17420.9187903022,8232.11530192581
Angle 47,17450.5731175633,8222.64877011439
Angle 47,17480.2112191188,8213.08941802452
Angle 47,17509.833081605,8203.43730361767
Angle 47,17539.4386913814,8193.69248506329
Angle 47,17569.0280345314,8183.85502074159
Angle 47,17598.6010968622,8173.92496924629
Angle 47,17628.1578639055,8163.90238938738
Angle 47,17657.6983209176,8153.78734019392
Angle 47,17687.2224528799,8143.57988091677
Angle 47,17716.7302444989,8133.28007103137
Angle 47,17746.2216802071,8122.88797024056
Angle 47,17775.6967441625,8112.40363847725
Angle 47,17805.1554202497,8101.82713590732
Angle 47,17834.5976920797,8091.15852293228
Angle 47,17864.0235429904,8080.39786019214
Angle 47,17893.4329560467,8069.54520856811
Angle 47,17922.8259140411,8058.60062918547
Angle 47,17952.2023994935,8047.56418341627
Angle 47,17981.5623946522,8036.43593288215
Angle 47,18010.9058814934,8025.21593945714
Angle 47,18040.2328417219,8013.90426527043
Angle 47,18069.5432567712,8002.50097270917
Angle 47,18098.837107804,7991.00612442126
Angle 47,18128.1143757121,7979.41978331814
Angle 47,18157.3750411171,7967.7420125776
Angle 47,18186.6190843699,7955.97287564657
Angle 47,18215.846485552,7944.11243624395
Angle 47,18245.0572244748,7932.16075836336
Angle 47,18274.2512806802,7920.117906276
Angle 47,18303.4286334409,7907.98394453345
Angle 47,18332.5892617606,7895.75893797045
Angle 47,18361.7331443741,7883.44295170777
Angle 47,18390.8602597476,7871.03605115498
Angle 47,18419.970586079,7858.5383020133
Angle 47,18449.0641012978,7845.94977027843
Angle 47,18478.1407830658,7833.27052224333
Angle 47,18507.2006087768,7820.50062450112
Angle 47,18536.2435555571,7807.64014394786
Angle 47,18565.2696002658,7794.68914778542
Angle 47,18594.2787194946,7781.64770352428
Angle 47,18623.2708895683,7768.51587898643
Angle 47,18652.246086545,7755.29374230817
Angle 47,18681.2042862159,7741.98136194297
Angle 47,18710.1454641062,7728.57880666434
Angle 47,18739.0695954745,7715.08614556866
Angle 47,18767.9766553134,7701.50344807808
Angle 47,18796.8666183497,7687.83078394334
Angle 47,18825.7394590444,7674.06822324666
Angle 47,18854.5951515929,7660.2158364046
Angle 47,18883.4336699253,7646.27369417095
Angle 47,18912.2549877064,7632.24186763961
Angle 47,18941.0590783358,7618.12042824744
Angle 47,18969.8459149484,7603.90944777717
Angle 47,18998.6154704142,7589.60899836029
Angle 47,19027.3677173385,7575.21915247994
Angle 47,19056.1026280623,7560.73998297382
Angle 47,19084.8201746621,7546.17156303704
Angle 47,19113.5203289503,7531.5139662251
Angle 47,19142.2030624754,7516.76726645673
Angle 47,19170.8683465216,7501.93153801686
Angle 47,19199.5161521098,7487.00685555948
Angle 47,19228.1464499969,7471.99329411063
Angle 47,19256.7592106765,7456.89092907124
Angle 47,19285.3544043788,7441.69983622013
Angle 47,19313.9320010706,7426.42009171693
Angle 47,19342.4919704559,7411.05177210498
Angle 47,19371.0342819754,7395.59495431431
Angle 47,19399.5589048071,7380.04971566456
Angle 47,19428.0658078662,7364.41613386797
Angle 47,19456.5549598053,7348.69428703226
Angle 47,19485.0263290144,7332.88425366369
Angle 47,19513.4798836214,7316.98611266992
Angle 47,19541.9155914916,7300.99994336305
Angle 47,19570.3334202282,7284.92582546256
Angle 47,19598.7333371726,7268.76383909828
Angle 47,19627.115309404,7252.51406481341
Angle 47,19655.4793037398,7236.17658356744
Angle 47,19683.8252867359,7219.75147673919
Angle 47,19712.1532246864,7203.2388261298
Angle 47,19740.4630836239,7186.63871396568
Angle 47,19768.7548293198,7169.95122290157
Angle 47,19797.0284272841,7153.17643602353
Angle 47,19825.2838427655,7136.3144368519
Angle 47,19853.5210407518,7119.36530934441
Angle 47,19881.7399859698,7102.3291378991
Angle 47,19909.9406428855,7085.20600735742
Angle 47,19938.122975704,7067.9960030072
Angle 47,19966.2869483698,7050.69921058573
Angle 47,19994.4325245669,7033.31571628275
Angle 47,20022.5596677188,7015.84560674355
Angle 47,20050.6683409887,6998.28896907195
Angle 47,20078.7585072795,6980.64589083338
Angle 47,20106.8301292339,6962.91646005795
Angle 47,20134.8831692348,6945.10076524348
Angle 47,20162.917589405,6927.19889535857
Angle 47,20190.9333516074,6909.21093984568
Angle 47,20218.9304174453,6891.13698862417
Angle 47,20246.9087482623,6872.97713209341
Angle 47,20274.8683051426,6854.73146113584
Angle 47,20302.8090489109,6836.40006712003
Angle 47,20330.7309401325,6817.98304190384
Angle 47,20358.6339391137,6799.48047783741
Angle 47,20386.5180059016,6780.89246776634
Angle 47,20414.3831002844,6762.21910503474
Angle 47,20442.2291817912,6743.46048348836
Angle 47,20470.0562096925,6724.61669747769
Angle 47,20497.8641430003,6705.68784186104
Angle 47,20525.6529404678,6686.67401200771
Angle 47,20553.42256059,6667.57530380106
Angle 47,20581.1729616033,6648.39181364165
Angle 47,20608.9041014863,6629.12363845037
Angle 47,20636.6159379592,6609.77087567157
Angle 47,20664.3084284845,6590.33362327618
Angle 47,20691.9815302667,6570.81197976486
Angle 47,20719.6352002526,6551.20604417111
Angle 47,20747.2693951317,6531.51591606446
Angle 47,20774.8840713357,6511.74169555359
Angle 47,20802.4791850393,6491.88348328946
Angle 47,20830.0546921598,6471.94138046852
Angle 47,20857.6105483575,6451.91548883578
Angle 47,20885.1467090359,6431.80591068806
Angle 47,20912.6631293418,6411.61274887708
Angle 47,20940.1597641652,6391.33610681268
Angle 47,20967.6365681397,6370.97608846594
Angle 47,20995.0934956427,6350.53279837238
Angle 47,21022.5305007952,6330.00634163512
Angle 47,21049.9475374625,6309.39682392806
Angle 47,21077.3445592539,6288.70435149906
Angle 47,21104.721519523,6267.9290311731
Angle 47,21132.0783713678,6247.07097035549
Angle 47,21159.4150676313,6226.13027703505
Angle 47,21186.7315609009,6205.10705978728
Angle 47,21214.0278035093,6184.00142777755
Angle 47,21241.3037475343,6162.81349076429
Angle 47,21268.5593447991,6141.54335910222
Angle 47,21295.7945468724,6120.19114374548
Angle 47,21323.0093050687,6098.75695625087
Angle 47,21350.2035704485,6077.24090878103
Angle 47,21377.3772938184,6055.64311410764
Angle 47,21404.5304257314,6033.96368561462
Angle 47,21431.6629164871,6012.20273730133
Angle 47,21458.7747161319,5990.36038378576
Angle 47,21485.8657744591,5968.43674030775
Angle 47,21512.9360410094,5946.43192273217
Angle 47,21539.9854650709,5924.34604755215
Angle 47,21567.0139956795,5902.17923189225
Angle 47,21594.0215816189,5879.93159351169
Angle 47,21621.0081714211,5857.60325080753
Angle 47,21647.9737133667,5835.19432281791
Angle 47,21674.9181554847,5812.70492922519
Angle 47,21701.8414455534,5790.13519035922
Angle 47,21728.7435311001,5767.4852272005
Angle 47,21755.624359402,5744.75516138338
Angle 47,21782.4838774856,5721.94511519928
Angle 47,21809.322032128,5699.05521159989
Angle 47,21836.1387698564,5676.08557420034
Angle 47,21862.9340369489,5653.03632728242
Angle 47,21889.7077794345,5629.90759579775
Angle 47,21916.4599430935,5606.69950537102
Angle 47,21943.190473458,5583.41218230312
Angle 47,21969.8993158121,5560.04575357437
Angle 47,21996.5864151921,5536.6003468477
Angle 47,22023.251716387,5513.07609047181
Angle 47,22049.8951639389,5489.47311348437
Angle 47,22076.5167021434,5465.79154561522
Angle 47,22103.1162750495,5442.03151728948
Angle 47,22129.6938264608,5418.19315963079
Angle 47,22156.2492999351,5394.27660446443
Angle 47,22182.7826387853,5370.28198432052
Angle 47,22209.2937860794,5346.20943243712
Angle 47,22235.7826846415,5322.05908276348
Angle 47,22262.2492770514,5297.83106996309
Angle 47,22288.6935056459,5273.5255294169
Angle 47,22315.1153125185,5249.14259722642
Angle 47,22341.5146395204,5224.68241021687
Angle 47,22367.8914282606,5200.14510594032
Angle 47,22394.2456201064,5175.53082267878
Angle 47,22420.5771561841,5150.83969944736
Angle 47,22446.8859773793,5126.07187599736
Angle 47,22473.1720243375,5101.22749281938
Angle 47,22499.4352374643,5076.30669114643
Angle 47,22525.6755569265,5051.309612957
Angle 47,22551.8929226519,5026.23640097816
Angle 47,22578.0872743305,5001.08719868862
Angle 47,22604.2585514147,4975.86215032185
Angle 47,22630.4066931197,4950.56140086907
Angle 47,22656.5316384246,4925.18509608235
Angle 47,22682.6333260724,4899.73338247766
Angle 47,22708.711694571,4874.20640733786
Angle 47,22734.7666821935,4848.60431871578
Angle 47,22760.798226979,4822.9272654372
Angle 47,22786.8062667332,4797.17539710385
Angle 47,22812.790739029,4771.34886409647
Angle 47,22838.7515812072,4745.44781757771
Angle 47,22864.6887303771,4719.47240949517
Angle 47,22890.602123417,4693.42279258432
Angle 47,22916.4916969753,4667.2991203715
Angle 47,22942.3573874709,4641.10154717681
Angle 47,22968.1991310938,4614.83022811706
Angle 47,22994.0168638063,4588.48531910873
Angle 47,23019.8105213431,4562.06697687078
Angle 47,23045.5800392126,4535.57535892763
Angle 47,23071.3253526973,4509.01062361198
Angle 47,23097.0463968548,4482.3729300677
Angle 47,23122.7431065184,4455.66243825269
Angle 47,23148.4154162981,4428.87930894166
Angle 47,23174.063260581,4402.02370372901
Angle 47,23199.6865735329,4375.09578503161
Angle 47,23225.2852890983,4348.09571609157
Angle 47,23250.8593410018,4321.02366097906
Angle 47,23276.4086627488,4293.879784595
Angle 47,23301.9331876263,4266.66425267387
Angle 47,23327.4328487041,4239.37723178637
Angle 47,23352.9075788351,4212.01888934216
Angle 47,23378.3573106571,4184.58939359255
Angle 47,23403.7819765931,4157.08891363313
Angle 47,23429.1815088523,4129.51761940646
Angle 47,23454.5558394314,4101.87568170469
Angle 47,23479.9049001154,4074.16327217213
Angle 47,23505.2286224786,4046.38056330791
Angle 47,23530.5269378857,4018.5277284685
Angle 47,23555.7997774928,3990.60494187026
Angle 47,23581.0470722482,3962.61237859199
Angle 47,23606.2687528942,3934.55021457741
Angle 47,23631.4647499673,3906.41862663768
Angle 47,23656.6349937999,3878.21779245381
Angle 47,23681.7794145214,3849.94789057914
Angle 47,23706.8979420589,3821.60910044172
Angle 47,23731.9905061388,3793.20160234673
Angle 47,23757.057036288,3764.72557747884
Angle 47,23782.0974618346,3736.18120790451
Angle 47,23807.1117119098,3707.56867657437
Angle 47,23832.0997154485,3678.88816732545
Angle 47,23857.0614011909,3650.13986488348
Angle 47,23881.9966976838,3621.3239548651
Angle 47,23906.9055332817,3592.4406237801
Angle 47,23931.7878361481,3563.49005903355
Angle 47,23956.6435342571,3534.47244892801
Angle 47,23981.4725553944,3505.38798266561
Angle 47,24006.2748271589,3476.23685035017
Angle 47,24031.050276964,3447.01924298922
Angle 47,24055.7988320388,3417.7353524961
Angle 47,24080.5204194301,3388.38537169192
Angle 47,24105.214966003,3358.96949430753
Angle 47,24129.8823984432,3329.48791498546
Angle 47,24154.5226432579,3299.94082928185
Angle 47,24179.1356267775,3270.32843366831
Angle 47,24203.7212751572,3240.65092553374
Angle 47,24228.2795143783,3210.90850318618
Angle 47,24252.8102702501,3181.10136585452
Angle 47,24277.3134684111,3151.22971369032
Angle 47,24301.7890343311,3121.29374776942
Angle 47,24326.2368933122,3091.29367009367
Angle 47,24350.6569704909,3061.22968359253
Angle 47,24375.0491908396,3031.10199212468
Angle 47,24399.4134791685,3000.91080047955
Angle 47,24423.7497601268,2970.65631437884
Angle 47,24448.057958205,2940.338740478
Angle 47,24472.3379977364,2909.95828636767
Angle 47,24496.5898028989,2879.51516057508
Angle 47,24520.8132977165,2849.00957256539
Angle 47,24545.0084060619,2818.44173274301
Angle 47,24569.1750516574,2787.81185245287
Angle 47,24593.3131580774,2757.12014398166
Angle 47,24617.4226487501,2726.36682055899
Angle 47,24641.5034469593,2695.55209635859
Angle 47,24665.5554758467,2664.67618649933
Angle 47,24689.5786584132,2633.73930704635
Angle 47,24713.5729175216,2602.74167501201
Angle 47,24737.538175898,2571.68350835688
Angle 47,24761.4743561344,2540.56502599068
Angle 47,24785.3813806902,2509.38644777309
Angle 47,24809.2591718945,2478.14799451461
Angle 47,24833.1076519485,2446.84988797735
Angle 47,24856.9267429269,2415.49235087571
Angle 47,24880.7163667808,2384.07560687708
Angle 47,24904.4764453394,2352.59988060247
Angle 47,24928.2069003125,2321.06539762706
Angle 47,24951.9076532922,2289.47238448076
Angle 47,24975.5786257558,2257.82106864864
Angle 47,24999.2197390676,2226.11167857137
Angle 47,25022.8309144814,2194.34444364557
Angle 47,25046.4120731427,2162.51959422415
Angle 47,25069.9631360912,2130.63736161653
Angle 47,25093.4840242628,2098.69797808887
Angle 47,25116.9746584925,2066.7016768642
Angle 47,25140.4349595164,2034.64869212251
Angle 47,25163.8648479743,2002.53925900079
Angle 47,25187.2642444123,1970.37361359299
Angle 47,25210.6330692849,1938.15199294996
Angle 47,25233.9712429579,1905.8746350793
Angle 47,25257.2786857108,1873.54177894512
Angle 47,25280.5553177392,1841.15366446785
Angle 47,25303.8010591576,1808.71053252386
Angle 47,25327.0158300021,1776.21262494509
Angle 47,25350.1995502327,1743.66018451863
Angle 47,25373.3521397363,1711.05345498618
Angle 47,25396.4735183291,1678.39268104348
Angle 47,25419.5636057596,1645.67810833971
Angle 47,25442.6223217111,1612.90998347676
Angle 47,25465.6495858045,1580.08855400846
Angle 47,25488.6453176015,1547.21406843979
Angle 47,25511.6094366067,1514.28677622592
Angle 47,25534.5418622711,1481.30692777132
Angle 47,25557.4425139945,1448.27477442868
Angle 47,25580.3113111286,1415.19056849783
Angle 47,25603.1481729802,1382.05456322457
Angle 47,25625.9530188136,1348.86701279944
Angle 47,25648.7257678538,1315.62817235638
Angle 47,25671.4663392897,1282.33829797143
Angle 47,25694.174652277,1248.99764666119
Angle 47,25716.8506259411,1215.60647638137
Angle 47,25739.4941793802,1182.16504602517
Angle 47,25762.1052316687,1148.67361542163
Angle 47,25784.6837018601,1115.13244533385
Angle 47,25807.2295089901,1081.54179745725
Angle 47,25829.7425720798,1047.90193441763
Angle 47,25852.2228101391,1014.21311976922
Angle 47,25874.6701421699,980.475617992655
Angle 47,25897.084487169,946.689694492855
Angle 47,25919.4657641317,912.855615596832
Angle 47,25941.8138920553,878.973648551428
Angle 47,25964.1287899418,845.044061520969
Angle 47,25986.410376802,811.067123584836
Angle 47,26008.6585716583,777.04310473497
Angle 47,26030.8732935484,742.972275873287
Angle 47,26053.0544615288,708.85490880901
Angle 47,26075.2019946779,674.691276255937
Angle 47,26097.3158121,640.481651829606
Angle 47,26119.3958329283,606.226310044397
Angle 47,26141.4419763287,571.925526310538
Angle 47,26163.4541615036,537.579576931041
Angle 47,26185.4323076948,503.188739098541
Angle 47,26207.3763341879,468.753290892064
Angle 47,26229.2861603154,434.273511273703
Angle 47,26251.1617054605,399.749680085212
Angle 47,26273.0028890608,365.182078044514
Angle 47,26294.8096306121,330.570986742125
Angle 47,26316.581849672,295.916688637493
Angle 47,26338.3194658637,261.219467055243
Angle 47,26360.0223988797,226.479606181346
Angle 47,26381.6905684859,191.697391059193
Angle 47,26403.3238945249,156.873107585585
Angle 47,26424.9222969205,122.007042506631
Angle 47,26446.4856956809,87.099483413564
Angle 47,26468.0140109031,52.150718738459
Angle 47,26489.5071627767,17.1610377498705
Angle 47,26500.0192025661,0
Angle 48,0,0
Angle 48,46.7079928462737,51.776481397624
Angle 48,93.2863783136506,103.311291152912
Angle 48,139.736671326739,154.606378085551
Angle 48,186.060360161317,205.663655946569
Angle 48,232.258907071567,256.485004247933
Angle 48,278.333748898726,307.072269067566
Angle 48,324.286297661812,357.427263830647
Angle 48,370.11794113107,407.551770068031
Angle 48,415.830043384728,457.447538152616
Angle 48,461.423945349672,507.1162880144
Angle 48,506.900965326575,556.559709834997
Angle 48,552.262399500039,605.779464722297
Angle 48,597.509522434243,654.777185365978
Angle 48,642.643587554616,703.5544766745
Angle 48,687.665827615992,752.112916394233
Angle 48,732.577455157704,800.454055711298
Angle 48,777.379662946074,848.579419836728
Angle 48,822.073624404693,896.490508575483
Angle 48,866.660494032915,944.188796879863
Angle 48,911.14140781295,991.675735387846
Angle 48,955.517483605921,1038.95275094682
Angle 48,999.789821537264,1086.0212471232
Angle 48,1043.95950437179,1132.88260469842
Angle 48,1088.02759787875,1179.53818215165
Angle 48,1131.9951511873,1225.98931612975
Angle 48,1175.86319713245,1272.23732190488
Angle 48,1219.63275259216,1318.28349382004
Angle 48,1263.30481881543,1364.12910572303
Angle 48,1306.88038174209,1409.77541138918
Angle 48,1350.36041231422,1455.22364493318
Angle 48,1393.7458667796,1500.47502121029
Angle 48,1437.03768698753,1545.53073620739
Angle 48,1480.23680067698,1590.39196742408
Angle 48,1523.34412175764,1635.05987424414
Angle 48,1566.36055058377,1679.5355982977
Angle 48,1609.28697422136,1723.82026381436
Angle 48,1652.12426670851,1767.91497796752
Angle 48,1694.87328930952,1811.82083121019
Angle 48,1737.53489076262,1855.53889760262
Angle 48,1780.10990752172,1899.07023513181
Angle 48,1822.59916399223,1942.41588602331
Angle 48,1865.00347276123,1985.57687704548
Angle 48,1907.32363482204,2028.55421980637
Angle 48,1949.56043979344,2071.34891104353
Angle 48,1991.71466613368,2113.96193290689
Angle 48,2033.78708134938,2156.39425323493
Angle 48,2075.77844219955,2198.64682582434
Angle 48,2117.68949489472,2240.72059069331
Angle 48,2159.52097529156,2282.61647433872
Angle 48,2201.27360908285,2324.33538998729
Angle 48,2242.94811198314,2365.87823784096
Angle 48,2284.54518991006,2407.24590531658
Angle 48,2326.06553916154,2448.43926728015
Angle 48,2367.50984658897,2489.45918627564
Angle 48,2408.87878976637,2530.30651274872
Angle 48,2450.17303715587,2570.98208526531
Angle 48,2491.39324826931,2611.48673072533
Angle 48,2532.54007382635,2651.82126457157
Angle 48,2573.61415590901,2691.98649099396
Angle 48,2614.61612811273,2731.9832031293
Angle 48,2655.54661569424,2771.81218325656
Angle 48,2696.406235716,2811.4742029879
Angle 48,2737.19559718765,2850.97002345553
Angle 48,2777.91530120424,2890.30039549446
Angle 48,2818.56594108157,2929.4660598213
Angle 48,2859.14810248856,2968.46774720926
Angle 48,2899.66236357677,3007.30617865927
Angle 48,2940.10929510721,3045.98206556757
Angle 48,2980.48946057433,3084.49610988965
Angle 48,3020.80341632756,3122.84900430073
Angle 48,3061.05171169009,3161.04143235284
Angle 48,3101.23488907534,3199.07406862868
Angle 48,3141.35348410084,3236.94757889215
Angle 48,3181.40802569984,3274.66262023579
Angle 48,3221.39903623054,3312.21984122519
Angle 48,3261.32703158314,3349.61988204039
Angle 48,3301.19252128462,3386.86337461437
Angle 48,3340.99600860138,3423.95094276872
Angle 48,3380.73799063987,3460.88320234651
Angle 48,3420.41895844506,3497.66076134253
Angle 48,3460.03939709698,3534.28422003082
Angle 48,3499.59978580536,3570.75417108968
Angle 48,3539.10059800229,3607.07119972417
Angle 48,3578.54230143306,3643.23588378614
Angle 48,3617.92535824526,3679.24879389192
Angle 48,3657.25022507597,3715.11049353762
Angle 48,3696.5173531374,3750.82153921222
Angle 48,3735.72718830073,3786.38248050837
Angle 48,3774.88017117836,3821.79386023111
Angle 48,3813.97673720453,3857.05621450438
Angle 48,3853.01731671443,3892.17007287552
Angle 48,3892.00233502172,3927.13595841777
Angle 48,3930.93221249456,3961.95438783073
Angle 48,3969.80736463027,3996.62587153896
Angle 48,4008.62820212844,4031.15091378865
Angle 48,4047.39513096276,4065.53001274249
Angle 48,4086.10855245138,4099.76366057271
Angle 48,4124.76886332608,4133.85234355242
Angle 48,4163.37645579998,4167.79654214513
Angle 48,4201.93171763414,4201.59673109275
Angle 48,4240.43503220278,4235.25337950176
Angle 48,4278.88677855741,4268.76695092799
Angle 48,4317.28733148966,4302.13790345962
Angle 48,4355.63706159302,4335.36668979882
Angle 48,4393.93633532346,4368.45375734181
Angle 48,4432.18551505889,4401.39954825746
Angle 48,4470.38495915753,4434.20449956447
Angle 48,4508.53502201531,4466.86904320718
Angle 48,4546.6360541221,4499.39360612993
Angle 48,4584.68840211706,4531.77861035016
Angle 48,4622.69240884287,4564.02447303017
Angle 48,4660.64841339908,4596.13160654759
Angle 48,4698.55675119449,4628.1004185646
Angle 48,4736.41775399855,4659.9313120959
Angle 48,4774.23174999192,4691.62468557555
Angle 48,4811.99906381607,4723.18093292254
Angle 48,4849.7200166221,4754.60044360528
Angle 48,4887.39492611858,4785.88360270492
Angle 48,4925.02410661866,4817.03079097759
Angle 48,4962.60786908633,4848.04238491554
Angle 48,5000.14652118184,4878.91875680727
Angle 48,5037.64036730638,4909.66027479655
Angle 48,5075.089708646,4940.26730294049
Angle 48,5112.49484321472,4970.74020126658
Angle 48,5149.85606589695,5001.07932582878
Angle 48,5187.17366848919,5031.28502876265
Angle 48,5224.44793974095,5061.35765833953
Angle 48,5261.67916539513,5091.29755901983
Angle 48,5298.86762822752,5121.10507150543
Angle 48,5336.01360808582,5150.78053279115
Angle 48,5373.11738192786,5180.32427621545
Angle 48,5410.1792238593,5209.73663151018
Angle 48,5447.19940517061,5239.01792484963
Angle 48,5484.17819437351,5268.16847889863
Angle 48,5521.11585723675,5297.18861285998
Angle 48,5558.01265682133,5326.07864252103
Angle 48,5594.86885351513,5354.83888029954
Angle 48,5631.68470506701,5383.46963528874
Angle 48,5668.46046662027,5411.97121330174
Angle 48,5705.19639074567,5440.34391691513
Angle 48,5741.89272747383,5468.58804551195
Angle 48,5778.54972432715,5496.70389532394
Angle 48,5815.1676263512,5524.6917594731
Angle 48,5851.74667614564,5552.55192801261
Angle 48,5888.28711389455,5580.2846879671
Angle 48,5924.78917739642,5607.89032337227
Angle 48,5961.25310209354,5635.36911531386
Angle 48,5997.67912110095,5662.72134196608
Angle 48,6034.06746523502,5689.94727862935
Angle 48,6070.41836304142,5717.04719776753
Angle 48,6106.73204082283,5744.02136904448
Angle 48,6143.00872266606,5770.87005936016
Angle 48,6179.24863046884,5797.59353288605
Angle 48,6215.45198396617,5824.19205110015
Angle 48,6251.61900075624,5850.66587282135
Angle 48,6287.74989632597,5877.01525424328
Angle 48,6323.84488407616,5903.24044896769
Angle 48,6359.90417534623,5929.34170803731
Angle 48,6395.92797943862,5955.31927996818
Angle 48,6431.91650364274,5981.17341078147
Angle 48,6467.86995325866,6006.90434403494
Angle 48,6503.78853162035,6032.51232085379
Angle 48,6539.67244011861,6057.99757996109
Angle 48,6575.52187822366,6083.36035770782
Angle 48,6611.33704350734,6108.60088810237
Angle 48,6647.11813166506,6133.71940283968
Angle 48,6682.86533653731,6158.71613132986
Angle 48,6718.57885013097,6183.5913007265
Angle 48,6754.25886264019,6208.34513595446
Angle 48,6789.90556246706,6232.97785973733
Angle 48,6825.51913624187,6257.48969262443
Angle 48,6861.09976884317,6281.88085301746
Angle 48,6896.64764341747,6306.15155719674
Angle 48,6932.16294139865,6330.3020193471
Angle 48,6967.64584252715,6354.33245158333
Angle 48,7003.09652486878,6378.24306397536
Angle 48,7038.51516483334,6402.03406457298
Angle 48,7073.90193719295,6425.70565943032
Angle 48,7109.25701510004,6449.25805262983
Angle 48,7144.58057010523,6472.69144630609
Angle 48,7179.87277217476,6496.00604066914
Angle 48,7215.13378970785,6519.20203402759
Angle 48,7250.36378955372,6542.27962281131
Angle 48,7285.56293702832,6565.2390015939
Angle 48,7320.73139593096,6588.08036311475
Angle 48,7355.86932856055,6610.80389830085
Angle 48,7390.97689573172,6633.40979628832
Angle 48,7426.05425679066,6655.89824444355
Angle 48,7461.10156963074,6678.26942838415
Angle 48,7496.11899070793,6700.52353199957
Angle 48,7531.10667505597,6722.6607374714
Angle 48,7566.06477630138,6744.68122529346
Angle 48,7600.99344667817,6766.5851742916
Angle 48,7635.89283704244,6788.37276164316
Angle 48,7670.76309688674,6810.04416289628
Angle 48,7705.60437435418,6831.59955198887
Angle 48,7740.41681625246,6853.03910126736
Angle 48,7775.20056806756,6874.36298150516
Angle 48,7809.95577397736,6895.57136192096
Angle 48,7844.68257686503,6916.66441019664
Angle 48,7879.38111833222,6937.64229249512
Angle 48,7914.05153871206,6958.50517347783
Angle 48,7948.69397708207,6979.25321632202
Angle 48,7983.30857127674,6999.88658273782
Angle 48,8017.89545790012,7020.4054329851
Angle 48,8052.45477233806,7040.80992589006
Angle 48,8086.98664877043,7061.10021886169
Angle 48,8121.49122018308,7081.27646790791
Angle 48,8155.96861837968,7101.33882765159
Angle 48,8190.4189739934,7121.2874513463
Angle 48,8224.8424164984,7141.12249089192
Angle 48,8259.23907422123,7160.84409684999
Angle 48,8293.60907435201,7180.4524184589
Angle 48,8327.95254295547,7199.94760364889
Angle 48,8362.2696049819,7219.32979905683
Angle 48,8396.5603842779,7238.59915004083
Angle 48,8430.82500359698,7257.75580069467
Angle 48,8465.06358461008,7276.79989386207
Angle 48,8499.27624791587,7295.73157115071
Angle 48,8533.46311305099,7314.55097294616
Angle 48,8567.62429850009,7333.2582384256
Angle 48,8601.75992170578,7351.85350557134
Angle 48,8635.87009907846,7370.33691118422
Angle 48,8669.95494600596,7388.70859089683
Angle 48,8704.01457686311,7406.96867918658
Angle 48,8738.04910502117,7425.11730938855
Angle 48,8772.05864285713,7443.15461370827
Angle 48,8806.04330176289,7461.08072323431
Angle 48,8840.00319215433,7478.89576795067
Angle 48,8873.93842348024,7496.5998767491
Angle 48,8907.84910423118,7514.19317744122
Angle 48,8941.73534194815,7531.67579677051
Angle 48,8975.59724323126,7549.04786042417
Angle 48,9009.43491374814,7566.30949304481
Angle 48,9043.2484582424,7583.46081824201
Angle 48,9077.03798054186,7600.50195860378
Angle 48,9110.80358356673,7617.43303570784
Angle 48,9144.54536933768,7634.25417013276
Angle 48,9178.26343898381,7650.96548146905
Angle 48,9211.95789275048,7667.56708833003
Angle 48,9245.6288300071,7684.05910836258
Angle 48,9279.2763492548,7700.44165825786
Angle 48,9312.90054813396,7716.7148537618
Angle 48,9346.50152343169,7732.87880968552
Angle 48,9380.07937108923,7748.93363991561
Angle 48,9413.63418620921,7764.87945742433
Angle 48,9447.16606306284,7780.71637427967
Angle 48,9480.67509509701,7796.44450165525
Angle 48,9514.16137494129,7812.06394984021
Angle 48,9547.62499441489,7827.57482824891
Angle 48,9581.06604453344,7842.97724543054
Angle 48,9614.4846155158,7858.27130907865
Angle 48,9647.88079679068,7873.45712604052
Angle 48,9681.25467700321,7888.53480232648
Angle 48,9714.6063440215,7903.50444311913
Angle 48,9747.93588494302,7918.36615278237
Angle 48,9781.24338610093,7933.12003487047
Angle 48,9814.52893307035,7947.76619213692
Angle 48,9847.79261067458,7962.30472654327
Angle 48,9881.03450299115,7976.73573926781
Angle 48,9914.25469335787,7991.05933071417
Angle 48,9947.45326437881,8005.2756005199
Angle 48,9980.63029793015,8019.38464756486
Angle 48,10013.785875166,8033.38656997955
Angle 48,10046.9200765242,8047.28146515342
Angle 48,10080.0329817319,8061.06942974296
Angle 48,10113.1246698112,8074.75055967986
Angle 48,10146.1952190846,8088.32495017896
Angle 48,10179.2447071806,8101.79269574617
Angle 48,10212.2732110392,8115.15389018633
Angle 48,10245.2808069166,8128.40862661092
Angle 48,10278.2675703916,8141.55699744576
Angle 48,10311.2335763694,8154.59909443863
Angle 48,10344.1788990881,8167.53500866672
Angle 48,10377.1036121228,8180.36483054413
Angle 48,10410.007788391,8193.08864982921
Angle 48,10442.8915001575,8205.70655563188
Angle 48,10475.7548190395,8218.21863642079
Angle 48,10508.597816011,8230.62498003056
Angle 48,10541.4205614079,8242.92567366876
Angle 48,10574.2231249327,8255.120803923
Angle 48,10607.005575659,8267.21045676782
Angle 48,10639.7679820362,8279.19471757158
Angle 48,10672.5104118942,8291.07367110328
Angle 48,10705.2329324474,8302.84740153925
Angle 48,10737.9356102999,8314.51599246989
Angle 48,10770.6185114493,8326.07952690624
Angle 48,10803.281701291,8337.53808728655
Angle 48,10835.9252446229,8348.89175548274
Angle 48,10868.5492056495,8360.14061280686
Angle 48,10901.1536479858,8371.28474001743
Angle 48,10933.7386346618,8382.32421732577
Angle 48,10966.3042281262,8393.25912440221
Angle 48,10998.8504902509,8404.08954038232
Angle 48,11031.3774823344,8414.81554387304
Angle 48,11063.8852651065,8425.43721295873
Angle 48,11096.3738987314,8435.95462520722
Angle 48,11128.843442812,8446.36785767575
Angle 48,11161.2939563937,8456.67698691694
Angle 48,11193.7254979679,8466.88208898458
Angle 48,11226.138125476,8476.9832394395
Angle 48,11258.5318963128,8486.98051335531
Angle 48,11290.9068673303,8496.87398532407
Angle 48,11323.2630948414,8506.66372946203
Angle 48,11355.6006346229,8516.34981941517
Angle 48,11387.9195419197,8525.93232836478
Angle 48,11420.2198714476,8535.411329033
Angle 48,11452.5016773973,8544.78689368824
Angle 48,11484.7650134374,8554.05909415066
Angle 48,11517.0099327178,8563.22800179748
Angle 48,11549.236487873,8572.29368756838
Angle 48,11581.4447310254,8581.25622197071
Angle 48,11613.6347137885,8590.1156750848
Angle 48,11645.8064872701,8598.87211656911
Angle 48,11677.9601020752,8607.52561566542
Angle 48,11710.0956083097,8616.07624120394
Angle 48,11742.2130555828,8624.52406160836
Angle 48,11774.3124930103,8632.86914490091
Angle 48,11806.3939692177,8641.11155870733
Angle 48,11838.4575323431,8649.25137026187
Angle 48,11870.50323004,8657.28864641212
Angle 48,11902.5311094804,8665.223453624
Angle 48,11934.5412173573,8673.05585798649
Angle 48,11966.5335998882,8680.7859252165
Angle 48,11998.508302817,8688.41372066363
Angle 48,12030.4653714174,8695.93930931485
Angle 48,12062.4048504956,8703.36275579925
Angle 48,12094.3267843927,8710.68412439269
Angle 48,12126.2312169875,8717.90347902238
Angle 48,12158.118191699,8725.02088327154
Angle 48,12189.9877514895,8732.03640038387
Angle 48,12221.8399388665,8738.95009326817
Angle 48,12253.6747958856,8745.76202450274
Angle 48,12285.4923641531,8752.47225633992
Angle 48,12317.2926848282,8759.08085071044
Angle 48,12349.0757986257,8765.58786922789
Angle 48,12380.8417458183,8771.99337319301
Angle 48,12412.5905662389,8778.29742359811
Angle 48,12444.3222992832,8784.50008113129
Angle 48,12476.036983912,8790.60140618077
Angle 48,12507.7346586534,8796.60145883914
Angle 48,12539.415361605,8802.50029890752
Angle 48,12571.0791304365,8808.29798589983
Angle 48,12602.7260023915,8813.99457904689
Angle 48,12634.3560142902,8819.5901373006
Angle 48,12665.9692025312,8825.08471933801
Angle 48,12697.5656030936,8830.47838356542
Angle 48,12729.1452515397,8835.77118812244
Angle 48,12760.7081830163,8840.96319088603
Angle 48,12792.2544322576,8846.05444947447
Angle 48,12823.7840335865,8851.04502125136
Angle 48,12855.2970209174,8855.9349633296
Angle 48,12886.7934277573,8860.72433257529
Angle 48,12918.2732872089,8865.41318561162
Angle 48,12949.7366319714,8870.00157882282
Angle 48,12981.1834943434,8874.48956835795
Angle 48,13012.6139062243,8878.87721013478
Angle 48,13044.0278991164,8883.16455984361
Angle 48,13075.4255041265,8887.35167295103
Angle 48,13106.8067519682,8891.43860470371
Angle 48,13138.1716729633,8895.42541013217
Angle 48,13169.5202970441,8899.31214405448
Angle 48,13200.8526537546,8903.09886107998
Angle 48,13232.1687722527,8906.78561561297
Angle 48,13263.4686813117,8910.37246185638
Angle 48,13294.7524093225,8913.85945381541
Angle 48,13326.0199842945,8917.24664530117
Angle 48,13357.2714338582,8920.53408993428
Angle 48,13388.506785266,8923.72184114846
Angle 48,13419.7260653945,8926.80995219414
Angle 48,13450.929300746,8929.79847614193
Angle 48,13482.1165174498,8932.68746588625
Angle 48,13513.2877412642,8935.47697414878
Angle 48,13544.4429975778,8938.167053482
Angle 48,13575.5823114111,8940.75775627265
Angle 48,13606.7057074183,8943.24913474521
Angle 48,13637.8132098884,8945.64124096533
Angle 48,13668.904842747,8947.93412684332
Angle 48,13699.9806295577,8950.12784413747
Angle 48,13731.0405935237,8952.22244445755
Angle 48,13762.084757489,8954.21797926813
Angle 48,13793.11314394,8956.11449989199
Angle 48,13824.1257750068,8957.91205751343
Angle 48,13855.1226724649,8959.61070318168
Angle 48,13886.1038577362,8961.21048781413
Angle 48,13917.0693518907,8962.71146219974
Angle 48,13948.0191756477,8964.11367700228
Angle 48,13978.953349377,8965.4171827636
Angle 48,14009.8718931005,8966.62202990696
Angle 48,14040.7748264934,8967.72826874023
Angle 48,14071.6621688854,8968.73594945914
Angle 48,14102.5339392622,8969.64512215055
Angle 48,14133.3901562664,8970.45583679561
Angle 48,14164.2308381992,8971.16814327301
Angle 48,14195.0560030213,8971.78209136215
Angle 48,14225.8656683543,8972.29773074632
Angle 48,14256.6598514818,8972.71511101585
Angle 48,14287.4385693505,8973.03428167133
Angle 48,14318.2018385718,8973.25529212666
Angle 48,14348.9496754224,8973.37819171227
Angle 48,14379.682095846,8973.40302967817
Angle 48,14410.3991154538,8973.32985519713
Angle 48,14441.1007495265,8973.1587173677
Angle 48,14471.7870130144,8972.88966521738
Angle 48,14502.4579205393,8972.52274770564
Angle 48,14533.1134863953,8972.058013727
Angle 48,14563.7537245497,8971.49551211412
Angle 48,14594.3786486444,8970.83529164081
Angle 48,14624.9882719966,8970.07740102508
Angle 48,14655.5826076003,8969.22188893218
Angle 48,14686.1616681266,8968.26880397761
Angle 48,14716.7254659257,8967.21819473012
Angle 48,14747.2740130269,8966.07010971474
Angle 48,14777.8073211402,8964.82459741575
Angle 48,14808.3254016573,8963.48170627967
Angle 48,14838.828265652,8962.04148471823
Angle 48,14869.3159238819,8960.50398111136
Angle 48,14899.7883867889,8958.86924381011
Angle 48,14930.2456645001,8957.13732113962
Angle 48,14960.6877668289,8955.3082614021
Angle 48,14991.1147032759,8953.38211287969
Angle 48,15021.5264830298,8951.35892383745
Angle 48,15051.923114968,8949.23874252626
Angle 48,15082.304607658,8947.02161718571
Angle 48,15112.6709693578,8944.70759604706
Angle 48,15143.0222080171,8942.29672733608
Angle 48,15173.3583312778,8939.78905927598
Angle 48,15203.6793464752,8937.18464009029
Angle 48,15233.9852606387,8934.4835180057
Angle 48,15264.2760804923,8931.68574125502
Angle 48,15294.5518124559,8928.79135807994
Angle 48,15324.812462646,8925.80041673398
Angle 48,15355.058036876,8922.71296548529
Angle 48,15385.2885406578,8919.5290526195
Angle 48,15415.5039792017,8916.2487264426
Angle 48,15445.7043574179,8912.87203528375
Angle 48,15475.8896799167,8909.39902749811
Angle 48,15506.0599510097,8905.82975146968
Angle 48,15536.2151747101,8902.16425561409
Angle 48,15566.3553547338,8898.40258838148
Angle 48,15596.4804944998,8894.54479825923
Angle 48,15626.5905971313,8890.59093377484
Angle 48,15656.6856654557,8886.54104349867
Angle 48,15686.7657020063,8882.39517604679
Angle 48,15716.8307090219,8878.15338008373
Angle 48,15746.8806884485,8873.81570432529
Angle 48,15776.915641939,8869.38219754133
Angle 48,15806.9355708546,8864.85290855853
Angle 48,15836.940476265,8860.22788626319
Angle 48,15866.9303589495,8855.50717960397
Angle 48,15896.9052193969,8850.6908375947
Angle 48,15926.8650578068,8845.7789093171
Angle 48,15956.80987409,8840.77144392358
Angle 48,15986.739667869,8835.66849063997
Angle 48,16016.6544384788,8830.4700987683
Angle 48,16046.5541849672,8825.17631768952
Angle 48,16076.4389060955,8819.78719686628
Angle 48,16106.3086003395,8814.30278584567
Angle 48,16136.1632658894,8808.72313426192
Angle 48,16166.0029006507,8803.04829183921
Angle 48,16195.8275022449,8797.27830839436
Angle 48,16225.6370680095,8791.41323383956
Angle 48,16255.4315949993,8785.45311818515
Angle 48,16285.2110799865,8779.39801154228
Angle 48,16314.9755194609,8773.24796412572
Angle 48,16344.7249096313,8767.0030262565
Angle 48,16374.4592464251,8760.66324836471
Angle 48,16404.1785254894,8754.22868099215
Angle 48,16433.8827421914,8747.69937479513
Angle 48,16463.5718916185,8741.0753805471
Angle 48,16493.2459685794,8734.35674914145
Angle 48,16522.904967604,8727.54353159417
Angle 48,16552.5488829444,8720.63577904656
Angle 48,16582.177708575,8713.63354276801
Angle 48,16611.7914381928,8706.53687415861
Angle 48,16641.3900652186,8699.34582475194
Angle 48,16670.9735827966,8692.06044621777
Angle 48,16700.5419837954,8684.6807903647
Angle 48,16730.095260808,8677.20690914295
Angle 48,16759.6334061527,8669.63885464703
Angle 48,16789.1564118733,8661.97667911844
Angle 48,16818.6642697393,8654.22043494839
Angle 48,16848.1569712467,8646.37017468048
Angle 48,16877.6345076181,8638.42595101344
Angle 48,16907.0968698033,8630.3878168038
Angle 48,16936.5440484796,8622.25582506861
Angle 48,16965.9760340521,8614.03002898814
Angle 48,16995.3928166542,8605.7104819086
Angle 48,17024.7943861481,8597.29723734479
Angle 48,17054.1807321249,8588.79034898288
Angle 48,17083.5518439051,8580.18987068305
Angle 48,17112.9077105388,8571.4958564822
Angle 48,17142.2483208066,8562.70836059672
Angle 48,17171.5736632191,8553.8274374251
Angle 48,17200.8837260179,8544.85314155069
Angle 48,17230.1784971757,8535.78552774441
Angle 48,17259.4579643966,8526.62465096742
Angle 48,17288.7221151166,8517.37056637387
Angle 48,17317.9709365036,8508.02332931357
Angle 48,17347.2044154582,8498.58299533471
Angle 48,17376.4225386134,8489.0496201866
Angle 48,17405.6252923356,8479.42325982234
Angle 48,17434.8126627241,8469.70397040152
Angle 48,17463.9846356121,8459.89180829301
Angle 48,17493.1411965668,8449.98683007759
Angle 48,17522.2823308894,8439.98909255072
Angle 48,17551.4080236156,8429.89865272521
Angle 48,17580.518259516,8419.71556783399
Angle 48,17609.6130230962,8409.43989533281
Angle 48,17638.692298597,8399.07169290294
Angle 48,17667.7560699947,8388.61101845392
Angle 48,17696.8043210018,8378.05793012628
Angle 48,17725.8370350664,8367.41248629428
Angle 48,17754.8541953732,8356.67474556859
Angle 48,17783.8557848434,8345.8447667991
Angle 48,17812.841786135,8334.92260907756
Angle 48,17841.812181643,8323.90833174042
Angle 48,17870.7669534997,8312.80199437148
Angle 48,17899.706083575,8301.60365680467
Angle 48,17928.6295534764,8290.31337912679
Angle 48,17957.5373445493,8278.93122168026
Angle 48,17986.4294378773,8267.45724506584
Angle 48,18015.3058142825,8255.89151014544
Angle 48,18044.1664543252,8244.23407804478
Angle 48,18073.011338305,8232.48501015625
Angle 48,18101.8404462599,8220.64436814158
Angle 48,18130.6537579675,8208.71221393466
Angle 48,18159.4512529445,8196.68860974429
Angle 48,18188.2329104473,8184.57361805691
Angle 48,18216.9987094719,8172.36730163942
Angle 48,18245.7486287541,8160.06972354195
Angle 48,18274.4826467701,8147.68094710058
Angle 48,18303.2007417359,8135.20103594019
Angle 48,18331.9028916084,8122.63005397721
Angle 48,18360.5890740848,8109.9680654224
Angle 48,18389.2592666028,8097.21513478365
Angle 48,18417.9134463416,8084.37132686877
Angle 48,18446.5515902208,8071.43670678828
Angle 48,18475.1736749017,8058.41133995824
Angle 48,18503.7796767866,8045.29529210301
Angle 48,18532.3695720196,8032.08862925808
Angle 48,18560.943336486,8018.7914177729
Angle 48,18589.5009458133,8005.40372431363
Angle 48,18618.0423753706,7991.92561586605
Angle 48,18646.5676002692,7978.3571597383
Angle 48,18675.0765953625,7964.69842356375
Angle 48,18703.5693352462,7950.94947530383
Angle 48,18732.0457942583,7937.11038325085
Angle 48,18760.5059464795,7923.18121603082
Angle 48,18788.949765733,7909.16204260634
Angle 48,18817.3772255848,7895.05293227941
Angle 48,18845.7882993438,7880.85395469429
Angle 48,18874.1829600618,7866.56517984037
Angle 48,18902.5611805337,7852.18667805499
Angle 48,18930.9229332978,7837.71852002634
Angle 48,18959.2681906352,7823.16077679632
Angle 48,18987.5969245709,7808.51351976339
Angle 48,19015.909106873,7793.77682068548
Angle 48,19044.2047090534,7778.95075168284
Angle 48,19072.4837023676,7764.03538524096
Angle 48,19100.7460578148,7749.0307942134
Angle 48,19128.991746138,7733.93705182475
Angle 48,19157.2207378243,7718.7542316735
Angle 48,19185.4330031047,7703.48240773494
Angle 48,19213.6285119542,7688.12165436407
Angle 48,19241.8072340921,7672.6720462985
Angle 48,19269.9691389819,7657.13365866141
Angle 48,19298.1141958315,7641.50656696443
Angle 48,19326.2423735929,7625.79084711056
Angle 48,19354.3536409628,7609.98657539717
Angle 48,19382.4479663826,7594.09382851883
Angle 48,19410.5253180378,7578.11268357035
Angle 48,19438.5856638591,7562.04321804966
Angle 48,19466.6289715216,7545.88550986081
Angle 48,19494.6552084452,7529.63963731687
Angle 48,19522.6643417949,7513.30567914295
Angle 48,19550.6563384804,7496.8837144791
Angle 48,19578.6311651564,7480.37382288335
Angle 48,19606.5887882227,7463.77608433463
Angle 48,19634.5291738242,7447.09057923579
Angle 48,19662.4522878509,7430.31738841653
Angle 48,19690.3580959381,7413.45659313646
Angle 48,19718.2465634663,7396.50827508803
Angle 48,19746.1176555612,7379.4725163996
Angle 48,19773.9713370942,7362.34939963835
Angle 48,19801.8075726818,7345.13900781338
Angle 48,19829.6263266862,7327.84142437867
Angle 48,19857.4275632149,7310.45673323613
Angle 48,19885.2112461212,7292.9850187386
Angle 48,19912.9773390039,7275.42636569289
Angle 48,19940.7258052076,7257.7808593628
Angle 48,19968.4566078226,7240.0485854722
Angle 48,19996.1697096848,7222.22963020803
Angle 48,20023.8650733761,7204.32408022336
Angle 48,20051.5426612244,7186.33202264046
Angle 48,20079.2024353034,7168.25354505383
Angle 48,20106.8443574326,7150.0887355333
Angle 48,20134.4683891779,7131.83768262706
Angle 48,20162.0744918511,7113.50047536476
Angle 48,20189.66262651,7095.07720326057
Angle 48,20217.232753959,7076.56795631628
Angle 48,20244.7848347482,7057.97282502436
Angle 48,20272.3188291745,7039.2919003711
Angle 48,20299.8346972808,7020.52527383964
Angle 48,20327.3323988567,7001.67303741312
Angle 48,20354.8118934379,6982.73528357779
Angle 48,20382.2731403069,6963.71210532607
Angle 48,20409.7160984926,6944.60359615971
Angle 48,20437.1407267708,6925.4098500929
Angle 48,20464.5469836637,6906.13096165539
Angle 48,20491.9348274404,6886.76702589561
Angle 48,20519.3042161168,6867.31813838381
Angle 48,20546.6551074556,6847.7843952152
Angle 48,20573.9874589665,6828.16589301308
Angle 48,20601.3012279063,6808.462728932
Angle 48,20628.5963712788,6788.67500066089
Angle 48,20655.8728458349,6768.80280642622
Angle 48,20683.1306080729,6748.84624499519
Angle 48,20710.3696142381,6728.80541567883
Angle 48,20737.5898203236,6708.6804183352
Angle 48,20764.7911820695,6688.47135337258
Angle 48,20791.9736549639,6668.17832175258
Angle 48,20819.1371942421,6647.8014249934
Angle 48,20846.2817548874,6627.34076517292
Angle 48,20873.4072916308,6606.79644493195
Angle 48,20900.5137589511,6586.1685674774
Angle 48,20927.6011110753,6565.45723658544
Angle 48,20954.6693019783,6544.66255660474
Angle 48,20981.7182853833,6523.78463245963
Angle 48,21008.7480147617,6502.82356965333
Angle 48,21035.7584433333,6481.77947427111
Angle 48,21062.7495240665,6460.65245298355
Angle 48,21089.7212096783,6439.4426130497
Angle 48,21116.6734526344,6418.15006232032
Angle 48,21143.6062051492,6396.77490924108
Angle 48,21170.5194191865,6375.31726285578
Angle 48,21197.4130464587,6353.77723280958
Angle 48,21224.2870384279,6332.15492935221
Angle 48,21251.1413463053,6310.45046334117
Angle 48,21277.9759210517,6288.66394624501
Angle 48,21304.7907133777,6266.79549014649
Angle 48,21331.5856737435,6244.84520774589
Angle 48,21358.3607523594,6222.81321236415
Angle 48,21385.1158991857,6200.69961794617
Angle 48,21411.8510639333,6178.50453906403
Angle 48,21438.5661960633,6156.22809092018
Angle 48,21465.2612447875,6133.87038935074
Angle 48,21491.9361590685,6111.43155082869
Angle 48,21518.5908876199,6088.91169246715
Angle 48,21545.2253789066,6066.31093202256
Angle 48,21571.8395811448,6043.62938789799
Angle 48,21598.4334423022,6020.8671791463
Angle 48,21625.0069100986,5998.02442547347
Angle 48,21651.5599320053,5975.10124724174
Angle 48,21678.0924552464,5952.09776547294
Angle 48,21704.604426798,5929.01410185167
Angle 48,21731.0957933891,5905.85037872858
Angle 48,21757.5665015016,5882.60671912357
Angle 48,21784.0164973705,5859.28324672905
Angle 48,21810.4457269841,5835.88008591318
Angle 48,21836.8541360847,5812.3973617231
Angle 48,21863.2416701682,5788.83519988815
Angle 48,21889.6082744849,5765.19372682312
Angle 48,21915.9538940394,5741.47306963149
Angle 48,21942.2784735913,5717.67335610863
Angle 48,21968.581957655,5693.79471474507
Angle 48,21994.8642905005,5669.83727472966
Angle 48,22021.1254161532,5645.80116595287
Angle 48,22047.3652783947,5621.68651900995
Angle 48,22073.5838207629,5597.49346520417
Angle 48,22099.7809865521,5573.22213655005
Angle 48,22125.9567188138,5548.87266577652
Angle 48,22152.1109603568,5524.44518633019
Angle 48,22178.2436537474,5499.93983237851
Angle 48,22204.3547413102,5475.35673881298
Angle 48,22230.4441651279,5450.69604125235
Angle 48,22256.5118670424,5425.95787604582
Angle 48,22282.5577886544,5401.14238027619
Angle 48,22308.5818713245,5376.24969176306
Angle 48,22334.584056173,5351.27994906604
Angle 48,22360.564284081,5326.23329148785
Angle 48,22386.5224956901,5301.10985907755
Angle 48,22412.4586314033,5275.90979263366
Angle 48,22438.3726313854,5250.63323370731
Angle 48,22464.2644355635,5225.28032460541
Angle 48,22490.133983627,5199.85120839378
Angle 48,22515.9812150289,5174.34602890024
Angle 48,22541.8060689856,5148.76493071782
Angle 48,22567.6084844775,5123.10805920778
Angle 48,22593.38840025,5097.37556050279
Angle 48,22619.1457548134,5071.56758150998
Angle 48,22644.8804864438,5045.68426991409
Angle 48,22670.5925331836,5019.72577418047
Angle 48,22696.2818328419,4993.69224355823
Angle 48,22721.9483229953,4967.58382808325
Angle 48,22747.5919409883,4941.40067858128
Angle 48,22773.2126239339,4915.14294667094
Angle 48,22798.8103087143,4888.81078476678
Angle 48,22824.3849319816,4862.40434608229
Angle 48,22849.936430158,4835.92378463291
Angle 48,22875.464739437,4809.36925523904
Angle 48,22900.9697957838,4782.74091352903
Angle 48,22926.4515349357,4756.03891594213
Angle 48,22951.9098924033,4729.26341973149
Angle 48,22977.3448034707,4702.41458296709
Angle 48,23002.7562031968,4675.49256453865
Angle 48,23028.1440264152,4648.49752415862
Angle 48,23053.5082077357,4621.42962236502
Angle 48,23078.8486815447,4594.2890205244
Angle 48,23104.1653820059,4567.07588083464
Angle 48,23129.4582430611,4539.79036632792
Angle 48,23154.7271984314,4512.43264087346
Angle 48,23179.9721816172,4485.00286918043
Angle 48,23205.1931258998,4457.50121680075
Angle 48,23230.3899643419,4429.92785013189
Angle 48,23255.5626297883,4402.28293641961
Angle 48,23280.7110548669,4374.56664376082
Angle 48,23305.8351719899,4346.77914110624
Angle 48,23330.9349133541,4318.92059826318
Angle 48,23356.0102109422,4290.99118589824
Angle 48,23381.0609965236,4262.99107554
Angle 48,23406.0872016554,4234.92043958168
Angle 48,23431.0887576833,4206.77945128384
Angle 48,23456.0655957426,4178.56828477695
Angle 48,23481.0176467592,4150.28711506405
Angle 48,23505.9448414505,4121.93611802332
Angle 48,23530.8471103266,4093.51547041066
Angle 48,23555.7243836912,4065.02534986222
Angle 48,23580.5765916428,4036.46593489695
Angle 48,23605.4036640755,4007.83740491907
Angle 48,23630.2055306804,3979.13994022058
Angle 48,23654.9821209466,3950.37372198369
Angle 48,23679.7333641621,3921.53893228326
Angle 48,23704.4591894154,3892.6357540892
Angle 48,23729.1595255962,3863.66437126886
Angle 48,23753.8343013969,3834.62496858936
Angle 48,23778.4834453136,3805.51773171993
Angle 48,23803.1068856474,3776.34284723423
Angle 48,23827.7045505058,3747.10050261258
Angle 48,23852.2763678035,3717.79088624423
Angle 48,23876.8222652641,3688.41418742959
Angle 48,23901.3421704212,3658.97059638237
Angle 48,23925.83601062,3629.46030423179
Angle 48,23950.3037130179,3599.88350302466
Angle 48,23974.7452045868,3570.24038572753
Angle 48,23999.1604121138,3540.53114622871
Angle 48,24023.5492622027,3510.7559793403
Angle 48,24047.9116812757,3480.91508080026
Angle 48,24072.2475955745,3451.00864727428
Angle 48,24096.5569311618,3421.0368763578
Angle 48,24120.8396139232,3390.99996657789
Angle 48,24145.0955695679,3360.89811739507
Angle 48,24169.3247236309,3330.73152920522
Angle 48,24193.5270014742,3300.50040334132
Angle 48,24217.7023282885,3270.20494207526
Angle 48,24241.8506290947,3239.8453486195
Angle 48,24265.9718287454,3209.42182712884
Angle 48,24290.0658519267,3178.93458270199
Angle 48,24314.1326231598,3148.38382138325
Angle 48,24338.1720668026,3117.76975016406
Angle 48,24362.1841070514,3087.0925769845
Angle 48,24386.1686679425,3056.35251073485
Angle 48,24410.1256733541,3025.549761257
Angle 48,24434.0550470081,2994.68453934587
Angle 48,24457.9567124716,2963.75705675078
Angle 48,24481.830593159,2932.76752617679
Angle 48,24505.6766123335,2901.716161286
Angle 48,24529.4946931092,2870.60317669874
Angle 48,24553.2847584528,2839.42878799484
Angle 48,24577.0467311856,2808.19321171471
Angle 48,24600.7805339855,2776.89666536052
Angle 48,24624.4860893886,2745.5393673972
Angle 48,24648.1633197914,2714.1215372535
Angle 48,24671.8121474528,2682.64339532294
Angle 48,24695.4324944959,2651.10516296475
Angle 48,24719.0242829103,2619.50706250471
Angle 48,24742.587434554,2587.849317236
Angle 48,24766.1218711554,2556.13215141996
Angle 48,24789.6275143156,2524.35579028684
Angle 48,24813.1042855103,2492.52046003644
Angle 48,24836.5521060921,2460.62638783874
Angle 48,24859.9708972928,2428.67380183449
Angle 48,24883.3605802252,2396.66293113571
Angle 48,24906.7210758856,2364.59400582616
Angle 48,24930.0523051561,2332.46725696173
Angle 48,24953.3541888067,2300.28291657083
Angle 48,24976.6266474977,2268.04121765466
Angle 48,24999.8696017821,2235.74239418745
Angle 48,25023.0829721075,2203.3866811167
Angle 48,25046.2666788192,2170.97431436322
Angle 48,25069.4206421621,2138.50553082129
Angle 48,25092.544782283,2105.98056835862
Angle 48,25115.6390192336,2073.39966581631
Angle 48,25138.7032729726,2040.76306300878
Angle 48,25161.737463368,2008.07100072354
Angle 48,25184.7415102003,1975.32372072104
Angle 48,25207.7153331642,1942.52146573431
Angle 48,25230.658851872,1909.66447946865
Angle 48,25253.5719858556,1876.75300660121
Angle 48,25276.4546545694,1843.7872927805
Angle 48,25299.3067773929,1810.76758462587
Angle 48,25322.1282736333,1777.69412972686
Angle 48,25344.9190625285,1744.56717664258
Angle 48,25367.6790632495,1711.38697490094
Angle 48,25390.4081949033,1678.15377499785
Angle 48,25413.1063765357,1644.86782839634
Angle 48,25435.7735271339,1611.52938752563
Angle 48,25458.4095656299,1578.13870578012
Angle 48,25481.0144109027,1544.69603751831
Angle 48,25503.5879817816,1511.20163806163
Angle 48,25526.130197049,1477.65576369325
Angle 48,25548.6409754432,1444.05867165678
Angle 48,25571.1202356617,1410.41062015488
Angle 48,25593.567896364,1376.71186834786
Angle 48,25615.9838761745,1342.96267635217
Angle 48,25638.368093686,1309.16330523879
Angle 48,25660.720467462,1275.31401703157
Angle 48,25683.0409160406,1241.41507470556
Angle 48,25705.3293579373,1207.46674218512
Angle 48,25727.5857116479,1173.4692843421
Angle 48,25749.8098956524,1139.42296699383
Angle 48,25772.0018284172,1105.32805690113
Angle 48,25794.1614283992,1071.18482176615
Angle 48,25816.2886140487,1036.99353023023
Angle 48,25838.3833038127,1002.75445187156
Angle 48,25860.4454161382,968.467857202883
Angle 48,25882.4748694757,934.134017669024
Angle 48,25904.4715822823,899.753205644404
Angle 48,25926.4354730253,865.32569443043
Angle 48,25948.3664601855,830.851758252821
Angle 48,25970.2644622609,796.331672258849
Angle 48,25992.1293977697,761.765712514493
Angle 48,26013.9611852541,727.15415600152
Angle 48,26035.759743284,692.497280614465
Angle 48,26057.52499046,657.795365157545
Angle 48,26079.2568454175,623.048689341473
Angle 48,26100.9552268301,588.257533780198
Angle 48,26122.6200534131,553.422179987546
Angle 48,26144.2512439273,518.542910373786
Angle 48,26165.8487171827,483.620008242107
Angle 48,26187.4123920419,448.653757784998
Angle 48,26208.9421874243,413.644444080553
Angle 48,26230.4380223094,378.592353088676
Angle 48,26251.8998157409,343.497771647206
Angle 48,26273.3274868303,308.360987467948
Angle 48,26294.7209547606,273.182289132614
Angle 48,26316.0801387906,237.961966088673
Angle 48,26337.4049582582,202.700308645116
Angle 48,26358.6953325848,167.397607968121
Angle 48,26379.9511812788,132.054156076632
Angle 48,26401.1724239398,96.6702458378485
Angle 48,26422.3589802624,61.2461709626138
Angle 48,26443.5107700402,25.7822260007194
Angle 48,26458.8456383959,0
Angle 49,0,0
Angle 49,45.7955444596534,52.5837475378704
Angle 49,91.464025767383,104.923597548351
Angle 49,137.006941208075,157.021538708374
Angle 49,182.425761580123,208.879523704151
Angle 49,227.721931822422,260.499470087385
Angle 49,272.896871622685,311.883261105952
Angle 49,317.951976007745,363.032746509975
Angle 49,362.888615916481,413.949743334173
Angle 49,407.708138755994,464.636036657313
Angle 49,452.411868941618,515.093380339584
Angle 49,497.001108421319,565.323497738654
Angle 49,541.477137185054,615.328082405159
Angle 49,585.841213759573,665.108798758331
Angle 49,630.094575689195,714.667282742449
Angle 49,674.238440003023,764.00514246477
Angle 49,718.274003669055,813.123958815564
Angle 49,762.202444035641,862.025286070856
Angle 49,806.024919260711,910.710652478467
Angle 49,849.742568729174,959.181560827897
Angle 49,893.356513458884,1007.43948900459
Angle 49,936.867856495557,1055.48589052911
Angle 49,980.277683296991,1103.32219508169
Angle 49,1023.58706210694,1150.94980901265
Angle 49,1066.79704431897,1198.37011583921
Angle 49,1109.90866483067,1245.58447672896
Angle 49,1152.92294238842,1292.59423097057
Angle 49,1195.84087992313,1339.40069643219
Angle 49,1238.66346487719,1386.00517000769
Angle 49,1281.39166952289,1432.40892805136
Angle 49,1324.02645127256,1478.61322680138
Angle 49,1366.56875298083,1524.61930279227
Angle 49,1409.019503239,1570.42837325688
Angle 49,1451.37961666206,1616.04163651805
Angle 49,1493.6499941683,1661.4602723704
Angle 49,1535.83152325199,1706.68544245243
Angle 49,1577.92507824913,1751.71829060935
Angle 49,1619.93152059659,1796.55994324678
Angle 49,1661.8516990849,1841.21150967573
Angle 49,1703.68645010468,1885.67408244905
Angle 49,1745.43659788712,1929.94873768955
Angle 49,1787.10295473847,1974.03653541019
Angle 49,1828.68632126899,2017.93851982643
Angle 49,1870.18748661621,2061.655719661
Angle 49,1911.60722866289,2105.18914844141
Angle 49,1952.94631424977,2148.53980479025
Angle 49,1994.20549938323,2191.70867270862
Angle 49,2035.38552943802,2234.69672185282
Angle 49,2076.48713935523,2277.5049078045
Angle 49,2117.51105383562,2320.13417233452
Angle 49,2158.45798752838,2362.58544366055
Angle 49,2199.3286452156,2404.85963669879
Angle 49,2240.12372199236,2446.95765330974
Angle 49,2280.84390344278,2488.88038253844
Angle 49,2321.48986581195,2530.62870084913
Angle 49,2362.06227617401,2572.20347235452
Angle 49,2402.56179259639,2613.60554903997
Angle 49,2442.9890643003,2654.83577098249
Angle 49,2483.3447318177,2695.8949665649
Angle 49,2523.62942714468,2736.78395268512
Angle 49,2563.84377389147,2777.5035349609
Angle 49,2603.98838742911,2818.05450792987
Angle 49,2644.06387503288,2858.4376552453
Angle 49,2684.07083602258,2898.65374986754
Angle 49,2724.0098618998,2938.70355425116
Angle 49,2763.88153648207,2978.58782052818
Angle 49,2803.68643603428,3018.30729068721
Angle 49,2843.42512939711,3057.86269674878
Angle 49,2883.09817811279,3097.25476093687
Angle 49,2922.70613654816,3136.48419584683
Angle 49,2962.2495520151,3175.55170460965
Angle 49,3001.7289648884,3214.45798105279
Angle 49,3041.14490872117,3253.20370985763
Angle 49,3080.49791035781,3291.78956671361
Angle 49,3119.78849004463,3330.21621846908
Angle 49,3159.01716153815,3368.4843232791
Angle 49,3198.18443221118,3406.59453075014
Angle 49,3237.29080315667,3444.54748208178
Angle 49,3276.33676928949,3482.34381020548
Angle 49,3315.32281944608,3519.98413992059
Angle 49,3354.24943648207,3557.4690880275
Angle 49,3393.11709736793,3594.79926345813
Angle 49,3431.92627328272,3631.97526740376
Angle 49,3470.6774297059,3668.99769344034
Angle 49,3509.37102650732,3705.86712765123
Angle 49,3548.00751803543,3742.58414874752
Angle 49,3586.58735320373,3779.14932818594
Angle 49,3625.11097557552,3815.56323028445
Angle 49,3663.57882344691,3851.82641233558
Angle 49,3701.99132992833,3887.93942471748
Angle 49,3740.34892302434,3923.90281100285
Angle 49,3778.65202571191,3959.71710806575
Angle 49,3816.90105601723,3995.38284618629
Angle 49,3855.09642709096,4030.90054915335
Angle 49,3893.23854728209,4066.27073436532
Angle 49,3931.3278202104,4101.49391292886
Angle 49,3969.36464483743,4136.57058975585
Angle 49,4007.34941553627,4171.50126365844
Angle 49,4045.28252215984,4206.28642744232
Angle 49,4083.16435010807,4240.92656799821
Angle 49,4120.99528039364,4275.42216639171
Angle 49,4158.77568970664,4309.77369795135
Angle 49,4196.50595047794,4343.98163235509
Angle 49,4234.18643094137,4378.0464337152
Angle 49,4271.81749519482,4411.96856066149
Angle 49,4309.39950326019,4445.74846642316
Angle 49,4346.93281114216,4479.386598909
Angle 49,4384.41777088603,4512.88340078619
Angle 49,4421.85473063437,4546.23930955767
Angle 49,4459.2440346827,4579.45475763812
Angle 49,4496.58602353421,4612.53017242846
Angle 49,4533.88103395339,4645.46597638918
Angle 49,4571.12939901876,4678.26258711223
Angle 49,4608.33144817468,4710.92041739163
Angle 49,4645.48750728218,4743.43987529288
Angle 49,4682.59789866889,4775.82136422114
Angle 49,4719.66294117817,4808.0652829881
Angle 49,4756.68295021723,4840.17202587783
Angle 49,4793.65823780456,4872.14198271132
Angle 49,4830.58911261642,4903.97553891001
Angle 49,4867.47588003252,4935.67307555818
Angle 49,4904.31884218103,4967.23496946417
Angle 49,4941.11829798263,4998.66159322072
Angle 49,4977.87454319393,5029.95331526408
Angle 49,5014.5878704501,5061.11049993223
Angle 49,5051.25856930678,5092.13350752207
Angle 49,5087.88692628123,5123.02269434561
Angle 49,5124.47322489285,5153.77841278525
Angle 49,5161.01774570297,5184.40101134808
Angle 49,5197.52076635396,5214.89083471931
Angle 49,5233.9825616077,5245.24822381474
Angle 49,5270.40340338341,5275.47351583243
Angle 49,5306.78356079481,5305.56704430342
Angle 49,5343.12330018671,5335.52913914172
Angle 49,5379.42288517096,5365.36012669332
Angle 49,5415.6825766618,5395.06032978456
Angle 49,5451.90263291063,5424.63006776953
Angle 49,5488.08330954024,5454.06965657688
Angle 49,5524.22485957844,5483.37940875567
Angle 49,5560.32753349113,5512.55963352063
Angle 49,5596.39157921488,5541.61063679663
Angle 49,5632.41724218895,5570.53272126236
Angle 49,5668.40476538676,5599.32618639345
Angle 49,5704.35438934694,5627.99132850477
Angle 49,5740.26635220376,5656.52844079211
Angle 49,5776.14088971719,5684.93781337319
Angle 49,5811.97823530242,5713.21973332802
Angle 49,5847.77862005887,5741.37448473858
Angle 49,5883.54227279883,5769.40234872795
Angle 49,5919.26942007557,5797.30360349877
Angle 49,5954.96028621106,5825.07852437106
Angle 49,5990.61509332321,5852.72738381956
Angle 49,6026.23406135271,5880.25045151038
Angle 49,6061.8174080894,5907.64799433715
Angle 49,6097.36534919836,5934.92027645656
Angle 49,6132.87809824538,5962.06755932337
Angle 49,6168.35586672227,5989.09010172491
Angle 49,6203.79886407158,6015.98815981502
Angle 49,6239.20729771107,6042.76198714747
Angle 49,6274.58137305776,6069.41183470886
Angle 49,6309.92129355155,6095.93795095109
Angle 49,6345.22726067861,6122.34058182323
Angle 49,6380.4994739943,6148.619970803
Angle 49,6415.73813114579,6174.77635892774
Angle 49,6450.94342789432,6200.8099848249
Angle 49,6486.11555813713,6226.72108474212
Angle 49,6521.25471392909,6252.5098925768
Angle 49,6556.36108550394,6278.1766399053
Angle 49,6591.43486129527,6303.72155601166
Angle 49,6626.47622795714,6329.14486791589
Angle 49,6661.48537038444,6354.4468004019
Angle 49,6696.46247173292,6379.62757604496
Angle 49,6731.40771343891,6404.68741523878
Angle 49,6766.32127523877,6429.62653622221
Angle 49,6801.20333518808,6454.44515510555
Angle 49,6836.05406968045,6479.14348589643
Angle 49,6870.87365346619,6503.72174052542
Angle 49,6905.66225967057,6528.18012887114
Angle 49,6940.42005981194,6552.51885878513
Angle 49,6975.14722381949,6576.73813611629
Angle 49,7009.8439200508,6600.83816473498
Angle 49,7044.51031530912,6624.81914655685
Angle 49,7079.1465748604,6648.6812815662
Angle 49,7113.75286245009,6672.42476783913
Angle 49,7148.32934031969,6696.04980156632
Angle 49,7182.87616922304,6719.55657707548
Angle 49,7217.39350844243,6742.94528685349
Angle 49,7251.88151580443,6766.21612156826
Angle 49,7286.34034769548,6789.36927009024
Angle 49,7320.77015907738,6812.40491951367
Angle 49,7355.17110350237,6835.32325517753
Angle 49,7389.54333312817,6858.12446068618
Angle 49,7423.88699873272,6880.80871792974
Angle 49,7458.20224972872,6903.37620710418
Angle 49,7492.48923417799,6925.82710673114
Angle 49,7526.74809880559,6948.1615936775
Angle 49,7560.97898901381,6970.37984317462
Angle 49,7595.1820488959,6992.48202883742
Angle 49,7629.35742124964,7014.4683226831
Angle 49,7663.5052475907,7036.33889514969
Angle 49,7697.62566816585,7058.09391511431
Angle 49,7731.71882196599,7079.73354991119
Angle 49,7765.78484673891,7101.25796534947
Angle 49,7799.82387900203,7122.66732573073
Angle 49,7833.8360540548,7143.96179386633
Angle 49,7867.82150599109,7165.14153109449
Angle 49,7901.78036771125,7186.20669729717
Angle 49,7935.71277093417,7207.15745091668
Angle 49,7969.61884620902,7227.99394897217
Angle 49,8003.49872292696,7248.71634707578
Angle 49,8037.3525293326,7269.3247994487
Angle 49,8071.18039253536,7289.81945893692
Angle 49,8104.98243852067,7310.20047702689
Angle 49,8138.75879216097,7330.46800386083
Angle 49,8172.50957722664,7350.62218825202
Angle 49,8206.23491639674,7370.66317769972
Angle 49,8239.93493126959,7390.59111840407
Angle 49,8273.60974237324,7410.40615528062
Angle 49,8307.2594691758,7430.10843197487
Angle 49,8340.88423009562,7449.69809087645
Angle 49,8374.48414251134,7469.17527313326
Angle 49,8408.0593227718,7488.54011866533
Angle 49,8441.60988620584,7507.79276617858
Angle 49,8475.13594713195,7526.93335317837
Angle 49,8508.63761886777,7545.96201598292
Angle 49,8542.11501373957,7564.87888973648
Angle 49,8575.56824309145,7583.68410842246
Angle 49,8608.99741729455,7602.37780487629
Angle 49,8642.40264575609,7620.96011079821
Angle 49,8675.78403692825,7639.4311567658
Angle 49,8709.14169831705,7657.7910722465
Angle 49,8742.47573649098,7676.03998560984
Angle 49,8775.7862570896,7694.17802413958
Angle 49,8809.07336483202,7712.20531404577
Angle 49,8842.33716352527,7730.12198047651
Angle 49,8875.57775607251,7747.92814752975
Angle 49,8908.79524448122,7765.6239382648
Angle 49,8941.98972987123,7783.20947471379
Angle 49,8975.16131248265,7800.68487789296
Angle 49,9008.31009168371,7818.05026781384
Angle 49,9041.43616597852,7835.30576349427
Angle 49,9074.53963301466,7852.45148296932
Angle 49,9107.62058959077,7869.48754330208
Angle 49,9140.67913166398,7886.41406059426
Angle 49,9173.71535435725,7903.23114999681
Angle 49,9206.72935196665,7919.93892572025
Angle 49,9239.72121796849,7936.537501045
Angle 49,9272.69104502644,7953.02698833156
Angle 49,9305.63892499849,7969.40749903054
Angle 49,9338.56494894385,7985.67914369264
Angle 49,9371.46920712976,8001.84203197845
Angle 49,9404.35178903823,8017.89627266817
Angle 49,9437.21278337268,8033.84197367125
Angle 49,9470.05227806449,8049.67924203587
Angle 49,9502.87036027946,8065.40818395834
Angle 49,9535.66711642425,8081.02890479242
Angle 49,9568.44263215267,8096.54150905847
Angle 49,9601.19699237189,8111.94610045257
Angle 49,9633.93028124867,8127.2427818555
Angle 49,9666.64258221537,8142.43165534164
Angle 49,9699.333977976,8157.51282218774
Angle 49,9732.00455051216,8172.48638288167
Angle 49,9764.65438108886,8187.35243713096
Angle 49,9797.28355026035,8202.11108387138
Angle 49,9829.89213787581,8216.76242127533
Angle 49,9862.480223085,8231.30654676015
Angle 49,9895.04788434385,8245.74355699642
Angle 49,9927.59519941996,8260.07354791607
Angle 49,9960.12224539803,8274.29661472046
Angle 49,9992.62909868525,8288.4128518884
Angle 49,10025.1158350166,8302.42235318401
Angle 49,10057.5825294601,8316.32521166457
Angle 49,10090.0292564219,8330.12151968822
Angle 49,10122.4560896517,8343.8113689217
Angle 49,10154.8631022473,8357.39485034783
Angle 49,10187.2503666601,8370.8720542731
Angle 49,10219.6179546997,8384.24307033504
Angle 49,10251.9659375388,8397.5079875096
Angle 49,10284.2943857182,8410.66689411844
Angle 49,10316.6033691515,8423.7198778361
Angle 49,10348.8929571295,8436.66702569716
Angle 49,10381.1632183254,8449.50842410329
Angle 49,10413.4142207987,8462.24415883024
Angle 49,10445.6460320004,8474.87431503479
Angle 49,10477.858718777,8487.39897726156
Angle 49,10510.052347375,8499.81822944984
Angle 49,10542.2269834455,8512.1321549403
Angle 49,10574.3826920483,8524.34083648164
Angle 49,10606.5195376563,8536.44435623716
Angle 49,10638.6375841594,8548.44279579136
Angle 49,10670.736894869,8560.33623615635
Angle 49,10702.8175325222,8572.12475777825
Angle 49,10734.8795592854,8583.8084405436
Angle 49,10766.9230367586,8595.38736378556
Angle 49,10798.9480259795,8606.86160629023
Angle 49,10830.954587427,8618.23124630273
Angle 49,10862.9427810254,8629.49636153339
Angle 49,10894.9126661484,8640.65702916376
Angle 49,10926.8643016222,8651.71332585262
Angle 49,10958.79774573,8662.66532774194
Angle 49,10990.7130562152,8673.51311046276
Angle 49,11022.610290285,8684.25674914104
Angle 49,11054.4895046146,8694.89631840344
Angle 49,11086.3507553499,8705.43189238307
Angle 49,11118.1940981118,8715.86354472514
Angle 49,11150.0195879992,8726.19134859264
Angle 49,11181.8272795926,8736.41537667191
Angle 49,11213.6172269573,8746.53570117815
Angle 49,11245.3894836472,8756.55239386096
Angle 49,11277.1441027075,8766.46552600974
Angle 49,11308.8811366786,8776.27516845911
Angle 49,11340.6006375988,8785.98139159424
Angle 49,11372.3026570078,8795.58426535617
Angle 49,11403.98724595,8805.08385924709
Angle 49,11435.654454977,8814.48024233549
Angle 49,11467.3043341513,8823.77348326141
Angle 49,11498.9369330493,8832.96365024153
Angle 49,11530.5523007639,8842.05081107426
Angle 49,11562.1504859079,8851.03503314478
Angle 49,11593.7315366166,8859.91638343007
Angle 49,11625.2955005509,8868.69492850388
Angle 49,11656.8424249005,8877.3707345416
Angle 49,11688.3723563858,8885.94386732523
Angle 49,11719.8853412618,8894.41439224815
Angle 49,11751.3814253201,8902.78237432
Angle 49,11782.860653892,8911.04787817138
Angle 49,11814.323071851,8919.21096805865
Angle 49,11845.7687236159,8927.27170786861
Angle 49,11877.1976531527,8935.23016112316
Angle 49,11908.609903978,8943.0863909839
Angle 49,11940.0055191611,8950.84046025679
Angle 49,11971.3845413266,8958.49243139666
Angle 49,12002.7470126572,8966.04236651174
Angle 49,12034.0929748959,8973.49032736817
Angle 49,12065.4224693485,8980.83637539446
Angle 49,12096.7355368862,8988.0805716859
Angle 49,12128.032217948,8995.22297700897
Angle 49,12159.3125525427,9002.2636518057
Angle 49,12190.5765802519,9009.20265619801
Angle 49,12221.8243402316,9016.04004999201
Angle 49,12253.0558712152,9022.77589268225
Angle 49,12284.2712115152,9029.41024345601
Angle 49,12315.4703990257,9035.94316119749
Angle 49,12346.6534712248,9042.37470449197
Angle 49,12377.8204651762,9048.70493163003
Angle 49,12408.9714175322,9054.9339006116
Angle 49,12440.106364535,9061.06166915015
Angle 49,12471.2253420195,9067.0882946767
Angle 49,12502.3283854148,9073.01383434388
Angle 49,12533.4155297469,9078.83834502997
Angle 49,12564.4868096401,9084.56188334289
Angle 49,12595.5422593195,9090.18450562419
Angle 49,12626.5819126128,9095.70626795293
Angle 49,12657.6058029523,9101.12722614968
Angle 49,12688.6139633767,9106.44743578038
Angle 49,12719.6064265334,9111.66695216021
Angle 49,12750.58322468,9116.78583035744
Angle 49,12781.5443896864,9121.80412519728
Angle 49,12812.4899530366,9126.72189126566
Angle 49,12843.4199458306,9131.539182913
Angle 49,12874.3343987862,9136.25605425799
Angle 49,12905.2333422406,9140.87255919134
Angle 49,12936.1168061525,9145.38875137945
Angle 49,12966.9848201036,9149.80468426814
Angle 49,12997.8374133006,9154.12041108632
Angle 49,13028.6746145766,9158.33598484961
Angle 49,13059.4964523928,9162.45145836402
Angle 49,13090.3029548407,9166.46688422952
Angle 49,13121.0941496429,9170.38231484366
Angle 49,13151.8700641557,9174.19780240512
Angle 49,13182.6307253698,9177.9133989173
Angle 49,13213.3761599126,9181.5291561918
Angle 49,13244.1063940493,9185.045125852
Angle 49,13274.8214536848,9188.46135933649
Angle 49,13305.5213643651,9191.77790790261
Angle 49,13336.2061512787,9194.99482262989
Angle 49,13366.8758392584,9198.11215442348
Angle 49,13397.5304527825,9201.1299540176
Angle 49,13428.1700159765,9204.04827197895
Angle 49,13458.7945526144,9206.86715871008
Angle 49,13489.4040861202,9209.58666445281
Angle 49,13519.9986395693,9212.20683929155
Angle 49,13550.57823569,9214.72773315668
Angle 49,13581.1428968647,9217.14939582786
Angle 49,13611.6926451315,9219.47187693736
Angle 49,13642.2275021854,9221.69522597336
Angle 49,13672.7474893796,9223.8194922832
Angle 49,13703.2526277271,9225.84472507673
Angle 49,13733.7429379016,9227.77097342948
Angle 49,13764.2184402392,9229.59828628596
Angle 49,13794.6791547395,9231.32671246286
Angle 49,13825.1251010666,9232.9563006523
Angle 49,13855.556298551,9234.48709942499
Angle 49,13885.9727661901,9235.91915723344
Angle 49,13916.37452265,9237.25252241515
Angle 49,13946.7615862664,9238.48724319573
Angle 49,13977.1339750459,9239.62336769211
Angle 49,14007.4917066671,9240.66094391562
Angle 49,14037.8347984819,9241.60001977517
Angle 49,14068.1632675165,9242.44064308031
Angle 49,14098.4771304727,9243.18286154437
Angle 49,14128.7764037287,9243.82672278756
Angle 49,14159.0611033409,9244.37227434
Angle 49,14189.331245044,9244.81956364485
Angle 49,14219.586844253,9245.1686380613
Angle 49,14249.8279160639,9245.41954486768
Angle 49,14280.0544752547,9245.57233126446
Angle 49,14310.2665362863,9245.62704437731
Angle 49,14340.4641133042,9245.58373126005
Angle 49,14370.6472201388,9245.44243889772
Angle 49,14400.8158703067,9245.20321420956
Angle 49,14430.9700770117,9244.86610405198
Angle 49,14461.1098531459,9244.43115522154
Angle 49,14491.2352112904,9243.89841445793
Angle 49,14521.3461637166,9243.26792844693
Angle 49,14551.4427223869,9242.53974382332
Angle 49,14581.5248989557,9241.7139071739
Angle 49,14611.5927047703,9240.79046504032
Angle 49,14641.646150872,9239.7694639221
Angle 49,14671.6852479969,9238.65095027946
Angle 49,14701.7100065766,9237.4349705363
Angle 49,14731.7204367396,9236.12157108306
Angle 49,14761.7165483115,9234.71079827961
Angle 49,14791.6983508164,9233.20269845813
Angle 49,14821.6658534777,9231.59731792602
Angle 49,14851.6190652185,9229.89470296873
Angle 49,14881.5579946631,9228.09489985263
Angle 49,14911.4826501373,9226.19795482789
Angle 49,14941.3930396694,9224.20391413127
Angle 49,14971.2891709912,9222.11282398904
Angle 49,15001.1710515384,9219.92473061972
Angle 49,15031.0386884517,9217.63968023701
Angle 49,15060.8920885775,9215.25771905251
Angle 49,15090.7312584686,9212.7788932786
Angle 49,15120.556204385,9210.20324913123
Angle 49,15150.3669322947,9207.53083283271
Angle 49,15180.1634478745,9204.76169061453
Angle 49,15209.9457565103,9201.89586872014
Angle 49,15239.7138632986,9198.9334134077
Angle 49,15269.4677730465,9195.87437095293
Angle 49,15299.2074902726,9192.71878765182
Angle 49,15328.9330192081,9189.46670982343
Angle 49,15358.6443637969,9186.11818381267
Angle 49,15388.3415276965,9182.67325599299
Angle 49,15418.0245142791,9179.13197276923
Angle 49,15447.6933266313,9175.49438058028
Angle 49,15477.347967556,9171.76052590188
Angle 49,15506.9884395717,9167.93045524936
Angle 49,15536.6147449143,9164.00421518033
Angle 49,15566.2268855372,9159.98185229747
Angle 49,15595.8248631117,9155.8634132512
Angle 49,15625.4086790282,9151.64894474246
Angle 49,15654.9783343963,9147.33849352538
Angle 49,15684.5338300457,9142.93210641004
Angle 49,15714.0751665266,9138.42983026512
Angle 49,15743.6023441105,9133.8317120207
Angle 49,15773.1153627904,9129.13779867087
Angle 49,15802.614222282,9124.3481372765
Angle 49,15832.0989220235,9119.4627749679
Angle 49,15861.5694611768,9114.48175894753
Angle 49,15891.0258386277,9109.4051364927
Angle 49,15920.4680529864,9104.23295495823
Angle 49,15949.8961025883,9098.96526177917
Angle 49,15979.3099854943,9093.60210447348
Angle 49,16008.7096994915,9088.14353064469
Angle 49,16038.0952420936,9082.58958798458
Angle 49,16067.4666105412,9076.94032427588
Angle 49,16096.8238018028,9071.19578739493
Angle 49,16126.1668125749,9065.35602531436
Angle 49,16155.4956392824,9059.42108610573
Angle 49,16184.8102780797,9053.39101794224
Angle 49,16214.1107248502,9047.26586910137
Angle 49,16243.3969752078,9041.04568796754
Angle 49,16272.6690244966,9034.73052303481
Angle 49,16301.9268677917,9028.32042290949
Angle 49,16331.1704998994,9021.81543631283
Angle 49,16360.399915358,9015.21561208367
Angle 49,16389.6151084381,9008.5209991811
Angle 49,16418.8160731426,9001.7316466871
Angle 49,16448.0028032078,8994.84760380924
Angle 49,16477.1752921035,8987.86891988326
Angle 49,16506.3335330332,8980.79564437578
Angle 49,16535.4775189348,8973.62782688695
Angle 49,16564.6072424811,8966.36551715307
Angle 49,16593.7226960796,8959.00876504924
Angle 49,16622.8238718737,8951.55762059204
Angle 49,16651.9107617423,8944.01213394217
Angle 49,16680.9833573008,8936.37235540708
Angle 49,16710.0416499011,8928.63833544363
Angle 49,16739.0856306321,8920.81012466074
Angle 49,16768.1152903198,8912.88777382204
Angle 49,16797.1306195283,8904.8713338485
Angle 49,16826.1316085593,8896.76085582111
Angle 49,16855.1182474531,8888.55639098349
Angle 49,16884.0905259886,8880.25799074457
Angle 49,16913.0484336837,8871.86570668122
Angle 49,16941.9919597957,8863.3795905409
Angle 49,16970.9210933216,8854.79969424433
Angle 49,16999.8358229983,8846.12606988809
Angle 49,17028.736137303,8837.35876974735
Angle 49,17057.6220244534,8828.49784627843
Angle 49,17086.4934724083,8819.54335212153
Angle 49,17115.3504688674,8810.49534010332
Angle 49,17144.193001272,8801.35386323965
Angle 49,17173.0210568053,8792.11897473816
Angle 49,17201.8346223923,8782.79072800095
Angle 49,17230.6336847003,8773.36917662727
Angle 49,17259.4182301392,8763.85437441611
Angle 49,17288.1882448618,8754.24637536892
Angle 49,17316.943714764,8744.54523369225
Angle 49,17345.6846254849,8734.7510038004
Angle 49,17374.4109624072,8724.86374031811
Angle 49,17403.1227106574,8714.88349808319
Angle 49,17431.8198551063,8704.81033214924
Angle 49,17460.5023803688,8694.64429778826
Angle 49,17489.1702708043,8684.38545049336
Angle 49,17517.823510517,8674.03384598142
Angle 49,17546.4620833562,8663.58954019578
Angle 49,17575.0859729161,8653.05258930888
Angle 49,17603.6951625367,8642.423049725
Angle 49,17632.2896353032,8631.70097808286
Angle 49,17660.8693740469,8620.88643125839
Angle 49,17689.434361345,8609.97946636736
Angle 49,17717.9845795208,8598.98014076808
Angle 49,17746.5200106444,8587.88851206409
Angle 49,17775.0406365319,8576.70463810688
Angle 49,17803.5464387467,8565.42857699855
Angle 49,17832.0373985987,8554.06038709454
Angle 49,17860.5134971452,8542.6001270063
Angle 49,17888.9747151907,8531.04785560402
Angle 49,17917.4210332872,8519.40363201934
Angle 49,17945.8524317342,8507.66751564804
Angle 49,17974.2688905791,8495.83956615276
Angle 49,18002.670389617,8483.91984346574
Angle 49,18031.0569083914,8471.9084077915
Angle 49,18059.4284261937,8459.8053196096
Angle 49,18087.7849220639,8447.61063967736
Angle 49,18116.1263747904,8435.32442903257
Angle 49,18144.4527629102,8422.94674899624
Angle 49,18172.7640647092,8410.47766117532
Angle 49,18201.060258222,8397.91722746548
Angle 49,18229.3413212324,8385.26551005383
Angle 49,18257.6072312731,8372.52257142162
Angle 49,18285.8579656265,8359.68847434711
Angle 49,18314.0935013238,8346.76328190818
Angle 49,18342.3138151462,8333.74705748523
Angle 49,18370.5188836241,8320.63986476383
Angle 49,18398.7086830379,8307.44176773756
Angle 49,18426.8831894175,8294.15283071075
Angle 49,18455.0423785429,8280.77311830124
Angle 49,18483.186225944,8267.30269544322
Angle 49,18511.3147069008,8253.74162738995
Angle 49,18539.4277964435,8240.08997971656
Angle 49,18567.5254693524,8226.3478183229
Angle 49,18595.6077001584,8212.51520943623
Angle 49,18623.6744631425,8198.59221961415
Angle 49,18651.7257323364,8184.57891574728
Angle 49,18679.7614815223,8170.47536506216
Angle 49,18707.781684233,8156.28163512402
Angle 49,18735.7863137521,8141.99779383962
Angle 49,18763.7753431137,8127.62390946006
Angle 49,18791.7487451031,8113.16005058362
Angle 49,18819.7064922561,8098.60628615858
Angle 49,18847.6485568598,8083.96268548606
Angle 49,18875.5749109521,8069.22931822289
Angle 49,18903.4855263219,8054.4062543844
Angle 49,18931.3803745094,8039.49356434734
Angle 49,18959.2594268057,8024.49131885268
Angle 49,18987.1226542533,8009.39958900852
Angle 49,19014.9700276459,7994.21844629291
Angle 49,19042.8015175283,7978.94796255676
Angle 49,19070.6170941968,7963.5882100267
Angle 49,19098.416727699,7948.13926130797
Angle 49,19126.2003878338,7932.6011893873
Angle 49,19153.9680441518,7916.9740676358
Angle 49,19181.7196659547,7901.25796981187
Angle 49,19209.4552222958,7885.45297006409
Angle 49,19237.1746819799,7869.55914293415
Angle 49,19264.8780135635,7853.57656335974
Angle 49,19292.5651853544,7837.50530667747
Angle 49,19320.2361654122,7821.34544862581
Angle 49,19347.8909215478,7805.09706534801
Angle 49,19375.5294213239,7788.76023339502
Angle 49,19403.151632055,7772.33502972848
Angle 49,19430.7575208069,7755.8215317236
Angle 49,19458.3470543973,7739.21981717216
Angle 49,19485.9201993955,7722.52996428544
Angle 49,19513.4769221224,7705.75205169719
Angle 49,19541.0171886508,7688.8861584666
Angle 49,19568.540964805,7671.93236408128
Angle 49,19596.0482161611,7654.89074846022
Angle 49,19623.5389080469,7637.76139195677
Angle 49,19651.013005542,7620.54437536167
Angle 49,19678.4704734777,7603.239779906
Angle 49,19705.911276437,7585.8476872642
Angle 49,19733.3353787547,7568.36817955706
Angle 49,19760.7427445172,7550.80133935477
Angle 49,19788.1333375629,7533.14724967989
Angle 49,19815.5071214817,7515.40599401039
Angle 49,19842.8640596155,7497.5776562827
Angle 49,19870.2041150577,7479.66232089471
Angle 49,19897.5272506537,7461.66007270882
Angle 49,19924.8334290005,7443.570997055
Angle 49,19952.1226124469,7425.39517973381
Angle 49,19979.3947630935,7407.13270701948
Angle 49,20006.6498427926,7388.78366566295
Angle 49,20033.8878131484,7370.34814289497
Angle 49,20061.1086355167,7351.82622642914
Angle 49,20088.3122710051,7333.21800446498
Angle 49,20115.4986804732,7314.52356569104
Angle 49,20142.6678245319,7295.74299928797
Angle 49,20169.8196635444,7276.87639493164
Angle 49,20196.9541576254,7257.92384279619
Angle 49,20224.0712666413,7238.88543355716
Angle 49,20251.1709502105,7219.76125839461
Angle 49,20278.2531677031,7200.55140899623
Angle 49,20305.317878241,7181.25597756041
Angle 49,20332.365040698,7161.87505679946
Angle 49,20359.3946136994,7142.40873994263
Angle 49,20386.4065556227,7122.85712073934
Angle 49,20413.4008245971,7103.22029346226
Angle 49,20440.3773785036,7083.49835291045
Angle 49,20467.3361749751,7063.69139441258
Angle 49,20494.2771713964,7043.79951382998
Angle 49,20521.2003249041,7023.82280755989
Angle 49,20548.1055923868,7003.76137253856
Angle 49,20574.9929304849,6983.61530624448
Angle 49,20601.8622955911,6963.38470670147
Angle 49,20628.7136438496,6943.06967248193
Angle 49,20655.5469311569,6922.67030271001
Angle 49,20682.3621131615,6902.18669706475
Angle 49,20709.1591452638,6881.61895578333
Angle 49,20735.9379826166,6860.96717966422
Angle 49,20762.6985801244,6840.23147007041
Angle 49,20789.4408924443,6819.41192893259
Angle 49,20816.1648739852,6798.50865875237
Angle 49,20842.8704789086,6777.52176260551
Angle 49,20869.5576611281,6756.45134414509
Angle 49,20896.2263743096,6735.29750760476
Angle 49,20922.8765718714,6714.06035780196
Angle 49,20949.5082069845,6692.74000014116
Angle 49,20976.121232572,6671.33654061704
Angle 49,21002.7156013098,6649.85008581778
Angle 49,21029.2912656265,6628.28074292829
Angle 49,21055.8481777031,6606.6286197334
Angle 49,21082.3862894737,6584.89382462116
Angle 49,21108.9055526249,6563.07646658607
Angle 49,21135.4059185966,6541.17665523231
Angle 49,21161.8873385813,6519.19450077702
Angle 49,21188.3497635249,6497.13011405354
Angle 49,21214.7931441263,6474.98360651466
Angle 49,21241.2174308378,6452.7550902359
Angle 49,21267.6225738649,6430.44467791876
Angle 49,21294.0085231668,6408.05248289399
Angle 49,21320.375228456,6385.57861912485
Angle 49,21346.722639199,6363.02320121038
Angle 49,21373.050704616,6340.38634438869
Angle 49,21399.3593736811,6317.6681645402
Angle 49,21425.6485951224,6294.86877819092
Angle 49,21451.9183174225,6271.98830251577
Angle 49,21478.1684888179,6249.02685534179
Angle 49,21504.3990572999,6225.98455515145
Angle 49,21530.6099706145,6202.86152108595
Angle 49,21556.8011762622,6179.65787294845
Angle 49,21582.9726214987,6156.37373120739
Angle 49,21609.1242533346,6133.00921699976
Angle 49,21635.2560185361,6109.56445213437
Angle 49,21661.3678636246,6086.03955909515
Angle 49,21687.4597348773,6062.4346610444
Angle 49,21713.5315783272,6038.74988182609
Angle 49,21739.5833397633,6014.98534596917
Angle 49,21765.614964731,5991.14117869078
Angle 49,21791.6263985321,5967.21750589959
Angle 49,21817.617586225,5943.21445419904
Angle 49,21843.5884726251,5919.13215089065
Angle 49,21869.5390023051,5894.97072397727
Angle 49,21895.4691195948,5870.73030216634
Angle 49,21921.3787685818,5846.41101487321
Angle 49,21947.2678931116,5822.01299222436
Angle 49,21973.1364367879,5797.53636506071
Angle 49,21998.9843429726,5772.98126494083
Angle 49,22024.8115547867,5748.34782414426
Angle 49,22050.6180151098,5723.63617567475
Angle 49,22076.4036665811,5698.8464532635
Angle 49,22102.1684515992,5673.97879137241
Angle 49,22127.9123123228,5649.03332519738
Angle 49,22153.6351906707,5624.01019067148
Angle 49,22179.3370283222,5598.90952446826
Angle 49,22205.0177667178,5573.73146400494
Angle 49,22230.6773470589,5548.47614744566
Angle 49,22256.3157103089,5523.14371370473
Angle 49,22281.9327971928,5497.7343024498
Angle 49,22307.5285481983,5472.24805410512
Angle 49,22333.1029035755,5446.68510985475
Angle 49,22358.6558033381,5421.04561164574
Angle 49,22384.1871872629,5395.32970219135
Angle 49,22409.696994891,5369.53752497423
Angle 49,22435.1851655277,5343.66922424963
Angle 49,22460.6516382433,5317.72494504855
Angle 49,22486.0963518732,5291.70483318092
Angle 49,22511.5192450188,5265.60903523879
Angle 49,22536.9202560475,5239.43769859944
Angle 49,22562.2993230935,5213.19097142857
Angle 49,22587.6563840582,5186.86900268343
Angle 49,22612.9913766107,5160.47194211591
Angle 49,22638.3042381883,5133.99994027575
Angle 49,22663.594905997,5107.45314851354
Angle 49,22688.8633170121,5080.83171898393
Angle 49,22714.1094079788,5054.13580464863
Angle 49,22739.3331154127,5027.36555927957
Angle 49,22764.5343756004,5000.52113746191
Angle 49,22789.7131245999,4973.60269459713
Angle 49,22814.8692982415,4946.61038690608
Angle 49,22840.0028321282,4919.544371432
Angle 49,22865.1136616367,4892.40480604356
Angle 49,22890.2017219172,4865.19184943785
Angle 49,22915.2669478952,4837.90566114342
Angle 49,22940.3092742711,4810.54640152322
Angle 49,22965.3286355217,4783.11423177757
Angle 49,22990.3249659003,4755.60931394717
Angle 49,23015.2981994377,4728.031810916
Angle 49,23040.248269943,4700.38188641424
Angle 49,23065.1751110041,4672.65970502123
Angle 49,23090.0786559886,4644.8654321683
Angle 49,23114.9588380446,4616.99923414172
Angle 49,23139.8155901012,4589.06127808551
Angle 49,23164.6488448698,4561.05173200434
Angle 49,23189.4585348444,4532.9707647663
Angle 49,23214.2445923028,4504.81854610576
Angle 49,23239.0069493071,4476.59524662615
Angle 49,23263.7455377048,4448.30103780272
Angle 49,23288.4602891298,4419.93609198532
Angle 49,23313.151135003,4391.50058240115
Angle 49,23337.8180065331,4362.99468315741
Angle 49,23362.460834718,4334.4185692441
Angle 49,23387.0795503454,4305.7724165366
Angle 49,23411.6740839937,4277.05640179839
Angle 49,23436.2443660333,4248.27070268365
Angle 49,23460.7903266272,4219.41549773989
Angle 49,23485.3118957323,4190.49096641052
Angle 49,23509.8090031003,4161.49728903744
Angle 49,23534.2815782785,4132.43464686357
Angle 49,23558.7295506115,4103.30322203536
Angle 49,23583.1528492416,4074.10319760531
Angle 49,23607.5514031103,4044.83475753441
Angle 49,23631.9251409592,4015.4980866946
Angle 49,23656.2739913312,3986.09337087117
Angle 49,23680.5978825718,3956.62079676518
Angle 49,23704.8967428299,3927.0805519958
Angle 49,23729.1705000594,3897.47282510267
Angle 49,23753.41908202,3867.79780554816
Angle 49,23777.642416279,3838.05568371973
Angle 49,23801.8404302117,3808.24665093208
Angle 49,23826.0130510035,3778.37089942947
Angle 49,23850.1602056506,3748.42862238784
Angle 49,23874.2818209616,3718.420013917
Angle 49,23898.3778235588,3688.34526906277
Angle 49,23922.4481398793,3658.20458380903
Angle 49,23946.4926961767,3627.99815507985
Angle 49,23970.5114185221,3597.72618074148
Angle 49,23994.5042328061,3567.38885960435
Angle 49,24018.4710647393,3536.98639142505
Angle 49,24042.4118398548,3506.51897690825
Angle 49,24066.3264835088,3475.98681770861
Angle 49,24090.2149208825,3445.39011643259
Angle 49,24114.0770769836,3414.72907664037
Angle 49,24137.9128766476,3384.00390284752
Angle 49,24161.7222445398,3353.21480052685
Angle 49,24185.5051051563,3322.36197611005
Angle 49,24209.261382826,3291.4456369894
Angle 49,24232.9910017119,3260.46599151938
Angle 49,24256.6938858132,3229.42324901829
Angle 49,24280.3699589664,3198.31761976979
Angle 49,24304.0191448474,3167.1493150244
Angle 49,24327.6413669731,3135.91854700097
Angle 49,24351.236548703,3104.62552888815
Angle 49,24374.804613241,3073.27047484573
Angle 49,24398.3454836373,3041.85360000597
Angle 49,24421.8590827899,3010.37512047496
Angle 49,24445.345333447,2978.83525333383
Angle 49,24468.8041582081,2947.23421663994
Angle 49,24492.2354795263,2915.5722294281
Angle 49,24515.6392197103,2883.84951171163
Angle 49,24539.0153009258,2852.06628448345
Angle 49,24562.363645198,2820.22276971712
Angle 49,24585.6841744133,2788.31919036776
Angle 49,24608.9768103213,2756.35577037305
Angle 49,24632.2414745367,2724.33273465401
Angle 49,24655.4780885415,2692.25030911589
Angle 49,24678.6865736871,2660.10872064895
Angle 49,24701.8668511961,2627.90819712911
Angle 49,24725.0188421649,2595.64896741869
Angle 49,24748.1424675651,2563.33126136698
Angle 49,24771.2376482466,2530.95530981081
Angle 49,24794.3043049387,2498.52134457509
Angle 49,24817.3423582532,2466.0295984732
Angle 49,24840.3517286864,2433.48030530745
Angle 49,24863.3323366211,2400.87369986939
Angle 49,24886.2841023289,2368.21001794006
Angle 49,24909.2069459729,2335.48949629029
Angle 49,24932.1007876097,2302.71237268081
Angle 49,24954.9655471918,2269.87888586237
Angle 49,24977.8011445701,2236.98927557581
Angle 49,25000.6074994963,2204.04378255202
Angle 49,25023.3845316252,2171.04264851188
Angle 49,25046.1321605171,2137.98611616613
Angle 49,25068.8503056408,2104.87442921519
Angle 49,25091.5388863754,2071.70783234884
Angle 49,25114.1978220133,2038.48657124599
Angle 49,25136.8270317629,2005.2108925742
Angle 49,25159.4264347506,1971.88104398929
Angle 49,25181.995950024,1938.49727413481
Angle 49,25204.5354965543,1905.05983264144
Angle 49,25227.044993239,1871.56897012637
Angle 49,25249.5243589045,1838.02493819253
Angle 49,25271.973512309,1804.42798942787
Angle 49,25294.3923721454,1770.77837740446
Angle 49,25316.7808570435,1737.07635667759
Angle 49,25339.1388855735,1703.32218278474
Angle 49,25361.4663762483,1669.51611224456
Angle 49,25383.7632475266,1635.65840255572
Angle 49,25406.0294178159,1601.74931219567
Angle 49,25428.2648054752,1567.78910061942
Angle 49,25450.469328818,1533.77802825811
Angle 49,25472.6429061154,1499.71635651765
Angle 49,25494.7854555987,1465.60434777716
Angle 49,25516.8968954631,1431.44226538745
Angle 49,25538.9771438702,1397.23037366932
Angle 49,25561.0261189511,1362.96893791182
Angle 49,25583.0437388098,1328.6582243705
Angle 49,25605.0299215262,1294.29850026546
Angle 49,25626.9845851591,1259.89003377944
Angle 49,25648.9076477497,1225.43309405572
Angle 49,25670.7990273244,1190.92795119605
Angle 49,25692.6586418984,1156.3748762584
Angle 49,25714.4864094789,1121.77414125471
Angle 49,25736.2822480683,1087.12601914852
Angle 49,25758.0460756673,1052.43078385249
Angle 49,25779.7778102788,1017.68871022591
Angle 49,25801.4773699108,982.900074072073
Angle 49,25823.14467258,948.065152135552
Angle 49,25844.7796363152,913.18422209945
Angle 49,25866.3821791606,878.257562582521
Angle 49,25887.9522191796,843.285453136214
Angle 49,25909.4896744579,808.268174241639
Angle 49,25930.9944631075,773.206007306437
Angle 49,25952.4665032699,738.099234661573
Angle 49,25973.9057131195,702.948139558028
Angle 49,25995.3120108678,667.753006163419
Angle 49,26016.6853147668,632.514119558516
Angle 49,26038.0255431121,597.231765733676
Angle 49,26059.3326142476,561.906231585188
Angle 49,26080.6064465683,526.537804911526
Angle 49,26101.8469585246,491.126774409513
Angle 49,26123.0540686257,455.673429670387
Angle 49,26144.2276954436,420.178061175789
Angle 49,26165.367757617,384.640960293643
Angle 49,26186.4741738547,349.062419273958
Angle 49,26207.54686294,313.442731244521
Angle 49,26228.5857437341,277.782190206515
Angle 49,26249.5907351805,242.081091030027
Angle 49,26270.5617563084,206.339729449471
Angle 49,26291.498726237,170.558402058912
Angle 49,26312.4015641796,134.737406307299
Angle 49,26333.2701894469,98.8770404935951
Angle 49,26354.1045214521,62.9776037618222
Angle 49,26374.9044797139,27.0393960959995
Angle 49,26390.5114430692,0
Angle 50,0,0
Angle 50,44.8691463065592,53.3749663074771
Angle 50,89.6138116568035,106.503853870513
Angle 50,134.235474523833,159.388690836242
Angle 50,178.735587084103,212.031468442837
Angle 50,223.115575843398,264.434141902361
Angle 50,267.37684224406,316.598631257162
Angle 50,311.520763254123,368.526822210753
Angle 50,355.548691939031,420.220566934106
Angle 50,399.461958016539,471.681684848218
Angle 50,443.261868395392,522.911963383807
Angle 50,486.949707698374,573.913158718928
Angle 50,530.526738770242,624.686996495288
Angle 50,573.994203171098,675.235172514002
Angle 50,617.353321655683,725.559353411489
Angle 50,660.605294639086,775.661177316207
Angle 50,703.751302649327,825.542254486864
Angle 50,746.792506767266,875.204167932747
Angle 50,789.730049054255,924.648474016757
Angle 50,832.565052967948,973.876703041753
Angle 50,875.298623766672,1022.89035982073
Angle 50,917.931848902726,1071.6909242314
Angle 50,960.465798404978,1120.27985175567
Angle 50,1002.90152525111,1168.6585740045
Angle 50,1045.24006572985,1216.82849922865
Angle 50,1087.48243979351,1264.79101281577
Angle 50,1129.62965140115,1312.54747777422
Angle 50,1171.68268885268,1360.0992352041
Angle 50,1213.64252511413,1407.44760475592
Angle 50,1255.51011813444,1454.5938850772
Angle 50,1297.28641115401,1501.53935424747
Angle 50,1338.97233300527,1548.28527020206
Angle 50,1380.56879840548,1594.83287114484
Angle 50,1422.07670824207,1641.18337595057
Angle 50,1463.49694985072,1687.33798455684
Angle 50,1504.83039728635,1733.29787834615
Angle 50,1546.07791158731,1779.06422051838
Angle 50,1587.24034103301,1824.63815645388
Angle 50,1628.31852139499,1870.02081406748
Angle 50,1669.31327618192,1915.2133041538
Angle 50,1710.22541687843,1960.21672072398
Angle 50,1751.05574317817,2005.03214133412
Angle 50,1791.8050432111,2049.66062740572
Angle 50,1832.47409376534,2094.1032245384
Angle 50,1873.06366050359,2138.36096281491
Angle 50,1913.57449817439,2182.43485709893
Angle 50,1954.00735081829,2226.32590732569
Angle 50,1994.36295196917,2270.03509878566
Angle 50,2034.6420248507,2313.56340240152
Angle 50,2074.84528256828,2356.91177499864
Angle 50,2114.97342829637,2400.08115956913
Angle 50,2155.02715546154,2443.07248552979
Angle 50,2195.00714792121,2485.88666897406
Angle 50,2234.91408013828,2528.5246129181
Angle 50,2274.74861735174,2570.98720754125
Angle 50,2314.51141574337,2613.27533042095
Angle 50,2354.20312260065,2655.38984676234
Angle 50,2393.82437647601,2697.33160962262
Angle 50,2433.37580734238,2739.10146013035
Angle 50,2472.85803674538,2780.70022769983
Angle 50,2512.27167795203,2822.12873024066
Angle 50,2551.61733609613,2863.38777436272
Angle 50,2590.89560832051,2904.47815557643
Angle 50,2630.10708391606,2945.40065848882
Angle 50,2669.25234445776,2986.15605699508
Angle 50,2708.33196393769,3026.74511446608
Angle 50,2747.34650889521,3067.16858393174
Angle 50,2786.29653854426,3107.42720826043
Angle 50,2825.18260489797,3147.52172033449
Angle 50,2864.00525289057,3187.45284322203
Angle 50,2902.76502049667,3227.22129034505
Angle 50,2941.4624388481,3266.8277656439
Angle 50,2980.09803234812,3306.27296373837
Angle 50,3018.6723187834,3345.55757008533
Angle 50,3057.18580943352,3384.68226113305
Angle 50,3095.63900917822,3423.64770447229
Angle 50,3134.03241660245,3462.45455898433
Angle 50,3172.36652409923,3501.10347498578
Angle 50,3210.64181797034,3539.59509437054
Angle 50,3248.85877852502,3577.93005074879
Angle 50,3287.01788017658,3616.10896958311
Angle 50,3325.11959153713,3654.13246832189
Angle 50,3363.16437551027,3692.00115652997
Angle 50,3401.15268938204,3729.71563601668
Angle 50,3439.08498490994,3767.27650096129
Angle 50,3476.96170841021,3804.68433803597
Angle 50,3514.78330084338,3841.93972652626
Angle 50,3552.55019789809,3879.04323844918
Angle 50,3590.26283007328,3915.99543866896
Angle 50,3627.92162275876,3952.79688501056
Angle 50,3665.52699631417,3989.4481283709
Angle 50,3703.07936614644,4025.94971282795
Angle 50,3740.5791427857,4062.30217574765
Angle 50,3778.02673195975,4098.50604788886
Angle 50,3815.42253466711,4134.56185350615
Angle 50,3852.76694724859,4170.47011045072
Angle 50,3890.06036145757,4206.23133026935
Angle 50,3927.30316452893,4241.84601830143
Angle 50,3964.4957392466,4277.31467377422
Angle 50,4001.63846400991,4312.6377898962
Angle 50,4038.73171289867,4347.81585394881
Angle 50,4075.77585573698,4382.84934737633
Angle 50,4112.77125815594,4417.73874587411
Angle 50,4149.71828165509,4452.48451947524
Angle 50,4186.6172836628,4487.0871326355
Angle 50,4223.46861759544,4521.54704431682
Angle 50,4260.2726329156,4555.86470806915
Angle 50,4297.02967518908,4590.04057211083
Angle 50,4333.74008614098,4624.07507940758
Angle 50,4370.40420371068,4657.96866774992
Angle 50,4407.02236210586,4691.72176982925
Angle 50,4443.59489185553,4725.33481331261
Angle 50,4480.12211986211,4758.80822091595
Angle 50,4516.60436945259,4792.14241047626
Angle 50,4553.04196042871,4825.33779502228
Angle 50,4589.43520911637,4858.39478284398
Angle 50,4625.78442841402,4891.31377756086
Angle 50,4662.0899278403,4924.095178189
Angle 50,4698.35201358079,4956.73937920692
Angle 50,4734.57098853396,4989.24677062029
Angle 50,4770.74715235629,5021.61773802556
Angle 50,4806.88080150666,5053.85266267243
Angle 50,4842.97222928986,5085.95192152519
Angle 50,4879.02172589949,5117.91588732314
Angle 50,4915.02957846,5149.74492863985
Angle 50,4950.99607106808,5181.43940994141
Angle 50,4986.92148483329,5212.99969164376
Angle 50,5022.80609791802,5244.42613016898
Angle 50,5058.6501855768,5275.7190780006
Angle 50,5094.45402019488,5306.8788837381
Angle 50,5130.2178713262,5337.90589215029
Angle 50,5165.94200573072,5368.80044422802
Angle 50,5201.62668741111,5399.5628772358
Angle 50,5237.27217764882,5430.19352476273
Angle 50,5272.87873503958,5460.69271677244
Angle 50,5308.44661552827,5491.06077965232
Angle 50,5343.97607244322,5521.29803626185
Angle 50,5379.46735653,5551.40480598019
Angle 50,5414.92071598457,5581.38140475294
Angle 50,5450.33639648591,5611.22814513823
Angle 50,5485.7146412282,5640.9453363519
Angle 50,5521.05569095233,5670.53328431213
Angle 50,5556.359783977,5699.9922916832
Angle 50,5591.62715622933,5729.32265791862
Angle 50,5626.85804127486,5758.52467930355
Angle 50,5662.05267034723,5787.59864899655
Angle 50,5697.21127237721,5816.54485707064
Angle 50,5732.33407402144,5845.36359055372
Angle 50,5767.42129969055,5874.05513346835
Angle 50,5802.47317157695,5902.61976687092
Angle 50,5837.48990968214,5931.05776889016
Angle 50,5872.47173184355,5959.36941476507
Angle 50,5907.41885376103,5987.55497688227
Angle 50,5942.33148902289,6015.61472481275
Angle 50,5977.20984913148,6043.54892534803
Angle 50,6012.05414352848,6071.35784253583
Angle 50,6046.86457961972,6099.04173771507
Angle 50,6081.64136279961,6126.60086955047
Angle 50,6116.38469647524,6154.03549406651
Angle 50,6151.09478209005,6181.34586468094
Angle 50,6185.77181914723,6208.53223223772
Angle 50,6220.41600523263,6235.5948450395
Angle 50,6255.02753603743,6262.53394887962
Angle 50,6289.60660538044,6289.34978707358
Angle 50,6324.15340522997,6316.04260049007
Angle 50,6358.66812572556,6342.61262758154
Angle 50,6393.15095519914,6369.06010441427
Angle 50,6427.6020801961,6395.38526469804
Angle 50,6462.02168549587,6421.58833981535
Angle 50,6496.40995413232,6447.66955885018
Angle 50,6530.76706741373,6473.62914861633
Angle 50,6565.0932049426,6499.4673336854
Angle 50,6599.38854463502,6525.18433641429
Angle 50,6633.65326273991,6550.78037697229
Angle 50,6667.88753385783,6576.25567336789
Angle 50,6702.09153095958,6601.61044147504
Angle 50,6736.26542540457,6626.84489505913
Angle 50,6770.40938695883,6651.95924580262
Angle 50,6804.52358381281,6676.9537033302
Angle 50,6838.60818259891,6701.82847523364
Angle 50,6872.66334840876,6726.58376709634
Angle 50,6906.68924481026,6751.21978251744
Angle 50,6940.6860338643,6775.73672313562
Angle 50,6974.65387614138,6800.13478865261
Angle 50,7008.59293073784,6824.41417685627
Angle 50,7042.50335529195,6848.57508364344
Angle 50,7076.38530599976,6872.61770304242
Angle 50,7110.23893763066,6896.54222723515
Angle 50,7144.06440354282,6920.34884657906
Angle 50,7177.86185569832,6944.03774962867
Angle 50,7211.63144467812,6967.60912315679
Angle 50,7245.3733196968,6991.06315217556
Angle 50,7279.08762861705,7014.4000199571
Angle 50,7312.77451796408,7037.61990805388
Angle 50,7346.43413293967,7060.72299631888
Angle 50,7380.06661743613,7083.70946292543
Angle 50,7413.67211405004,7106.57948438674
Angle 50,7447.25076409577,7129.33323557526
Angle 50,7480.80270761885,7151.9708897417
Angle 50,7514.32808340914,7174.49261853381
Angle 50,7547.82702901381,7196.89859201496
Angle 50,7581.29968075015,7219.18897868237
Angle 50,7614.74617371818,7241.3639454852
Angle 50,7648.16664181314,7263.42365784235
Angle 50,7681.56121773776,7285.36827966
Angle 50,7714.93003301436,7307.19797334897
Angle 50,7748.27321799685,7328.91289984183
Angle 50,7781.59090188245,7350.51321860976
Angle 50,7814.88321272338,7371.99908767924
Angle 50,7848.1502774383,7393.37066364847
Angle 50,7881.39222182363,7414.62810170363
Angle 50,7914.60917056472,7435.77155563483
Angle 50,7947.80124724685,7456.80117785203
Angle 50,7980.96857436611,7477.71711940055
Angle 50,8014.11127334009,7498.51952997652
Angle 50,8047.2294645185,7519.20855794209
Angle 50,8080.32326719354,7539.78435034044
Angle 50,8113.39279961027,7560.24705291059
Angle 50,8146.43817897669,7580.59681010207
Angle 50,8179.45952147381,7600.83376508933
Angle 50,8212.45694226554,7620.95805978604
Angle 50,8245.43055550842,7640.96983485916
Angle 50,8278.38047436125,7660.86922974288
Angle 50,8311.30681099463,7680.6563826523
Angle 50,8344.20967660029,7700.33143059707
Angle 50,8377.08918140038,7719.89450939474
Angle 50,8409.94543465657,7739.34575368402
Angle 50,8442.7785446791,7758.6852969378
Angle 50,8475.58861883564,7777.91327147616
Angle 50,8508.37576356008,7797.02980847901
Angle 50,8541.14008436121,7816.03503799874
Angle 50,8573.88168583126,7834.9290889727
Angle 50,8606.60067165432,7853.71208923539
Angle 50,8639.29714461471,7872.38416553071
Angle 50,8671.97120660519,7890.94544352388
Angle 50,8704.62295863506,7909.39604781334
Angle 50,8737.25250083821,7927.73610194243
Angle 50,8769.859932481,7945.96572841098
Angle 50,8802.44535197005,7964.08504868674
Angle 50,8835.00885686003,7982.09418321668
Angle 50,8867.55054386117,7999.99325143814
Angle 50,8900.07050884684,8017.78237178988
Angle 50,8932.56884686095,8035.46166172298
Angle 50,8965.04565212527,8053.03123771161
Angle 50,8997.50101804664,8070.4912152637
Angle 50,9029.93503722416,8087.84170893145
Angle 50,9062.34780145617,8105.08283232173
Angle 50,9094.73940174727,8122.21469810639
Angle 50,9127.10992831515,8139.23741803242
Angle 50,9159.45947059739,8156.15110293199
Angle 50,9191.78811725816,8172.95586273239
Angle 50,9224.09595619482,8189.65180646588
Angle 50,9256.38307454447,8206.23904227936
Angle 50,9288.64955869038,8222.71767744402
Angle 50,9320.89549426838,8239.08781836479
Angle 50,9353.12096617312,8255.34957058978
Angle 50,9385.32605856431,8271.50303881953
Angle 50,9417.51085487283,8287.54832691619
Angle 50,9449.6754378068,8303.48553791262
Angle 50,9481.81988935755,8319.31477402138
Angle 50,9513.94429080552,8335.03613664356
Angle 50,9546.04872272615,8350.64972637764
Angle 50,9578.13326499553,8366.1556430281
Angle 50,9610.19799679622,8381.55398561408
Angle 50,9642.24299662277,8396.84485237785
Angle 50,9674.2683422873,8412.02834079323
Angle 50,9706.274110925,8427.10454757389
Angle 50,9738.26037899954,8442.07356868162
Angle 50,9770.22722230837,8456.93549933444
Angle 50,9802.17471598809,8471.69043401467
Angle 50,9834.10293451958,8486.3384664769
Angle 50,9866.0119517332,8500.8796897559
Angle 50,9897.90184081387,8515.31419617439
Angle 50,9929.77267430608,8529.64207735077
Angle 50,9961.6245241189,8543.86342420682
Angle 50,9993.45746153085,8557.97832697518
Angle 50,10025.2715571947,8571.98687520689
Angle 50,10057.0668811424,8585.88915777883
Angle 50,10088.8435027897,8599.68526290096
Angle 50,10120.6014909408,8613.37527812369
Angle 50,10152.340913793,8626.95929034499
Angle 50,10184.0618389412,8640.43738581754
Angle 50,10215.7643333827,8653.80965015576
Angle 50,10247.4484635211,8667.07616834281
Angle 50,10279.1142951712,8680.23702473745
Angle 50,10310.7618935632,8693.29230308094
Angle 50,10342.3913233467,8706.24208650373
Angle 50,10374.0026485955,8719.08645753224
Angle 50,10405.5959328111,8731.82549809543
Angle 50,10437.1712389275,8744.45928953143
Angle 50,10468.7286293148,8756.98791259403
Angle 50,10500.2681657834,8769.41144745909
Angle 50,10531.7899095882,8781.72997373099
Angle 50,10563.2939214322,8793.94357044892
Angle 50,10594.7802614706,8806.05231609313
Angle 50,10626.2489893144,8818.05628859117
Angle 50,10657.7001640347,8829.95556532402
Angle 50,10689.133844166,8841.75022313219
Angle 50,10720.5500877099,8853.44033832174
Angle 50,10751.948952139,8865.02598667026
Angle 50,10783.3304944007,8876.5072434328
Angle 50,10814.6947709202,8887.88418334776
Angle 50,10846.0418376044,8899.15688064266
Angle 50,10877.3717498455,8910.32540903995
Angle 50,10908.6845625241,8921.38984176268
Angle 50,10939.9803300129,8932.3502515402
Angle 50,10971.2591061801,8943.20671061374
Angle 50,11002.5209443924,8953.95929074198
Angle 50,11033.7658975187,8964.60806320659
Angle 50,11064.9940179329,8975.15309881765
Angle 50,11096.2053575175,8985.59446791907
Angle 50,11127.3999676668,8995.93224039401
Angle 50,11158.5778992896,9006.16648567016
Angle 50,11189.7392028128,9016.297272725
Angle 50,11220.883928184,9026.3246700911
Angle 50,11252.012124875,9036.24874586124
Angle 50,11283.1238418845,9046.0695676936
Angle 50,11314.2191277409,9055.78720281686
Angle 50,11345.2980305057,9065.40171803521
Angle 50,11376.3605977761,9074.91317973345
Angle 50,11407.4068766877,9084.32165388191
Angle 50,11438.4369139176,9093.6272060414
Angle 50,11469.450755687,9102.82990136811
Angle 50,11500.4484477642,9111.92980461847
Angle 50,11531.430035467,9120.92698015399
Angle 50,11562.3955636655,9129.82149194599
Angle 50,11593.3450767849,9138.61340358038
Angle 50,11624.2786188079,9147.30277826238
Angle 50,11655.1962332777,9155.88967882116
Angle 50,11686.0979632998,9164.37416771447
Angle 50,11716.9838515454,9172.75630703327
Angle 50,11747.8539402533,9181.03615850629
Angle 50,11778.7082712327,9189.21378350452
Angle 50,11809.5468858654,9197.28924304574
Angle 50,11840.3698251086,9205.26259779898
Angle 50,11871.1771294967,9213.13390808895
Angle 50,11901.9688391442,9220.90323390041
Angle 50,11932.7449937478,9228.57063488257
Angle 50,11963.5056325886,9236.13617035339
Angle 50,11994.2507945347,9243.59989930392
Angle 50,12024.9805180431,9250.96188040253
Angle 50,12055.6948411623,9258.22217199919
Angle 50,12086.3938015339,9265.38083212963
Angle 50,12117.0774363955,9272.43791851959
Angle 50,12147.7457825824,9279.39348858892
Angle 50,12178.3988765297,9286.24759945571
Angle 50,12209.0367542747,9293.00030794042
Angle 50,12239.6594514588,9299.65167056991
Angle 50,12270.2670033292,9306.2017435815
Angle 50,12300.8594447417,9312.650582927
Angle 50,12331.436810162,9318.99824427666
Angle 50,12361.9991336681,9325.24478302316
Angle 50,12392.5464489519,9331.39025428555
Angle 50,12423.0787893216,9337.43471291316
Angle 50,12453.596187703,9343.37821348945
Angle 50,12484.0986766421,9349.22081033593
Angle 50,12514.5862883062,9354.96255751596
Angle 50,12545.0590544865,9360.60350883856
Angle 50,12575.5170065993,9366.14371786225
Angle 50,12605.960175688,9371.58323789876
Angle 50,12636.3885924253,9376.9221220168
Angle 50,12666.8022871142,9382.16042304578
Angle 50,12697.2012896902,9387.29819357953
Angle 50,12727.5856297232,9392.33548597992
Angle 50,12757.9553364186,9397.27235238061
Angle 50,12788.3104386195,9402.10884469061
Angle 50,12818.6509648082,9406.84501459791
Angle 50,12848.9769431078,9411.48091357311
Angle 50,12879.2884012836,9416.01659287296
Angle 50,12909.5853667453,9420.45210354392
Angle 50,12939.8678665479,9424.78749642573
Angle 50,12970.1359273938,9429.02282215488
Angle 50,13000.3895756341,9433.15813116812
Angle 50,13030.62883727,9437.19347370597
Angle 50,13060.8537379545,9441.12889981615
Angle 50,13091.064302994,9444.96445935703
Angle 50,13121.2605573495,9448.70020200105
Angle 50,13151.4425256382,9452.33617723815
Angle 50,13181.610232135,9455.87243437914
Angle 50,13211.7637007736,9459.30902255907
Angle 50,13241.9029551485,9462.6459907406
Angle 50,13272.0280185158,9465.88338771735
Angle 50,13302.1389137948,9469.02126211718
Angle 50,13332.2356635697,9472.05966240556
Angle 50,13362.3182900902,9474.99863688881
Angle 50,13392.3868152734,9477.83823371741
Angle 50,13422.4412607051,9480.57850088925
Angle 50,13452.4816476407,9483.21948625287
Angle 50,13482.5079970069,9485.7612375107
Angle 50,13512.5203294028,9488.20380222229
Angle 50,13542.5186651011,9490.5472278075
Angle 50,13572.5030240493,9492.79156154968
Angle 50,13602.4734258712,9494.93685059886
Angle 50,13632.4298898677,9496.98314197494
Angle 50,13662.3724350184,9498.93048257077
Angle 50,13692.3010799824,9500.77891915534
Angle 50,13722.2158430997,9502.5284983769
Angle 50,13752.1167423925,9504.17926676606
Angle 50,13782.003795566,9505.73127073887
Angle 50,13811.8770200094,9507.18455659994
Angle 50,13841.7364327978,9508.53917054549
Angle 50,13871.5820506924,9509.79515866642
Angle 50,13901.4138901421,9510.95256695137
Angle 50,13931.2319672843,9512.01144128975
Angle 50,13961.0362979464,9512.97182747474
Angle 50,13990.8268976463,9513.83377120637
Angle 50,14020.6037815936,9514.59731809447
Angle 50,14050.3669646911,9515.26251366167
Angle 50,14080.1164615349,9515.82940334644
Angle 50,14109.8522864164,9516.29803250597
Angle 50,14139.5744533225,9516.66844641923
Angle 50,14169.2829759369,9516.94069028986
Angle 50,14198.9778676413,9517.11480924913
Angle 50,14228.6591415158,9517.1908483589
Angle 50,14258.3268103403,9517.16885261452
Angle 50,14287.9808865952,9517.04886694772
Angle 50,14317.6213824625,9516.83093622959
Angle 50,14347.2483098266,9516.51510527341
Angle 50,14376.8616802751,9516.10141883756
Angle 50,14406.4615050998,9515.58992162844
Angle 50,14436.0477952976,9514.98065830326
Angle 50,14465.6205615714,9514.27367347298
Angle 50,14495.1798143309,9513.46901170512
Angle 50,14524.7255636933,9512.56671752665
Angle 50,14554.2578194844,9511.56683542677
Angle 50,14583.7765912393,9510.46940985979
Angle 50,14613.281888203,9509.27448524795
Angle 50,14642.7737193318,9507.9821059842
Angle 50,14672.2520932934,9506.59231643507
Angle 50,14701.7170184681,9505.10516094342
Angle 50,14731.1685029497,9503.52068383125
Angle 50,14760.6065545457,9501.8389294025
Angle 50,14790.0311807787,9500.05994194584
Angle 50,14819.4423888868,9498.18376573741
Angle 50,14848.8401858242,9496.21044504362
Angle 50,14878.2245782623,9494.14002412392
Angle 50,14907.5955725905,9491.97254723351
Angle 50,14936.9531749161,9489.70805862615
Angle 50,14966.2973910662,9487.34660255686
Angle 50,14995.6282265874,9484.88822328469
Angle 50,15024.9456867469,9482.33296507543
Angle 50,15054.2497765332,9479.68087220436
Angle 50,15083.5405006568,9476.93198895894
Angle 50,15112.8178635507,9474.08635964157
Angle 50,15142.0818693711,9471.14402857227
Angle 50,15171.3325219981,9468.10504009141
Angle 50,15200.5698250364,9464.96943856238
Angle 50,15229.7937818157,9461.73726837434
Angle 50,15259.0043953916,9458.40857394485
Angle 50,15288.2016685461,9454.98339972261
Angle 50,15317.385603788,9451.46179019012
Angle 50,15346.5562033541,9447.84378986637
Angle 50,15375.7134692088,9444.1294433095
Angle 50,15404.8574030459,9440.3187951195
Angle 50,15433.988006288,9436.41188994084
Angle 50,15463.105280088,9432.40877246517
Angle 50,15492.2092253292,9428.30948743396
Angle 50,15521.2998426257,9424.11407964116
Angle 50,15550.3771323234,9419.82259393585
Angle 50,15579.4410945004,9415.43507522491
Angle 50,15608.4917289672,9410.95156847563
Angle 50,15637.5290352677,9406.37211871838
Angle 50,15666.5530126793,9401.69677104926
Angle 50,15695.5636602139,9396.92557063269
Angle 50,15724.5609766178,9392.05856270412
Angle 50,15753.5449603727,9387.09579257257
Angle 50,15782.5156096959,9382.03730562333
Angle 50,15811.4729225411,9376.88314732055
Angle 50,15840.4168965985,9371.6333632099
Angle 50,15869.3475292954,9366.28799892115
Angle 50,15898.2648177969,9360.84710017079
Angle 50,15927.168759006,9355.3107127647
Angle 50,15956.0593495642,9349.67888260069
Angle 50,15984.9365858522,9343.95165567119
Angle 50,16013.8004639899,9338.12907806578
Angle 50,16042.6509798371,9332.21119597389
Angle 50,16071.4881289939,9326.19805568731
Angle 50,16100.3119068011,9320.08970360288
Angle 50,16129.1223083404,9313.88618622505
Angle 50,16157.9193284354,9307.58755016849
Angle 50,16186.7029616514,9301.19384216069
Angle 50,16215.4732022959,9294.70510904458
Angle 50,16244.2300444194,9288.1213977811
Angle 50,16272.9734818152,9281.44275545182
Angle 50,16301.7035080203,9274.66922926154
Angle 50,16330.4201163154,9267.80086654085
Angle 50,16359.1232997255,9260.83771474879
Angle 50,16387.8130510203,9253.77982147538
Angle 50,16416.4893627141,9246.62723444426
Angle 50,16445.1522270668,9239.38000151525
Angle 50,16473.8016360838,9232.03817068697
Angle 50,16502.4375815166,9224.60179009944
Angle 50,16531.0600548627,9217.07090803663
Angle 50,16559.6690473666,9209.4455729291
Angle 50,16588.2645500196,9201.72583335656
Angle 50,16616.8465535604,9193.91173805049
Angle 50,16645.415048475,9186.00333589671
Angle 50,16673.9700249976,9178.00067593799
Angle 50,16702.5114731104,9169.90380737664
Angle 50,16731.0393825444,9161.71277957707
Angle 50,16759.5537427792,9153.42764206846
Angle 50,16788.0545430433,9145.04844454728
Angle 50,16816.5417723149,9136.57523687991
Angle 50,16845.0154193217,9128.00806910528
Angle 50,16873.4754725413,9119.34699143739
Angle 50,16901.9219202016,9110.59205426796
Angle 50,16930.3547502807,9101.74330816901
Angle 50,16958.7739505076,9092.80080389548
Angle 50,16987.1795083623,9083.7645923878
Angle 50,17015.5714110758,9074.63472477452
Angle 50,17043.9496456307,9065.41125237489
Angle 50,17072.3141987613,9056.09422670148
Angle 50,17100.6650569537,9046.6836994628
Angle 50,17129.0022064463,9037.17972256585
Angle 50,17157.3256332296,9027.58234811882
Angle 50,17185.635323047,9017.89162843361
Angle 50,17213.9312613946,9008.1076160285
Angle 50,17242.2134335214,8998.23036363075
Angle 50,17270.4818244298,8988.2599241792
Angle 50,17298.7364188754,8978.19635082692
Angle 50,17326.9772013677,8968.03969694381
Angle 50,17355.2041561697,8957.7900161192
Angle 50,17383.4172672986,8947.44736216453
Angle 50,17411.6165185258,8937.01178911593
Angle 50,17439.8018933769,8926.48335123688
Angle 50,17467.9733751322,8915.86210302081
Angle 50,17496.1309468266,8905.14809919376
Angle 50,17524.2745912499,8894.341394717
Angle 50,17552.4042909468,8883.4420447897
Angle 50,17580.5200282176,8872.45010485153
Angle 50,17608.6217851174,8861.36563058533
Angle 50,17636.7095434573,8850.18867791975
Angle 50,17664.7832848036,8838.9193030319
Angle 50,17692.8429904786,8827.55756235002
Angle 50,17720.8886415607,8816.10351255611
Angle 50,17748.9202188839,8804.55721058861
Angle 50,17776.9377030388,8792.91871364504
Angle 50,17804.9410743721,8781.18807918472
Angle 50,17832.930312987,8769.36536493135
Angle 50,17860.9053987431,8757.45062887578
Angle 50,17888.8663112569,8745.44392927862
Angle 50,17916.8130299015,8733.34532467293
Angle 50,17944.7455338069,8721.15487386694
Angle 50,17972.6638018602,8708.87263594669
Angle 50,18000.5678127054,8696.49867027875
Angle 50,18028.4575447439,8684.03303651292
Angle 50,18056.3329761341,8671.4757945849
Angle 50,18084.1940847919,8658.82700471902
Angle 50,18112.0408483907,8646.08672743091
Angle 50,18139.8732443614,8633.25502353027
Angle 50,18167.6912498923,8620.33195412352
Angle 50,18195.4948419297,8607.31758061657
Angle 50,18223.2839971774,8594.21196471752
Angle 50,18251.0586920972,8581.01516843938
Angle 50,18278.8189029085,8567.7272541028
Angle 50,18306.564605589,8554.34828433885
Angle 50,18334.2957758742,8540.8783220917
Angle 50,18362.0123892577,8527.31743062139
Angle 50,18389.7144209911,8513.66567350661
Angle 50,18417.4018460843,8499.92311464739
Angle 50,18445.0746393054,8486.08981826793
Angle 50,18472.7327751806,8472.16584891929
Angle 50,18500.3762279946,8458.15127148223
Angle 50,18528.0049717903,8444.04615116993
Angle 50,18555.6189803689,8429.8505535308
Angle 50,18583.2182272901,8415.56454445123
Angle 50,18610.8026858719,8401.18819015843
Angle 50,18638.3723291909,8386.72155722317
Angle 50,18665.9271300821,8372.16471256261
Angle 50,18693.467061139,8357.51772344307
Angle 50,18720.9920947134,8342.7806574829
Angle 50,18748.5022029159,8327.95358265521
Angle 50,18775.9973576156,8313.03656729078
Angle 50,18803.47753044,8298.02968008079
Angle 50,18830.9426927751,8282.93299007975
Angle 50,18858.3928157658,8267.74656670823
Angle 50,18885.8278703151,8252.47047975579
Angle 50,18913.247827085,8237.10479938376
Angle 50,18940.6526564957,8221.64959612815
Angle 50,18968.0423287262,8206.10494090244
Angle 50,18995.4168137139,8190.47090500051
Angle 50,19022.7760811548,8174.74756009947
Angle 50,19050.1201005034,8158.93497826251
Angle 50,19077.4488409728,8143.03323194184
Angle 50,19104.7622715344,8127.04239398155
Angle 50,19132.0603609184,8110.96253762046
Angle 50,19159.3430776132,8094.79373649509
Angle 50,19186.6103898657,8078.53606464249
Angle 50,19213.8622656815,8062.1895965032
Angle 50,19241.0986728241,8045.75440692414
Angle 50,19268.3195788159,8029.23057116154
Angle 50,19295.5249509374,8012.61816488386
Angle 50,19322.7147562273,7995.91726417471
Angle 50,19349.888961483,7979.12794553581
Angle 50,19377.0475332597,7962.25028588993
Angle 50,19404.1904378712,7945.28436258382
Angle 50,19431.3176413893,7928.23025339118
Angle 50,19458.4291096441,7911.08803651562
Angle 50,19485.5248082238,7893.85779059363
Angle 50,19512.6047024746,7876.53959469756
Angle 50,19539.6687575009,7859.13352833857
Angle 50,19566.716938165,7841.63967146965
Angle 50,19593.7492090874,7824.05810448858
Angle 50,19620.7655346462,7806.38890824096
Angle 50,19647.7658789778,7788.6321640232
Angle 50,19674.7502059761,7770.78795358552
Angle 50,19701.7184792931,7752.85635913498
Angle 50,19728.6706623384,7734.83746333848
Angle 50,19755.6067182794,7716.73134932583
Angle 50,19782.5266100412,7698.53810069273
Angle 50,19809.4303003065,7680.25780150386
Angle 50,19836.3177515158,7661.8905362959
Angle 50,19863.1889258667,7643.43639008057
Angle 50,19890.0437853149,7624.89544834773
Angle 50,19916.882291573,7606.26779706839
Angle 50,19943.7044061116,7587.55352269784
Angle 50,19970.5100901581,7568.75271217867
Angle 50,19997.2993046977,7549.86545294389
Angle 50,20024.0720104726,7530.89183292001
Angle 50,20050.8281679825,7511.83194053011
Angle 50,20077.567737484,7492.68586469698
Angle 50,20104.290678991,7473.45369484621
Angle 50,20130.9969522746,7454.13552090927
Angle 50,20157.6865168629,7434.73143332667
Angle 50,20184.3593320411,7415.24152305109
Angle 50,20211.0153568512,7395.66588155045
Angle 50,20237.6545500923,7376.0046008111
Angle 50,20264.2768703205,7356.25777334096
Angle 50,20290.8822758486,7336.42549217263
Angle 50,20317.4707247464,7316.50785086655
Angle 50,20344.0421748402,7296.5049435142
Angle 50,20370.5965837135,7276.41686474121
Angle 50,20397.1339087063,7256.24370971056
Angle 50,20423.6541069152,7235.98557412574
Angle 50,20450.1571351937,7215.64255423393
Angle 50,20476.6429501518,7195.21474682919
Angle 50,20503.1115081563,7174.70224925566
Angle 50,20529.5627653303,7154.10515941073
Angle 50,20555.9966775538,7133.42357574826
Angle 50,20582.413200463,7112.65759728176
Angle 50,20608.812289451,7091.80732358764
Angle 50,20635.1938996672,7070.8728548084
Angle 50,20661.5579860175,7049.85429165586
Angle 50,20687.9045031643,7028.75173541435
Angle 50,20714.2334055266,7007.565287944
Angle 50,20740.5446472798,6986.29505168393
Angle 50,20766.8381823556,6964.94112965551
Angle 50,20793.1139644426,6943.50362546557
Angle 50,20819.3719469853,6921.98264330971
Angle 50,20845.6120831852,6900.37828797548
Angle 50,20871.8343259998,6878.6906648457
Angle 50,20898.0386281436,6856.91987990166
Angle 50,20924.2249420872,6835.06603972645
Angle 50,20950.3932200578,6813.12925150816
Angle 50,20976.5434140394,6791.10962304322
Angle 50,21002.6754757722,6769.00726273961
Angle 50,21028.7893567532,6746.8222796202
Angle 50,21054.885008236,6724.55478332597
Angle 50,21080.9623812308,6702.20488411937
Angle 50,21107.0214265047,6679.77269288753
Angle 50,21133.0620945813,6657.25832114562
Angle 50,21159.084335741,6634.66188104012
Angle 50,21185.0881000212,6611.98348535209
Angle 50,21211.0733372162,6589.22324750052
Angle 50,21237.0399968771,6566.38128154562
Angle 50,21262.9880283121,6543.45770219209
Angle 50,21288.9173805866,6520.45262479247
Angle 50,21314.828002523,6497.36616535045
Angle 50,21340.7198427011,6474.19844052416
Angle 50,21366.592849458,6450.9495676295
Angle 50,21392.4469708882,6427.61966464345
Angle 50,21418.2821548438,6404.20885020739
Angle 50,21444.0983489343,6380.71724363042
Angle 50,21469.8955005273,6357.1449648927
Angle 50,21495.673556748,6333.49213464873
Angle 50,21521.4324644797,6309.75887423071
Angle 50,21547.1721703636,6285.94530565186
Angle 50,21572.8926207993,6262.05155160971
Angle 50,21598.5937619449,6238.07773548947
Angle 50,21624.2755397166,6214.02398136735
Angle 50,21649.9378997896,6189.89041401385
Angle 50,21675.5807875979,6165.6771588971
Angle 50,21701.2041483343,6141.38434218622
Angle 50,21726.8079269508,6117.0120907546
Angle 50,21752.3920681589,6092.56053218325
Angle 50,21777.9565164295,6068.02979476408
Angle 50,21803.5012159932,6043.4200075033
Angle 50,21829.0261108405,6018.73130012467
Angle 50,21854.531144722,5993.96380307285
Angle 50,21880.0162611488,5969.1176475167
Angle 50,21905.4814033923,5944.19296535261
Angle 50,21930.9265144849,5919.18988920783
Angle 50,21956.3515372199,5894.10855244372
Angle 50,21981.7564141519,5868.94908915912
Angle 50,22007.1410875971,5843.71163419364
Angle 50,22032.5054996335,5818.39632313092
Angle 50,22057.849592101,5793.00329230199
Angle 50,22083.1733066021,5767.53267878852
Angle 50,22108.4765845016,5741.98462042613
Angle 50,22133.7593669277,5716.35925580768
Angle 50,22159.0215947715,5690.65672428651
Angle 50,22184.2632086877,5664.8771659798
Angle 50,22209.4841490951,5639.02072177177
Angle 50,22234.6843561765,5613.08753331695
Angle 50,22259.8637698795,5587.07774304349
Angle 50,22285.0223299166,5560.99149415638
Angle 50,22310.1599757654,5534.82893064072
Angle 50,22335.2766466694,5508.59019726491
Angle 50,22360.3722816382,5482.27543958397
Angle 50,22385.4468194478,5455.8848039427
Angle 50,22410.5001986411,5429.41843747896
Angle 50,22435.5323575283,5402.87648812681
Angle 50,22460.5432341874,5376.25910461979
Angle 50,22485.5327664645,5349.56643649409
Angle 50,22510.5008919745,5322.79863409172
Angle 50,22535.4475481012,5295.95584856374
Angle 50,22560.3726719982,5269.03823187336
Angle 50,22585.276200589,5242.0459367992
Angle 50,22610.1580705679,5214.97911693833
Angle 50,22635.0182184,5187.83792670951
Angle 50,22659.8565803223,5160.62252135628
Angle 50,22684.6730923438,5133.33305695005
Angle 50,22709.4676902463,5105.96969039328
Angle 50,22734.2403095849,5078.53257942253
Angle 50,22758.9908856883,5051.02188261154
Angle 50,22783.7193536601,5023.43775937434
Angle 50,22808.4256483786,4995.78036996828
Angle 50,22833.1097044979,4968.04987549711
Angle 50,22857.7714564484,4940.24643791396
Angle 50,22882.4108384374,4912.37022002442
Angle 50,22907.0277844498,4884.42138548951
Angle 50,22931.6222282489,4856.4000988287
Angle 50,22956.1941033768,4828.30652542283
Angle 50,22980.7433431555,4800.14083151715
Angle 50,23005.2698806871,4771.9031842242
Angle 50,23029.773648855,4743.59375152678
Angle 50,23054.2545803244,4715.21270228083
Angle 50,23078.7126075432,4686.76020621835
Angle 50,23103.1476627427,4658.23643395026
Angle 50,23127.5596779382,4629.64155696927
Angle 50,23151.9485849303,4600.97574765273
Angle 50,23176.3143153051,4572.23917926543
Angle 50,23200.6568004357,4543.43202596239
Angle 50,23224.9759714824,4514.55446279171
Angle 50,23249.2717593942,4485.60666569725
Angle 50,23273.5440949092,4456.58881152143
Angle 50,23297.7929085556,4427.50107800792
Angle 50,23322.018130653,4398.34364380434
Angle 50,23346.2196913127,4369.11668846498
Angle 50,23370.3975204393,4339.82039245337
Angle 50,23394.5515477312,4310.45493714501
Angle 50,23418.6817026819,4281.02050482989
Angle 50,23442.7879145806,4251.51727871514
Angle 50,23466.8701125138,4221.94544292753
Angle 50,23490.928225366,4192.30518251607
Angle 50,23514.9621818207,4162.59668345445
Angle 50,23538.9719103615,4132.82013264357
Angle 50,23562.9573392736,4102.97571791398
Angle 50,23586.9183966443,4073.0636280283
Angle 50,23610.8550103646,4043.08405268364
Angle 50,23634.7671081302,4013.03718251395
Angle 50,23658.6546174425,3982.92320909239
Angle 50,23682.5174656102,3952.7423249336
Angle 50,23706.3555797502,3922.49472349604
Angle 50,23730.1688867887,3892.1805991842
Angle 50,23753.957313463,3861.80014735086
Angle 50,23777.7207863222,3831.35356429925
Angle 50,23801.4592317288,3800.84104728522
Angle 50,23825.1725758599,3770.26279451937
Angle 50,23848.8607447088,3739.61900516915
Angle 50,23872.5236640857,3708.90987936092
Angle 50,23896.1612596199,3678.13561818195
Angle 50,23919.7734567606,3647.29642368244
Angle 50,23943.3601807786,3616.39249887748
Angle 50,23966.9213567676,3585.42404774894
Angle 50,23990.4569096457,3554.39127524736
Angle 50,24013.9667641569,3523.29438729383
Angle 50,24037.4508448727,3492.13359078176
Angle 50,24060.9090761934,3460.90909357866
Angle 50,24084.3413823498,3429.62110452788
Angle 50,24107.7476874049,3398.26983345028
Angle 50,24131.1279152549,3366.8554911459
Angle 50,24154.4819896317,3335.37828939556
Angle 50,24177.809834104,3303.83844096244
Angle 50,24201.1113720787,3272.23615959359
Angle 50,24224.3865268033,3240.57166002141
Angle 50,24247.635221367,3208.84515796511
Angle 50,24270.8573787029,3177.05687013209
Angle 50,24294.0529215891,3145.2070142193
Angle 50,24317.2217726513,3113.29580891454
Angle 50,24340.363854364,3081.32347389771
Angle 50,24363.4790890523,3049.29022984204
Angle 50,24386.5673988944,3017.19629841526
Angle 50,24409.6287059226,2985.04190228069
Angle 50,24432.6629320258,2952.82726509833
Angle 50,24455.6699989511,2920.55261152588
Angle 50,24478.6498283062,2888.2181672197
Angle 50,24501.6023415607,2855.82415883576
Angle 50,24524.5274600484,2823.37081403045
Angle 50,24547.4251049698,2790.85836146144
Angle 50,24570.2951973931,2758.28703078846
Angle 50,24593.1376582573,2725.65705267396
Angle 50,24615.9524083737,2692.9686587838
Angle 50,24638.7393684281,2660.22208178784
Angle 50,24661.4984589831,2627.4175553605
Angle 50,24684.2296004802,2594.55531418124
Angle 50,24706.932713242,2561.63559393501
Angle 50,24729.6077174741,2528.65863131259
Angle 50,24752.2545332681,2495.62466401096
Angle 50,24774.8730806031,2462.53393073351
Angle 50,24797.4632793484,2429.38667119031
Angle 50,24820.0250492657,2396.18312609815
Angle 50,24842.5583100115,2362.92353718074
Angle 50,24865.0629811395,2329.60814716862
Angle 50,24887.5389821028,2296.2371997992
Angle 50,24909.9862322568,2262.8109398166
Angle 50,24932.404650861,2229.32961297152
Angle 50,24954.794157082,2195.79346602098
Angle 50,24977.1546699959,2162.20274672803
Angle 50,24999.4861085906,2128.55770386139
Angle 50,25021.7883917686,2094.85858719502
Angle 50,25044.0614383495,2061.10564750763
Angle 50,25066.3051670727,2027.29913658211
Angle 50,25088.5194966,1993.43930720488
Angle 50,25110.7043455181,1959.52641316523
Angle 50,25132.8596323416,1925.5607092545
Angle 50,25154.9852755155,1891.54245126531
Angle 50,25177.0811934179,1857.47189599055
Angle 50,25199.1473043632,1823.34930122248
Angle 50,25221.1835266042,1789.17492575165
Angle 50,25243.1897783358,1754.94902936576
Angle 50,25265.165977697,1720.67187284845
Angle 50,25287.1120427744,1686.34371797805
Angle 50,25309.0278916048,1651.96482752623
Angle 50,25330.9134421783,1617.53546525653
Angle 50,25352.7686124412,1583.0558959229
Angle 50,25374.593320299,1548.52638526812
Angle 50,25396.3874836195,1513.94720002209
Angle 50,25418.1510202356,1479.31860790015
Angle 50,25439.8838479487,1444.64087760125
Angle 50,25461.5858845318,1409.91427880605
Angle 50,25483.2570477323,1375.13908217492
Angle 50,25504.8972552753,1340.31555934593
Angle 50,25526.5064248671,1305.44398293269
Angle 50,25548.0844741981,1270.52462652211
Angle 50,25569.631320946,1235.55776467214
Angle 50,25591.1468827792,1200.54367290934
Angle 50,25612.6310773603,1165.48262772645
Angle 50,25634.0838223489,1130.37490657981
Angle 50,25655.5050354055,1095.22078788671
Angle 50,25676.8946341945,1060.02055102271
Angle 50,25698.2525363879,1024.77447631877
Angle 50,25719.5786596683,989.482845058404
Angle 50,25740.872921733,954.145939474647
Angle 50,25762.1352402967,918.764042747012
Angle 50,25783.3655330959,883.337438998316
Angle 50,25804.5637178917,847.866413291422
Angle 50,25825.7297124736,812.351251625905
Angle 50,25846.8634346632,776.792240934611
Angle 50,25867.964802318,741.189669080139
Angle 50,25889.0337333344,705.543824851221
Angle 50,25910.0701456519,669.854997959014
Angle 50,25931.073957257,634.123479033306
Angle 50,25952.045086186,598.349559618615
Angle 50,25972.9834505298,562.533532170206
Angle 50,25993.8889684371,526.67569005001
Angle 50,26014.7615581183,490.776327522448
Angle 50,26035.6011378491,454.835739750163
Angle 50,26056.407625975,418.85422278965
Angle 50,26077.1809409146,382.832073586797
Angle 50,26097.9210011635,346.76958997233
Angle 50,26118.6277252985,310.667070657151
Angle 50,26139.3010319815,274.524815227593
Angle 50,26159.9408399633,238.343124140568
Angle 50,26180.5470680879,202.122298718618
Angle 50,26201.119635296,165.862641144872
Angle 50,26221.6584606296,129.564454457898
Angle 50,26242.1634632358,93.2280425464651
Angle 50,26262.6345623709,56.8537101441923
Angle 50,26283.0716774045,20.4417628241119
Angle 50,26294.514279127,0
Angle 51,0,0
Angle 51,43.9290805768429,54.1498966935424
Angle 51,87.7362995792373,108.051578732449
Angle 51,131.423115506477,161.707113310247
Angle 51,174.99096077863,215.118529798129
Angle 51,218.441242360701,268.287820654468
Angle 51,261.775342367998,321.216942306917
Angle 51,304.994618653375,373.907816008099
Angle 51,348.100405377012,426.362328665828
Angle 51,391.094013559348,478.582333648792
Angle 51,433.976731617776,530.569651568543
Angle 51,476.749825887674,582.326071038662
Angle 51,519.414541128302,633.853349411876
Angle 51,561.97210101413,685.153213495909
Angle 51,604.423708612067,736.227360248807
Angle 51,646.770546845098,787.077457454441
Angle 51,689.013778942792,837.705144378863
Angle 51,731.154548879121,888.112032408181
Angle 51,773.193981798028,938.299705668568
Angle 51,815.133184427154,988.269721629009
Angle 51,856.97324548012,1038.02361168737
Angle 51,898.715236047747,1087.56288174034
Angle 51,940.360209978577,1136.88901273778
Angle 51,981.909204249046,1186.00346122199
Angle 51,1023.36323932366,1234.90765985238
Angle 51,1064.72331950548,1283.60301791608
Angle 51,1105.99043327724,1332.09092182481
Angle 51,1147.16555363341,1380.37273559862
Angle 51,1188.24963840348,1428.4498013368
Angle 51,1229.24363056672,1476.32343967638
Angle 51,1270.14845855875,1523.99495023869
Angle 51,1310.96503657013,1571.46561206428
Angle 51,1351.69426483721,1618.73668403658
Angle 51,1392.33702992553,1665.80940529465
Angle 51,1432.89420500594,1712.68499563543
Angle 51,1473.36665012373,1759.36465590565
Angle 51,1513.75521246095,1805.84956838393
Angle 51,1554.06072659205,1852.14089715312
Angle 51,1594.28401473325,1898.23978846347
Angle 51,1634.42588698559,1944.14737108661
Angle 51,1674.48714157201,1989.86475666085
Angle 51,1714.46856506858,2035.3930400279
Angle 51,1754.37093263002,2080.73329956135
Angle 51,1794.19500820982,2125.88659748714
Angle 51,1833.94154477488,2170.85398019628
Angle 51,1873.6112845151,2215.63647854988
Angle 51,1913.20495904781,2260.23510817704
Angle 51,1952.72328961742,2304.65086976545
Angle 51,1992.16698729028,2348.88474934515
Angle 51,2031.5367531449,2392.93771856557
Angle 51,2070.83327845771,2436.81073496601
Angle 51,2110.05724488451,2480.5047422398
Angle 51,2149.20932463762,2524.02067049228
Angle 51,2188.29018065895,2567.35943649282
Angle 51,2227.30046678911,2610.52194392095
Angle 51,2266.24082793254,2653.50908360693
Angle 51,2305.11190021897,2696.32173376668
Angle 51,2343.91431116113,2738.96076023152
Angle 51,2382.64867980891,2781.42701667253
Angle 51,2421.31561690007,2823.72134481999
Angle 51,2459.91572500751,2865.84457467781
Angle 51,2498.44959868331,2907.79752473318
Angle 51,2536.91782459955,2949.58100216159
Angle 51,2575.32098168596,2991.19580302728
Angle 51,2613.65964126464,3032.64271247923
Angle 51,2651.93436718175,3073.92250494297
Angle 51,2690.14571593632,3115.03594430806
Angle 51,2728.29423680632,3155.98378411158
Angle 51,2766.38047197197,3196.76676771764
Angle 51,2804.40495663637,3237.385628493
Angle 51,2842.36821914359,3277.84108997892
Angle 51,2880.27078109423,3318.13386605933
Angle 51,2918.11315745848,3358.26466112552
Angle 51,2955.89585668685,3398.23417023718
Angle 51,2993.61938081856,3438.04307928018
Angle 51,3031.28422558759,3477.69206512102
Angle 51,3068.89088052661,3517.18179575794
Angle 51,3106.43982906867,3556.51293046909
Angle 51,3143.93154864686,3595.6861199574
Angle 51,3181.36651079186,3634.70200649268
Angle 51,3218.74518122748,3673.56122405062
Angle 51,3256.06801996434,3712.26439844908
Angle 51,3293.33548139151,3750.81214748155
Angle 51,3330.54801436641,3789.20508104787
Angle 51,3367.70606230281,3827.4438012824
Angle 51,3404.81006325715,3865.52890267951
Angle 51,3441.86045001305,3903.46097221668
Angle 51,3478.85765016417,3941.240589475
Angle 51,3515.80208619544,3978.86832675741
Angle 51,3552.69417556267,4016.34474920453
Angle 51,3589.53433077061,4053.67041490822
Angle 51,3626.32295944942,4090.84587502293
Angle 51,3663.06046442975,4127.87167387484
Angle 51,3699.74724381625,4164.74834906895
Angle 51,3736.38369105978,4201.47643159398
Angle 51,3772.97019502806,4238.05644592539
Angle 51,3809.50714007516,4274.48891012627
Angle 51,3845.99490610951,4310.77433594642
Angle 51,3882.43386866064,4346.91322891949
Angle 51,3918.82439894476,4382.90608845823
Angle 51,3955.16686392892,4418.75340794805
Angle 51,3991.46162639414,4454.45567483873
Angle 51,4027.70904499723,4490.01337073441
Angle 51,4063.90947433153,4525.42697148194
Angle 51,4100.06326498645,4560.69694725759
Angle 51,4136.17076360598,4595.82376265206
Angle 51,4172.23231294607,4630.80787675405
Angle 51,4208.24825193096,4665.6497432322
Angle 51,4244.21891570851,4700.34981041556
Angle 51,4280.14463570446,4734.90852137255
Angle 51,4316.02573967576,4769.32631398858
Angle 51,4351.86255176289,4803.60362104217
Angle 51,4387.65539254129,4837.74087027968
Angle 51,4423.40457907178,4871.73848448883
Angle 51,4459.11042495015,4905.59688157073
Angle 51,4494.77324035584,4939.31647461075
Angle 51,4530.39333209974,4972.89767194807
Angle 51,4565.97100367118,5006.34087724401
Angle 51,4601.506555284,5039.64648954915
Angle 51,4637.00028392194,5072.81490336931
Angle 51,4672.45248338312,5105.84650873025
Angle 51,4707.86344432384,5138.74169124141
Angle 51,4743.23345430146,5171.50083215842
Angle 51,4778.56279781677,5204.12430844456
Angle 51,4813.85175635539,5236.61249283116
Angle 51,4849.10060842861,5268.96575387695
Angle 51,4884.30962961348,5301.1844560264
Angle 51,4919.47909259219,5333.26895966711
Angle 51,4954.60926719083,5365.21962118607
Angle 51,4989.70042041744,5397.03679302519
Angle 51,5024.75281649945,5428.72082373566
Angle 51,5059.76671692047,5460.27205803158
Angle 51,5094.74238045646,5491.69083684257
Angle 51,5129.68006321131,5522.97749736556
Angle 51,5164.58001865181,5554.13237311567
Angle 51,5199.44249764202,5585.1557939763
Angle 51,5234.26774847713,5616.04808624834
Angle 51,5269.05601691669,5646.80957269861
Angle 51,5303.80754621733,5677.44057260744
Angle 51,5338.52257716493,5707.94140181555
Angle 51,5373.20134810626,5738.3123727701
Angle 51,5407.84409498012,5768.55379457002
Angle 51,5442.45105134796,5798.6659730106
Angle 51,5477.02244842398,5828.64921062735
Angle 51,5511.55851510482,5858.50380673917
Angle 51,5546.05947799865,5888.2300574908
Angle 51,5580.52556145391,5917.8282558946
Angle 51,5614.95698758751,5947.29869187171
Angle 51,5649.35397631264,5976.64165229245
Angle 51,5683.71674536607,6005.8574210162
Angle 51,5718.04551033506,6034.94627893055
Angle 51,5752.34048468386,6063.9085039899
Angle 51,5786.60187977974,6092.74437125343
Angle 51,5820.82990491865,6121.45415292245
Angle 51,5855.02476735045,6150.03811837722
Angle 51,5889.18667230379,6178.49653421317
Angle 51,5923.31582301055,6206.82966427653
Angle 51,5957.41242072991,6235.03776969947
Angle 51,5991.47666477209,6263.12110893464
Angle 51,6025.50875252168,6291.07993778924
Angle 51,6059.5088794606,6318.9145094585
Angle 51,6093.47723919078,6346.62507455873
Angle 51,6127.41402345638,6374.21188115976
Angle 51,6161.31942216579,6401.67517481702
Angle 51,6195.1936234132,6429.01519860302
Angle 51,6229.03681349989,6456.23219313843
Angle 51,6262.8491769552,6483.32639662266
Angle 51,6296.63089655715,6510.29804486396
Angle 51,6330.3821533528,6537.14737130915
Angle 51,6364.10312667822,6563.87460707284
Angle 51,6397.7939941783,6590.47998096623
Angle 51,6431.45493182608,6616.96371952549
Angle 51,6465.08611394199,6643.32604703972
Angle 51,6498.68771321264,6669.56718557851
Angle 51,6532.2599007094,6695.68735501912
Angle 51,6565.80284590674,6721.68677307316
Angle 51,6599.31671670025,6747.56565531301
Angle 51,6632.80167942438,6773.32421519781
Angle 51,6666.25789886999,6798.96266409903
Angle 51,6699.68553830156,6824.48121132571
Angle 51,6733.08475947425,6849.88006414939
Angle 51,6766.45572265058,6875.15942782854
Angle 51,6799.79858661699,6900.31950563283
Angle 51,6833.11350870012,6925.36049886686
Angle 51,6866.40064478279,6950.28260689373
Angle 51,6899.66014931988,6975.08602715816
Angle 51,6932.89217535385,6999.77095520928
Angle 51,6966.09687453013,7024.33758472323
Angle 51,6999.27439711225,7048.78610752527
Angle 51,7032.42489199675,7073.11671361172
Angle 51,7065.54850672792,7097.32959117149
Angle 51,7098.64538751224,7121.42492660742
Angle 51,7131.71567923277,7145.4029045572
Angle 51,7164.75952546316,7169.26370791412
Angle 51,7197.77706848158,7193.00751784746
Angle 51,7230.76844928442,7216.6345138226
Angle 51,7263.73380759982,7240.14487362092
Angle 51,7296.67328190095,7263.53877335937
Angle 51,7329.58700941917,7286.81638750975
Angle 51,7362.47512615698,7309.97788891784
Angle 51,7395.3377669008,7333.02344882215
Angle 51,7428.17506523354,7355.95323687248
Angle 51,7460.98715354706,7378.76742114824
Angle 51,7493.77416305438,7401.46616817646
Angle 51,7526.53622380179,7424.04964294966
Angle 51,7559.27346468079,7446.51800894338
Angle 51,7591.98601343977,7468.87142813357
Angle 51,7624.67399669567,7491.11006101365
Angle 51,7657.33753994541,7513.23406661144
Angle 51,7689.97676757712,7535.24360250584
Angle 51,7722.59180288133,7557.13882484324
Angle 51,7755.1827680619,7578.91988835376
Angle 51,7787.74978424688,7600.58694636734
Angle 51,7820.29297149916,7622.14015082944
Angle 51,7852.81244882706,7643.57965231679
Angle 51,7885.30833419465,7664.90560005267
Angle 51,7917.78074453209,7686.11814192223
Angle 51,7950.2297957457,7707.21742448744
Angle 51,7982.65560272795,7728.20359300194
Angle 51,8015.05827936733,7749.07679142568
Angle 51,8047.43793855806,7769.8371624394
Angle 51,8079.7946922097,7790.48484745882
Angle 51,8112.12865125659,7811.01998664883
Angle 51,8144.4399256672,7831.44271893733
Angle 51,8176.72862445337,7851.753182029
Angle 51,8208.99485567936,7871.95151241887
Angle 51,8241.23872647088,7892.03784540569
Angle 51,8273.46034302392,7912.01231510521
Angle 51,8305.65981061349,7931.87505446321
Angle 51,8337.83723360227,7951.62619526842
Angle 51,8369.99271544909,7971.26586816527
Angle 51,8402.12635871739,7990.79420266648
Angle 51,8434.23826508348,8010.21132716552
Angle 51,8466.32853534472,8029.51736894886
Angle 51,8498.39726942764,8048.71245420815
Angle 51,8530.44456639588,8067.79670805217
Angle 51,8562.4705244581,8086.77025451873
Angle 51,8594.47524097573,8105.63321658633
Angle 51,8626.45881247065,8124.38571618576
Angle 51,8658.42133463278,8143.02787421148
Angle 51,8690.36290232754,8161.55981053298
Angle 51,8722.28360960324,8179.98164400588
Angle 51,8754.18354969837,8198.293492483
Angle 51,8786.0628150488,8216.49547282522
Angle 51,8817.92149729487,8234.58770091228
Angle 51,8849.75968728843,8252.5702916534
Angle 51,8881.57747509973,8270.44335899781
Angle 51,8913.37495002429,8288.20701594515
Angle 51,8945.15220058963,8305.86137455576
Angle 51,8976.90931456194,8323.40654596079
Angle 51,9008.64637895268,8340.84264037232
Angle 51,9040.36348002503,8358.1697670932
Angle 51,9072.06070330036,8375.38803452694
Angle 51,9103.73813356454,8392.49755018737
Angle 51,9135.3958548742,8409.49842070823
Angle 51,9167.0339505629,8426.3907518527
Angle 51,9198.65250324725,8443.17464852273
Angle 51,9230.25159483292,8459.85021476831
Angle 51,9261.8313065206,8476.4175537967
Angle 51,9293.39171881184,8492.87676798142
Angle 51,9324.93291151492,8509.22795887129
Angle 51,9356.45496375051,8525.47122719924
Angle 51,9387.95795395737,8541.60667289111
Angle 51,9419.44195989792,8557.63439507433
Angle 51,9450.90705866378,8573.55449208647
Angle 51,9482.3533266812,8589.36706148377
Angle 51,9513.78083971645,8605.0722000495
Angle 51,9545.18967288115,8620.67000380229
Angle 51,9576.57990063749,8636.16056800433
Angle 51,9607.95159680345,8651.54398716948
Angle 51,9639.30483455793,8666.82035507137
Angle 51,9670.63968644576,8681.9897647513
Angle 51,9701.95622438274,8697.05230852612
Angle 51,9733.25451966059,8712.00807799606
Angle 51,9764.53464295177,8726.85716405238
Angle 51,9795.79666431436,8741.59965688504
Angle 51,9827.04065319676,8756.23564599023
Angle 51,9858.26667844245,8770.76522017785
Angle 51,9889.47480829458,8785.18846757887
Angle 51,9920.66511040058,8799.50547565269
Angle 51,9951.83765181669,8813.71633119438
Angle 51,9982.99249901245,8827.82112034179
Angle 51,10014.1297178751,8841.81992858273
Angle 51,10045.2493737139,8855.71284076191
Angle 51,10076.3515312645,8869.49994108798
Angle 51,10107.4362546934,8883.18131314035
Angle 51,10138.5036076016,8896.757039876
Angle 51,10169.5536530294,8910.22720363629
Angle 51,10200.5864534601,8923.59188615358
Angle 51,10231.6020708242,8936.8511685579
Angle 51,10262.6005665035,8950.00513138343
Angle 51,10293.5820013348,8963.05385457506
Angle 51,10324.546435614,8975.99741749478
Angle 51,10355.4939291001,8988.83589892803
Angle 51,10386.4245410187,9001.56937709004
Angle 51,10417.3383300659,9014.19792963203
Angle 51,10448.2353544122,9026.72163364743
Angle 51,10479.115671706,9039.14056567799
Angle 51,10509.9793390773,9051.45480171982
Angle 51,10540.8264131411,9063.66441722944
Angle 51,10571.6569500015,9075.76948712972
Angle 51,10602.4710052545,9087.77008581577
Angle 51,10633.2686339921,9099.6662871608
Angle 51,10664.0498908052,9111.45816452188
Angle 51,10694.8148297874,9123.14579074571
Angle 51,10725.5635045382,9134.72923817432
Angle 51,10756.2959681661,9146.20857865065
Angle 51,10787.0122732921,9157.58388352417
Angle 51,10817.7124720532,9168.85522365642
Angle 51,10848.3966161048,9180.02266942648
Angle 51,10879.0647566246,9191.08629073641
Angle 51,10909.7169443154,9202.04615701666
Angle 51,10940.3532294081,9212.90233723136
Angle 51,10970.973661665,9223.65489988368
Angle 51,11001.5782903825,9234.30391302104
Angle 51,11032.1671643944,9244.84944424032
Angle 51,11062.7403320745,9255.29156069305
Angle 51,11093.2978413398,9265.63032909047
Angle 51,11123.839739653,9275.86581570867
Angle 51,11154.3660740258,9285.99808639357
Angle 51,11184.8768910212,9296.02720656596
Angle 51,11215.3722367567,9305.95324122638
Angle 51,11245.8521569068,9315.77625496009
Angle 51,11276.3166967056,9325.49631194192
Angle 51,11306.7659009498,9335.11347594109
Angle 51,11337.1998140009,9344.62781032599
Angle 51,11367.6184797883,9354.03937806897
Angle 51,11398.0219418114,9363.34824175102
Angle 51,11428.4102431424,9372.55446356644
Angle 51,11458.7834264289,9381.65810532751
Angle 51,11489.1415338961,9390.65922846907
Angle 51,11519.4846073493,9399.55789405312
Angle 51,11549.8126881768,9408.35416277328
Angle 51,11580.1258173515,9417.04809495939
Angle 51,11610.4240354338,9425.63975058189
Angle 51,11640.7073825741,9434.12918925627
Angle 51,11670.9758985144,9442.51647024751
Angle 51,11701.2296225914,9450.80165247438
Angle 51,11731.4685937382,9458.98479451383
Angle 51,11761.6928504866,9467.06595460525
Angle 51,11791.9024309696,9475.04519065476
Angle 51,11822.0973729233,9482.92256023944
Angle 51,11852.2777136891,9490.69812061153
Angle 51,11882.4434902161,9498.37192870263
Angle 51,11912.5947390627,9505.94404112784
Angle 51,11942.7314963991,9513.41451418988
Angle 51,11972.853798009,9520.78340388316
Angle 51,12002.9616792921,9528.05076589788
Angle 51,12033.0551752658,9535.21665562403
Angle 51,12063.134320567,9542.28112815545
Angle 51,12093.1991494544,9549.24423829372
Angle 51,12123.2496958104,9556.10604055222
Angle 51,12153.2859931429,9562.86658915999
Angle 51,12183.3080745869,9569.52593806564
Angle 51,12213.3159729072,9576.08414094126
Angle 51,12243.3097204994,9582.54125118623
Angle 51,12273.289349392,9588.89732193108
Angle 51,12303.2548912484,9595.15240604128
Angle 51,12333.2063773686,9601.30655612102
Angle 51,12363.1438386906,9607.35982451695
Angle 51,12393.0673057928,9613.31226332196
Angle 51,12422.9768088951,9619.16392437883
Angle 51,12452.8723778608,9624.91485928396
Angle 51,12482.7540421987,9630.56511939102
Angle 51,12512.6218310639,9636.1147558146
Angle 51,12542.4757732603,9641.5638194338
Angle 51,12572.3158972416,9646.91236089589
Angle 51,12602.1422311135,9652.16043061984
Angle 51,12631.9548026345,9657.30807879988
Angle 51,12661.7536392181,9662.3553554091
Angle 51,12691.5387679343,9667.30231020286
Angle 51,12721.3102155107,9672.14899272242
Angle 51,12751.0680083344,9676.8954522983
Angle 51,12780.8121724534,9681.54173805382
Angle 51,12810.542733578,9686.08789890851
Angle 51,12840.2597170824,9690.53398358154
Angle 51,12869.963148006,9694.88004059514
Angle 51,12899.6530510547,9699.12611827795
Angle 51,12929.3294506027,9703.27226476843
Angle 51,12958.9923706936,9707.31852801821
Angle 51,12988.6418350419,9711.26495579538
Angle 51,13018.277867034,9715.11159568787
Angle 51,13047.9004897303,9718.85849510671
Angle 51,13077.5097258657,9722.50570128936
Angle 51,13107.1055978514,9726.05326130291
Angle 51,13136.6881277761,9729.50122204741
Angle 51,13166.2573374072,9732.84963025907
Angle 51,13195.8132481922,9736.09853251348
Angle 51,13225.3558812597,9739.24797522883
Angle 51,13254.8852574211,9742.29800466912
Angle 51,13284.4013971711,9745.2486669473
Angle 51,13313.9043206897,9748.10000802846
Angle 51,13343.3940478427,9750.852073733
Angle 51,13372.8705981836,9753.50490973973
Angle 51,13402.333990954,9756.05856158901
Angle 51,13431.7842450853,9758.51307468586
Angle 51,13461.2213791995,9760.86849430305
Angle 51,13490.6454116107,9763.12486558421
Angle 51,13520.0563603258,9765.28223354687
Angle 51,13549.4542430458,9767.34064308553
Angle 51,13578.8390771669,9769.30013897471
Angle 51,13608.2108797817,9771.16076587197
Angle 51,13637.5696676798,9772.92256832096
Angle 51,13666.9154573493,9774.58559075441
Angle 51,13696.2482649777,9776.14987749712
Angle 51,13725.5681064529,9777.61547276898
Angle 51,13754.8749973642,9778.9824206879
Angle 51,13784.1689530033,9780.25076527284
Angle 51,13813.4499883652,9781.42055044669
Angle 51,13842.7181181495,9782.49182003927
Angle 51,13871.9733567609,9783.46461779024
Angle 51,13901.2157183106,9784.33898735203
Angle 51,13930.4452166169,9785.11497229274
Angle 51,13959.6618652062,9785.79261609908
Angle 51,13988.8656773142,9786.3719621792
Angle 51,14018.0566658863,9786.85305386564
Angle 51,14047.2348435791,9787.23593441817
Angle 51,14076.4002227606,9787.52064702666
Angle 51,14105.5528155118,9787.70723481394
Angle 51,14134.692633627,9787.79574083864
Angle 51,14163.819688615,9787.78620809805
Angle 51,14192.9339916996,9787.67867953092
Angle 51,14222.0355538209,9787.4731980203
Angle 51,14251.1243856356,9787.16980639636
Angle 51,14280.2004975184,9786.76854743916
Angle 51,14309.2638995622,9786.26946388151
Angle 51,14338.3146015793,9785.6725984117
Angle 51,14367.3526131022,9784.9779936763
Angle 51,14396.3779433841,9784.18569228295
Angle 51,14425.3906013998,9783.29573680313
Angle 51,14454.3905958465,9782.30816977487
Angle 51,14483.3779351446,9781.22303370558
Angle 51,14512.3526274382,9780.04037107473
Angle 51,14541.3146805963,9778.76022433662
Angle 51,14570.2641022128,9777.3826359231
Angle 51,14599.2008996081,9775.90764824632
Angle 51,14628.1250798288,9774.33530370141
Angle 51,14657.0366496494,9772.66564466925
Angle 51,14685.9356155723,9770.89871351909
Angle 51,14714.8219838287,9769.03455261135
Angle 51,14743.6957603794,9767.07320430025
Angle 51,14772.556950915,9765.01471093651
Angle 51,14801.4055608573,9762.85911487006
Angle 51,14830.2415953593,9760.60645845269
Angle 51,14859.0650593061,9758.25678404072
Angle 51,14887.8759573155,9755.81013399771
Angle 51,14916.6742937387,9753.26655069706
Angle 51,14945.4600726606,9750.62607652472
Angle 51,14974.233297901,9747.88875388183
Angle 51,15002.9939730146,9745.05462518734
Angle 51,15031.7421012919,9742.12373288068
Angle 51,15060.4776857597,9739.0961194244
Angle 51,15089.2007291817,9735.9718273068
Angle 51,15117.9112340591,9732.75089904453
Angle 51,15146.6092026311,9729.43337718527
Angle 51,15175.2946368755,9726.0193043103
Angle 51,15203.9675385091,9722.50872303717
Angle 51,15232.6279089887,9718.90167602226
Angle 51,15261.275749511,9715.19820596341
Angle 51,15289.9110610134,9711.39835560254
Angle 51,15318.5338441749,9707.50216772826
Angle 51,15347.144099416,9703.50968517841
Angle 51,15375.7418268995,9699.42095084274
Angle 51,15404.3270265309,9695.23600766542
Angle 51,15432.8996979592,9690.9548986477
Angle 51,15461.459840577,9686.57766685046
Angle 51,15490.0074535212,9682.10435539677
Angle 51,15518.5425356732,9677.53500747454
Angle 51,15547.0650856598,9672.86966633903
Angle 51,15575.5751018533,9668.10837531545
Angle 51,15604.0725823723,9663.25117780155
Angle 51,15632.5575250817,9658.29811727017
Angle 51,15661.0299275935,9653.24923727181
Angle 51,15689.489787267,9648.10458143718
Angle 51,15717.9371012094,9642.8641934798
Angle 51,15746.3718662763,9637.52811719855
Angle 51,15774.7940790719,9632.0963964802
Angle 51,15803.2037359492,9626.56907530199
Angle 51,15831.6008330112,9620.9461977342
Angle 51,15859.9853661105,9615.22780794268
Angle 51,15888.35733085,9609.41395019141
Angle 51,15916.7167225834,9603.50466884503
Angle 51,15945.0635364154,9597.50000837146
Angle 51,15973.3977672021,9591.40001334434
Angle 51,16001.7194095514,9585.20472844569
Angle 51,16030.0284578235,9578.91419846836
Angle 51,16058.324906131,9572.52846831864
Angle 51,16086.6087483395,9566.04758301876
Angle 51,16114.8799780678,9559.47158770948
Angle 51,16143.1385886882,9552.80052765257
Angle 51,16171.3845733269,9546.03444823341
Angle 51,16199.6179248646,9539.17339496351
Angle 51,16227.8386359363,9532.21741348302
Angle 51,16256.046698932,9525.16654956333
Angle 51,16284.2421059969,9518.02084910954
Angle 51,16312.4248490317,9510.78035816307
Angle 51,16340.5949196931,9503.44512290415
Angle 51,16368.7523093937,9496.01518965437
Angle 51,16396.8970093026,9488.49060487922
Angle 51,16425.0290103456,9480.87141519064
Angle 51,16453.1483032056,9473.15766734955
Angle 51,16481.2548783227,9465.34940826838
Angle 51,16509.3487258945,9457.44668501363
Angle 51,16537.4298358766,9449.4495448084
Angle 51,16565.4981979824,9441.35803503493
Angle 51,16593.5538016839,9433.17220323712
Angle 51,16621.5966362117,9424.89209712314
Angle 51,16649.626690555,9416.51776456788
Angle 51,16677.6439534625,9408.04925361558
Angle 51,16705.6484134418,9399.48661248229
Angle 51,16733.6400587604,9390.82988955851
Angle 51,16761.6188774454,9382.07913341165
Angle 51,16789.5848572841,9373.23439278862
Angle 51,16817.537985824,9364.2957166184
Angle 51,16845.4782503729,9355.26315401452
Angle 51,16873.4056379996,9346.1367542777
Angle 51,16901.3201355335,9336.91656689832
Angle 51,16929.2217295652,9327.60264155905
Angle 51,16957.1104064466,9318.19502813733
Angle 51,16984.9861522912,9308.69377670801
Angle 51,17012.8489529739,9299.09893754582
Angle 51,17040.6987941317,9289.41056112801
Angle 51,17068.5356611635,9279.62869813689
Angle 51,17096.3595392305,9269.75339946236
Angle 51,17124.1704132562,9259.78471620453
Angle 51,17151.9682679268,9249.72269967625
Angle 51,17179.7530876911,9239.5674014057
Angle 51,17207.5248567608,9229.31887313898
Angle 51,17235.2835591106,9218.97716684265
Angle 51,17263.0291784784,9208.54233470633
Angle 51,17290.7616983654,9198.0144291453
Angle 51,17318.4811020365,9187.39350280304
Angle 51,17346.1873725198,9176.67960855386
Angle 51,17373.8804926075,9165.87279950546
Angle 51,17401.5604448554,9154.97312900156
Angle 51,17429.2272115834,9143.98065062445
Angle 51,17456.8807748757,9132.89541819761
Angle 51,17484.5211165805,9121.71748578833
Angle 51,17512.1482183103,9110.44690771027
Angle 51,17539.7620614423,9099.08373852613
Angle 51,17567.362627118,9087.62803305021
Angle 51,17594.9498962437,9076.07984635103
Angle 51,17622.5238494906,9064.43923375399
Angle 51,17650.0844672945,9052.70625084394
Angle 51,17677.6317298561,9040.88095346783
Angle 51,17705.1656171415,9028.96339773736
Angle 51,17732.6861088816,9016.95364003156
Angle 51,17760.1931845725,9004.85173699947
Angle 51,17787.6868234757,8992.65774556277
Angle 51,17815.167004618,8980.37172291843
Angle 51,17842.6337067915,8967.99372654133
Angle 51,17870.0869085539,8955.52381418694
Angle 51,17897.5265882284,8942.96204389398
Angle 51,17924.9527239037,8930.30847398706
Angle 51,17952.3652934341,8917.56316307934
Angle 51,17979.7642744399,8904.72617007525
Angle 51,18007.1496443067,8891.79755417309
Angle 51,18034.5213801863,8878.77737486777
Angle 51,18061.8794589959,8865.66569195346
Angle 51,18089.223857419,8852.46256552628
Angle 51,18116.5545519045,8839.16805598701
Angle 51,18143.8715186676,8825.78222404375
Angle 51,18171.1747336893,8812.30513071466
Angle 51,18198.4641727166,8798.73683733066
Angle 51,18225.7398112624,8785.07740553811
Angle 51,18253.0016246056,8771.32689730156
Angle 51,18280.2495877913,8757.48537490645
Angle 51,18307.4836756305,8743.55290096185
Angle 51,18334.7038627002,8729.52953840318
Angle 51,18361.9101233434,8715.41535049494
Angle 51,18389.1024316693,8701.21040083349
Angle 51,18416.280761553,8686.91475334972
Angle 51,18443.4450866358,8672.5284723119
Angle 51,18470.5953803248,8658.05162232836
Angle 51,18497.7316157932,8643.48426835027
Angle 51,18524.8537659804,8628.82647567443
Angle 51,18551.9618035915,8614.07830994604
Angle 51,18579.0557010978,8599.23983716145
Angle 51,18606.1354307363,8584.31112367097
Angle 51,18633.2009645103,8569.29223618166
Angle 51,18660.2522741885,8554.18324176011
Angle 51,18687.289331306,8538.98420783525
Angle 51,18714.3121071635,8523.69520220118
Angle 51,18741.3205728273,8508.31629301993
Angle 51,18768.3146991299,8492.84754882435
Angle 51,18795.2944566692,8477.28903852087
Angle 51,18822.259815809,8461.64083139236
Angle 51,18849.2107466786,8445.90299710097
Angle 51,18876.147219173,8430.07560569098
Angle 51,18903.0692029528,8414.15872759162
Angle 51,18929.976667444,8398.15243361996
Angle 51,18956.8695818381,8382.05679498373
Angle 51,18983.7479150921,8365.87188328423
Angle 51,19010.6116359282,8349.5977705192
Angle 51,19037.4607128341,8333.23452908565
Angle 51,19064.2951140625,8316.78223178282
Angle 51,19091.1148076314,8300.24095181501
Angle 51,19117.9197613241,8283.61076279452
Angle 51,19144.7099426885,8266.89173874453
Angle 51,19171.4853190379,8250.08395410204
Angle 51,19198.2458574503,8233.18748372075
Angle 51,19224.9915247687,8216.20240287401
Angle 51,19251.7222876007,8199.12878725776
Angle 51,19278.4381123188,8181.96671299344
Angle 51,19305.1389650599,8164.71625663096
Angle 51,19331.8248117258,8147.37749515162
Angle 51,19358.4956179824,8129.95050597112
Angle 51,19385.1513492603,8112.43536694246
Angle 51,19411.7919707542,8094.83215635896
Angle 51,19438.4174474233,8077.14095295721
Angle 51,19465.0277439908,8059.36183592005
Angle 51,19491.622824944,8041.49488487959
Angle 51,19518.2026545343,8023.5401799202
Angle 51,19544.7671967769,8005.49780158146
Angle 51,19571.3164154508,7987.36783086126
Angle 51,19597.850274099,7969.15034921873
Angle 51,19624.3687360281,7950.84543857732
Angle 51,19650.871764308,7932.45318132783
Angle 51,19677.3593217724,7913.97366033139
Angle 51,19703.8313710183,7895.40695892258
Angle 51,19730.2878744062,7876.75316091241
Angle 51,19756.7287940594,7858.01235059143
Angle 51,19783.1540918649,7839.18461273276
Angle 51,19809.5637294724,7820.27003259518
Angle 51,19835.9576682947,7801.26869592619
Angle 51,19862.3358695075,7782.18068896511
Angle 51,19888.6982940491,7763.00609844615
Angle 51,19915.0449026209,7743.74501160152
Angle 51,19941.3756556866,7724.39751616452
Angle 51,19967.6905134725,7704.96370037267
Angle 51,19993.9894359675,7685.44365297081
Angle 51,20020.2723829227,7665.83746321422
Angle 51,20046.5393138516,7646.14522087175
Angle 51,20072.7901880297,7626.36701622895
Angle 51,20099.0249644949,7606.50294009125
Angle 51,20125.2436020469,7586.55308378704
Angle 51,20151.4460592475,7566.51753917089
Angle 51,20177.6322944202,7546.39639862664
Angle 51,20203.8022656503,7526.18975507064
Angle 51,20229.955930785,7505.89770195489
Angle 51,20256.0932474329,7485.52033327018
Angle 51,20282.2141729643,7465.05774354935
Angle 51,20308.3186645108,7444.51002787042
Angle 51,20334.4066789655,7423.87728185982
Angle 51,20360.4781729828,7403.15960169556
Angle 51,20386.5331029784,7382.35708411049
Angle 51,20412.5714251291,7361.46982639545
Angle 51,20438.5930953729,7340.49792640255
Angle 51,20464.5980694086,7319.44148254836
Angle 51,20490.5863026963,7298.30059381715
Angle 51,20516.5577504569,7277.07535976412
Angle 51,20542.512367672,7255.76588051865
Angle 51,20568.4501090842,7234.37225678757
Angle 51,20594.3709291967,7212.89458985836
Angle 51,20620.2747822735,7191.33298160246
Angle 51,20646.1616223392,7169.68753447851
Angle 51,20672.0314031789,7147.9583515356
Angle 51,20697.8840783384,7126.1455364166
Angle 51,20723.7196011238,7104.24919336138
Angle 51,20749.5379246019,7082.26942721013
Angle 51,20775.3390015997,7060.20634340662
Angle 51,20801.1227847047,7038.06004800152
Angle 51,20826.8892262647,7015.8306476557
Angle 51,20852.6382783879,6993.51824964349
Angle 51,20878.3698929428,6971.12296185603
Angle 51,20904.0840215581,6948.64489280457
Angle 51,20929.7806156229,6926.08415162378
Angle 51,20955.4596262864,6903.44084807506
Angle 51,20981.1210044583,6880.71509254987
Angle 51,21006.7647008082,6857.90699607308
Angle 51,21032.3906657662,6835.01667030625
Angle 51,21057.9988495225,6812.04422755101
Angle 51,21083.5892020277,6788.98978075237
Angle 51,21109.1616729925,6765.85344350209
Angle 51,21134.716211888,6742.63533004197
Angle 51,21160.2527679456,6719.33555526726
Angle 51,21185.7712901569,6695.95423472996
Angle 51,21211.271727274,6672.49148464221
Angle 51,21236.7540278093,6648.9474218796
Angle 51,21262.2181400357,6625.32216398457
Angle 51,21287.6640119866,6601.61582916976
Angle 51,21313.0915914559,6577.82853632135
Angle 51,21338.5008259979,6553.96040500243
Angle 51,21363.8916629279,6530.0115554564
Angle 51,21389.2640493217,6505.98210861029
Angle 51,21414.6179320159,6481.87218607815
Angle 51,21439.9532576081,6457.68191016441
Angle 51,21465.2699724566,6433.41140386728
Angle 51,21490.5680226811,6409.06079088208
Angle 51,21515.8473541622,6384.63019560465
Angle 51,21541.1079125419,6360.11974313469
Angle 51,21566.3496432234,6335.52955927914
Angle 51,21591.5724913715,6310.85977055558
Angle 51,21616.7764019126,6286.11050419559
Angle 51,21641.9613195348,6261.28188814809
Angle 51,21667.1271886882,6236.37405108276
Angle 51,21692.2739535848,6211.38712239339
Angle 51,21717.4015581989,6186.32123220126
Angle 51,21742.509946267,6161.17651135848
Angle 51,21767.5990612882,6135.9530914514
Angle 51,21792.6688465243,6110.65110480395
Angle 51,21817.719245,6085.27068448103
Angle 51,21842.750199503,6059.81196429183
Angle 51,21867.7616525843,6034.27507879325
Angle 51,21892.7535465583,6008.66016329319
Angle 51,21917.7258235034,5982.96735385396
Angle 51,21942.6784252616,5957.19678729563
Angle 51,21967.6112934391,5931.34860119933
Angle 51,21992.5243694067,5905.42293391066
Angle 51,22017.4175942997,5879.41992454299
Angle 51,22042.2909090184,5853.3397129808
Angle 51,22067.1442542283,5827.18243988303
Angle 51,22091.9775703602,5800.94824668641
Angle 51,22116.790797611,5774.63727560876
Angle 51,22141.5838759435,5748.24966965235
Angle 51,22166.3567450867,5721.78557260717
Angle 51,22191.1093445367,5695.24512905425
Angle 51,22215.8416135563,5668.628484369
Angle 51,22240.5534911758,5641.93578472443
Angle 51,22265.2449161933,5615.16717709453
Angle 51,22289.9158271749,5588.32280925747
Angle 51,22314.5661624553,5561.40282979892
Angle 51,22339.1958601379,5534.40738811531
Angle 51,22363.8048580954,5507.33663441708
Angle 51,22388.3930939702,5480.19071973194
Angle 51,22412.9605051748,5452.96979590811
Angle 51,22437.5070288922,5425.67401561754
Angle 51,22462.0326020763,5398.30353235916
Angle 51,22486.5371614525,5370.85850046207
Angle 51,22511.0206435181,5343.33907508876
Angle 51,22535.4829845426,5315.74541223829
Angle 51,22559.9241205684,5288.07766874949
Angle 51,22584.3439874115,5260.33600230412
Angle 51,22608.7425206615,5232.52057143005
Angle 51,22633.1196556825,5204.63153550436
Angle 51,22657.4753276136,5176.66905475655
Angle 51,22681.8094713692,5148.63329027161
Angle 51,22706.1220216402,5120.52440399314
Angle 51,22730.4129128936,5092.34255872646
Angle 51,22754.6820793742,5064.0879181417
Angle 51,22778.9294551044,5035.76064677686
Angle 51,22803.1549738851,5007.36091004085
Angle 51,22827.3585692964,4978.88887421656
Angle 51,22851.5401746981,4950.34470646388
Angle 51,22875.6997232307,4921.72857482268
Angle 51,22899.8371478156,4893.04064821586
Angle 51,22923.9523811561,4864.28109645225
Angle 51,22948.0453557381,4835.45009022967
Angle 51,22972.1160038309,4806.54780113775
Angle 51,22996.1642574878,4777.57440166098
Angle 51,23020.1900485466,4748.53006518151
Angle 51,23044.1933086312,4719.41496598211
Angle 51,23068.1739691513,4690.22927924901
Angle 51,23092.1319613043,4660.97318107472
Angle 51,23116.0672160753,4631.64684846092
Angle 51,23139.9796642383,4602.25045932122
Angle 51,23163.869236357,4572.78419248396
Angle 51,23187.7358627858,4543.24822769496
Angle 51,23211.5794736703,4513.6427456203
Angle 51,23235.3999989489,4483.96792784899
Angle 51,23259.1973683529,4454.2239568957
Angle 51,23282.971511408,4424.41101620343
Angle 51,23306.7223574353,4394.52929014613
Angle 51,23330.4498355517,4364.57896403136
Angle 51,23354.1538746718,4334.56022410287
Angle 51,23377.8344035079,4304.47325754316
Angle 51,23401.4913505718,4274.31825247606
Angle 51,23425.1246441758,4244.09539796922
Angle 51,23448.7342124331,4213.8048840366
Angle 51,23472.3199832596,4183.44690164097
Angle 51,23495.881884375,4153.02164269631
Angle 51,23519.4198433033,4122.52930007022
Angle 51,23542.9337873746,4091.97006758631
Angle 51,23566.4236437258,4061.34414002655
Angle 51,23589.8893393023,4030.65171313358
Angle 51,23613.3308008587,3999.89298361297
Angle 51,23636.7479549602,3969.06814913554
Angle 51,23660.1407279841,3938.17740833951
Angle 51,23683.5090461207,3907.22096083272
Angle 51,23706.8528353747,3876.19900719478
Angle 51,23730.1720215667,3845.11174897921
Angle 51,23753.4665303343,3813.95938871549
Angle 51,23776.7362871336,3782.74212991115
Angle 51,23799.9812172403,3751.46017705374
Angle 51,23823.2012457516,3720.11373561284
Angle 51,23846.3962975872,3688.70301204202
Angle 51,23869.5662974907,3657.22821378067
Angle 51,23892.7111700314,3625.68954925595
Angle 51,23915.8308396056,3594.08722788456
Angle 51,23938.925230438,3562.42146007455
Angle 51,23961.9942665834,3530.69245722707
Angle 51,23985.0378719281,3498.90043173804
Angle 51,24008.0559701917,3467.04559699987
Angle 51,24031.0484849283,3435.12816740304
Angle 51,24054.0153395286,3403.14835833768
Angle 51,24076.9564572212,3371.10638619514
Angle 51,24099.8717610743,3339.00246836944
Angle 51,24122.7611739974,3306.83682325874
Angle 51,24145.6246187434,3274.60967026673
Angle 51,24168.4620179095,3242.32122980401
Angle 51,24191.2732939398,3209.97172328937
Angle 51,24214.0583691267,3177.56137315106
Angle 51,24236.8171656126,3145.090402828
Angle 51,24259.5496053918,3112.55903677096
Angle 51,24282.2556103127,3079.96750044367
Angle 51,24304.9351020793,3047.31602032388
Angle 51,24327.5880022529,3014.60482390434
Angle 51,24350.2142322549,2981.83413969385
Angle 51,24372.8137133676,2949.00419721809
Angle 51,24395.3863667372,2916.1152270205
Angle 51,24417.9321133751,2883.16746066312
Angle 51,24440.4508741604,2850.16113072728
Angle 51,24462.9425698415,2817.09647081434
Angle 51,24485.4071210387,2783.97371554632
Angle 51,24507.8444482459,2750.79310056649
Angle 51,24530.2544718329,2717.55486253987
Angle 51,24552.6371120474,2684.25923915372
Angle 51,24574.9922890175,2650.90646911796
Angle 51,24597.3199227536,2617.49679216549
Angle 51,24619.6199331508,2584.03044905252
Angle 51,24641.8922399911,2550.50768155877
Angle 51,24664.1367629457,2516.92873248766
Angle 51,24686.3534215773,2483.29384566641
Angle 51,24708.5421353424,2449.60326594608
Angle 51,24730.702823594,2415.85723920155
Angle 51,24752.8354055835,2382.05601233149
Angle 51,24774.9398004632,2348.19983325812
Angle 51,24797.0159272891,2314.28895092707
Angle 51,24819.0637050233,2280.3236153071
Angle 51,24841.0830525361,2246.3040773897
Angle 51,24863.0738886089,2212.23058918874
Angle 51,24885.0361319366,2178.10340373995
Angle 51,24906.9697011304,2143.92277510039
Angle 51,24928.8745147201,2109.68895834783
Angle 51,24950.750491157,2075.40220958005
Angle 51,24972.5975488164,2041.06278591406
Angle 51,24994.4156060004,2006.67094548534
Angle 51,25016.2045809405,1972.22694744683
Angle 51,25037.9643918004,1937.73105196805
Angle 51,25059.694956679,1903.18352023398
Angle 51,25081.3961936129,1868.58461444397
Angle 51,25103.0680205792,1833.93459781051
Angle 51,25124.7103554987,1799.23373455799
Angle 51,25146.3231162385,1764.48228992131
Angle 51,25167.906220615,1729.68053014444
Angle 51,25189.4595863969,1694.82872247896
Angle 51,25210.9831313082,1659.92713518242
Angle 51,25232.4767730309,1624.97603751669
Angle 51,25253.9404292083,1589.97569974622
Angle 51,25275.3740174482,1554.9263931362
Angle 51,25296.7774553257,1519.82838995064
Angle 51,25318.1506603862,1484.6819634504
Angle 51,25339.4935501491,1449.48738789109
Angle 51,25360.8060421102,1414.24493852092
Angle 51,25382.0880537456,1378.95489157848
Angle 51,25403.3395025145,1343.61752429035
Angle 51,25424.5603058626,1308.23311486875
Angle 51,25445.7503812254,1272.80194250901
Angle 51,25466.9096460314,1237.32428738699
Angle 51,25488.0380177054,1201.8004306564
Angle 51,25509.1354136721,1166.23065444604
Angle 51,25530.2017513593,1130.61524185695
Angle 51,25551.2369482013,1094.95447695948
Angle 51,25572.2409216424,1059.24864479024
Angle 51,25593.2135891405,1023.498031349
Angle 51,25614.1548681702,987.702923595469
Angle 51,25635.0646762268,951.863609445995
Angle 51,25655.9429308297,915.980377770171
Angle 51,25676.7895495256,880.053518387344
Angle 51,25697.6044498928,844.083322063041
Angle 51,25718.3875495441,808.07008050529
Angle 51,25739.1387661312,772.014086360854
Angle 51,25759.8580173476,735.915633211363
Angle 51,25780.5452209331,699.775015569361
Angle 51,25801.2002946768,663.592528874249
Angle 51,25821.8231564214,627.368469488132
Angle 51,25842.4137240668,591.103134691572
Angle 51,25862.9719155738,554.796822679243
Angle 51,25883.4976489683,518.449832555485
Angle 51,25903.9908423446,482.062464329765
Angle 51,25924.45141387,445.635018912035
Angle 51,25944.8792817879,409.16779810799
Angle 51,25965.2743644226,372.661104614233
Angle 51,25985.6365801826,336.115242013328
Angle 51,26005.9658475649,299.530514768764
Angle 51,26026.2620851589,262.907228219813
Angle 51,26046.5252116505,226.245688576286
Angle 51,26066.7551458264,189.546202913188
Angle 51,26086.9518065777,152.809079165271
Angle 51,26107.1151129042,116.034626121486
Angle 51,26127.2449839187,79.223153419329
Angle 51,26147.3413388513,42.3749715390857
Angle 51,26167.4040970529,5.49039179797322
Angle 51,26170.3825780851,0
Angle 52,0,0
Angle 52,42.9756336236323,54.9083026447636
Angle 52,85.8320614481213,109.566300656774
Angle 52,128.570720848184,163.976099815662
Angle 52,171.193023364319,218.139767171304
Angle 52,213.700355324357,272.059331979957
Angle 52,256.094078446193,325.736786612042
Angle 52,298.375530422385,379.174087432593
Angle 52,340.546025487273,432.373155655389
Angle 52,382.606854967251,485.335878171683
Angle 52,424.559287814797,538.064108354464
Angle 52,466.40457112683,590.559666839109
Angle 52,508.14393064795,642.824342281255
Angle 52,549.778571259099,694.859892092699
Angle 52,591.309677452141,746.668043156092
Angle 52,632.738413790854,798.250492519156
Angle 52,674.065925358803,849.608908069131
Angle 52,715.293338194545,900.74492918814
Angle 52,756.421759714588,951.660167390106
Angle 52,797.452279124536,1002.35620693985
Angle 52,838.385967818792,1052.834605455
Angle 52,879.223879769231,1103.09689449121
Angle 52,919.96705190319,1153.14458011134
Angle 52,960.61650447113,1202.97914343904
Angle 52,1001.17324140432,1252.60204119735
Angle 52,1041.63825066285,1302.01470623269
Angle 52,1082.01250457433,1351.21854802478
Angle 52,1122.29696016351,1400.21495318299
Angle 52,1162.49255947316,1449.00528592941
Angle 52,1202.6002298765,1497.5908885693
Angle 52,1242.62088438139,1545.97308194898
Angle 52,1282.55542192661,1594.15316590198
Angle 52,1322.40472767043,1642.13241968343
Angle 52,1362.16967327173,1689.91210239327
Angle 52,1401.85111716389,1737.49345338863
Angle 52,1441.44990482171,1784.87769268561
Angle 52,1480.9668690215,1832.06602135086
Angle 52,1520.40283009464,1879.05962188326
Angle 52,1559.75859617476,1925.85965858599
Angle 52,1599.03496343869,1972.46727792929
Angle 52,1638.23271634149,2018.88360890418
Angle 52,1677.35262784557,2065.10976336745
Angle 52,1716.39545964429,2111.1468363781
Angle 52,1755.36196237995,2156.99590652557
Angle 52,1794.25287585658,2202.65803624993
Angle 52,1833.06892924748,2248.13427215438
Angle 52,1871.81084129783,2293.42564531008
Angle 52,1910.47932052238,2338.53317155375
Angle 52,1949.07506539844,2383.45785177817
Angle 52,1987.59876455431,2428.20067221567
Angle 52,2026.05109695321,2472.76260471503
Angle 52,2064.4327320729,2517.14460701179
Angle 52,2102.7443300811,2561.34762299223
Angle 52,2140.98654200684,2605.37258295121
Angle 52,2179.16000990778,2649.22040384406
Angle 52,2217.26536703376,2692.89198953256
Angle 52,2255.30323798648,2736.38823102538
Angle 52,2293.27423887565,2779.71000671294
Angle 52,2331.17897747151,2822.85818259695
Angle 52,2369.0180533539,2865.83361251477
Angle 52,2406.79205805803,2908.63713835868
Angle 52,2444.50157521694,2951.26959029024
Angle 52,2482.14718070074,2993.73178694987
Angle 52,2519.72944275287,3036.02453566177
Angle 52,2557.24892212323,3078.1486326343
Angle 52,2594.70617219845,3120.10486315593
Angle 52,2632.10173912929,3161.89400178696
Angle 52,2669.43616195525,3203.51681254692
Angle 52,2706.70997272649,3244.97404909809
Angle 52,2743.9236966231,3286.26645492485
Angle 52,2781.07785207183,3327.39476350933
Angle 52,2818.17295086027,3368.35969850321
Angle 52,2855.2094982487,3409.16197389583
Angle 52,2892.1879930794,3449.80229417886
Angle 52,2929.10892788382,3490.2813545073
Angle 52,2965.97278898739,3530.59984085726
Angle 52,3002.78005661216,3570.75843018032
Angle 52,3039.53120497734,3610.75779055474
Angle 52,3076.22670239766,3650.59858133345
Angle 52,3112.86701137982,3690.28145328905
Angle 52,3149.45258871682,3729.80704875582
Angle 52,3185.98388558047,3769.17600176871
Angle 52,3222.46134761197,3808.38893819967
Angle 52,3258.88541501059,3847.44647589102
Angle 52,3295.25652262068,3886.34922478627
Angle 52,3331.5751000168,3925.09778705819
Angle 52,3367.84157158724,3963.69275723439
Angle 52,3404.0563566158,4002.13472232032
Angle 52,3440.21986936197,4040.42426191986
Angle 52,3476.33251913954,4078.56194835353
Angle 52,3512.39471039361,4116.54834677431
Angle 52,3548.40684277617,4154.38401528124
Angle 52,3584.36931122006,4192.06950503075
Angle 52,3620.28250601166,4229.60536034584
Angle 52,3656.14681286202,4266.99211882312
Angle 52,3691.96261297669,4304.23031143784
Angle 52,3727.73028312421,4341.32046264676
Angle 52,3763.45019570325,4378.26309048921
Angle 52,3799.12271880845,4415.05870668608
Angle 52,3834.74821629511,4451.70781673702
Angle 52,3870.3270478425,4488.21092001571
Angle 52,3905.8595690161,4524.56850986343
Angle 52,3941.34613132863,4560.78107368075
Angle 52,3976.78708229989,4596.8490930176
Angle 52,4012.18276551557,4632.77304366162
Angle 52,4047.53352068487,4668.55339572486
Angle 52,4082.83968369713,4704.19061372885
Angle 52,4118.10158667737,4739.68515668816
Angle 52,4153.31955804083,4775.03747819238
Angle 52,4188.4939225465,4810.24802648661
Angle 52,4223.62500134969,4845.31724455044
Angle 52,4258.71311205359,4880.24557017559
Angle 52,4293.75856875999,4915.03343604202
Angle 52,4328.76168211897,4949.68126979279
Angle 52,4363.72275937783,4984.18949410745
Angle 52,4398.642104429,5018.55852677422
Angle 52,4433.52001785719,5052.78878076083
Angle 52,4468.3567969857,5086.88066428409
Angle 52,4503.15273592185,5120.83458087827
Angle 52,4537.90812560166,5154.65092946221
Angle 52,4572.6232538337,5188.33010440533
Angle 52,4607.29840534226,5221.87249559242
Angle 52,4641.93386180963,5255.2784884873
Angle 52,4676.52990191775,5288.54846419543
Angle 52,4711.08680138911,5321.68279952534
Angle 52,4745.60483302692,5354.68186704912
Angle 52,4780.08426675463,5387.54603516175
Angle 52,4814.52536965472,5420.27566813945
Angle 52,4848.92840600684,5452.87112619712
Angle 52,4883.29363732537,5485.33276554465
Angle 52,4917.62132239623,5517.6609384424
Angle 52,4951.91171731312,5549.85599325566
Angle 52,4986.1650755132,5581.91827450825
Angle 52,5020.38164781206,5613.84812293519
Angle 52,5054.5616824382,5645.64587553447
Angle 52,5088.70542506688,5677.31186561803
Angle 52,5122.81311885341,5708.84642286178
Angle 52,5156.88500446594,5740.24987335489
Angle 52,5190.92132011762,5771.52253964823
Angle 52,5224.92230159832,5802.66474080201
Angle 52,5258.88818230576,5833.67679243263
Angle 52,5292.81919327615,5864.55900675877
Angle 52,5326.71556321434,5895.31169264677
Angle 52,5360.57751852352,5925.93515565521
Angle 52,5394.40528333432,5956.42969807879
Angle 52,5428.19907953354,5986.79561899154
Angle 52,5461.95912679243,6017.03321428929
Angle 52,5495.68564259442,6047.14277673146
Angle 52,5529.37884226247,6077.12459598221
Angle 52,5563.038938986,6106.97895865096
Angle 52,5596.66614384734,6136.70614833216
Angle 52,5630.26066584781,6166.30644564457
Angle 52,5663.82271193333,6195.78012826979
Angle 52,5697.35248701968,6225.12747099031
Angle 52,5730.85019401734,6254.34874572687
Angle 52,5764.31603385592,6283.44422157528
Angle 52,5797.75020550828,6312.41416484264
Angle 52,5831.15290601417,6341.25883908306
Angle 52,5864.52433050358,6369.97850513273
Angle 52,5897.86467221971,6398.57342114454
Angle 52,5931.17412254158,6427.04384262213
Angle 52,5964.45287100628,6455.39002245342
Angle 52,5997.70110533089,6483.61221094362
Angle 52,6030.91901143409,6511.71065584778
Angle 52,6064.10677345739,6539.68560240277
Angle 52,6097.26457378606,6567.53729335886
Angle 52,6130.39259306977,6595.2659690108
Angle 52,6163.49101024286,6622.87186722835
Angle 52,6196.56000254437,6650.35522348652
Angle 52,6229.59974553771,6677.7162708952
Angle 52,6262.61041313006,6704.95524022842
Angle 52,6295.5921775915,6732.07235995319
Angle 52,6328.54520957379,6759.06785625788
Angle 52,6361.46967812898,6785.94195308021
Angle 52,6394.36575072763,6812.69487213478
Angle 52,6427.23359327679,6839.32683294026
Angle 52,6460.07337013782,6865.83805284618
Angle 52,6492.88524414375,6892.22874705923
Angle 52,6525.66937661658,6918.49912866931
Angle 52,6558.4259273842,6944.64940867516
Angle 52,6591.15505479713,6970.67979600956
Angle 52,6623.85691574497,6996.59049756423
Angle 52,6656.53166567263,7022.38171821438
Angle 52,6689.17945859638,7048.05366084289
Angle 52,6721.80044711952,7073.60652636411
Angle 52,6754.39478244802,7099.04051374738
Angle 52,6786.96261440577,7124.35582004019
Angle 52,6819.5040914497,7149.55264039103
Angle 52,6852.01936068466,7174.63116807188
Angle 52,6884.50856787808,7199.59159450044
Angle 52,6916.97185747442,7224.43410926199
Angle 52,6949.40937260946,7249.15890013101
Angle 52,6981.82125512432,7273.76615309243
Angle 52,7014.20764557932,7298.25605236265
Angle 52,7046.56868326763,7322.62878041021
Angle 52,7078.90450622877,7346.88451797626
Angle 52,7111.21525126184,7371.02344409461
Angle 52,7143.50105393863,7395.04573611169
Angle 52,7175.76204861657,7418.95156970608
Angle 52,7207.99836845138,7442.74111890782
Angle 52,7240.21014540969,7466.41455611752
Angle 52,7272.39751028138,7489.97205212515
Angle 52,7304.5605926918,7513.41377612855
Angle 52,7336.69952111381,7536.7398957518
Angle 52,7368.81442287965,7559.9505770632
Angle 52,7400.90542419266,7583.04598459317
Angle 52,7432.97265013878,7606.02628135175
Angle 52,7465.01622469804,7628.89162884599
Angle 52,7497.03627075568,7651.64218709705
Angle 52,7529.03291011331,7674.27811465712
Angle 52,7561.00626349984,7696.79956862602
Angle 52,7592.95645058222,7719.20670466774
Angle 52,7624.8835899761,7741.49967702658
Angle 52,7656.78779925634,7763.67863854327
Angle 52,7688.66919496735,7785.74374067069
Angle 52,7720.5278926333,7807.69513348957
Angle 52,7752.36400676821,7829.53296572381
Angle 52,7784.17765088587,7851.25738475577
Angle 52,7815.96893750966,7872.86853664124
Angle 52,7847.73797818226,7894.36656612428
Angle 52,7879.48488347514,7915.75161665184
Angle 52,7911.20976299802,7937.02383038823
Angle 52,7942.91272540818,7958.18334822936
Angle 52,7974.5938784196,7979.23030981686
Angle 52,8006.25332881203,8000.16485355196
Angle 52,8037.89118243993,8020.98711660921
Angle 52,8069.50754424129,8041.69723495011
Angle 52,8101.1025182463,8062.29534333641
Angle 52,8132.67620758599,8082.7815753434
Angle 52,8164.22871450065,8103.15606337297
Angle 52,8195.76014034823,8123.41893866647
Angle 52,8227.27058561259,8143.5703313175
Angle 52,8258.76014991164,8163.61037028446
Angle 52,8290.22893200538,8183.539183403
Angle 52,8321.67702980385,8203.3568973983
Angle 52,8353.10454037494,8223.06363789718
Angle 52,8384.51155995217,8242.65952944012
Angle 52,8415.89818394227,8262.14469549307
Angle 52,8447.26450693275,8281.51925845915
Angle 52,8478.61062269934,8300.78333969022
Angle 52,8509.93662421331,8319.9370594983
Angle 52,8541.24260364874,8338.98053716682
Angle 52,8572.52865238967,8357.9138909618
Angle 52,8603.79486103716,8376.73723814286
Angle 52,8635.04131941628,8395.45069497409
Angle 52,8666.26811658297,8414.05437673484
Angle 52,8697.47534083086,8432.5483977303
Angle 52,8728.66307969801,8450.93287130206
Angle 52,8759.83141997345,8469.20790983847
Angle 52,8790.98044770382,8487.37362478491
Angle 52,8822.11024819977,8505.43012665392
Angle 52,8853.22090604238,8523.37752503526
Angle 52,8884.3125050894,8541.2159286058
Angle 52,8915.38512848154,8558.94544513933
Angle 52,8946.43885864858,8576.56618151622
Angle 52,8977.47377731541,8594.07824373307
Angle 52,9008.48996550806,8611.48173691209
Angle 52,9039.48750355959,8628.77676531054
Angle 52,9070.46647111592,8645.96343232993
Angle 52,9101.42694714165,8663.0418405252
Angle 52,9132.36900992568,8680.0120916138
Angle 52,9163.29273708689,8696.87428648457
Angle 52,9194.19820557966,8713.62852520667
Angle 52,9225.08549169938,8730.27490703827
Angle 52,9255.95467108785,8746.81353043526
Angle 52,9286.80581873865,8763.24449305976
Angle 52,9317.63900900238,8779.56789178866
Angle 52,9348.45431559194,8795.78382272192
Angle 52,9379.25181158763,8811.89238119091
Angle 52,9410.03156944227,8827.89366176658
Angle 52,9440.79366098622,8843.78775826759
Angle 52,9471.53815743235,8859.57476376833
Angle 52,9502.26512938093,8875.25477060683
Angle 52,9532.97464682448,8890.82787039264
Angle 52,9563.66677915258,8906.29415401459
Angle 52,9594.34159515655,8921.65371164847
Angle 52,9624.99916303416,8936.90663276468
Angle 52,9655.63955039422,8952.05300613567
Angle 52,9686.26282426113,8967.09291984349
Angle 52,9716.86905107941,8982.02646128707
Angle 52,9747.45829671811,8996.85371718959
Angle 52,9778.03062647522,9011.57477360566
Angle 52,9808.58610508199,9026.18971592847
Angle 52,9839.12479670723,9040.69862889687
Angle 52,9869.64676496153,9055.10159660238
Angle 52,9900.15207290147,9069.3987024961
Angle 52,9930.6407830337,9083.59002939559
Angle 52,9961.11295731906,9097.67565949166
Angle 52,9991.5686571766,9111.65567435508
Angle 52,10022.0079434875,9125.53015494327
Angle 52,10052.4308765992,9139.29918160684
Angle 52,10082.8375163291,9152.96283409617
Angle 52,10113.2279219682,9166.52119156785
Angle 52,10143.6021522855,9179.97433259109
Angle 52,10173.9602655312,9193.32233515403
Angle 52,10204.3023194406,9206.56527667005
Angle 52,10234.6283712378,9219.70323398398
Angle 52,10264.9384776392,9232.73628337825
Angle 52,10295.2326948571,9245.66450057898
Angle 52,10325.5110786033,9258.48796076205
Angle 52,10355.7736840926,9271.20673855905
Angle 52,10386.020566046,9283.82090806322
Angle 52,10416.2517786945,9296.33054283535
Angle 52,10446.467375782,9308.73571590956
Angle 52,10476.6674105691,9321.03649979907
Angle 52,10506.851935836,9333.23296650193
Angle 52,10537.0210038859,9345.32518750668
Angle 52,10567.1746665481,9357.31323379792
Angle 52,10597.3129751814,9369.1971758619
Angle 52,10627.435980677,9380.97708369205
Angle 52,10657.5437334616,9392.65302679437
Angle 52,10687.6362835007,9404.2250741929
Angle 52,10717.7136803012,9415.69329443504
Angle 52,10747.7759729148,9427.05775559691
Angle 52,10777.8232099405,9438.31852528855
Angle 52,10807.855439528,9449.47567065922
Angle 52,10837.8727093802,9460.52925840251
Angle 52,10867.8750667562,9471.47935476151
Angle 52,10897.8625584741,9482.3260255339
Angle 52,10927.8352309137,9493.06933607695
Angle 52,10957.7931300193,9503.7093513126
Angle 52,10987.7363013025,9514.24613573232
Angle 52,11017.6647898446,9524.67975340213
Angle 52,11047.5786402994,9535.01026796741
Angle 52,11077.4778968961,9545.23774265776
Angle 52,11107.3626034412,9555.3622402918
Angle 52,11137.2328033217,9565.38382328192
Angle 52,11167.0885395073,9575.30255363901
Angle 52,11196.929854553,9585.11849297714
Angle 52,11226.7567906016,9594.8317025182
Angle 52,11256.5693893857,9604.44224309651
Angle 52,11286.3676922308,9613.9501751634
Angle 52,11316.1517400572,9623.35555879174
Angle 52,11345.9215733824,9632.65845368043
Angle 52,11375.6772323237,9641.85891915887
Angle 52,11405.4187565999,9650.95701419144
Angle 52,11435.1461855344,9659.95279738179
Angle 52,11464.8595580565,9668.84632697733
Angle 52,11494.5589127043,9677.63766087347
Angle 52,11524.2442876268,9686.32685661796
Angle 52,11553.9157205857,9694.91397141514
Angle 52,11583.5732489578,9703.3990621302
Angle 52,11613.2169097372,9711.78218529337
Angle 52,11642.8467395369,9720.06339710408
Angle 52,11672.4627745916,9728.24275343514
Angle 52,11702.0650507589,9736.32030983681
Angle 52,11731.6536035222,9744.29612154096
Angle 52,11761.2284679919,9752.17024346502
Angle 52,11790.7896789076,9759.94273021611
Angle 52,11820.3372706405,9767.61363609499
Angle 52,11849.8712771945,9775.18301510003
Angle 52,11879.3917322088,9782.65092093119
Angle 52,11908.8986689594,9790.01740699391
Angle 52,11938.3921203611,9797.28252640303
Angle 52,11967.872118969,9804.4463319866
Angle 52,11997.338696981,9811.50887628982
Angle 52,12026.7918862388,9818.47021157875
Angle 52,12056.2317182302,9825.3303898442
Angle 52,12085.6582240905,9832.08946280543
Angle 52,12115.0714346045,9838.74748191391
Angle 52,12144.471380208,9845.30449835707
Angle 52,12173.8580909896,9851.76056306194
Angle 52,12203.2315966924,9858.1157266989
Angle 52,12232.5919267152,9864.37003968525
Angle 52,12261.9391101149,9870.52355218893
Angle 52,12291.2731756074,9876.57631413202
Angle 52,12320.5941515696,9882.52837519442
Angle 52,12349.9020660408,9888.37978481737
Angle 52,12379.1969467241,9894.13059220701
Angle 52,12408.4788209883,9899.78084633787
Angle 52,12437.7477158691,9905.33059595642
Angle 52,12467.0036580708,9910.77988958453
Angle 52,12496.2466739675,9916.12877552292
Angle 52,12525.4767896049,9921.37730185462
Angle 52,12554.6940307014,9926.5255164484
Angle 52,12583.8984226498,9931.57346696216
Angle 52,12613.0899905185,9936.52120084632
Angle 52,12642.2687590531,9941.36876534721
Angle 52,12671.4347526776,9946.11620751039
Angle 52,12700.5879954957,9950.763574184
Angle 52,12729.7285112925,9955.31091202207
Angle 52,12758.8563235353,9959.75826748783
Angle 52,12787.9714553754,9964.10568685698
Angle 52,12817.0739296489,9968.35321622096
Angle 52,12846.1637688787,9972.50090149021
Angle 52,12875.2409952748,9976.54878839735
Angle 52,12904.3056307364,9980.4969225005
Angle 52,12933.3576968528,9984.34534918637
Angle 52,12962.3972149044,9988.09411367351
Angle 52,12991.4242058643,9991.74326101548
Angle 52,13020.4386903992,9995.29283610397
Angle 52,13049.4406888709,9998.74288367199
Angle 52,13078.4302213369,10002.093448297
Angle 52,13107.4073075523,10005.3445744038
Angle 52,13136.3719669701,10008.4963062681
Angle 52,13165.3242187432,10011.5486880193
Angle 52,13194.2640817247,10014.5017636433
Angle 52,13223.1915744696,10017.3555769861
Angle 52,13252.1067152354,10020.1101717566
Angle 52,13281.0095219837,10022.7655915295
Angle 52,13309.9000123807,10025.3218797485
Angle 52,13338.7782037987,10027.7790797293
Angle 52,13367.6441133168,10030.1372346626
Angle 52,13396.4977577222,10032.3963876168
Angle 52,13425.339153511,10034.5565815415
Angle 52,13454.1683168893,10036.6178592699
Angle 52,13482.985263774,10038.5802635221
Angle 52,13511.7900097941,10040.4438369082
Angle 52,13540.5825702914,10042.2086219305
Angle 52,13569.3629603215,10043.8746609872
Angle 52,13598.131194655,10045.4419963751
Angle 52,13626.8872877779,10046.9106702921
Angle 52,13655.6312538929,10048.2807248405
Angle 52,13684.3631069203,10049.5522020299
Angle 52,13713.0828604988,10050.7251437795
Angle 52,13741.7905279863,10051.7995919219
Angle 52,13770.486122461,10052.7755882049
Angle 52,13799.1696567219,10053.6531742953
Angle 52,13827.8411432903,10054.4323917809
Angle 52,13856.5005944098,10055.1132821738
Angle 52,13885.1480220478,10055.6958869132
Angle 52,13913.7834378961,10056.1802473681
Angle 52,13942.4068533715,10056.5664048398
Angle 52,13971.018279617,10056.8544005652
Angle 52,13999.6177275022,10057.0442757193
Angle 52,14028.2052076245,10057.136071418
Angle 52,14056.7807303096,10057.1298287209
Angle 52,14085.3443056121,10057.0255886338
Angle 52,14113.8959433167,10056.8233921119
Angle 52,14142.4356529387,10056.523280062
Angle 52,14170.9634437247,10056.1252933458
Angle 52,14199.4793246533,10055.6294727822
Angle 52,14227.9833044361,10055.03585915
Angle 52,14256.4753915182,10054.3444931909
Angle 52,14284.9555940786,10053.5554156121
Angle 52,14313.4239200317,10052.6686670886
Angle 52,14341.8803770271,10051.6842882666
Angle 52,14370.324972451,10050.6023197655
Angle 52,14398.7577134262,10049.4228021809
Angle 52,14427.1786068135,10048.1457760875
Angle 52,14455.5876592116,10046.7712820411
Angle 52,14483.9848769585,10045.2993605818
Angle 52,14512.3702661313,10043.7300522365
Angle 52,14540.7438325476,10042.0633975215
Angle 52,14569.1055817657,10040.2994369452
Angle 52,14597.4555190853,10038.4382110105
Angle 52,14625.7936495481,10036.4797602179
Angle 52,14654.1199779385,10034.4241250676
Angle 52,14682.4345087841,10032.2713460624
Angle 52,14710.7372463562,10030.0214637104
Angle 52,14739.0281946704,10027.6745185271
Angle 52,14767.3073574876,10025.2305510387
Angle 52,14795.5747383137,10022.6896017842
Angle 52,14823.8303404011,10020.0517113183
Angle 52,14852.0741667486,10017.3169202135
Angle 52,14880.3062201021,10014.4852690633
Angle 52,14908.5265029553,10011.5567984843
Angle 52,14936.73501755,10008.5315491192
Angle 52,14964.9317658768,10005.4095616388
Angle 52,14993.1167496755,10002.1908767451
Angle 52,15021.2899704358,9998.87553517357
Angle 52,15049.4514293973,9995.46357769587
Angle 52,15077.6011275508,9991.95504512222
Angle 52,15105.7390656379,9988.34997830411
Angle 52,15133.8652441522,9984.64841813675
Angle 52,15161.9796633394,9980.85040556167
Angle 52,15190.0823231978,9976.95598156925
Angle 52,15218.173223479,9972.96518720121
Angle 52,15246.2523636878,9968.87806355322
Angle 52,15274.3197430835,9964.69465177737
Angle 52,15302.3753606795,9960.41499308471
Angle 52,15330.4192152443,9956.03912874781
Angle 52,15358.4513053017,9951.56710010323
Angle 52,15386.4716291311,9946.99894855409
Angle 52,15414.4801847683,9942.33471557255
Angle 52,15442.4769700056,9937.57444270235
Angle 52,15470.4619823923,9932.7181715613
Angle 52,15498.4352192351,9927.76594384382
Angle 52,15526.3966775986,9922.71780132343
Angle 52,15554.3463543054,9917.57378585525
Angle 52,15582.2842459368,9912.33393937853
Angle 52,15610.2103488331,9906.99830391913
Angle 52,15638.1246590939,9901.56692159204
Angle 52,15666.0271725783,9896.03983460384
Angle 52,15693.9178849057,9890.41708525527
Angle 52,15721.796791456,9884.69871594366
Angle 52,15749.6638873695,9878.88476916547
Angle 52,15777.5191675479,9872.97528751874
Angle 52,15805.3626266542,9866.97031370563
Angle 52,15833.1942591135,9860.86989053489
Angle 52,15861.0140591126,9854.67406092434
Angle 52,15888.8220206009,9848.38286790339
Angle 52,15916.6181372908,9841.99635461549
Angle 52,15944.4024026575,9835.51456432066
Angle 52,15972.1748099397,9828.93754039795
Angle 52,15999.9353521397,9822.26532634795
Angle 52,16027.6840220239,9815.49796579524
Angle 52,16055.420812123,9808.63550249093
Angle 52,16083.1457147322,9801.67798031509
Angle 52,16110.8587219117,9794.62544327927
Angle 52,16138.5598254866,9787.47793552899
Angle 52,16166.2490170477,9780.23550134621
Angle 52,16193.9262879512,9772.89818515181
Angle 52,16221.5916293194,9765.4660315081
Angle 52,16249.2450320409,9757.9390851213
Angle 52,16276.8864867705,9750.31739084399
Angle 52,16304.5159839301,9742.60099367766
Angle 52,16332.1335137082,9734.78993877515
Angle 52,16359.7390660605,9726.88427144315
Angle 52,16387.3326307105,9718.8840371447
Angle 52,16414.914197149,9710.78928150166
Angle 52,16442.4837546349,9702.60005029721
Angle 52,16470.041292195,9694.31638947837
Angle 52,16497.5867986246,9685.93834515841
Angle 52,16525.1202624875,9677.46596361945
Angle 52,16552.6416721163,9668.89929131487
Angle 52,16580.1510156125,9660.23837487184
Angle 52,16607.6482808467,9651.48326109381
Angle 52,16635.1334554589,9642.63399696302
Angle 52,16662.6065268587,9633.69062964298
Angle 52,16690.0674822252,9624.65320648097
Angle 52,16717.5163085077,9615.52177501058
Angle 52,16744.9529924254,9606.29638295416
Angle 52,16772.3775204677,9596.97707822536
Angle 52,16799.7898788945,9587.56390893162
Angle 52,16827.1900537364,9578.05692337671
Angle 52,16854.5780307944,9568.4561700632
Angle 52,16881.9537956408,9558.761697695
Angle 52,16909.3173336186,9548.97355517987
Angle 52,16936.6686298421,9539.09179163192
Angle 52,16964.0076691971,9529.11645637419
Angle 52,16991.3344363406,9519.04759894107
Angle 52,17018.6489157014,9508.88526908092
Angle 52,17045.95109148,9498.62951675857
Angle 52,17073.2409476486,9488.28039215781
Angle 52,17100.5184679515,9477.83794568397
Angle 52,17127.7836359051,9467.30222796645
Angle 52,17155.036434798,9456.67328986122
Angle 52,17182.2768476911,9445.95118245342
Angle 52,17209.5048574177,9435.13595705986
Angle 52,17236.7204465836,9424.22766523156
Angle 52,17263.9235975673,9413.22635875635
Angle 52,17291.11429252,9402.13208966138
Angle 52,17318.2925133655,9390.94491021569
Angle 52,17345.4582418007,9379.66487293278
Angle 52,17372.6114592955,9368.29203057315
Angle 52,17399.7521470926,9356.82643614689
Angle 52,17426.8802862079,9345.26814291625
Angle 52,17453.9958574307,9333.61720439819
Angle 52,17481.0988413233,9321.87367436698
Angle 52,17508.1892182214,9310.03760685678
Angle 52,17535.2669682339,9298.10905616421
Angle 52,17562.3320712434,9286.08807685098
Angle 52,17589.3845069059,9273.97472374642
Angle 52,17616.4242546507,9261.76905195013
Angle 52,17643.4512936809,9249.47111683456
Angle 52,17670.465602973,9237.08097404763
Angle 52,17697.4671612775,9224.59867951531
Angle 52,17724.4559471181,9212.02428944427
Angle 52,17751.4319387924,9199.35786032448
Angle 52,17778.3951143719,9186.59944893183
Angle 52,17805.3454517016,9173.74911233079
Angle 52,17832.2829284003,9160.80690787699
Angle 52,17859.2075218607,9147.7728932199
Angle 52,17886.1192092491,9134.64712630546
Angle 52,17913.0179675058,9121.4296653787
Angle 52,17939.9037733448,9108.12056898645
Angle 52,17966.7766032539,9094.71989597994
Angle 52,17993.6364334948,9081.2277055175
Angle 52,18020.4832401027,9067.64405706719
Angle 52,18047.3169988869,9053.96901040952
Angle 52,18074.1376854304,9040.20262564008
Angle 52,18100.9452750899,9026.34496317225
Angle 52,18127.7397429959,9012.39608373988
Angle 52,18154.5210640525,8998.35604839999
Angle 52,18181.2892129377,8984.22491853546
Angle 52,18208.044164103,8970.00275585772
Angle 52,18234.7858917737,8955.68962240949
Angle 52,18261.5143699485,8941.28558056749
Angle 52,18288.2295723998,8926.79069304513
Angle 52,18314.9314726736,8912.20502289528
Angle 52,18341.6200440892,8897.52863351295
Angle 52,18368.2952597395,8882.76158863811
Angle 52,18394.9570924907,8867.90395235832
Angle 52,18421.6055149825,8852.9557891116
Angle 52,18448.2404996276,8837.91716368909
Angle 52,18474.8620186124,8822.78814123786
Angle 52,18501.470043896,8807.56878726369
Angle 52,18528.0645472109,8792.25916763379
Angle 52,18554.6455000626,8776.85934857964
Angle 52,18581.2128737295,8761.36939669974
Angle 52,18607.7666392632,8745.78937896241
Angle 52,18634.3067674877,8730.11936270859
Angle 52,18660.8332290003,8714.35941565467
Angle 52,18687.3459941705,8698.50960589526
Angle 52,18713.8450331407,8682.57000190603
Angle 52,18740.330315826,8666.54067254655
Angle 52,18766.8018119135,8650.42168706307
Angle 52,18793.2594908631,8634.21311509144
Angle 52,18819.7033219068,8617.91502665988
Angle 52,18846.1332740489,8601.52749219185
Angle 52,18872.5493160656,8585.05058250896
Angle 52,18898.9514165053,8568.48436883375
Angle 52,18925.3395436884,8551.82892279263
Angle 52,18951.713665707,8535.08431641872
Angle 52,18978.0737504248,8518.25062215475
Angle 52,19004.4197654773,8501.32791285595
Angle 52,19030.7516782716,8484.31626179297
Angle 52,19057.0694559861,8467.21574265474
Angle 52,19083.3730655704,8450.02642955141
Angle 52,19109.6624737456,8432.74839701728
Angle 52,19135.9376470036,8415.38172001371
Angle 52,19162.1985516075,8397.92647393206
Angle 52,19188.4451535911,8380.38273459663
Angle 52,19214.6774187592,8362.7505782676
Angle 52,19240.8953126871,8345.03008164401
Angle 52,19267.0988007206,8327.22132186668
Angle 52,19293.287847976,8309.32437652123
Angle 52,19319.4624193399,8291.33932364101
Angle 52,19345.622479469,8273.26624171012
Angle 52,19371.7679927902,8255.10520966638
Angle 52,19397.8989235001,8236.85630690432
Angle 52,19424.0152355654,8218.51961327823
Angle 52,19450.1168927224,8200.09520910509
Angle 52,19476.2038584769,8181.58317516769
Angle 52,19502.2760961041,8162.98359271757
Angle 52,19528.3335686488,8144.2965434781
Angle 52,19554.3762389246,8125.52210964753
Angle 52,19580.4040695145,8106.660373902
Angle 52,19606.4170227704,8087.7114193986
Angle 52,19632.4150608129,8068.67532977848
Angle 52,19658.3981455312,8049.55218916986
Angle 52,19684.3662385833,8030.34208219114
Angle 52,19710.3193013956,8011.04509395399
Angle 52,19736.2572951627,7991.66131006641
Angle 52,19762.1801808474,7972.19081663585
Angle 52,19788.0879191806,7952.63370027232
Angle 52,19813.9804706611,7932.99004809149
Angle 52,19839.8577955555,7913.25994771782
Angle 52,19865.719853898,7893.44348728767
Angle 52,19891.5666054905,7873.54075545245
Angle 52,19917.3980099022,7853.55184138175
Angle 52,19943.2140264696,7833.4768347665
Angle 52,19969.0146142964,7813.31582582211
Angle 52,19994.7997322533,7793.06890529165
Angle 52,20020.5693389779,7772.736164449
Angle 52,20046.3233928747,7752.31769510204
Angle 52,20072.0618521148,7731.8135895958
Angle 52,20097.7846746358,7711.2239408157
Angle 52,20123.4918181417,7690.54884219072
Angle 52,20149.183240103,7669.78838769658
Angle 52,20174.8588977563,7648.94267185899
Angle 52,20200.518748104,7628.01178975684
Angle 52,20226.162747915,7606.99583702543
Angle 52,20251.7908537235,7585.89490985968
Angle 52,20277.4030218297,7564.70910501742
Angle 52,20302.9992082995,7543.43851982255
Angle 52,20328.5793689641,7522.08325216836
Angle 52,20354.1434594201,7500.64340052074
Angle 52,20379.6914350297,7479.11906392147
Angle 52,20405.22325092,7457.51034199146
Angle 52,20430.7388619832,7435.81733493403
Angle 52,20456.2382228766,7414.04014353821
Angle 52,20481.7212880223,7392.17886918198
Angle 52,20507.1880116074,7370.23361383562
Angle 52,20532.6383475835,7348.20448006493
Angle 52,20558.0722496668,7326.09157103462
Angle 52,20583.4896713382,7303.89499051153
Angle 52,20608.8905658429,7281.61484286801
Angle 52,20634.2748861906,7259.25123308519
Angle 52,20659.6425851551,7236.80426675635
Angle 52,20684.9936152746,7214.27405009019
Angle 52,20710.3279288513,7191.66068991423
Angle 52,20735.6454779516,7168.96429367809
Angle 52,20760.9462144058,7146.18496945685
Angle 52,20786.2300898082,7123.32282595444
Angle 52,20811.497055517,7100.37797250693
Angle 52,20836.747062654,7077.35051908592
Angle 52,20861.9800621052,7054.2405763019
Angle 52,20887.19600452,7031.04825540761
Angle 52,20912.3948403116,7007.77366830142
Angle 52,20937.5765196568,6984.4169275307
Angle 52,20962.7409924961,6960.97814629518
Angle 52,20987.8882085336,6937.45743845036
Angle 52,21013.0181172368,6913.85491851088
Angle 52,21038.1306678369,6890.17070165391
Angle 52,21063.2258093285,6866.40490372256
Angle 52,21088.3034904698,6842.55764122922
Angle 52,21113.3636597825,6818.62903135906
Angle 52,21138.4062655517,6794.61919197331
Angle 52,21163.4312558262,6770.52824161276
Angle 52,21188.4385784181,6746.35629950114
Angle 52,21213.4281809032,6722.10348554849
Angle 52,21238.4000106207,6697.76992035462
Angle 52,21263.3540146734,6673.35572521251
Angle 52,21288.2901399279,6648.86102211173
Angle 52,21313.2083330142,6624.28593374183
Angle 52,21338.1085403261,6599.63058349579
Angle 52,21362.9907080211,6574.89509547343
Angle 52,21387.8547820205,6550.07959448483
Angle 52,21412.7007080096,6525.18420605377
Angle 52,21437.5284314372,6500.2090564211
Angle 52,21462.3378975166,6475.15427254823
Angle 52,21487.1290512249,6450.01998212053
Angle 52,21511.9018373033,6424.80631355072
Angle 52,21536.6562002576,6399.51339598236
Angle 52,21561.3920843577,6374.14135929321
Angle 52,21586.1094336379,6348.69033409869
Angle 52,21610.8081918974,6323.16045175532
Angle 52,21635.4883026999,6297.55184436408
Angle 52,21660.149709374,6271.86464477389
Angle 52,21684.7923550134,6246.098986585
Angle 52,21709.4161824767,6220.25500415242
Angle 52,21734.0211343882,6194.33283258934
Angle 52,21758.6071531372,6168.33260777052
Angle 52,21783.1741808791,6142.25446633572
Angle 52,21807.7221595348,6116.09854569312
Angle 52,21832.2510307914,6089.8649840227
Angle 52,21856.7607361022,6063.55392027966
Angle 52,21881.2512166869,6037.16549419781
Angle 52,21905.7224135319,6010.69984629298
Angle 52,21930.1742673903,5984.1571178664
Angle 52,21954.6067187826,5957.53745100808
Angle 52,21979.0197079966,5930.84098860021
Angle 52,22003.4131750875,5904.06787432053
Angle 52,22027.7870598787,5877.21825264572
Angle 52,22052.1413019615,5850.29226885471
Angle 52,22076.4758406959,5823.29006903214
Angle 52,22100.7906152105,5796.2118000716
Angle 52,22125.085564403,5769.05760967908
Angle 52,22149.3606269406,5741.82764637627
Angle 52,22173.6157412601,5714.52205950386
Angle 52,22197.8508455683,5687.14099922495
Angle 52,22222.0658778426,5659.6846165283
Angle 52,22246.260775831,5632.15306323168
Angle 52,22270.4354770527,5604.54649198515
Angle 52,22294.5899187986,5576.86505627439
Angle 52,22318.7240381312,5549.10891042394
Angle 52,22342.8377718857,5521.27820960053
Angle 52,22366.9310566699,5493.37310981629
Angle 52,22391.0038288648,5465.39376793207
Angle 52,22415.0560246251,5437.34034166063
Angle 52,22439.0875798796,5409.21298956992
Angle 52,22463.0984303317,5381.01187108626
Angle 52,22487.0885114599,5352.73714649761
Angle 52,22511.0577585182,5324.38897695672
Angle 52,22535.0061065368,5295.96752448434
Angle 52,22558.9334903223,5267.4729519724
Angle 52,22582.8398444588,5238.90542318718
Angle 52,22606.7251033079,5210.26510277242
Angle 52,22630.5892010094,5181.5521562525
Angle 52,22654.4320714821,5152.76675003554
Angle 52,22678.2536484242,5123.90905141651
Angle 52,22702.053865314,5094.97922858032
Angle 52,22725.8326554105,5065.97745060489
Angle 52,22749.589951754,5036.90388746422
Angle 52,22773.3256871667,5007.75871003142
Angle 52,22797.0397942536,4978.54209008173
Angle 52,22820.7322054031,4949.25420029556
Angle 52,22844.4028527874,4919.89521426145
Angle 52,22868.0516683636,4890.46530647904
Angle 52,22891.6785838744,4860.96465236204
Angle 52,22915.2835308486,4831.39342824114
Angle 52,22938.8664406019,4801.75181136696
Angle 52,22962.4272442381,4772.0399799129
Angle 52,22985.9658726494,4742.25811297804
Angle 52,23009.4822565174,4712.40639058998
Angle 52,23032.9763263139,4682.48499370768
Angle 52,23056.4480123019,4652.49410422424
Angle 52,23079.8972445362,4622.43390496972
Angle 52,23103.3239528646,4592.30457971387
Angle 52,23126.7280669286,4562.10631316888
Angle 52,23150.1095161641,4531.83929099209
Angle 52,23173.4682298029,4501.50369978869
Angle 52,23196.8041368732,4471.09972711437
Angle 52,23220.1171662007,4440.62756147793
Angle 52,23243.4072464096,4410.08739234394
Angle 52,23266.6743059238,4379.47941013529
Angle 52,23289.9182729675,4348.80380623577
Angle 52,23313.1390755666,4318.06077299255
Angle 52,23336.3366415496,4287.25050371873
Angle 52,23359.5108985487,4256.37319269578
Angle 52,23382.6617740013,4225.42903517598
Angle 52,23405.7891951502,4194.41822738486
Angle 52,23428.8930890459,4163.34096652352
Angle 52,23451.9733825467,4132.19745077102
Angle 52,23475.0300023206,4100.98787928669
Angle 52,23498.0628748464,4069.7124522124
Angle 52,23521.0719264145,4038.3713706748
Angle 52,23544.0570831287,4006.96483678755
Angle 52,23567.0182709071,3975.4930536535
Angle 52,23589.9554154834,3943.95622536684
Angle 52,23612.8684424087,3912.35455701516
Angle 52,23635.757277052,3880.68825468158
Angle 52,23658.6218446022,3848.95752544678
Angle 52,23681.4620700692,3817.16257739095
Angle 52,23704.2778782856,3785.3036195958
Angle 52,23727.0691939076,3753.38086214644
Angle 52,23749.8359414169,3721.39451613331
Angle 52,23772.5780451218,3689.34479365396
Angle 52,23795.2954291592,3657.23190781489
Angle 52,23817.9880174955,3625.05607273331
Angle 52,23840.6557339284,3592.81750353883
Angle 52,23863.2985020888,3560.51641637516
Angle 52,23885.9162454417,3528.15302840169
Angle 52,23908.5088872883,3495.72755779516
Angle 52,23931.0763507675,3463.24022375113
Angle 52,23953.6185588573,3430.69124648548
Angle 52,23976.135434377,3398.08084723591
Angle 52,23998.6268999884,3365.40924826327
Angle 52,24021.0928781977,3332.67667285299
Angle 52,24043.5332913573,3299.88334531633
Angle 52,24065.9480616675,3267.02949099164
Angle 52,24088.3371111783,3234.11533624562
Angle 52,24110.7003617913,3201.14110847441
Angle 52,24133.0377352612,3168.10703610474
Angle 52,24155.3491531983,3135.01334859498
Angle 52,24177.6345370697,3101.86027643612
Angle 52,24199.8938082018,3068.64805115274
Angle 52,24222.1268877818,3035.3769053039
Angle 52,24244.3336968599,3002.04707248399
Angle 52,24266.5141563512,2968.65878732348
Angle 52,24288.6681870378,2935.21228548971
Angle 52,24310.7957095708,2901.7078036875
Angle 52,24332.8966444725,2868.1455796598
Angle 52,24354.970912138,2834.52585218827
Angle 52,24377.0184328381,2800.84886109371
Angle 52,24399.0391267208,2767.11484723656
Angle 52,24421.0329138139,2733.32405251726
Angle 52,24442.9997140267,2699.47671987656
Angle 52,24464.9394471528,2665.57309329578
Angle 52,24486.8520328721,2631.61341779702
Angle 52,24508.737390753,2597.59793944327
Angle 52,24530.5954402548,2563.52690533846
Angle 52,24552.4261007301,2529.40056362752
Angle 52,24574.2292914268,2495.21916349626
Angle 52,24596.0049314913,2460.98295517126
Angle 52,24617.7529399698,2426.69218991967
Angle 52,24639.4732358118,2392.34712004897
Angle 52,24661.165737872,2357.94799890659
Angle 52,24682.8303649127,2323.49508087956
Angle 52,24704.4670356067,2288.98862139399
Angle 52,24726.0756685397,2254.42887691456
Angle 52,24747.656182213,2219.81610494391
Angle 52,24769.2084950457,2185.15056402191
Angle 52,24790.7325253777,2150.43251372497
Angle 52,24812.2281914726,2115.66221466515
Angle 52,24833.6954115196,2080.83992848928
Angle 52,24855.134103637,2045.96591787797
Angle 52,24876.5441858747,2011.04044654457
Angle 52,24897.9255762167,1976.06377923401
Angle 52,24919.2781925845,1941.03618172163
Angle 52,24940.6019528391,1905.95792081183
Angle 52,24961.8967747847,1870.82926433678
Angle 52,24983.1625761711,1835.65048115491
Angle 52,25004.3992746968,1800.42184114942
Angle 52,25025.6067880119,1765.14361522665
Angle 52,25046.7850337209,1729.81607531444
Angle 52,25067.9339293862,1694.43949436028
Angle 52,25089.0533925305,1659.01414632953
Angle 52,25110.1433406404,1623.54030620347
Angle 52,25131.203691169,1588.01824997723
Angle 52,25152.2343615395,1552.44825465776
Angle 52,25173.2352691481,1516.83059826158
Angle 52,25194.2063313672,1481.16555981253
Angle 52,25215.1474655484,1445.4534193394
Angle 52,25236.0585890261,1409.69445787348
Angle 52,25256.9396191207,1373.88895744602
Angle 52,25277.7904731415,1338.03720108562
Angle 52,25298.6110683905,1302.13947281547
Angle 52,25319.4013221655,1266.19605765057
Angle 52,25340.1611517634,1230.20724159485
Angle 52,25360.8904744837,1194.17331163813
Angle 52,25381.5892076322,1158.09455575308
Angle 52,25402.2572685238,1121.97126289203
Angle 52,25422.8945744866,1085.8037229837
Angle 52,25443.5010428651,1049.59222692983
Angle 52,25464.0765910239,1013.33706660176
Angle 52,25484.621136351,977.038534836817
Angle 52,25505.1345962618,940.696925434731
Angle 52,25525.6168882023,904.312533153846
Angle 52,25546.067929653,867.8856537073
Angle 52,25566.4876381325,831.416583759083
Angle 52,25586.8759312013,794.905620919998
Angle 52,25607.2327264653,758.353063743535
Angle 52,25627.5579415797,721.759211721626
Angle 52,25647.851494253,685.124365280322
Angle 52,25668.1133022502,648.448825775356
Angle 52,25688.3432833973,611.732895487609
Angle 52,25708.5413555848,574.976877618477
Angle 52,25728.7074367716,538.181076285137
Angle 52,25748.8414449891,501.345796515703
Angle 52,25768.9432983448,464.471344244293
Angle 52,25789.0129150267,427.558026305981
Angle 52,25809.0502133067,390.606150431652
Angle 52,25829.0551115455,353.616025242754
Angle 52,25849.0275281955,316.58796024594
Angle 52,25868.967381806,279.52226582761
Angle 52,25888.8745910264,242.419253248352
Angle 52,25908.7490746107,205.279234637266
Angle 52,25928.5907514218,168.102522986194
Angle 52,25948.3995404351,130.889432143838
Angle 52,25968.1753607435,93.6402768097741
Angle 52,25987.9181315606,56.3553725283569
Angle 52,26007.6277722258,19.0350356825213
Angle 52,26017.6541947374,0
Angle 53,0,0
Angle 53,42.0090958761056,55.6499531433412
Angle 53,83.9016773187875,111.04755821931
Angle 53,125.67915943986,166.194959097221
Angle 53,167.342931789492,221.094260016231
Angle 53,208.894358974338,275.747526548037
Angle 53,250.33478125685,330.156786530259
Angle 53,291.66551513648,384.324030971597
Angle 53,332.88785391341,438.251214929777
Angle 53,374.003068235458,491.940258363276
Angle 53,415.012406628761,545.393046957763
Angle 53,455.9170960128,598.611432928167
Angle 53,496.718342200349,651.597235797227
Angle 53,537.417330382854,704.352243151362
Angle 53,578.015225601766,756.87821137465
Angle 53,618.513173206317,809.176866361682
Angle 53,658.912299298204,861.249904210023
Angle 53,699.213711163634,913.098991892982
Angle 53,739.418497693162,964.725767913355
Angle 53,779.527729789739,1016.13184293881
Angle 53,819.542460765363,1067.3188004195
Angle 53,859.463726726722,1118.28819718856
Angle 53,899.292546950196,1169.04156404599
Angle 53,939.029924246569,1219.5804063265
Angle 53,978.676845315789,1269.9062044519
Angle 53,1018.23428109211,1320.02041446846
Angle 53,1057.70318707993,1369.92446856979
Angle 53,1097.08450368061,1419.61977560566
Angle 53,1136.37915651059,1469.10772157732
Angle 53,1175.58805671104,1518.38967011953
Angle 53,1214.71210124944,1567.46696297005
Angle 53,1253.75217321309,1616.34092042667
Angle 53,1292.70914209512,1665.01284179241
Angle 53,1331.58386407302,1713.48400580905
Angle 53,1370.37718227993,1761.75567107961
Angle 53,1409.08992706908,1809.82907647988
Angle 53,1447.7229162714,1857.70544155946
Angle 53,1486.27695544663,1905.38596693266
Angle 53,1524.75283812804,1952.87183465944
Angle 53,1563.15134606109,2000.16420861688
Angle 53,1601.47324943604,2047.26423486126
Angle 53,1639.71930711483,2094.17304198119
Angle 53,1677.89026685234,2140.89174144202
Angle 53,1715.98686551221,2187.42142792172
Angle 53,1754.00982927734,2233.76317963858
Angle 53,1791.95987385536,2279.91805867089
Angle 53,1829.83770467903,2325.88711126889
Angle 53,1867.64401710183,2371.67136815923
Angle 53,1905.3794965889,2417.27184484204
Angle 53,1943.04481890341,2462.68954188099
Angle 53,1980.64065028848,2507.92544518644
Angle 53,2018.16764764481,2552.98052629185
Angle 53,2055.62645870419,2597.85574262373
Angle 53,2093.01772219887,2642.55203776529
Angle 53,2130.34206802702,2687.0703417139
Angle 53,2167.60011741442,2731.41157113261
Angle 53,2204.79248307232,2775.57662959586
Angle 53,2241.91976935174,2819.56640782957
Angle 53,2278.98257239424,2863.38178394571
Angle 53,2315.98148027928,2907.02362367154
Angle 53,2352.91707316819,2950.49278057371
Angle 53,2389.78992344499,2993.79009627727
Angle 53,2426.60059585396,3036.91640067975
Angle 53,2463.34964763422,3079.87251216052
Angle 53,2500.03762865128,3122.65923778547
Angle 53,2536.66508152572,3165.27737350715
Angle 53,2573.23254175897,3207.72770436052
Angle 53,2609.74053785646,3250.01100465446
Angle 53,2646.18959144795,3292.12803815898
Angle 53,2682.58021740534,3334.07955828853
Angle 53,2718.91292395792,3375.86630828118
Angle 53,2755.18821280512,3417.4890213741
Angle 53,2791.40657922689,3458.94842097516
Angle 53,2827.56851219166,3500.24522083097
Angle 53,2863.67449446209,3541.38012519125
Angle 53,2899.72500269853,3582.35382896982
Angle 53,2935.72050756034,3623.16701790217
Angle 53,2971.66147380506,3663.82036869967
Angle 53,3007.54836038557,3704.31454920071
Angle 53,3043.38162054511,3744.6502185185
Angle 53,3079.16170191054,3784.82802718603
Angle 53,3114.88904658346,3824.84861729785
Angle 53,3150.5640912296,3864.71262264908
Angle 53,3186.1872671664,3904.42066887154
Angle 53,3221.75900044871,3943.97337356705
Angle 53,3257.27971195283,3983.37134643818
Angle 53,3292.74981745884,4022.61518941618
Angle 53,3328.1697277313,4061.7054967865
Angle 53,3363.5398485983,4100.64285531172
Angle 53,3398.86058102896,4139.42784435203
Angle 53,3434.13232120939,4178.06103598335
Angle 53,3469.35546061718,4216.54299511315
Angle 53,3504.53038609435,4254.87427959388
Angle 53,3539.65747991899,4293.05544033431
Angle 53,3574.73711987536,4331.0870214086
Angle 53,3609.7696793228,4368.96956016333
Angle 53,3644.75552726313,4406.70358732239
Angle 53,3679.69502840689,4444.28962708988
Angle 53,3714.58854323825,4481.72819725104
Angle 53,3749.43642807868,4519.01980927127
Angle 53,3784.23903514942,4556.16496839319
Angle 53,3818.99671263277,4593.16417373195
Angle 53,3853.70980473222,4630.01791836869
Angle 53,3888.37865173142,4666.72668944221
Angle 53,3923.00359005211,4703.29096823904
Angle 53,3957.58495231092,4739.71123028168
Angle 53,3992.12306737511,4775.98794541528
Angle 53,4026.61826041729,4812.12157789275
Angle 53,4061.07085296917,4848.1125864582
Angle 53,4095.48116297427,4883.96142442889
Angle 53,4129.84950483966,4919.66853977575
Angle 53,4164.17618948681,4955.23437520231
Angle 53,4198.46152440145,4990.65936822226
Angle 53,4232.7058136826,5025.94395123562
Angle 53,4266.90935809067,5061.08855160349
Angle 53,4301.07245509467,5096.09359172149
Angle 53,4335.19539891864,5130.95948909188
Angle 53,4369.27848058722,5165.68665639437
Angle 53,4403.32198797039,5200.27550155571
Angle 53,4437.32620582747,5234.72642781798
Angle 53,4471.29141585025,5269.0398338058
Angle 53,4505.21789670552,5303.21611359218
Angle 53,4539.10592407665,5337.25565676342
Angle 53,4572.95577070463,5371.15884848266
Angle 53,4606.7677064283,5404.92606955254
Angle 53,4640.54199822387,5438.55769647661
Angle 53,4674.27891024382,5472.05410151973
Angle 53,4707.9787038551,5505.4156527675
Angle 53,4741.64163767665,5538.64271418455
Angle 53,4775.26796761632,5571.73564567193
Angle 53,4808.85794690712,5604.69480312348
Angle 53,4842.41182614293,5637.52053848124
Angle 53,4875.92985331348,5670.21319978996
Angle 53,4909.41227383887,5702.77313125062
Angle 53,4942.85933060344,5735.20067327317
Angle 53,4976.27126398906,5767.49616252823
Angle 53,5009.64831190791,5799.6599319981
Angle 53,5042.99070983472,5831.69231102675
Angle 53,5076.2986908384,5863.59362536914
Angle 53,5109.57248561322,5895.3641972396
Angle 53,5142.81232250946,5927.00434535951
Angle 53,5176.01842756356,5958.51438500412
Angle 53,5209.19102452773,5989.89462804867
Angle 53,5242.33033489914,6021.1453830137
Angle 53,5275.43657794861,6052.2669551097
Angle 53,5308.50997074882,6083.25964628093
Angle 53,5341.5507282021,6114.12375524867
Angle 53,5374.55906306771,6144.85957755364
Angle 53,5407.53518598878,6175.46740559784
Angle 53,5440.47930551871,6205.94752868567
Angle 53,5473.39162814723,6236.30023306439
Angle 53,5506.27235832599,6266.52580196402
Angle 53,5539.12169849381,6296.62451563649
Angle 53,5571.93984910144,6326.59665139424
Angle 53,5604.72700863603,6356.44248364826
Angle 53,5637.48337364512,6386.1622839454
Angle 53,5670.20913876035,6415.75632100523
Angle 53,5702.9044967207,6445.22486075629
Angle 53,5735.56963839544,6474.56816637171
Angle 53,5768.20475280672,6503.78649830437
Angle 53,5800.81002715176,6532.8801143215
Angle 53,5833.38564682474,6561.84926953867
Angle 53,5865.93179543838,6590.69421645339
Angle 53,5898.44865484507,6619.4152049781
Angle 53,5930.93640515785,6648.01248247266
Angle 53,5963.39522477091,6676.48629377643
Angle 53,5995.82529037989,6704.83688123978
Angle 53,6028.22677700182,6733.06448475514
Angle 53,6060.59985799472,6761.16934178763
Angle 53,6092.94470507704,6789.15168740521
Angle 53,6125.26148834666,6817.01175430832
Angle 53,6157.55037629965,6844.7497728592
Angle 53,6189.81153584883,6872.36597111065
Angle 53,6222.04513234193,6899.86057483444
Angle 53,6254.25132957957,6927.23380754931
Angle 53,6286.43028983291,6954.48589054848
Angle 53,6318.5821738611,6981.61704292686
Angle 53,6350.70714092843,7008.62748160778
Angle 53,6382.80534882125,7035.51742136938
Angle 53,6414.87695386463,7062.28707487059
Angle 53,6446.92211093874,7088.93665267674
Angle 53,6478.9409734951,7115.46636328483
Angle 53,6510.93369357247,7141.87641314838
Angle 53,6542.90042181258,7168.16700670198
Angle 53,6574.84130747561,7194.33834638546
Angle 53,6606.75649845548,7220.39063266772
Angle 53,6638.64614129482,7246.3240640702
Angle 53,6670.51038119989,7272.1388371901
Angle 53,6702.34936205511,7297.83514672313
Angle 53,6734.16322643753,7323.41318548611
Angle 53,6765.95211563097,7348.87314443911
Angle 53,6797.71616964005,7374.21521270733
Angle 53,6829.45552720401,7399.43957760273
Angle 53,6861.17032581025,7424.54642464527
Angle 53,6892.86070170779,7449.5359375839
Angle 53,6924.52678992051,7474.40829841729
Angle 53,6956.1687242601,7499.1636874142
Angle 53,6987.78663733902,7523.80228313362
Angle 53,7019.3806605831,7548.32426244464
Angle 53,7050.95092424406,7572.72980054604
Angle 53,7082.49755741184,7597.01907098557
Angle 53,7114.02068802675,7621.19224567904
Angle 53,7145.52044289144,7645.24949492912
Angle 53,7176.99694768275,7669.19098744385
Angle 53,7208.45032696333,7693.01689035498
Angle 53,7239.88070419314,7716.72736923598
Angle 53,7271.28820174082,7740.32258811987
Angle 53,7302.67294089482,7763.8027095168
Angle 53,7334.0350418745,7787.16789443134
Angle 53,7365.37462384092,7810.41830237967
Angle 53,7396.69180490766,7833.55409140638
Angle 53,7427.98670215132,7856.57541810118
Angle 53,7459.25943162205,7879.48243761533
Angle 53,7490.51010835377,7902.27530367785
Angle 53,7521.73884637438,7924.95416861155
Angle 53,7552.94575871578,7947.51918334886
Angle 53,7584.13095742374,7969.97049744737
Angle 53,7615.29455356767,7992.30825910528
Angle 53,7646.43665725024,8014.5326151766
Angle 53,7677.55737761692,8036.64371118612
Angle 53,7708.65682286527,8058.64169134426
Angle 53,7739.73510025426,8080.52669856168
Angle 53,7770.79231611336,8102.29887446372
Angle 53,7801.82857585157,8123.95835940465
Angle 53,7832.84398396627,8145.50529248174
Angle 53,7863.838644052,8166.9398115492
Angle 53,7894.81265880913,8188.26205323183
Angle 53,7925.76613005238,8209.47215293863
Angle 53,7956.69915871924,8230.57024487616
Angle 53,7987.61184487832,8251.55646206175
Angle 53,8018.50428773751,8272.43093633656
Angle 53,8049.37658565212,8293.19379837846
Angle 53,8080.22883613285,8313.84517771475
Angle 53,8111.06113585369,8334.38520273478
Angle 53,8141.87358065971,8354.8140007023
Angle 53,8172.66626557473,8375.13169776778
Angle 53,8203.43928480893,8395.3384189805
Angle 53,8234.19273176635,8415.43428830055
Angle 53,8264.92669905223,8435.41942861061
Angle 53,8295.64127848036,8455.29396172766
Angle 53,8326.33656108028,8475.05800841454
Angle 53,8357.01263710435,8494.7116883913
Angle 53,8387.66959603481,8514.25512034652
Angle 53,8418.30752659071,8533.68842194843
Angle 53,8448.92651673473,8553.01170985588
Angle 53,8479.52665367995,8572.22509972924
Angle 53,8510.10802389652,8591.32870624115
Angle 53,8540.67071311823,8610.32264308709
Angle 53,8571.21480634903,8629.20702299594
Angle 53,8601.74038786944,8647.98195774029
Angle 53,8632.24754124289,8666.64755814669
Angle 53,8662.73634932197,8685.20393410583
Angle 53,8693.2068942546,8703.65119458251
Angle 53,8723.65925749017,8721.98944762554
Angle 53,8754.09351978551,8740.21880037752
Angle 53,8784.50976121087,8758.33935908454
Angle 53,8814.9080611558,8776.3512291057
Angle 53,8845.28849833492,8794.2545149226
Angle 53,8875.65115079367,8812.04932014864
Angle 53,8905.99609591397,8829.73574753832
Angle 53,8936.32341041977,8847.31389899632
Angle 53,8966.63317038262,8864.78387558654
Angle 53,8996.92545122704,8882.14577754107
Angle 53,9027.20032773599,8899.39970426898
Angle 53,9057.45787405611,8916.54575436509
Angle 53,9087.698163703,8933.58402561857
Angle 53,9117.92126956638,8950.51461502152
Angle 53,9148.12726391524,8967.33761877738
Angle 53,9178.31621840285,8984.05313230933
Angle 53,9208.48820407178,9000.66125026854
Angle 53,9238.64329135884,9017.16206654231
Angle 53,9268.78155009991,9033.55567426222
Angle 53,9298.90304953477,9049.84216581209
Angle 53,9329.00785831187,9066.02163283589
Angle 53,9359.09604449297,9082.0941662456
Angle 53,9389.16767555783,9098.05985622896
Angle 53,9419.22281840874,9113.91879225707
Angle 53,9449.26153937508,9129.67106309207
Angle 53,9479.28390421775,9145.31675679457
Angle 53,9509.2899781336,9160.85596073111
Angle 53,9539.27982575979,9176.28876158149
Angle 53,9569.25351117807,9191.61524534608
Angle 53,9599.21109791908,9206.83549735295
Angle 53,9629.15264896647,9221.94960226507
Angle 53,9659.07822676112,9236.9576440873
Angle 53,9688.98789320522,9251.85970617338
Angle 53,9718.8817096663,9266.65587123288
Angle 53,9748.75973698122,9281.34622133798
Angle 53,9778.62203546015,9295.93083793025
Angle 53,9808.46866489047,9310.40980182738
Angle 53,9838.2996845406,9324.78319322979
Angle 53,9868.11515316382,9339.0510917272
Angle 53,9897.91512900204,9353.21357630512
Angle 53,9927.6996697895,9367.2707253513
Angle 53,9957.46883275645,9381.22261666213
Angle 53,9987.22267463278,9395.06932744889
Angle 53,10016.9612516516,9408.81093434406
Angle 53,10046.6846195528,9422.44751340747
Angle 53,10076.3928335864,9435.97914013247
Angle 53,10106.0859485164,9449.40588945195
Angle 53,10135.7640186237,9462.72783574442
Angle 53,10165.4270977096,9475.94505283988
Angle 53,10195.0752390996,9489.05761402581
Angle 53,10224.708495646,9502.06559205295
Angle 53,10254.3269197315,9514.96905914113
Angle 53,10283.9305632726,9527.76808698499
Angle 53,10313.5194777223,9540.46274675965
Angle 53,10343.0937140736,9553.05310912637
Angle 53,10372.6533228626,9565.53924423809
Angle 53,10402.1983541712,9577.92122174501
Angle 53,10431.7288576305,9590.19911080001
Angle 53,10461.2448824239,9602.37298006413
Angle 53,10490.7464772893,9614.44289771193
Angle 53,10520.2336905231,9626.40893143679
Angle 53,10549.7065699821,9638.27114845626
Angle 53,10579.1651630869,9650.02961551723
Angle 53,10608.6095168246,9661.68439890117
Angle 53,10638.0396777515,9673.23556442925
Angle 53,10667.455691996,9684.68317746746
Angle 53,10696.8576052611,9696.02730293165
Angle 53,10726.2454628273,9707.26800529256
Angle 53,10755.619309555,9718.40534858078
Angle 53,10784.9791898874,9729.43939639168
Angle 53,10814.3251478528,9740.37021189029
Angle 53,10843.6572270675,9751.1978578162
Angle 53,10872.975470738,9761.92239648827
Angle 53,10902.2799216637,9772.54388980948
Angle 53,10931.570622239,9783.06239927163
Angle 53,10960.8476144565,9793.47798596001
Angle 53,10990.1109399085,9803.79071055808
Angle 53,11019.36063979,9814.00063335205
Angle 53,11048.5967549009,9824.10781423551
Angle 53,11077.8193256481,9834.1123127139
Angle 53,11107.0283920481,9844.01418790908
Angle 53,11136.2239937291,9853.81349856373
Angle 53,11165.4061699333,9863.51030304585
Angle 53,11194.574959519,9873.10465935313
Angle 53,11223.7304009629,9882.59662511729
Angle 53,11252.8725323622,9891.98625760845
Angle 53,11282.0013914369,9901.27361373942
Angle 53,11311.1170155317,9910.45875006995
Angle 53,11340.219441618,9919.54172281099
Angle 53,11369.3087062963,9928.52258782885
Angle 53,11398.384845798,9937.40140064942
Angle 53,11427.4478959875,9946.17821646229
Angle 53,11456.497892364,9954.85309012485
Angle 53,11485.5348700637,9963.4260761664
Angle 53,11514.5588638616,9971.89722879217
Angle 53,11543.5699081736,9980.26660188736
Angle 53,11572.568037058,9988.53424902114
Angle 53,11601.5532842179,9996.7002234506
Angle 53,11630.5256830025,10004.7645781247
Angle 53,11659.4852664094,10012.7273656882
Angle 53,11688.4320670862,10020.5886384855
Angle 53,11717.366117332,10028.3484485645
Angle 53,11746.2874490999,10036.0068476806
Angle 53,11775.1960939979,10043.5638873001
Angle 53,11804.0920832911,10051.0196186046
Angle 53,11832.9754479034,10058.3740924941
Angle 53,11861.8462184191,10065.6273595911
Angle 53,11890.7044250844,10072.7794702444
Angle 53,11919.5500978093,10079.8304745325
Angle 53,11948.383266169,10086.7804222674
Angle 53,11977.2039594056,10093.6293629983
Angle 53,12006.0122064299,10100.3773460152
Angle 53,12034.8080358225,10107.0244203521
Angle 53,12063.5914758356,10113.5706347914
Angle 53,12092.3625543947,10120.0160378666
Angle 53,12121.1212990998,10126.3606778663
Angle 53,12149.8677372271,10132.6046028378
Angle 53,12178.6018957301,10138.74786059
Angle 53,12207.3238012418,10144.7904986976
Angle 53,12236.0334800753,10150.732564504
Angle 53,12264.7309582257,10156.574105125
Angle 53,12293.4162613715,10162.3151674522
Angle 53,12322.0894148759,10167.9557981561
Angle 53,12350.7504437879,10173.49604369
Angle 53,12379.3993728441,10178.9359502927
Angle 53,12408.0362264699,10184.2755639925
Angle 53,12436.6610287807,10189.5149306101
Angle 53,12465.2738035833,10194.6540957617
Angle 53,12493.874574377,10199.693104863
Angle 53,12522.4633643553,10204.6320031318
Angle 53,12551.0401964068,10209.4708355913
Angle 53,12579.6050931165,10214.2096470739
Angle 53,12608.158076767,10218.8484822238
Angle 53,12636.69916934,10223.3873855003
Angle 53,12665.2283925172,10227.8264011812
Angle 53,12693.7457676815,10232.1655733659
Angle 53,12722.2513159183,10236.4049459784
Angle 53,12750.7450580167,10240.5445627707
Angle 53,12779.2270144704,10244.5844673255
Angle 53,12807.6972054791,10248.5247030597
Angle 53,12836.1556509495,10252.3653132274
Angle 53,12864.6023704964,10256.1063409228
Angle 53,12893.0373834437,10259.7478290834
Angle 53,12921.4607088257,10263.2898204932
Angle 53,12949.872365388,10266.7323577853
Angle 53,12978.2723715885,10270.0754834454
Angle 53,13006.6607455988,10273.3192398144
Angle 53,13035.0375053048,10276.4636690919
Angle 53,13063.4026683078,10279.5088133384
Angle 53,13091.7562519256,10282.4547144792
Angle 53,13120.0982731938,10285.3014143065
Angle 53,13148.4287488659,10288.0489544832
Angle 53,13176.7476954154,10290.6973765449
Angle 53,13205.0551290358,10293.2467219036
Angle 53,13233.351065642,10295.6970318502
Angle 53,13261.6355208714,10298.0483475574
Angle 53,13289.9085100841,10300.300710083
Angle 53,13318.1700483649,10302.4541603722
Angle 53,13346.4201505231,10304.5087392608
Angle 53,13374.6588310942,10306.464487478
Angle 53,13402.8861043403,10308.3214456492
Angle 53,13431.1019842512,10310.079654299
Angle 53,13459.3064845452,10311.7391538537
Angle 53,13487.49961867,10313.2999846445
Angle 53,13515.6813998034,10314.7621869099
Angle 53,13543.8518408543,10316.125800799
Angle 53,13572.0109544632,10317.3908663738
Angle 53,13600.1587530037,10318.5574236121
Angle 53,13628.2952485825,10319.6255124104
Angle 53,13656.4204530405,10320.5951725869
Angle 53,13684.5343779538,10321.4664438835
Angle 53,13712.6370346342,10322.2393659692
Angle 53,13740.7284341301,10322.9139784427
Angle 53,13768.8085872271,10323.4903208349
Angle 53,13796.877504449,10323.9684326119
Angle 53,13824.9351960583,10324.3483531775
Angle 53,13852.9816720569,10324.6301218759
Angle 53,13881.016942187,10324.8137779947
Angle 53,13909.0410159319,10324.8993607671
Angle 53,13937.0539025163,10324.886909375
Angle 53,13965.0556109072,10324.7764629515
Angle 53,13993.0461498149,10324.5680605835
Angle 53,14021.0255276931,10324.2617413145
Angle 53,14048.99375274,10323.8575441471
Angle 53,14076.9508328988,10323.3555080457
Angle 53,14104.8967758582,10322.7556719394
Angle 53,14132.8315890533,10322.058074724
Angle 53,14160.7552796663,10321.2627552654
Angle 53,14188.6678546268,10320.3697524016
Angle 53,14216.5693206126,10319.3791049455
Angle 53,14244.4596840502,10318.2908516878
Angle 53,14272.3389511157,10317.1050313991
Angle 53,14300.2071277352,10315.8216828328
Angle 53,14328.0642195852,10314.4408447278
Angle 53,14355.9102320935,10312.9625558106
Angle 53,14383.7451704397,10311.3868547984
Angle 53,14411.5690395555,10309.7137804015
Angle 53,14439.3818441257,10307.9433713258
Angle 53,14467.1835885884,10306.0756662752
Angle 53,14494.9742771359,10304.1107039546
Angle 53,14522.7539137147,10302.0485230721
Angle 53,14550.5225020265,10299.8891623416
Angle 53,14578.2800455287,10297.6326604854
Angle 53,14606.0265474346,10295.2790562369
Angle 53,14633.7620107142,10292.8283883426
Angle 53,14661.4864380947,10290.2806955655
Angle 53,14689.1998320609,10287.6360166867
Angle 53,14716.9021948555,10284.8943905085
Angle 53,14744.5935284802,10282.0558558567
Angle 53,14772.2738346953,10279.1204515832
Angle 53,14799.9431150212,10276.0882165686
Angle 53,14827.6013707379,10272.9591897244
Angle 53,14855.248602886,10269.7334099958
Angle 53,14882.8848122673,10266.410916364
Angle 53,14910.5099994448,10262.9917478489
Angle 53,14938.1241647432,10259.4759435114
Angle 53,14965.7273082498,10255.863542456
Angle 53,14993.3194298143,10252.1545838333
Angle 53,15020.90052905,10248.3491068422
Angle 53,15048.4706053332,10244.4471507329
Angle 53,15076.0296578047,10240.448754809
Angle 53,15103.5776853693,10236.3539584301
Angle 53,15131.114686697,10232.162801014
Angle 53,15158.6406602225,10227.8753220398
Angle 53,15186.1556041466,10223.4915610496
Angle 53,15213.6595164356,10219.0115576516
Angle 53,15241.1523948227,10214.4353515223
Angle 53,15268.6342368074,10209.7629824088
Angle 53,15296.1050396564,10204.9944901315
Angle 53,15323.564800404,10200.1299145865
Angle 53,15351.0135158523,10195.169295748
Angle 53,15378.4511825715,10190.1126736709
Angle 53,15405.8777969005,10184.9600884929
Angle 53,15433.293354947,10179.7115804374
Angle 53,15460.6978525878,10174.3671898157
Angle 53,15488.0912854694,10168.9269570294
Angle 53,15515.4736490083,10163.3909225729
Angle 53,15542.844938391,10157.759127036
Angle 53,15570.2051485746,10152.0316111062
Angle 53,15597.5542742872,10146.208415571
Angle 53,15624.8923100278,10140.2895813206
Angle 53,15652.219250067,10134.2751493502
Angle 53,15679.5350884472,10128.1651607626
Angle 53,15706.8398189828,10121.9596567702
Angle 53,15734.1334352606,10115.6586786981
Angle 53,15761.4159306399,10109.2622679859
Angle 53,15788.687298253,10102.7704661907
Angle 53,15815.9475310053,10096.1833149888
Angle 53,15843.1966215759,10089.5008561792
Angle 53,15870.4345624174,10082.7231316848
Angle 53,15897.6613457563,10075.8501835559
Angle 53,15924.8769635935,10068.882053972
Angle 53,15952.0814077044,10061.8187852444
Angle 53,15979.2746696391,10054.6604198188
Angle 53,16006.4567407225,10047.4070002775
Angle 53,16033.6276120549,10040.0585693419
Angle 53,16060.7872745121,10032.6151698749
Angle 53,16087.9357187454,10025.0768448836
Angle 53,16115.0729351821,10017.4436375215
Angle 53,16142.1989140255,10009.7155910907
Angle 53,16169.3136452554,10001.892749045
Angle 53,16196.417118628,9993.97515499155
Angle 53,16223.5093236762,9985.96285269401
Angle 53,16250.5902497101,9977.85588607449
Angle 53,16277.6598858166,9969.6542992162
Angle 53,16304.7182208602,9961.35813636586
Angle 53,16331.7652434828,9952.96744193613
Angle 53,16358.800942104,9944.48226050806
Angle 53,16385.8253049213,9935.90263683354
Angle 53,16412.8383199103,9927.22861583773
Angle 53,16439.8399748247,9918.46024262153
Angle 53,16466.8302571968,9909.597562464
Angle 53,16493.8091543372,9900.64062082485
Angle 53,16520.7766533354,9891.58946334686
Angle 53,16547.7327410596,9882.44413585834
Angle 53,16574.6774041573,9873.2046843756
Angle 53,16601.6106290548,9863.87115510539
Angle 53,16628.5324019579,9854.44359444738
Angle 53,16655.4427088518,9844.92204899659
Angle 53,16682.3415355014,9835.30656554589
Angle 53,16709.2288674509,9825.59719108845
Angle 53,16736.1046900248,9815.7939728202
Angle 53,16762.9689883271,9805.89695814232
Angle 53,16789.8217472422,9795.90619466369
Angle 53,16816.6629514345,9785.8217302034
Angle 53,16843.4925853486,9775.64361279318
Angle 53,16870.3106332096,9765.37189067994
Angle 53,16897.1170790231,9755.00661232819
Angle 53,16923.9119065751,9744.54782642258
Angle 53,16950.6950994324,9733.99558187037
Angle 53,16977.4666409425,9723.34992780391
Angle 53,17004.2265142337,9712.61091358316
Angle 53,17030.9747022152,9701.77858879816
Angle 53,17057.7111875773,9690.85300327157
Angle 53,17084.4359527912,9679.83420706113
Angle 53,17111.1489801093,9668.72225046222
Angle 53,17137.8502515652,9657.51718401032
Angle 53,17164.5397489736,9646.21905848356
Angle 53,17191.2174539308,9634.82792490524
Angle 53,17217.8833478142,9623.34383454633
Angle 53,17244.5374117827,9611.76683892802
Angle 53,17271.1796267765,9600.09698982423
Angle 53,17297.8099735175,9588.33433926416
Angle 53,17324.428432509,9576.47893953484
Angle 53,17351.0349840359,9564.53084318363
Angle 53,17377.6296081646,9552.49010302081
Angle 53,17404.2122847433,9540.35677212211
Angle 53,17430.7829934016,9528.13090383127
Angle 53,17457.3417135508,9515.81255176259
Angle 53,17483.8884243841,9503.40176980353
Angle 53,17510.4231048762,9490.89861211721
Angle 53,17536.9457337833,9478.30313314507
Angle 53,17563.4562896437,9465.61538760937
Angle 53,17589.954750777,9452.8354305158
Angle 53,17616.4410952848,9439.96331715611
Angle 53,17642.9153010502,9426.99910311062
Angle 53,17669.3773457379,9413.94284425088
Angle 53,17695.8272067946,9400.79459674226
Angle 53,17722.2648614482,9387.55441704653
Angle 53,17748.6902867086,9374.22236192451
Angle 53,17775.103459367,9360.79848843864
Angle 53,17801.5043559964,9347.28285395567
Angle 53,17827.8929529512,9333.67551614922
Angle 53,17854.2692263674,9319.97653300244
Angle 53,17880.6331521624,9306.18596281066
Angle 53,17906.9847060351,9292.30386418404
Angle 53,17933.3238634657,9278.33029605016
Angle 53,17959.6505997158,9264.26531765676
Angle 53,17985.9648898283,9250.10898857433
Angle 53,18012.2667086274,9235.86136869884
Angle 53,18038.5560307183,9221.52251825435
Angle 53,18064.8328304875,9207.09249779572
Angle 53,18091.0970821024,9192.57136821131
Angle 53,18117.3487595117,9177.95919072564
Angle 53,18143.5878364447,9163.2560269021
Angle 53,18169.8142864117,9148.46193864565
Angle 53,18196.0280827038,9133.57698820554
Angle 53,18222.2291983928,9118.60123817801
Angle 53,18248.4176063312,9103.534751509
Angle 53,18274.5932791519,9088.37759149693
Angle 53,18300.7561892684,9073.12982179536
Angle 53,18326.9063088746,9057.7915064158
Angle 53,18353.0436099444,9042.36270973041
Angle 53,18379.1680642324,9026.84349647477
Angle 53,18405.2796432728,9011.23393175066
Angle 53,18431.3783183801,8995.53408102878
Angle 53,18457.4640606486,8979.74401015156
Angle 53,18483.5368409525,8963.86378533593
Angle 53,18509.5966299455,8947.89347317613
Angle 53,18535.6433980611,8931.83314064646
Angle 53,18561.6771155121,8915.68285510409
Angle 53,18587.6977522908,8899.44268429193
Angle 53,18613.7052781686,8883.11269634134
Angle 53,18639.6996626963,8866.69295977505
Angle 53,18665.6808752034,8850.18354350993
Angle 53,18691.6488847984,8833.58451685985
Angle 53,18717.6036603686,8816.89594953852
Angle 53,18743.54517058,8800.11791166232
Angle 53,18769.4733838769,8783.25047375319
Angle 53,18795.3882684823,8766.29370674149
Angle 53,18821.2897923971,8749.24768196884
Angle 53,18847.1779234006,8732.11247119104
Angle 53,18873.05262905,8714.88814658094
Angle 53,18898.9138766802,8697.57478073133
Angle 53,18924.7616334039,8680.17244665784
Angle 53,18950.5958661115,8662.68121780186
Angle 53,18976.4165414706,8645.10116803347
Angle 53,19002.2236259262,8627.43237165432
Angle 53,19028.0170857005,8609.67490340061
Angle 53,19053.7968867925,8591.82883844599
Angle 53,19079.5629949781,8573.89425240455
Angle 53,19105.31537581,8555.87122133372
Angle 53,19131.0539946173,8537.7598217373
Angle 53,19156.7788165055,8519.56013056837
Angle 53,19182.4898063565,8501.27222523228
Angle 53,19208.1869288279,8482.89618358968
Angle 53,19233.8701483537,8464.43208395946
Angle 53,19259.5394291432,8445.88000512176
Angle 53,19285.1947351816,8427.240026321
Angle 53,19310.8360302295,8408.51222726889
Angle 53,19336.4632778226,8389.69668814745
Angle 53,19362.0764412719,8370.79348961203
Angle 53,19387.6754836634,8351.80271279435
Angle 53,19413.2603678578,8332.7244393056
Angle 53,19438.8310564903,8313.5587512394
Angle 53,19464.3875119709,8294.30573117494
Angle 53,19489.9296964836,8274.96546218004
Angle 53,19515.4575719868,8255.5380278142
Angle 53,19540.9711002126,8236.02351213168
Angle 53,19566.4702426671,8216.42199968464
Angle 53,19591.9549606301,8196.73357552621
Angle 53,19617.4252151548,8176.95832521359
Angle 53,19642.8809670676,8157.0963348112
Angle 53,19668.3221769682,8137.14769089376
Angle 53,19693.7488052293,8117.11248054948
Angle 53,19719.1608119963,8096.99079138314
Angle 53,19744.5581571875,8076.78271151927
Angle 53,19769.9408004934,8056.4883296053
Angle 53,19795.308701377,8036.10773481473
Angle 53,19820.6618190734,8015.64101685028
Angle 53,19846.0001125897,7995.08826594708
Angle 53,19871.3235407049,7974.44957287586
Angle 53,19896.6320619697,7953.72502894614
Angle 53,19921.9256347061,7932.91472600941
Angle 53,19947.2042170078,7912.01875646236
Angle 53,19972.4677667394,7891.03721325011
Angle 53,19997.7162415367,7869.97018986938
Angle 53,20022.9495988062,7848.81778037176
Angle 53,20048.1677957253,7827.58007936693
Angle 53,20073.3707892421,7806.25718202594
Angle 53,20098.5585360746,7784.84918408438
Angle 53,20123.7309927117,7763.35618184573
Angle 53,20148.8881154119,7741.77827218455
Angle 53,20174.0298602039,7720.1155525498
Angle 53,20199.1561828862,7698.36812096811
Angle 53,20224.267039027,7676.53607604703
Angle 53,20249.3623839639,7654.61951697837
Angle 53,20274.4421728039,7632.61854354147
Angle 53,20299.5063604235,7610.53325610651
Angle 53,20324.5549014678,7588.36375563782
Angle 53,20349.5877503514,7566.11014369722
Angle 53,20374.6048612574,7543.7725224473
Angle 53,20399.6061881378,7521.3509946548
Angle 53,20424.5916847129,7498.84566369391
Angle 53,20449.5613044718,7476.25663354962
Angle 53,20474.5150006717,7453.5840088211
Angle 53,20499.4527263381,7430.827894725
Angle 53,20524.3744342645,7407.98839709886
Angle 53,20549.2800770125,7385.06562240447
Angle 53,20574.1696069115,7362.05967773119
Angle 53,20599.0429760586,7338.97067079939
Angle 53,20623.9001363187,7315.79870996382
Angle 53,20648.741039324,7292.54390421698
Angle 53,20673.5656364745,7269.2063631925
Angle 53,20698.3738789373,7245.78619716859
Angle 53,20723.1657176468,7222.28351707139
Angle 53,20747.9411033047,7198.69843447842
Angle 53,20772.6999863796,7175.03106162196
Angle 53,20797.4423171075,7151.28151139248
Angle 53,20822.1680454909,7127.44989734208
Angle 53,20846.8771212994,7103.53633368788
Angle 53,20871.5694940695,7079.54093531548
Angle 53,20896.2451131043,7055.46381778238
Angle 53,20920.9039274736,7031.30509732142
Angle 53,20945.545886014,7007.06489084422
Angle 53,20970.1709373284,6982.74331594464
Angle 53,20994.7790297867,6958.34049090221
Angle 53,21019.3701115249,6933.85653468558
Angle 53,21043.9441304457,6909.291566956
Angle 53,21068.5010342183,6884.64570807076
Angle 53,21093.0407702782,6859.91907908663
Angle 53,21117.5632858275,6835.11180176338
Angle 53,21142.0685278345,6810.22399856718
Angle 53,21166.5564430342,6785.25579267411
Angle 53,21191.0269779277,6760.20730797364
Angle 53,21215.4800787829,6735.07866907204
Angle 53,21239.9156916338,6709.87000129591
Angle 53,21264.3337622811,6684.58143069565
Angle 53,21288.7342362919,6659.21308404891
Angle 53,21313.1170589998,6633.76508886407
Angle 53,21337.4821755051,6608.23757338376
Angle 53,21361.8295306747,6582.63066658826
Angle 53,21386.159069142,6556.94449819907
Angle 53,21410.4707353074,6531.1791986823
Angle 53,21434.7644733379,6505.33489925222
Angle 53,21459.0402271675,6479.4117318747
Angle 53,21483.2979404972,6453.40982927069
Angle 53,21507.537556795,6427.32932491972
Angle 53,21531.759019296,6401.17035306334
Angle 53,21555.9622710028,6374.93304870862
Angle 53,21580.1472546852,6348.61754763164
Angle 53,21604.3139128807,6322.2239863809
Angle 53,21628.4621878942,6295.75250228086
Angle 53,21652.5920217986,6269.20323343536
Angle 53,21676.7033564347,6242.5763187311
Angle 53,21700.7961334114,6215.8718978411
Angle 53,21724.870294106,6189.09011122818
Angle 53,21748.9257796639,6162.23110014836
Angle 53,21772.9625309996,6135.29500665438
Angle 53,21796.9804887961,6108.28197359908
Angle 53,21820.9795935056,6081.19214463892
Angle 53,21844.9597853496,6054.02566423734
Angle 53,21868.921004319,6026.78267766824
Angle 53,21892.8631901744,5999.46333101941
Angle 53,21916.7862824464,5972.06777119594
Angle 53,21940.690220436,5944.59614592361
Angle 53,21964.5749432145,5917.04860375238
Angle 53,21988.4403896241,5889.4252940597
Angle 53,22012.2864982778,5861.72636705398
Angle 53,22036.1132075604,5833.95197377796
Angle 53,22059.920455628,5806.10226611207
Angle 53,22083.708180409,5778.17739677783
Angle 53,22107.4763196038,5750.17751934122
Angle 53,22131.2248106858,5722.10278821602
Angle 53,22154.9535909012,5693.95335866719
Angle 53,22178.6625972698,5665.72938681417
Angle 53,22202.3517665851,5637.43102963425
Angle 53,22226.0210354147,5609.05844496588
Angle 53,22249.6703401009,5580.61179151196
Angle 53,22273.2996167611,5552.09122884317
Angle 53,22296.9088012878,5523.49691740125
Angle 53,22320.4978293498,5494.82901850227
Angle 53,22344.066636392,5466.08769433991
Angle 53,22367.6151576362,5437.27310798869
Angle 53,22391.1433280813,5408.38542340723
Angle 53,22414.6510825044,5379.42480544149
Angle 53,22438.1383554605,5350.39141982796
Angle 53,22461.6050812838,5321.28543319686
Angle 53,22485.0511940875,5292.10701307535
Angle 53,22508.476627765,5262.85632789067
Angle 53,22531.8813159901,5233.53354697333
Angle 53,22555.2651922177,5204.13884056022
Angle 53,22578.6281896845,5174.67237979774
Angle 53,22601.9702414093,5145.13433674495
Angle 53,22625.2912801939,5115.52488437657
Angle 53,22648.5912386238,5085.84419658616
Angle 53,22671.8700490685,5056.09244818908
Angle 53,22695.1276436826,5026.26981492559
Angle 53,22718.3639544061,4996.37647346384
Angle 53,22741.5789129656,4966.41260140288
Angle 53,22764.7724508744,4936.37837727562
Angle 53,22787.9444994338,4906.27398055181
Angle 53,22811.0949897336,4876.09959164095
Angle 53,22834.2238526527,4845.85539189524
Angle 53,22857.3310188603,4815.54156361243
Angle 53,22880.4164188165,4785.15829003874
Angle 53,22903.4799827729,4754.70575537167
Angle 53,22926.5216407739,4724.18414476283
Angle 53,22949.5413226572,4693.59364432075
Angle 53,22972.5389580548,4662.93444111366
Angle 53,22995.514476394,4632.20672317222
Angle 53,23018.4678068981,4601.41067949226
Angle 53,23041.3988785874,4570.54650003749
Angle 53,23064.3076202804,4539.61437574214
Angle 53,23087.1939605943,4508.61449851363
Angle 53,23110.0578279465,4477.54706123516
Angle 53,23132.8991505551,4446.41225776835
Angle 53,23155.7178564403,4415.21028295574
Angle 53,23178.5138734255,4383.94133262335
Angle 53,23201.2871291379,4352.60560358317
Angle 53,23224.03755101,4321.20329363564
Angle 53,23246.7650662807,4289.73460157208
Angle 53,23269.4696019961,4258.19972717708
Angle 53,23292.1510850111,4226.59887123089
Angle 53,23314.80944199,4194.93223551177
Angle 53,23337.4445994082,4163.20002279827
Angle 53,23360.0564835534,4131.40243687149
Angle 53,23382.6450205262,4099.53968251737
Angle 53,23405.2101362422,4067.61196552885
Angle 53,23427.7517564326,4035.61949270801
Angle 53,23450.2698066459,4003.56247186826
Angle 53,23472.764212249,3971.44111183637
Angle 53,23495.2348984286,3939.25562245458
Angle 53,23517.6817901927,3907.00621458254
Angle 53,23540.1048123715,3874.69310009934
Angle 53,23562.5038896196,3842.31649190542
Angle 53,23584.8789464167,3809.87660392446
Angle 53,23607.2299070692,3777.37365110524
Angle 53,23629.5566957121,3744.80784942341
Angle 53,23651.85923631,3712.17941588333
Angle 53,23674.1374526588,3679.48856851971
Angle 53,23696.3912683872,3646.73552639934
Angle 53,23718.6206069585,3613.92050962268
Angle 53,23740.8253916717,3581.0437393255
Angle 53,23763.0055456635,3548.10543768036
Angle 53,23785.16099191,3515.10582789814
Angle 53,23807.291653228,3482.04513422947
Angle 53,23829.3974522768,3448.92358196615
Angle 53,23851.4783115603,3415.74139744246
Angle 53,23873.5341534281,3382.49880803647
Angle 53,23895.5649000776,3349.19604217131
Angle 53,23917.570473556,3315.83332931632
Angle 53,23939.5507957615,3282.41089998826
Angle 53,23961.5057884458,3248.92898575232
Angle 53,23983.4353732154,3215.38781922323
Angle 53,24005.3394715338,3181.78763406617
Angle 53,24027.2180047234,3148.12866499778
Angle 53,24049.0708939673,3114.41114778696
Angle 53,24070.8980603113,3080.63531925573
Angle 53,24092.699424666,3046.80141727998
Angle 53,24114.4749078086,3012.90968079014
Angle 53,24136.224430385,2978.96034977187
Angle 53,24157.9479129123,2944.9536652666
Angle 53,24179.64527578,2910.88986937209
Angle 53,24201.3164392529,2876.76920524286
Angle 53,24222.9613234729,2842.5919170906
Angle 53,24244.5798484613,2808.35825018452
Angle 53,24266.1719341209,2774.06845085161
Angle 53,24287.7375002381,2739.72276647686
Angle 53,24309.2764664856,2705.32144550339
Angle 53,24330.7887524242,2670.86473743255
Angle 53,24352.2742775052,2636.35289282391
Angle 53,24373.7329610731,2601.78616329525
Angle 53,24395.1647223673,2567.16480152238
Angle 53,24416.5694805253,2532.48906123901
Angle 53,24437.9471545844,2497.75919723645
Angle 53,24459.2976634845,2462.97546536331
Angle 53,24480.6209260705,2428.13812252506
Angle 53,24501.9168610947,2393.24742668363
Angle 53,24523.1853872197,2358.30363685678
Angle 53,24544.4264230203,2323.30701311757
Angle 53,24565.6398869868,2288.25781659361
Angle 53,24586.825697527,2253.15630946632
Angle 53,24607.9837729695,2218.00275497008
Angle 53,24629.1140315654,2182.79741739135
Angle 53,24650.2163914922,2147.54056206762
Angle 53,24671.2907708554,2112.23245538639
Angle 53,24692.337087692,2076.87336478401
Angle 53,24713.3552599731,2041.46355874443
Angle 53,24734.3452056064,2006.00330679793
Angle 53,24755.3068424396,1970.4928795197
Angle 53,24776.2400882627,1934.93254852839
Angle 53,24797.1448608112,1899.32258648457
Angle 53,24818.021077769,1863.66326708907
Angle 53,24838.8686567714,1827.95486508129
Angle 53,24859.687515408,1792.19765623737
Angle 53,24880.4775712256,1756.39191736835
Angle 53,24901.2387417314,1720.53792631815
Angle 53,24921.9709443961,1684.63596196154
Angle 53,24942.6740966569,1648.68630420199
Angle 53,24963.3481159207,1612.68923396945
Angle 53,24983.992919567,1576.64503321802
Angle 53,25004.6084249515,1540.55398492351
Angle 53,25025.1945494091,1504.41637308101
Angle 53,25045.751210257,1468.23248270224
Angle 53,25066.2783247983,1432.00259981288
Angle 53,25086.7758103249,1395.72701144983
Angle 53,25107.2435841211,1359.40600565832
Angle 53,25127.6815634671,1323.03987148893
Angle 53,25148.0896656419,1286.62889899458
Angle 53,25168.467807927,1250.17337922736
Angle 53,25188.81590761,1213.6736042353
Angle 53,25209.1338819879,1177.12986705902
Angle 53,25229.4216483702,1140.54246172828
Angle 53,25249.6791240834,1103.91168325851
Angle 53,25269.9062264734,1067.2378276471
Angle 53,25290.1028729101,1030.52119186975
Angle 53,25310.2689807902,993.762073876572
Angle 53,25330.4044675414,956.960772588235
Angle 53,25350.5092506257,920.117587891884
Angle 53,25370.5832475434,883.232820637041
Angle 53,25390.6263758365,846.306772631376
Angle 53,25410.6385530926,809.339746636372
Angle 53,25430.6196969489,772.3320463629
Angle 53,25450.5697250955,735.283976466681
Angle 53,25470.4885552796,698.195842543654
Angle 53,25490.3761053092,661.067951125232
Angle 53,25510.232293057,623.900609673459
Angle 53,25530.0570364645,586.694126576059
Angle 53,25549.8502535455,549.448811141383
Angle 53,25569.6118623906,512.164973593249
Angle 53,25589.3417811706,474.842925065673
Angle 53,25609.039928141,437.482977597499
Angle 53,25628.7062216457,400.085444126918
Angle 53,25648.3405801213,362.650638485878
Angle 53,25667.9429221011,325.178875394395
Angle 53,25687.5131662189,287.670470454744
Angle 53,25707.0512312139,250.125740145548
Angle 53,25726.5570359339,212.545001815762
Angle 53,25746.0304993401,174.928573678537
Angle 53,25765.4715405114,137.276774804984
Angle 53,25784.8800786479,99.589925117824
Angle 53,25804.2560330761,61.8683453849278
Angle 53,25823.5993232524,24.1123572127467
Angle 53,25835.9206214141,0
Angle 54,0,0
Angle 54,41.0297617510238,56.3746222753488
Angle 54,81.9457352117648,112.494900189671
Angle 54,122.749312106438,168.363015169793
Angle 54,163.441858897687,223.981108120074
Angle 54,204.024717400476,279.351280411555
Angle 54,244.499205377201,334.475594840854
Angle 54,284.866617114727,389.356076559906
Angle 54,325.128223984005,443.994713977633
Angle 54,365.285274982898,498.393459634546
Angle 54,405.338997262827,552.554231051266
Angle 54,445.29059663982,606.4789115519
Angle 54,485.141258090512,660.169351063159
Angle 54,524.892146233633,713.627366890094
Angle 54,564.5444057975,766.854744469256
Angle 54,604.099162073996,819.853238100082
Angle 54,643.557521359503,872.624571655261
Angle 54,682.920571383258,925.170439270802
Angle 54,722.189381723535,977.492506016514
Angle 54,761.365004212102,1029.59240854755
Angle 54,800.448473327322,1081.47175573768
Angle 54,839.4408065763,1133.13212929489
Angle 54,878.343004866438,1184.57508435989
Angle 54,917.156052866747,1235.80215008816
Angle 54,955.880919359264,1286.81483021601
Angle 54,994.518557580897,1337.61460361121
Angle 54,1033.069905556,1388.20292480873
Angle 54,1071.53588642002,1438.58122453196
Angle 54,1109.91740873442,1488.75091020011
Angle 54,1148.2153667933,1538.7133664219
Angle 54,1186.43064092182,1588.46995547634
Angle 54,1224.5640977668,1638.02201778074
Angle 54,1262.6165905797,1687.3708723465
Angle 54,1300.58895949228,1736.51781722296
Angle 54,1338.482031785,1785.46412992987
Angle 54,1376.29662214864,1834.21106787855
Angle 54,1414.03353293915,1882.75986878237
Angle 54,1451.69355442599,1931.11175105672
Angle 54,1489.27746503419,1979.26791420883
Angle 54,1526.78603158037,2027.22953921776
Angle 54,1564.22000950272,2074.99778890485
Angle 54,1601.58014308534,2122.57380829493
Angle 54,1638.86716567697,2169.95872496851
Angle 54,1676.08179990432,2217.15364940536
Angle 54,1713.22475788019,2264.15967531954
Angle 54,1750.29674140645,2310.97787998633
Angle 54,1787.29844217214,2357.6093245611
Angle 54,1824.23054194675,2404.05505439058
Angle 54,1861.09371276883,2450.31609931652
Angle 54,1897.88861713016,2496.39347397218
Angle 54,1934.61590815543,2542.28817807165
Angle 54,1971.27622977772,2588.00119669234
Angle 54,2007.87021690986,2633.53350055088
Angle 54,2044.39849561169,2678.88604627237
Angle 54,2080.8616832535,2724.05977665353
Angle 54,2117.26038867563,2769.05562091954
Angle 54,2153.59521234436,2813.8744949751
Angle 54,2189.86674650425,2858.51730164958
Angle 54,2226.07557532696,2902.98493093662
Angle 54,2262.22227505672,2947.27826022824
Angle 54,2298.30741415243,2991.39815454361
Angle 54,2334.33155342662,3035.34546675271
Angle 54,2370.29524618123,3079.12103779488
Angle 54,2406.19903834043,3122.72569689255
Angle 54,2442.04346858037,3166.16026176015
Angle 54,2477.82906845616,3209.42553880839
Angle 54,2513.556362526,3252.52232334409
Angle 54,2549.22586847259,3295.45139976555
Angle 54,2584.83809722186,3338.21354175365
Angle 54,2620.39355305919,3380.80951245883
Angle 54,2655.89273374303,3423.24006468397
Angle 54,2691.33613061613,3465.50594106338
Angle 54,2726.72422871434,3507.60787423786
Angle 54,2762.05750687311,3549.54658702608
Angle 54,2797.33643783173,3591.3227925923
Angle 54,2832.56148833533,3632.93719461053
Angle 54,2867.73311923478,3674.39048742518
Angle 54,2902.85178558441,3715.68335620842
Angle 54,2937.91793673782,3756.81647711418
Angle 54,2972.93201644152,3797.79051742896
Angle 54,3007.89446292683,3838.6061357195
Angle 54,3042.80570899968,3879.26398197744
Angle 54,3077.66618212873,3919.76469776095
Angle 54,3112.4763045316,3960.10891633352
Angle 54,3147.23649325938,4000.29726279983
Angle 54,3181.94716027937,4040.33035423898
Angle 54,3216.60871255626,4080.20879983491
Angle 54,3251.22155213153,4119.93320100429
Angle 54,3285.78607620141,4159.50415152175
Angle 54,3320.30267719316,4198.92223764271
Angle 54,3354.7717428399,4238.18803822369
Angle 54,3389.19365625398,4277.30212484027
Angle 54,3423.56879599881,4316.26506190272
Angle 54,3457.89753615939,4355.07740676937
Angle 54,3492.18024641142,4393.7397098577
Angle 54,3526.41729208901,4432.25251475337
Angle 54,3560.60903425117,4470.61635831706
Angle 54,3594.75582974695,4508.83177078925
Angle 54,3628.85803127937,4546.899275893
Angle 54,3662.91598746808,4584.81939093477
Angle 54,3696.93004291087,4622.59262690328
Angle 54,3730.90053824397,4660.2194885665
Angle 54,3764.82781020128,4697.70047456687
Angle 54,3798.71219167236,4735.03607751457
Angle 54,3832.55401175946,4772.22678407921
Angle 54,3866.3535958334,4809.27307507968
Angle 54,3900.11126558844,4846.17542557238
Angle 54,3933.82733909615,4882.93430493779
Angle 54,3967.50213085822,4919.55017696544
Angle 54,4001.13595185835,4956.02349993735
Angle 54,4034.72910961322,4992.35472670984
Angle 54,4068.2819082224,5028.54430479396
Angle 54,4101.79464841751,5064.59267643438
Angle 54,4135.26762761036,5100.50027868688
Angle 54,4168.70113994031,5136.26754349437
Angle 54,4202.0954763207,5171.89489776169
Angle 54,4235.45092448451,5207.38276342887
Angle 54,4268.76776902916,5242.73155754323
Angle 54,4302.04629146055,5277.94169233015
Angle 54,4335.28677023628,5313.01357526255
Angle 54,4368.48948080813,5347.94760912917
Angle 54,4401.65469566376,5382.74419210165
Angle 54,4434.78268436776,5417.40371780043
Angle 54,4467.87371360186,5451.92657535945
Angle 54,4500.92804720452,5486.31314948981
Angle 54,4533.94594620984,5520.56382054224
Angle 54,4566.92766888574,5554.67896456854
Angle 54,4599.87347077152,5588.65895338192
Angle 54,4632.78360471477,5622.50415461634
Angle 54,4665.65832090763,5656.21493178481
Angle 54,4698.49786692245,5689.7916443367
Angle 54,4731.30248774686,5723.23464771407
Angle 54,4764.07242581816,5756.54429340708
Angle 54,4796.80792105727,5789.72092900838
Angle 54,4829.50921090196,5822.76489826667
Angle 54,4862.17653033962,5855.67654113935
Angle 54,4894.81011193947,5888.45619384422
Angle 54,4927.41018588416,5921.10418891039
Angle 54,4959.97698000096,5953.62085522833
Angle 54,4992.51071979235,5986.00651809907
Angle 54,5025.01162846609,6018.26149928261
Angle 54,5057.47992696491,6050.38611704551
Angle 54,5089.91583399557,6082.38068620772
Angle 54,5122.31956605753,6114.24551818866
Angle 54,5154.69133747114,6145.98092105249
Angle 54,5187.03136040537,6177.58719955274
Angle 54,5219.33984490509,6209.06465517612
Angle 54,5251.61699891785,6240.41358618567
Angle 54,5283.86302832038,6271.63428766326
Angle 54,5316.07813694448,6302.7270515513
Angle 54,5348.26252660266,6333.69216669392
Angle 54,5380.41639711324,6364.52991887737
Angle 54,5412.53994632513,6395.24059086985
Angle 54,5444.63337014221,6425.82446246071
Angle 54,5476.6968625473,6456.28181049902
Angle 54,5508.73061562574,6486.61290893149
Angle 54,5540.73481958866,6516.8180288399
Angle 54,5572.70966279584,6546.89743847785
Angle 54,5604.65533177822,6576.85140330698
Angle 54,5636.57201126003,6606.68018603262
Angle 54,5668.45988418067,6636.3840466389
Angle 54,5700.31913171614,6665.96324242334
Angle 54,5732.14993330023,6695.41802803081
Angle 54,5763.95246664531,6724.74865548712
Angle 54,5795.72690776285,6753.95537423196
Angle 54,5827.47343098363,6783.03843115144
Angle 54,5859.19220897759,6811.99807061009
Angle 54,5890.88341277344,6840.83453448235
Angle 54,5922.54721177795,6869.54806218365
Angle 54,5954.18377379492,6898.13889070101
Angle 54,5985.79326504391,6926.6072546231
Angle 54,6017.37585017865,6954.95338616998
Angle 54,6048.93169230521,6983.17751522231
Angle 54,6080.46095299987,7011.27986935012
Angle 54,6111.96379232674,7039.26067384126
Angle 54,6143.44036885511,7067.12015172927
Angle 54,6174.89083967653,7094.85852382098
Angle 54,6206.31536042169,7122.47600872366
Angle 54,6237.71408527699,7149.9728228717
Angle 54,6269.08716700086,7177.34918055307
Angle 54,6300.43475693996,7204.60529393519
Angle 54,6331.75700504496,7231.7413730906
Angle 54,6363.05405988625,7258.75762602216
Angle 54,6394.3260686693,7285.65425868794
Angle 54,6425.57317724992,7312.43147502569
Angle 54,6456.79553014919,7339.08947697705
Angle 54,6487.99327056822,7365.62846451132
Angle 54,6519.16654040271,7392.04863564898
Angle 54,6550.31548025728,7418.3501864848
Angle 54,6581.4402294596,7444.53331121068
Angle 54,6612.54092607432,7470.59820213814
Angle 54,6643.6177069168,7496.54504972051
Angle 54,6674.67070756665,7522.37404257479
Angle 54,6705.70006238108,7548.08536750321
Angle 54,6736.70590450803,7573.67920951454
Angle 54,6767.68836589919,7599.155751845
Angle 54,6798.64757732271,7624.51517597898
Angle 54,6829.58366837591,7649.75766166942
Angle 54,6860.49676749761,7674.88338695794
Angle 54,6891.38700198045,7699.89252819469
Angle 54,6922.25449798297,7724.78526005787
Angle 54,6953.0993805415,7749.56175557311
Angle 54,6983.92177358196,7774.22218613242
Angle 54,7014.7217999314,7798.76672151305
Angle 54,7045.49958132946,7823.195529896
Angle 54,7076.25523843966,7847.50877788425
Angle 54,7106.98889086047,7871.70663052088
Angle 54,7137.70065713633,7895.7892513068
Angle 54,7168.39065476842,7919.75680221832
Angle 54,7199.05900022536,7943.60944372448
Angle 54,7229.70580895371,7967.34733480416
Angle 54,7260.33119538838,7990.97063296289
Angle 54,7290.93527296283,8014.47949424958
Angle 54,7321.51815411921,8037.87407327287
Angle 54,7352.07995031829,8061.15452321736
Angle 54,7382.62077204932,8084.32099585966
Angle 54,7413.1407288397,8107.37364158411
Angle 54,7443.63992926456,8130.31260939839
Angle 54,7474.11848095621,8153.13804694893
Angle 54,7504.57649061344,8175.85010053606
Angle 54,7535.0140640107,8198.44891512903
Angle 54,7565.4313060072,8220.93463438077
Angle 54,7595.82832055581,8243.30740064255
Angle 54,7626.20521071192,8265.56735497835
Angle 54,7656.56207864214,8287.71463717913
Angle 54,7686.89902563291,8309.74938577687
Angle 54,7717.21615209895,8331.67173805848
Angle 54,7747.51355759165,8353.48183007947
Angle 54,7777.79134080736,8375.1797966775
Angle 54,7808.04959959547,8396.76577148574
Angle 54,7838.28843096651,8418.23988694609
Angle 54,7868.5079311001,8439.60227432217
Angle 54,7898.70819535273,8460.85306371223
Angle 54,7928.88931826555,8481.99238406184
Angle 54,7959.05139357199,8503.02036317644
Angle 54,7989.19451420525,8523.93712773378
Angle 54,8019.31877230582,8544.74280329611
Angle 54,8049.42425922875,8565.43751432233
Angle 54,8079.51106555092,8586.02138417992
Angle 54,8109.57928107821,8606.49453515673
Angle 54,8139.62899485255,8626.8570884727
Angle 54,8169.66029515886,8647.1091642913
Angle 54,8199.67326953199,8667.250881731
Angle 54,8229.66800476347,8687.28235887645
Angle 54,8259.64458690822,8707.20371278964
Angle 54,8289.60310129118,8727.01505952084
Angle 54,8319.54363251385,8746.7165141195
Angle 54,8349.46626446074,8766.30819064494
Angle 54,8379.37108030571,8785.79020217692
Angle 54,8409.25816251833,8805.16266082619
Angle 54,8439.12759287001,8824.42567774476
Angle 54,8468.97945244018,8843.57936313617
Angle 54,8498.81382162235,8862.62382626558
Angle 54,8528.63078013006,8881.55917546977
Angle 54,8558.43040700277,8900.38551816702
Angle 54,8588.21278061176,8919.10296086687
Angle 54,8617.97797866579,8937.71160917974
Angle 54,8647.72607821687,8956.21156782653
Angle 54,8677.45715566579,8974.60294064798
Angle 54,8707.17128676774,8992.88583061405
Angle 54,8736.86854663772,9011.06033983311
Angle 54,8766.54900975597,9029.12656956105
Angle 54,8796.21274997333,9047.08462021031
Angle 54,8825.85984051644,9064.93459135877
Angle 54,8855.49035399303,9082.67658175857
Angle 54,8885.10436239699,9100.31068934481
Angle 54,8914.70193711348,9117.8370112442
Angle 54,8944.28314892395,9135.25564378353
Angle 54,8973.84806801104,9152.56668249814
Angle 54,9003.39676396355,9169.7702221402
Angle 54,9032.9293057812,9186.86635668704
Angle 54,9062.44576187943,9203.8551793492
Angle 54,9091.94620009409,9220.73678257856
Angle 54,9121.43068768613,9237.51125807632
Angle 54,9150.89929134615,9254.17869680083
Angle 54,9180.35207719898,9270.73918897548
Angle 54,9209.78911080812,9287.19282409635
Angle 54,9239.21045718021,9303.53969093989
Angle 54,9268.61618076937,9319.77987757046
Angle 54,9298.00634548155,9335.91347134783
Angle 54,9327.38101467875,9351.94055893457
Angle 54,9356.7402511833,9367.86122630335
Angle 54,9386.08411728195,9383.67555874423
Angle 54,9415.41267473007,9399.38364087181
Angle 54,9444.72598475561,9414.9855566323
Angle 54,9474.02410806319,9430.48138931061
Angle 54,9503.30710483805,9445.87122153722
Angle 54,9532.57503474991,9461.15513529513
Angle 54,9561.82795695693,9476.33321192662
Angle 54,9591.06593010945,9491.40553214003
Angle 54,9620.2890123538,9506.37217601641
Angle 54,9649.49726133603,9521.23322301611
Angle 54,9678.69073420558,9535.98875198538
Angle 54,9707.86948761892,9550.63884116276
Angle 54,9737.03357774317,9565.18356818557
Angle 54,9766.1830602596,9579.6230100962
Angle 54,9795.31799036718,9593.95724334842
Angle 54,9824.43842278603,9608.1863438136
Angle 54,9853.54441176085,9622.31038678687
Angle 54,9882.63601106429,9636.32944699323
Angle 54,9911.71327400028,9650.24359859355
Angle 54,9940.77625340739,9664.05291519064
Angle 54,9969.825001662,9677.75746983508
Angle 54,9998.8595706816,9691.35733503118
Angle 54,10027.8800119279,9704.85258274272
Angle 54,10056.8863764101,9718.24328439877
Angle 54,10085.8787146879,9731.52951089936
Angle 54,10114.8570768744,9744.71133262114
Angle 54,10143.8215126395,9757.788819423
Angle 54,10172.7720712127,9770.7620406516
Angle 54,10201.7088013859,9783.63106514686
Angle 54,10230.6317515168,9796.39596124744
Angle 54,10259.5409695311,9809.05679679611
Angle 54,10288.436502926,9821.61363914511
Angle 54,10317.3183987727,9834.06655516144
Angle 54,10346.1867037191,9846.41561123213
Angle 54,10375.0414639928,9858.66087326945
Angle 54,10403.8827254038,9870.80240671605
Angle 54,10432.7105333468,9882.84027655007
Angle 54,10461.5249328044,9894.77454729025
Angle 54,10490.3259683494,9906.60528300092
Angle 54,10519.1136841474,9918.332547297
Angle 54,10547.8881239595,9929.95640334892
Angle 54,10576.6493311447,9941.47691388755
Angle 54,10605.3973486624,9952.89414120902
Angle 54,10634.132219075,9964.20814717956
Angle 54,10662.8539845501,9975.41899324026
Angle 54,10691.5626868632,9986.52674041181
Angle 54,10720.2583673999,9997.53144929922
Angle 54,10748.9410671583,10008.4331800964
Angle 54,10777.6108267512,10019.2319925909
Angle 54,10806.2676864087,10029.9279461683
Angle 54,10834.9116859802,10040.521099817
Angle 54,10863.5428649366,10051.0115121325
Angle 54,10892.1612623727,10061.3992413221
Angle 54,10920.7669170094,10071.684345209
Angle 54,10949.3598671958,10081.8668812371
Angle 54,10977.9401509111,10091.9469064751
Angle 54,11006.5078057671,10101.9244776207
Angle 54,11035.06286901,10111.7996510056
Angle 54,11063.6053775228,10121.5724825987
Angle 54,11092.1353678268,10131.2430280111
Angle 54,11120.6528760841,10140.8113425004
Angle 54,11149.1579380993,10150.2774809741
Angle 54,11177.6505893217,10159.6414979944
Angle 54,11206.130864847,10168.9034477821
Angle 54,11234.5987994192,10178.0633842208
Angle 54,11263.0544274328,10187.1213608607
Angle 54,11291.4977829345,10196.0774309226
Angle 54,11319.9288996248,10204.9316473024
Angle 54,11348.3478108603,10213.6840625745
Angle 54,11376.7545496551,10222.3347289958
Angle 54,11405.1491486827,10230.88369851
Angle 54,11433.531640278,10239.331022751
Angle 54,11461.9020564386,10247.676753047
Angle 54,11490.2604288269,10255.9209404245
Angle 54,11518.6067887716,10264.0636356115
Angle 54,11546.9411672695,10272.104889042
Angle 54,11575.263594987,10280.0447508593
Angle 54,11603.5741022617,10287.8832709196
Angle 54,11631.8727191045,10295.6204987963
Angle 54,11660.1594752005,10303.2564837831
Angle 54,11688.4343999112,10310.7912748977
Angle 54,11716.6975222754,10318.2249208859
Angle 54,11744.9488710115,10325.5574702245
Angle 54,11773.1884745185,10332.7889711256
Angle 54,11801.4163608775,10339.9194715396
Angle 54,11829.6325578537,10346.9490191591
Angle 54,11857.837092897,10353.877661422
Angle 54,11886.0299931445,10360.7054455155
Angle 54,11914.2112854209,10367.4324183793
Angle 54,11942.3809962408,10374.058626709
Angle 54,11970.5391518094,10380.5841169595
Angle 54,11998.6857780243,10387.0089353488
Angle 54,12026.8209004769,10393.333127861
Angle 54,12054.9445444535,10399.5567402495
Angle 54,12083.0567349365,10405.6798180411
Angle 54,12111.1574966064,10411.7024065384
Angle 54,12139.2468538423,10417.624550824
Angle 54,12167.3248307236,10423.4462957631
Angle 54,12195.3914510315,10429.167686007
Angle 54,12223.4467382495,10434.7887659967
Angle 54,12251.4907155656,10440.3095799656
Angle 54,12279.5234058726,10445.7301719431
Angle 54,12307.5448317701,10451.0505857577
Angle 54,12335.5550155652,10456.2708650399
Angle 54,12363.5539792736,10461.3910532261
Angle 54,12391.5417446214,10466.411193561
Angle 54,12419.5183330457,10471.3313291012
Angle 54,12447.4837656957,10476.151502718
Angle 54,12475.4380634342,10480.871757101
Angle 54,12503.3812468385,10485.4921347605
Angle 54,12531.3133362015,10490.0126780313
Angle 54,12559.2343515329,10494.4334290753
Angle 54,12587.14431256,10498.7544298847
Angle 54,12615.0432387292,10502.9757222851
Angle 54,12642.9311492065,10507.0973479383
Angle 54,12670.8080628791,10511.1193483455
Angle 54,12698.673998356,10515.0417648505
Angle 54,12726.5289739693,10518.8646386421
Angle 54,12754.3730077748,10522.5880107577
Angle 54,12782.2061175535,10526.2119220858
Angle 54,12810.0283208123,10529.7364133692
Angle 54,12837.8396347849,10533.1615252077
Angle 54,12865.6400764329,10536.4872980613
Angle 54,12893.4296624465,10539.7137722531
Angle 54,12921.208409246,10542.8409879719
Angle 54,12948.9763329819,10545.8689852752
Angle 54,12976.7334495366,10548.7978040922
Angle 54,13004.4797745246,10551.6274842268
Angle 54,13032.215323294,10554.3580653599
Angle 54,13059.9401109268,10556.9895870527
Angle 54,13087.6541522404,10559.5220887496
Angle 54,13115.3574617879,10561.9556097805
Angle 54,13143.0500538591,10564.2901893642
Angle 54,13170.7319424815,10566.5258666108
Angle 54,13198.403141421,10568.6626805247
Angle 54,13226.0636641827,10570.7006700071
Angle 54,13253.7135240118,10572.6398738593
Angle 54,13281.3527338941,10574.4803307848
Angle 54,13308.9813065574,10576.2220793925
Angle 54,13336.5992544715,10577.8651581994
Angle 54,13364.2065898495,10579.409605633
Angle 54,13391.8033246485,10580.8554600345
Angle 54,13419.3894705702,10582.2027596611
Angle 54,13446.9650390615,10583.451542689
Angle 54,13474.5300413158,10584.6018472159
Angle 54,13502.0844882731,10585.6537112638
Angle 54,13529.6283906209,10586.6071727814
Angle 54,13557.1617587951,10587.4622696475
Angle 54,13584.6846029807,10588.2190396727
Angle 54,13612.196933112,10588.8775206027
Angle 54,13639.6987588739,10589.4377501208
Angle 54,13667.1900897022,10589.8997658506
Angle 54,13694.6709347844,10590.2636053582
Angle 54,13722.1413030602,10590.5293061555
Angle 54,13749.6012032226,10590.6969057025
Angle 54,13777.0506437177,10590.7664414096
Angle 54,13804.4896327463,10590.7379506407
Angle 54,13831.9181782638,10590.6114707157
Angle 54,13859.3362879811,10590.3870389128
Angle 54,13886.7439693654,10590.0646924713
Angle 54,13914.1412296403,10589.6444685943
Angle 54,13941.5280757868,10589.1264044509
Angle 54,13968.9045145438,10588.5105371793
Angle 54,13996.2705524086,10587.7969038888
Angle 54,14023.6261956377,10586.9855416626
Angle 54,14050.9714502469,10586.0764875606
Angle 54,14078.3063220124,10585.0697786215
Angle 54,14105.6308164709,10583.9654518655
Angle 54,14132.9449389205,10582.763544297
Angle 54,14160.2486944211,10581.464092907
Angle 54,14187.5420877947,10580.0671346756
Angle 54,14214.8251236264,10578.5727065744
Angle 54,14242.0978062645,10576.9808455693
Angle 54,14269.3601398213,10575.2915886228
Angle 54,14296.6121281733,10573.5049726966
Angle 54,14323.8537749621,10571.621034754
Angle 54,14351.0850835945,10569.6398117626
Angle 54,14378.3060572432,10567.5613406963
Angle 54,14405.5166988474,10565.3856585384
Angle 54,14432.7170111129,10563.1128022838
Angle 54,14459.9069965128,10560.7428089415
Angle 54,14487.0866572882,10558.2757155367
Angle 54,14514.2559954482,10555.7115591141
Angle 54,14541.4150127704,10553.0503767396
Angle 54,14568.563710802,10550.2922055031
Angle 54,14595.7020908592,10547.4370825209
Angle 54,14622.8301540285,10544.4850449382
Angle 54,14649.9479011668,10541.4361299314
Angle 54,14677.0553329016,10538.2903747109
Angle 54,14704.152449632,10535.0478165229
Angle 54,14731.2392515284,10531.7084926525
Angle 54,14758.3157385334,10528.272440426
Angle 54,14785.3819103623,10524.7396972128
Angle 54,14812.4377665029,10521.1103004286
Angle 54,14839.4833062164,10517.3842875373
Angle 54,14866.5185285377,10513.5616960536
Angle 54,14893.5434322756,10509.6425635455
Angle 54,14920.5580160133,10505.6269276366
Angle 54,14947.5622781089,10501.5148260084
Angle 54,14974.5562166954,10497.3062964031
Angle 54,15001.5398296815,10493.0013766258
Angle 54,15028.5131147516,10488.6001045466
Angle 54,15055.4760693663,10484.1025181035
Angle 54,15082.4286907626,10479.5086553048
Angle 54,15109.3709759547,10474.818554231
Angle 54,15136.3029217337,10470.0322530376
Angle 54,15163.2245246682,10465.1497899575
Angle 54,15190.135781105,10460.1712033034
Angle 54,15217.0366871686,10455.0965314699
Angle 54,15243.9272387624,10449.9258129363
Angle 54,15270.8074315682,10444.6590862687
Angle 54,15297.6772610473,10439.2963901227
Angle 54,15324.53672244,10433.8377632453
Angle 54,15351.3858107665,10428.2832444779
Angle 54,15378.224520827,10422.6328727582
Angle 54,15405.052847202,10416.8866871228
Angle 54,15431.8707842523,10411.0447267096
Angle 54,15458.6783261197,10405.1070307602
Angle 54,15485.4754667271,10399.0736386221
Angle 54,15512.2621997787,10392.9445897515
Angle 54,15539.0385187603,10386.719923715
Angle 54,15565.8044169398,10380.3996801928
Angle 54,15592.5598873668,10373.9838989804
Angle 54,15619.3049228737,10367.4726199914
Angle 54,15646.0395160752,10360.8658832598
Angle 54,15672.7636593692,10354.1637289422
Angle 54,15699.4773449364,10347.3661973204
Angle 54,15726.1805647409,10340.4733288037
Angle 54,15752.8733105304,10333.4851639313
Angle 54,15779.5555738364,10326.4017433747
Angle 54,15806.2273459744,10319.22310794
Angle 54,15832.8886180441,10311.9492985703
Angle 54,15859.5393809294,10304.5803563482
Angle 54,15886.1796252992,10297.1163224982
Angle 54,15912.8093416069,10289.5572383888
Angle 54,15939.4285200911,10281.9031455353
Angle 54,15966.0371507756,10274.1540856017
Angle 54,15992.6352234694,10266.3101004037
Angle 54,16019.2227277673,10258.3712319105
Angle 54,16045.7996530498,10250.3375222475
Angle 54,16072.3659884833,10242.2090136987
Angle 54,16098.9217230203,10233.985748709
Angle 54,16125.4668453995,10225.6677698865
Angle 54,16152.0013441463,10217.2551200051
Angle 54,16178.5252075723,10208.7478420069
Angle 54,16205.0384237761,10200.1459790044
Angle 54,16231.5409806432,10191.449574283
Angle 54,16258.032865846,10182.6586713035
Angle 54,16284.5140668441,10173.7733137041
Angle 54,16310.9845708845,10164.7935453036
Angle 54,16337.4443650016,10155.7194101029
Angle 54,16363.8934360173,10146.550952288
Angle 54,16390.3317705413,10137.2882162322
Angle 54,16416.7593549712,10127.9312464986
Angle 54,16443.1761754923,10118.4800878423
Angle 54,16469.5822180781,10108.9347852131
Angle 54,16495.9774684903,10099.2953837579
Angle 54,16522.3619122787,10089.5619288226
Angle 54,16548.7355347817,10079.7344659554
Angle 54,16575.0983211258,10069.8130409085
Angle 54,16601.4502562265,10059.7976996408
Angle 54,16627.7913247876,10049.6884883203
Angle 54,16654.1215113018,10039.4854533267
Angle 54,16680.4408000505,10029.1886412536
Angle 54,16706.749175104,10018.7980989109
Angle 54,16733.0466203216,10008.3138733274
Angle 54,16759.3331193516,9997.73601175349
Angle 54,16785.6086556314,9987.06456166293
Angle 54,16811.8732123876,9976.2995707559
Angle 54,16838.1267726359,9965.44108696119
Angle 54,16864.3693191814,9954.48915843872
Angle 54,16890.6008346182,9943.44383358199
Angle 54,16916.8213013303,9932.30516102054
Angle 54,16943.0307014905,9921.07318962242
Angle 54,16969.2290170614,9909.74796849669
Angle 54,16995.4162297951,9898.32954699584
Angle 54,17021.592321233,9886.81797471833
Angle 54,17047.757272706,9875.21330151103
Angle 54,17073.9110653348,9863.51557747174
Angle 54,17100.0536800296,9851.72485295165
Angle 54,17126.18509749,9839.84117855785
Angle 54,17152.3052982053,9827.86460515584
Angle 54,17178.4142624544,9815.79518387203
Angle 54,17204.511970306,9803.63296609625
Angle 54,17230.5984016181,9791.37800348422
Angle 54,17256.6735360385,9779.03034796016
Angle 54,17282.7373530046,9766.59005171922
Angle 54,17308.7898317432,9754.05716723006
Angle 54,17334.8309512709,9741.43174723736
Angle 54,17360.8606903939,9728.71384476438
Angle 54,17386.8790277076,9715.90351311546
Angle 54,17412.8859415973,9703.00080587861
Angle 54,17438.8814102376,9690.00577692805
Angle 54,17464.8654115926,9676.91848042674
Angle 54,17490.8379234158,9663.73897082898
Angle 54,17516.7989232501,9650.46730288294
Angle 54,17542.7483884276,9637.10353163326
Angle 54,17568.68629607,9623.64771242363
Angle 54,17594.6126230881,9610.09990089936
Angle 54,17620.5273461818,9596.46015300995
Angle 54,17646.4304418402,9582.72852501172
Angle 54,17672.3218863415,9568.90507347041
Angle 54,17698.2016557531,9554.98985526376
Angle 54,17724.0697259311,9540.98292758411
Angle 54,17749.9260725205,9526.88434794109
Angle 54,17775.7706709552,9512.69417416416
Angle 54,17801.603496458,9498.41246440527
Angle 54,17827.4245240401,9484.03927714153
Angle 54,17853.2337285015,9469.5746711778
Angle 54,17879.0310844304,9455.01870564935
Angle 54,17904.8165662038,9440.37144002455
Angle 54,17930.5901479868,9425.63293410749
Angle 54,17956.3518037327,9410.80324804065
Angle 54,17982.1015071831,9395.88244230762
Angle 54,18007.8392318674,9380.87057773571
Angle 54,18033.5649511033,9365.76771549868
Angle 54,18059.2786379959,9350.57391711943
Angle 54,18084.9802654383,9335.2892444727
Angle 54,18110.6698061112,9319.91375978777
Angle 54,18136.3472324826,9304.44752565115
Angle 54,18162.0125168082,9288.89060500935
Angle 54,18187.6656311306,9273.24306117159
Angle 54,18213.3065472798,9257.5049578125
Angle 54,18238.9352368728,9241.6763589749
Angle 54,18264.5516713133,9225.75732907254
Angle 54,18290.1558217919,9209.74793289285
Angle 54,18315.7476592858,9193.64823559971
Angle 54,18341.3271545588,9177.45830273619
Angle 54,18366.8942781609,9161.1782002274
Angle 54,18392.4490004284,9144.80799438317
Angle 54,18417.9912914835,9128.34775190094
Angle 54,18443.5211212347,9111.79753986851
Angle 54,18469.0384593758,9095.15742576684
Angle 54,18494.5432753867,9078.42747747289
Angle 54,18520.0355385324,9061.60776326244
Angle 54,18545.5152178635,9044.6983518129
Angle 54,18570.9822822156,9027.69931220617
Angle 54,18596.4367002094,9010.61071393146
Angle 54,18621.8784402504,8993.43262688816
Angle 54,18647.3074705288,8976.16512138872
Angle 54,18672.7237590194,8958.80826816147
Angle 54,18698.1272734812,8941.36213835352
Angle 54,18723.5179814577,8923.82680353369
Angle 54,18748.8958502759,8906.2023356953
Angle 54,18774.2608470473,8888.48880725916
Angle 54,18799.6129386664,8870.68629107646
Angle 54,18824.9520918119,8852.79486043164
Angle 54,18850.2782729451,8834.81458904537
Angle 54,18875.5914483111,8816.74555107746
Angle 54,18900.8915839376,8798.58782112979
Angle 54,18926.1786456351,8780.34147424927
Angle 54,18951.4525989968,8762.0065859308
Angle 54,18976.7134093982,8743.58323212022
Angle 54,19001.9610419973,8725.0714892173
Angle 54,19027.1954617338,8706.47143407871
Angle 54,19052.4166333295,8687.78314402103
Angle 54,19077.6245212876,8669.0066968237
Angle 54,19102.8190898932,8650.14217073208
Angle 54,19128.0003032123,8631.18964446042
Angle 54,19153.1681250922,8612.14919719492
Angle 54,19178.3225191609,8593.02090859675
Angle 54,19203.4634488273,8573.80485880505
Angle 54,19228.5908772808,8554.50112844005
Angle 54,19253.7047674909,8535.10979860604
Angle 54,19278.8050822075,8515.63095089453
Angle 54,19303.8917839602,8496.06466738722
Angle 54,19328.9648350584,8476.41103065917
Angle 54,19354.024197591,8456.67012378184
Angle 54,19379.0698334263,8436.84203032617
Angle 54,19404.1017042116,8416.92683436576
Angle 54,19429.1197713732,8396.92462047989
Angle 54,19454.1239961161,8376.83547375672
Angle 54,19479.1143394238,8356.65947979638
Angle 54,19504.0907620582,8336.3967247141
Angle 54,19529.0532245592,8316.04729514339
Angle 54,19554.0016872447,8295.61127823919
Angle 54,19578.9361102102,8275.08876168098
Angle 54,19603.8564533291,8254.47983367603
Angle 54,19628.7626762516,8233.78458296252
Angle 54,19653.6547384053,8213.00309881276
Angle 54,19678.5325989948,8192.13547103636
Angle 54,19703.3962170012,8171.18178998348
Angle 54,19728.2455511823,8150.14214654796
Angle 54,19753.0805600721,8129.01663217064
Angle 54,19777.9012019809,8107.80533884249
Angle 54,19802.7074349947,8086.50835910792
Angle 54,19827.4992169755,8065.125786068
Angle 54,19852.2765055606,8043.65771338368
Angle 54,19877.0392581629,8022.1042352791
Angle 54,19901.7874319702,8000.46544654481
Angle 54,19926.5209839456,7978.74144254109
Angle 54,19951.2398708265,7956.93231920119
Angle 54,19975.9440491254,7935.03817303465
Angle 54,20000.633475129,7913.05910113057
Angle 54,20025.3081048981,7890.99520116094
Angle 54,20049.9678942677,7868.84657138395
Angle 54,20074.6127988466,7846.61331064728
Angle 54,20099.2427740173,7824.29551839146
Angle 54,20123.8577749357,7801.89329465319
Angle 54,20148.4577565313,7779.40674006868
Angle 54,20173.0426735064,7756.835955877
Angle 54,20197.6124803364,7734.18104392343
Angle 54,20222.1671312698,7711.44210666283
Angle 54,20246.7065803272,7688.619247163
Angle 54,20271.2307813021,7665.71256910807
Angle 54,20295.7396877602,7642.72217680187
Angle 54,20320.2332530394,7619.64817517131
Angle 54,20344.7114302494,7596.49066976978
Angle 54,20369.1741722719,7573.24976678057
Angle 54,20393.6214317605,7549.92557302027
Angle 54,20418.0531611399,7526.51819594214
Angle 54,20442.4693126065,7503.0277436396
Angle 54,20466.869838128,7479.45432484961
Angle 54,20491.254689443,7455.79804895612
Angle 54,20515.6238180614,7432.05902599347
Angle 54,20539.9771752636,7408.23736664989
Angle 54,20564.3147121011,7384.33318227092
Angle 54,20588.6363793957,7360.34658486283
Angle 54,20612.9421277399,7336.27768709614
Angle 54,20637.2319074965,7312.12660230904
Angle 54,20661.5056687985,7287.89344451088
Angle 54,20685.7633615493,7263.57832838562
Angle 54,20710.0049354221,7239.18136929533
Angle 54,20734.2303398602,7214.70268328367
Angle 54,20758.4395240766,7190.14238707934
Angle 54,20782.6324370544,7165.50059809964
Angle 54,20806.8090275461,7140.77743445389
Angle 54,20830.969244074,7115.97301494699
Angle 54,20855.1130349297,7091.08745908286
Angle 54,20879.2403481747,7066.12088706801
Angle 54,20903.3511316394,7041.07341981501
Angle 54,20927.445332924,7015.945178946
Angle 54,20951.5228993978,6990.73628679622
Angle 54,20975.5837781994,6965.44686641752
Angle 54,20999.6279162365,6940.07704158189
Angle 54,21023.6552601862,6914.62693678497
Angle 54,21047.6657564945,6889.09667724958
Angle 54,21071.6593513769,6863.48638892924
Angle 54,21095.6359908176,6837.79619851172
Angle 54,21119.5956205703,6812.02623342254
Angle 54,21143.5381861574,6786.17662182853
Angle 54,21167.4636328708,6760.24749264134
Angle 54,21191.3719057713,6734.23897552099
Angle 54,21215.2629496889,6708.15120087939
Angle 54,21239.1367092227,6681.98429988391
Angle 54,21262.9931287411,6655.73840446086
Angle 54,21286.8321523818,6629.41364729906
Angle 54,21310.6537240515,6603.01016185338
Angle 54,21334.4577874266,6576.52808234825
Angle 54,21358.2442859526,6549.96754378124
Angle 54,21382.0131628446,6523.32868192652
Angle 54,21405.7643610874,6496.61163333847
Angle 54,21429.4978234352,6469.81653535515
Angle 54,21453.213492412,6442.94352610186
Angle 54,21476.9113103118,6415.99274449468
Angle 54,21500.5912191983,6388.96433024394
Angle 54,21524.2531609056,6361.85842385782
Angle 54,21547.8970770376,6334.67516664579
Angle 54,21571.5229089689,6307.41470072218
Angle 54,21595.1305978445,6280.07716900967
Angle 54,21618.7200845799,6252.66271524281
Angle 54,21642.2913098617,6225.17148397153
Angle 54,21665.8442141472,6197.6036205646
Angle 54,21689.3787376651,6169.95927121319
Angle 54,21712.8948204155,6142.23858293432
Angle 54,21736.3924021699,6114.44170357434
Angle 54,21759.8714224718,6086.56878181243
Angle 54,21783.3318206367,6058.61996716409
Angle 54,21806.7735357523,6030.59540998457
Angle 54,21830.196506679,6002.49526147235
Angle 54,21853.6006720498,5974.3196736726
Angle 54,21876.985970271,5946.06879948062
Angle 54,21900.352339522,5917.74279264528
Angle 54,21923.699717756,5889.34180777247
Angle 54,21947.0280427001,5860.86600032848
Angle 54,21970.3372518557,5832.31552664347
Angle 54,21993.6272824989,5803.69054391483
Angle 54,22016.8980716806,5774.9912102106
Angle 54,22040.1495562271,5746.21768447287
Angle 54,22063.3816727402,5717.37012652112
Angle 54,22086.594357598,5688.4486970556
Angle 54,22109.7875469548,5659.45355766069
Angle 54,22132.9611767421,5630.38487080826
Angle 54,22156.1151826683,5601.24279986097
Angle 54,22179.2495002196,5572.02750907559
Angle 54,22202.3640646605,5542.73916360635
Angle 54,22225.458811034,5513.37792950816
Angle 54,22248.5336741623,5483.94397373998
Angle 54,22271.5885886468,5454.43746416799
Angle 54,22294.6234888695,5424.85856956893
Angle 54,22317.6383089926,5395.20745963326
Angle 54,22340.6329829596,5365.48430496845
Angle 54,22363.6074444956,5335.68927710211
Angle 54,22386.561627108,5305.82254848528
Angle 54,22409.4954640867,5275.88429249548
Angle 54,22432.4088885055,5245.87468343998
Angle 54,22455.3018332218,5215.79389655885
Angle 54,22478.1742308777,5185.64210802814
Angle 54,22501.0260139007,5155.41949496296
Angle 54,22523.857114504,5125.12623542053
Angle 54,22546.6674646874,5094.76250840331
Angle 54,22569.4569962383,5064.32849386196
Angle 54,22592.2256407315,5033.82437269845
Angle 54,22614.9733295309,5003.25032676899
Angle 54,22637.6999937897,4972.60653888703
Angle 54,22660.4055644512,4941.89319282624
Angle 54,22683.0899722497,4911.11047332341
Angle 54,22705.7531477113,4880.25856608137
Angle 54,22728.3950211544,4849.33765777189
Angle 54,22751.015522691,4818.34793603855
Angle 54,22773.6145822271,4787.28958949952
Angle 54,22796.1921294638,4756.16280775046
Angle 54,22818.7480938982,4724.96778136723
Angle 54,22841.2824048241,4693.70470190868
Angle 54,22863.7949913331,4662.37376191939
Angle 54,22886.2857823155,4630.97515493238
Angle 54,22908.7547064611,4599.50907547173
Angle 54,22931.2016922603,4567.97571905532
Angle 54,22953.6266680051,4536.37528219735
Angle 54,22976.0295617901,4504.70796241101
Angle 54,22998.4103015135,4472.97395821099
Angle 54,23020.7688148781,4441.173469116
Angle 54,23043.1050293924,4409.30669565132
Angle 54,23065.4188723719,4377.37383935119
Angle 54,23087.7102709398,4345.37510276128
Angle 54,23109.9791520283,4313.31068944108
Angle 54,23132.2254423802,4281.18080396626
Angle 54,23154.4490685491,4248.98565193097
Angle 54,23176.6499569017,4216.72543995016
Angle 54,23198.828033618,4184.40037566183
Angle 54,23220.9832246933,4152.01066772922
Angle 54,23243.1154559391,4119.55652584303
Angle 54,23265.2246529845,4087.0381607235
Angle 54,23287.3107412772,4054.45578412259
Angle 54,23309.3736460853,4021.80960882596
Angle 54,23331.4132924984,3989.09984865504
Angle 54,23353.4296054287,3956.326718469
Angle 54,23375.4225096131,3923.49043416668
Angle 54,23397.3919296138,3890.59121268851
Angle 54,23419.3377898203,3857.62927201832
Angle 54,23441.2600144505,3824.60483118518
Angle 54,23463.1585275526,3791.51811026515
Angle 54,23485.0332530061,3758.36933038303
Angle 54,23506.8841145237,3725.15871371397
Angle 54,23528.7110356528,3691.88648348518
Angle 54,23550.5139397768,3658.55286397743
Angle 54,23572.2927501172,3625.15808052662
Angle 54,23594.0473897346,3591.70235952528
Angle 54,23615.777781531,3558.18592842396
Angle 54,23637.4838482509,3524.60901573263
Angle 54,23659.1655124835,3490.97185102204
Angle 54,23680.8226966639,3457.27466492495
Angle 54,23702.4553230754,3423.51768913738
Angle 54,23724.0633138507,3389.70115641983
Angle 54,23745.6465909743,3355.82530059829
Angle 54,23767.2050762838,3321.89035656544
Angle 54,23788.7386914722,3287.89656028154
Angle 54,23810.2473580893,3253.84414877547
Angle 54,23831.7309975439,3219.73336014557
Angle 54,23853.1895311058,3185.56443356053
Angle 54,23874.6228799076,3151.33760926013
Angle 54,23896.0309649466,3117.05312855597
Angle 54,23917.4137070869,3082.71123383215
Angle 54,23938.7710270617,3048.31216854585
Angle 54,23960.1028454748,3013.85617722787
Angle 54,23981.4090828032,2979.34350548314
Angle 54,24002.6896593989,2944.77439999108
Angle 54,24023.9444954912,2910.14910850601
Angle 54,24045.1735111887,2875.46787985736
Angle 54,24066.3766264818,2840.73096394997
Angle 54,24087.5537612446,2805.93861176419
Angle 54,24108.7048352373,2771.09107535599
Angle 54,24129.8297681084,2736.18860785697
Angle 54,24150.9284793972,2701.23146347432
Angle 54,24172.0008885359,2666.21989749066
Angle 54,24193.0469148521,2631.15416626394
Angle 54,24214.066477571,2596.03452722707
Angle 54,24235.0594958181,2560.86123888767
Angle 54,24256.0258886216,2525.63456082763
Angle 54,24276.9655749144,2490.35475370265
Angle 54,24297.8784735375,2455.02207924167
Angle 54,24318.7645032414,2419.63680024624
Angle 54,24339.6235826899,2384.19918058985
Angle 54,24360.4556304615,2348.70948521711
Angle 54,24381.260565053,2313.16798014294
Angle 54,24402.0383048813,2277.57493245158
Angle 54,24422.7887682868,2241.93061029565
Angle 54,24443.5118735356,2206.23528289497
Angle 54,24464.2075388226,2170.48922053547
Angle 54,24484.8756822739,2134.69269456789
Angle 54,24505.5162219497,2098.84597740645
Angle 54,24526.1290758474,2062.94934252744
Angle 54,24546.7141619041,2027.00306446773
Angle 54,24567.2713979995,1991.00741882315
Angle 54,24587.8007019591,1954.96268224687
Angle 54,24608.3019915567,1918.8691324476
Angle 54,24628.7751845179,1882.72704818775
Angle 54,24649.2201985224,1846.53670928155
Angle 54,24669.6369512077,1810.29839659297
Angle 54,24690.0253601718,1774.01239203365
Angle 54,24710.3853429763,1737.6789785607
Angle 54,24730.7168171494,1701.29844017443
Angle 54,24751.0197001893,1664.87106191591
Angle 54,24771.2939095674,1628.3971298646
Angle 54,24791.5393627311,1591.87693113571
Angle 54,24811.7559771072,1555.31075387759
Angle 54,24831.9436701056,1518.69888726896
Angle 54,24852.1023591217,1482.04162151609
Angle 54,24872.2319615406,1445.33924784986
Angle 54,24892.3323947398,1408.5920585227
Angle 54,24912.4035760929,1371.80034680551
Angle 54,24932.4454229729,1334.96440698441
Angle 54,24952.4578527556,1298.0845343574
Angle 54,24972.4407828231,1261.16102523099
Angle 54,24992.3941305673,1224.19417691661
Angle 54,25012.3178133934,1187.18428772707
Angle 54,25032.2117487232,1150.13165697276
Angle 54,25052.0758539993,1113.03658495789
Angle 54,25071.9100466879,1075.89937297656
Angle 54,25091.714244283,1038.72032330869
Angle 54,25111.4883643097,1001.49973921594
Angle 54,25131.2323243282,964.237924937483
Angle 54,25150.9460419373,926.935185685621
Angle 54,25170.6294347781,889.591827641396
Angle 54,25190.2824205379,852.208157950024
Angle 54,25209.9049169541,814.784484716249
Angle 54,25229.4968418174,777.321116999588
Angle 54,25249.0581129766,739.818364809471
Angle 54,25268.5886483417,702.276539100268
Angle 54,25288.0883658879,664.695951766214
Angle 54,25307.5571836601,627.076915636224
Angle 54,25326.9950197761,589.419744468601
Angle 54,25346.401792431,551.724752945631
Angle 54,25365.7774199012,513.992256668071
Angle 54,25385.1218205482,476.222572149531
Angle 54,25404.434912823,438.416016810734
Angle 54,25423.7166152697,400.572908973682
Angle 54,25442.96684653,362.693567855692
Angle 54,25462.1855253474,324.77831356334
Angle 54,25481.3725705708,286.827467086275
Angle 54,25500.5279011594,248.841350290934
Angle 54,25519.6514361862,210.820285914136
Angle 54,25538.7430948428,172.764597556569
Angle 54,25557.8027964433,134.674609676159
Angle 54,25576.8304604289,96.5506475813311
Angle 54,25595.8260063716,58.3930374241485
Angle 54,25614.7893539792,20.2021061933458
Angle 54,25624.7948014538,0
Angle 55,0,0
Angle 55,40.0379295630484,57.0820892995488
Angle 55,79.9648309336541,113.907885668745
Angle 55,119.782071338537,170.479607524421
Angle 55,159.490993070313,226.799431877795
Angle 55,199.092914096319,282.869495349943
Angle 55,238.589128648743,338.691895156046
Angle 55,277.980907796729,394.26869005959
Angle 55,317.269500001138,449.601901297608
Angle 55,356.456131652585,504.693513478028
Angle 55,395.542007593374,559.545475450132
Angle 55,434.528311623884,614.159701149105
Angle 55,473.416206993999,668.538070415588
Angle 55,512.206836880077,722.68242979114
Angle 55,550.901324848004,776.594593290454
Angle 55,589.500775302797,830.276343151139
Angle 55,628.00627392523,883.729430561862
Angle 55,666.418888095955,936.955576369595
Angle 55,704.739667307514,989.956471766693
Angle 55,742.969643564689,1042.73377895849
Angle 55,781.109831773573,1095.28913181207
Angle 55,819.161230119742,1147.62413648689
Angle 55,857.124820435907,1199.74037204782
Angle 55,895.001568559386,1251.63939106119
Angle 55,932.792424679744,1303.32272017444
Angle 55,970.498323676922,1354.79186067996
Angle 55,1008.12018545017,1406.04828906347
Angle 55,1045.65891523809,1457.09345753767
Angle 55,1083.11540393004,1507.92879456147
Angle 55,1120.49052836931,1558.55570534532
Angle 55,1157.78515164807,1608.97557234319
Angle 55,1195.00012339469,1659.18975573137
Angle 55,1232.13628005341,1709.19959387482
Angle 55,1269.1944451567,1759.00640378126
Angle 55,1306.1754295906,1808.61148154343
Angle 55,1343.0800318531,1858.01610276989
Angle 55,1379.90903830596,1907.22152300481
Angle 55,1416.66322342005,1956.22897813691
Angle 55,1453.34335001444,2005.03968479807
Angle 55,1489.95016948947,2053.65484075175
Angle 55,1526.48442205391,2102.07562527174
Angle 55,1562.94683694645,2150.30319951131
Angle 55,1599.33813265169,2198.33870686323
Angle 55,1635.65901711074,2246.18327331079
Angle 55,1671.91018792668,2293.83800777022
Angle 55,1708.0923325649,2341.30400242468
Angle 55,1744.20612854864,2388.58233305008
Angle 55,1780.25224364973,2435.67405933303
Angle 55,1816.23133607474,2482.580225181
Angle 55,1852.14405464661,2529.30185902516
Angle 55,1887.99103898205,2575.83997411587
Angle 55,1923.77291966459,2622.19556881113
Angle 55,1959.49031841363,2668.36962685829
Angle 55,1995.14384824942,2714.36311766902
Angle 55,2030.73411365428,2760.17699658785
Angle 55,2066.26171072996,2805.81220515447
Angle 55,2101.7272273514,2851.26967135994
Angle 55,2137.13124331694,2896.55030989692
Angle 55,2172.47433049505,2941.65502240417
Angle 55,2207.7570529677,2986.5846977055
Angle 55,2242.97996717054,3031.3402120432
Angle 55,2278.14362202979,3075.9224293062
Angle 55,2313.24855909611,3120.3322012531
Angle 55,2348.2953126755,3164.57036773016
Angle 55,2383.28440995715,3208.63775688446
Angle 55,2418.21637113862,3252.53518537223
Angle 55,2453.09170954809,3296.26345856264
Angle 55,2487.91093176399,3339.8233707371
Angle 55,2522.67453773204,3383.2157052841
Angle 55,2557.38302087967,3426.44123488988
Angle 55,2592.03686822796,3469.50072172491
Angle 55,2626.63656050121,3512.39491762634
Angle 55,2661.1825722341,3555.12456427653
Angle 55,2695.67537187658,3597.6903933777
Angle 55,2730.11542189651,3640.0931268229
Angle 55,2764.50317888012,3682.33347686336
Angle 55,2798.83909363035,3724.41214627218
Angle 55,2833.12361126309,3766.32982850472
Angle 55,2867.35717130147,3808.08720785552
Angle 55,2901.54020776813,3849.68495961199
Angle 55,2935.67314927554,3891.12375020483
Angle 55,2969.75641911454,3932.40423735546
Angle 55,3003.79043534099,3973.5270702203
Angle 55,3037.77561086065,4014.49288953208
Angle 55,3071.71235351236,4055.30232773836
Angle 55,3105.60106614947,4095.95600913714
Angle 55,3139.44214671969,4136.45455000974
Angle 55,3173.23598834327,4176.79855875099
Angle 55,3206.98297938962,4216.98863599686
Angle 55,3240.68350355246,4257.02537474942
Angle 55,3274.33793992335,4296.90936049942
Angle 55,3307.9466630639,4336.64117134637
Angle 55,3341.51004307645,4376.22137811627
Angle 55,3375.0284456734,4415.650544477
Angle 55,3408.5022322452,4454.92922705145
Angle 55,3441.93175992696,4494.05797552847
Angle 55,3475.3173816638,4533.03733277162
Angle 55,3508.65944627495,4571.86783492583
Angle 55,3541.95829851659,4610.55001152201
Angle 55,3575.21427914344,4649.08438557959
Angle 55,3608.42772496931,4687.47147370723
Angle 55,3641.59896892633,4725.71178620141
Angle 55,3674.72834012313,4763.80582714336
Angle 55,3707.81616390198,4801.75409449399
Angle 55,3740.86276189474,4839.55708018708
Angle 55,3773.86845207783,4877.21527022079
Angle 55,3806.83354882618,4914.72914474735
Angle 55,3839.75836296612,4952.09917816114
Angle 55,3872.64320182734,4989.32583918512
Angle 55,3905.48836929386,5026.40959095566
Angle 55,3938.29416585411,5063.35089110583
Angle 55,3971.06088865,5100.1501918471
Angle 55,4003.78883152521,5136.80794004963
Angle 55,4036.47828507248,5173.32457732101
Angle 55,4069.12953668017,5209.70054008366
Angle 55,4101.74287057785,5245.93625965074
Angle 55,4134.31856788118,5282.03216230076
Angle 55,4166.85690663591,5317.98866935084
Angle 55,4199.35816186112,5353.80619722863
Angle 55,4231.82260559174,5389.48515754294
Angle 55,4264.2505069202,5425.02595715321
Angle 55,4296.64213203743,5460.42899823763
Angle 55,4328.99774427318,5495.69467836012
Angle 55,4361.31760413548,5530.82339053614
Angle 55,4393.60196934958,5565.81552329733
Angle 55,4425.85109489607,5600.67146075505
Angle 55,4458.06523304848,5635.39158266274
Angle 55,4490.24463341007,5669.97626447732
Angle 55,4522.38954295011,5704.42587741943
Angle 55,4554.50020603953,5738.74078853265
Angle 55,4586.57686448583,5772.92136074181
Angle 55,4618.61975756758,5806.96795291012
Angle 55,4650.62912206821,5840.8809198955
Angle 55,4682.60519230925,5874.66061260587
Angle 55,4714.54820018301,5908.3073780535
Angle 55,4746.45837518476,5941.82155940848
Angle 55,4778.3359444443,5975.20349605132
Angle 55,4810.18113275704,6008.45352362456
Angle 55,4841.99416261454,6041.57197408363
Angle 55,4873.77525423457,6074.55917574686
Angle 55,4905.52462559068,6107.41545334455
Angle 55,4937.2424924412,6140.14112806739
Angle 55,4968.92906835789,6172.73651761397
Angle 55,5000.58456475404,6205.20193623752
Angle 55,5032.20919091208,6237.53769479199
Angle 55,5063.80315401086,6269.74410077723
Angle 55,5095.36665915235,6301.82145838355
Angle 55,5126.89990938802,6333.77006853551
Angle 55,5158.4031057447,6365.59022893505
Angle 55,5189.87644725013,6397.28223410383
Angle 55,5221.32013095799,6428.84637542501
Angle 55,5252.73435197261,6460.28294118432
Angle 55,5284.11930347324,6491.59221661041
Angle 55,5315.47517673797,6522.77448391468
Angle 55,5346.80216116725,6553.83002233038
Angle 55,5378.10044430705,6584.75910815115
Angle 55,5409.37021187163,6615.56201476896
Angle 55,5440.611647766,6646.23901271139
Angle 55,5471.82493410796,6676.79036967842
Angle 55,5503.0102512499,6707.21635057858
Angle 55,5534.16777780014,6737.51721756457
Angle 55,5565.29769064403,6767.69323006833
Angle 55,5596.40016496469,6797.74464483556
Angle 55,5627.47537426341,6827.6717159597
Angle 55,5658.52349037982,6857.47469491543
Angle 55,5689.54468351161,6887.15383059163
Angle 55,5720.53912223409,6916.70936932381
Angle 55,5751.50697351938,6946.14155492614
Angle 55,5782.44840275531,6975.45062872288
Angle 55,5813.36357376404,7004.63682957944
Angle 55,5844.25264882043,7033.7003939329
Angle 55,5875.1157886701,7062.64155582211
Angle 55,5905.95315254721,7091.46054691734
Angle 55,5936.764898192,7120.15759654948
Angle 55,5967.55118186806,7148.73293173881
Angle 55,5998.31215837937,7177.18677722333
Angle 55,6029.04798108699,7205.5193554867
Angle 55,6059.75880192566,7233.73088678576
Angle 55,6090.44477142,7261.82158917764
Angle 55,6121.10603870056,7289.79167854646
Angle 55,6151.74275151963,7317.64136862969
Angle 55,6182.35505626677,7345.37087104407
Angle 55,6212.94309798419,7372.98039531121
Angle 55,6243.5070203818,7400.47014888274
Angle 55,6274.04696585218,7427.84033716521
Angle 55,6304.56307548517,7455.09116354455
Angle 55,6335.05548908242,7482.22282941018
Angle 55,6365.52434517158,7509.23553417885
Angle 55,6395.96978102037,7536.12947531803
Angle 55,6426.39193265045,7562.90484836909
Angle 55,6456.79093485106,7589.56184697006
Angle 55,6487.16692119246,7616.10066287811
Angle 55,6517.52002403923,7642.52148599169
Angle 55,6547.8503745633,7668.82450437242
Angle 55,6578.1581027569,7695.00990426657
Angle 55,6608.4433374452,7721.07787012637
Angle 55,6638.70620629892,7747.0285846309
Angle 55,6668.94683584661,7772.86222870677
Angle 55,6699.1653514869,7798.57898154851
Angle 55,6729.36187750044,7824.17902063862
Angle 55,6759.53653706181,7849.66252176745
Angle 55,6789.68945225115,7875.02965905267
Angle 55,6819.82074406571,7900.28060495861
Angle 55,6849.93053243119,7925.41553031524
Angle 55,6880.01893621292,7950.43460433697
Angle 55,6910.08607322695,7975.3379946411
Angle 55,6940.13206025092,8000.12586726614
Angle 55,6970.15701303479,8024.79838668977
Angle 55,7000.16104631147,8049.35571584665
Angle 55,7030.14427380723,8073.79801614592
Angle 55,7060.10680825203,8098.12544748852
Angle 55,7090.04876138972,8122.33816828427
Angle 55,7119.97024398802,8146.43633546867
Angle 55,7149.87136584842,8170.42010451959
Angle 55,7179.75223581598,8194.28962947362
Angle 55,7209.61296178893,8218.04506294227
Angle 55,7239.45365072816,8241.68655612796
Angle 55,7269.27440866663,8265.21425883978
Angle 55,7299.07534071855,8288.62831950906
Angle 55,7328.8565510886,8311.92888520472
Angle 55,7358.61814308083,8335.11610164843
Angle 55,7388.3602191076,8358.1901132296
Angle 55,7418.08288069833,8381.15106302014
Angle 55,7447.78622850814,8403.99909278905
Angle 55,7477.47036232638,8426.73434301681
Angle 55,7507.13538108506,8449.3569529096
Angle 55,7536.78138286715,8471.86706041335
Angle 55,7566.40846491477,8494.2648022276
Angle 55,7596.0167236373,8516.55031381914
Angle 55,7625.60625461933,8538.72372943558
Angle 55,7655.17715262859,8560.78518211865
Angle 55,7684.72951162367,8582.73480371739
Angle 55,7714.26342476174,8604.57272490116
Angle 55,7743.7789844061,8626.2990751725
Angle 55,7773.27628213366,8647.91398287978
Angle 55,7802.75540874232,8669.41757522979
Angle 55,7832.21645425826,8690.80997830007
Angle 55,7861.65950794312,8712.09131705115
Angle 55,7891.08465830109,8733.26171533865
Angle 55,7920.49199308595,8754.32129592516
Angle 55,7949.88159930792,8775.27018049207
Angle 55,7979.25356324055,8796.1084896512
Angle 55,8008.60797042743,8816.83634295628
Angle 55,8037.94490568883,8837.45385891433
Angle 55,8067.26445312827,8857.96115499687
Angle 55,8096.56669613905,8878.35834765105
Angle 55,8125.85171741056,8898.64555231053
Angle 55,8155.11959893468,8918.8228834064
Angle 55,8184.37042201197,8938.8904543778
Angle 55,8213.60426725786,8958.84837768254
Angle 55,8242.82121460869,8978.69676480754
Angle 55,8272.02134332776,8998.43572627912
Angle 55,8301.20473201123,9018.06537167326
Angle 55,8330.37145859395,9037.58580962565
Angle 55,8359.52160035531,9056.99714784164
Angle 55,8388.65523392487,9076.29949310613
Angle 55,8417.77243528802,9095.49295129331
Angle 55,8446.87327979158,9114.57762737622
Angle 55,8475.95784214922,9133.55362543636
Angle 55,8505.02619644696,9152.421048673
Angle 55,8534.07841614848,9171.17999941255
Angle 55,8563.11457410042,9189.83057911773
Angle 55,8592.13474253759,9208.37288839663
Angle 55,8621.13899308818,9226.80702701175
Angle 55,8650.12739677878,9245.13309388883
Angle 55,8679.10002403948,9263.35118712567
Angle 55,8708.05694470877,9281.4614040008
Angle 55,8736.99822803851,9299.46384098207
Angle 55,8765.92394269875,9317.35859373515
Angle 55,8794.83415678249,9335.14575713194
Angle 55,8823.72893781045,9352.82542525886
Angle 55,8852.60835273571,9370.39769142506
Angle 55,8881.47246794832,9387.86264817056
Angle 55,8910.32134927986,9405.2203872743
Angle 55,8939.15506200796,9422.47099976207
Angle 55,8967.97367086068,9439.61457591436
Angle 55,8996.77724002098,9456.65120527419
Angle 55,9025.56583313097,9473.58097665476
Angle 55,9054.33951329624,9490.40397814707
Angle 55,9083.09834309008,9507.12029712747
Angle 55,9111.84238455765,9523.7300202651
Angle 55,9140.5716992201,9540.23323352927
Angle 55,9169.28634807865,9556.63002219673
Angle 55,9197.98639161859,9572.92047085894
Angle 55,9226.67188981332,9589.10466342915
Angle 55,9255.34290212818,9605.18268314953
Angle 55,9283.99948752442,9621.15461259811
Angle 55,9312.64170446296,9637.02053369576
Angle 55,9341.26961090822,9652.78052771298
Angle 55,9369.88326433183,9668.43467527673
Angle 55,9398.48272171633,9683.98305637712
Angle 55,9427.06803955885,9699.42575037405
Angle 55,9455.63927387463,9714.76283600383
Angle 55,9484.19648020068,9729.99439138561
Angle 55,9512.73971359921,9745.1204940279
Angle 55,9541.26902866116,9760.14122083492
Angle 55,9569.78447950961,9775.05664811291
Angle 55,9598.28611980314,9789.86685157639
Angle 55,9626.77400273926,9804.57190635438
Angle 55,9655.2481810576,9819.17188699649
Angle 55,9683.7087070433,9833.66686747901
Angle 55,9712.15563253013,9848.05692121092
Angle 55,9740.58900890376,9862.34212103986
Angle 55,9769.00888710487,9876.52253925802
Angle 55,9797.41531763225,9890.59824760796
Angle 55,9825.80835054591,9904.56931728843
Angle 55,9854.18803547009,9918.43581896006
Angle 55,9882.55442159629,9932.19782275107
Angle 55,9910.90755768618,9945.85539826288
Angle 55,9939.24749207458,9959.40861457569
Angle 55,9967.57427267233,9972.85754025395
Angle 55,9995.88794696915,9986.20224335191
Angle 55,10024.1885620365,9999.44279141897
Angle 55,10052.4761645302,10012.579251505
Angle 55,10080.7508006935,10025.6116901659
Angle 55,10109.0125163595,10038.5401734686
Angle 55,10137.2613569541,10051.3647669962
Angle 55,10165.4973674983,10064.0855358536
Angle 55,10193.7205926111,10076.7025446721
Angle 55,10221.9310765122,10089.2158576151
Angle 55,10250.1288630243,10101.6255383822
Angle 55,10278.3139955756,10113.9316502154
Angle 55,10306.4865172025,10126.1342559028
Angle 55,10334.6464705522,10138.2334177847
Angle 55,10362.7938978847,10150.2291977574
Angle 55,10390.9288410754,10162.1216572788
Angle 55,10419.0513416178,10173.9108573728
Angle 55,10447.1614406254,10185.596858634
Angle 55,10475.2591788341,10197.1797212328
Angle 55,10503.3445966048,10208.6595049195
Angle 55,10531.4177339254,10220.0362690295
Angle 55,10559.4786304132,10231.3100724874
Angle 55,10587.5273253168,10242.4809738117
Angle 55,10615.5638575188,10253.5490311196
Angle 55,10643.5882655374,10264.514302131
Angle 55,10671.600587529,10275.3768441732
Angle 55,10699.6008612902,10286.1367141853
Angle 55,10727.5891242594,10296.7939687226
Angle 55,10755.5654135198,10307.3486639607
Angle 55,10783.5297658004,10317.8008557002
Angle 55,10811.482217479,10328.1505993704
Angle 55,10839.4228045832,10338.397950034
Angle 55,10867.3515627932,10348.5429623913
Angle 55,10895.2685274432,10358.585690784
Angle 55,10923.1737335237,10368.5261891996
Angle 55,10951.067215683,10378.3645112755
Angle 55,10978.9490082294,10388.100710303
Angle 55,11006.8191451327,10397.7348392314
Angle 55,11034.6776600266,10407.2669506719
Angle 55,11062.5245862098,10416.6970969016
Angle 55,11090.3599566482,10426.0253298677
Angle 55,11118.1838039767,10435.2517011912
Angle 55,11145.9961605006,10444.3762621707
Angle 55,11173.7970581977,10453.3990637865
Angle 55,11201.5865287198,10462.3201567042
Angle 55,11229.3646033943,10471.139591279
Angle 55,11257.131313226,10479.8574175588
Angle 55,11284.8866888986,10488.4736852884
Angle 55,11312.6307607766,10496.9884439133
Angle 55,11340.3635589066,10505.401742583
Angle 55,11368.0851130188,10513.7136301552
Angle 55,11395.7954525289,10521.9241551991
Angle 55,11423.4946065394,10530.033365999
Angle 55,11451.1826038413,10538.0413105583
Angle 55,11478.8594729153,10545.9480366027
Angle 55,11506.5252419335,10553.7535915839
Angle 55,11534.179938761,10561.4580226833
Angle 55,11561.8235909569,10569.0613768151
Angle 55,11589.4562257763,10576.5637006305
Angle 55,11617.0778701711,10583.9650405204
Angle 55,11644.688550792,10591.2654426193
Angle 55,11672.2882939895,10598.4649528088
Angle 55,11699.8771258152,10605.5636167206
Angle 55,11727.4550720235,10612.5614797403
Angle 55,11755.0221580726,10619.4585870107
Angle 55,11782.578409126,10626.2549834351
Angle 55,11810.1238500538,10632.9507136804
Angle 55,11837.6585054336,10639.5458221807
Angle 55,11865.1823995525,10646.0403531408
Angle 55,11892.6955564076,10652.4343505389
Angle 55,11920.1979997079,10658.7278581304
Angle 55,11947.6897528748,10664.9209194506
Angle 55,11975.1708390439,10671.0135778185
Angle 55,12002.6412810661,10677.0058763396
Angle 55,12030.1011015083,10682.8978579095
Angle 55,12057.5503226554,10688.6895652164
Angle 55,12084.9889665104,10694.3810407449
Angle 55,12112.4170547967,10699.9723267788
Angle 55,12139.8346089581,10705.4634654044
Angle 55,12167.2416501608,10710.8544985134
Angle 55,12194.6381992939,10716.1454678063
Angle 55,12222.0242769708,10721.3364147951
Angle 55,12249.3999035301,10726.4273808067
Angle 55,12276.7650990369,10731.4184069856
Angle 55,12304.1198832835,10736.3095342973
Angle 55,12331.4642757905,10741.1008035311
Angle 55,12358.7982958082,10745.792255303
Angle 55,12386.1219623171,10750.3839300591
Angle 55,12413.4352940292,10754.8758680781
Angle 55,12440.7383093888,10759.2681094745
Angle 55,12468.0310265737,10763.5606942015
Angle 55,12495.3134634958,10767.753662054
Angle 55,12522.5856378024,10771.8470526714
Angle 55,12549.8475668771,10775.8409055406
Angle 55,12577.0992678404,10779.7352599989
Angle 55,12604.3407575508,10783.5301552368
Angle 55,12631.572052606,10787.225630301
Angle 55,12658.7931693433,10790.821724097
Angle 55,12686.0041238408,10794.3184753923
Angle 55,12713.204931918,10797.7159228191
Angle 55,12740.3956091369,10801.0141048769
Angle 55,12767.5761708029,10804.2130599357
Angle 55,12794.7466319653,10807.3128262384
Angle 55,12821.9070074185,10810.313441904
Angle 55,12849.0573117026,10813.2149449301
Angle 55,12876.1975591042,10816.0173731956
Angle 55,12903.3277636572,10818.7207644638
Angle 55,12930.4479391438,10821.325156385
Angle 55,12957.5580990951,10823.830586499
Angle 55,12984.6582567917,10826.2370922382
Angle 55,13011.748425265,10828.54471093
Angle 55,13038.8286172972,10830.7534797997
Angle 55,13065.8988454227,10832.8634359734
Angle 55,13092.9591219285,10834.8746164801
Angle 55,13120.0094588551,10836.7870582549
Angle 55,13147.0498679969,10838.6007981416
Angle 55,13174.0803609033,10840.3158728952
Angle 55,13201.1009488792,10841.9323191847
Angle 55,13228.1116429856,10843.4501735955
Angle 55,13255.1124540406,10844.8694726324
Angle 55,13282.1033926197,10846.1902527222
Angle 55,13309.0844690566,10847.4125502158
Angle 55,13336.0556934441,10848.5364013917
Angle 55,13363.0170756343,10849.5618424576
Angle 55,13389.9686252397,10850.4889095541
Angle 55,13416.9103516335,10851.3176387561
Angle 55,13443.8422639502,10852.0480660766
Angle 55,13470.7643710867,10852.6802274682
Angle 55,13497.6766817023,10853.2141588265
Angle 55,13524.5792042197,10853.6498959922
Angle 55,13551.4719468255,10853.9874747537
Angle 55,13578.3549174706,10854.2269308499
Angle 55,13605.2281238712,10854.3682999725
Angle 55,13632.0915735089,10854.4116177688
Angle 55,13658.9452736316,10854.3569198438
Angle 55,13685.7892312539,10854.2042417631
Angle 55,13712.6234531578,10853.9536190554
Angle 55,13739.4479458932,10853.605087215
Angle 55,13766.2627157781,10853.158681704
Angle 55,13793.0677688998,10852.6144379552
Angle 55,13819.8631111149,10851.9723913744
Angle 55,13846.6487480499,10851.2325773431
Angle 55,13873.4246851021,10850.3950312207
Angle 55,13900.1909274394,10849.459788347
Angle 55,13926.9474800015,10848.4268840451
Angle 55,13953.6943475001,10847.2963536234
Angle 55,13980.4315344193,10846.0682323781
Angle 55,14007.1590450163,10844.7425555961
Angle 55,14033.8768833217,10843.3193585569
Angle 55,14060.58505314,10841.7986765356
Angle 55,14087.2835580503,10840.1805448047
Angle 55,14113.9724014063,10838.4649986372
Angle 55,14140.6515863372,10836.6520733087
Angle 55,14167.3211157479,10834.7418040999
Angle 55,14193.9809923197,10832.7342262988
Angle 55,14220.6312185104,10830.6293752038
Angle 55,14247.2717965548,10828.4272861251
Angle 55,14273.9027284655,10826.1279943883
Angle 55,14300.5240160329,10823.7315353357
Angle 55,14327.1356608256,10821.2379443297
Angle 55,14353.7376641912,10818.6472567542
Angle 55,14380.3300272565,10815.9595080181
Angle 55,14406.9127509278,10813.1747335568
Angle 55,14433.4858358912,10810.292968835
Angle 55,14460.0492826135,10807.3142493492
Angle 55,14486.6030913421,10804.2386106297
Angle 55,14513.1472621055,10801.0660882435
Angle 55,14539.6817947137,10797.7967177961
Angle 55,14566.2066887587,10794.4305349346
Angle 55,14592.7219436146,10790.9675753493
Angle 55,14619.2275584383,10787.4078747766
Angle 55,14645.7235321695,10783.7514690015
Angle 55,14672.2098635312,10779.9983938592
Angle 55,14698.6865510303,10776.1486852385
Angle 55,14725.1535929573,10772.2023790833
Angle 55,14751.6109873875,10768.1595113955
Angle 55,14778.0587321804,10764.0201182371
Angle 55,14804.496824981,10759.7842357326
Angle 55,14830.9252632192,10755.4519000717
Angle 55,14857.3440441107,10751.0231475111
Angle 55,14883.7531646572,10746.4980143771
Angle 55,14910.1526216466,10741.8765370681
Angle 55,14936.5424116533,10737.1587520568
Angle 55,14962.9225310388,10732.3446958926
Angle 55,14989.2929759515,10727.434405204
Angle 55,15015.6537423274,10722.4279167007
Angle 55,15042.0048258901,10717.3252671763
Angle 55,15068.3462221514,10712.1264935103
Angle 55,15094.6779264113,10706.831632671
Angle 55,15120.9999337582,10701.4407217169
Angle 55,15147.3122390697,10695.9537978002
Angle 55,15173.6148370122,10690.370898168
Angle 55,15199.9077220416,10684.6920601656
Angle 55,15226.1908884034,10678.9173212383
Angle 55,15252.4643301329,10673.0467189338
Angle 55,15278.7280410555,10667.0802909047
Angle 55,15304.9820147871,10661.0180749106
Angle 55,15331.226244734,10654.8601088208
Angle 55,15357.4607240935,10648.6064306162
Angle 55,15383.685445854,10642.257078392
Angle 55,15409.9004027948,10635.8120903599
Angle 55,15436.1055874872,10629.2715048503
Angle 55,15462.3009922939,10622.6353603148
Angle 55,15488.4866093697,10615.9036953287
Angle 55,15514.6624306614,10609.0765485928
Angle 55,15540.8284479082,10602.1539589362
Angle 55,15566.9846526418,10595.1359653187
Angle 55,15593.131036187,10588.0226068327
Angle 55,15619.2675896609,10580.8139227058
Angle 55,15645.3943039743,10573.5099523033
Angle 55,15671.511169831,10566.1107351301
Angle 55,15697.6181777284,10558.6163108334
Angle 55,15723.7153179574,10551.026719205
Angle 55,15749.8025806031,10543.3420001834
Angle 55,15775.8799555442,10535.5621938566
Angle 55,15801.9474324538,10527.6873404638
Angle 55,15828.0050007993,10519.7174803982
Angle 55,15854.0526498426,10511.6526542095
Angle 55,15880.09036864,10503.4929026055
Angle 55,15906.118146043,10495.2382664553
Angle 55,15932.1359706977,10486.8887867912
Angle 55,15958.1438310453,10478.4445048109
Angle 55,15984.1417153224,10469.9054618804
Angle 55,16010.1296115607,10461.2716995358
Angle 55,16036.1075075876,10452.5432594858
Angle 55,16062.0753910258,10443.7201836143
Angle 55,16088.033249294,10434.8025139826
Angle 55,16113.9810696065,10425.7902928315
Angle 55,16139.9188389736,10416.6835625841
Angle 55,16165.8465442017,10407.482365848
Angle 55,16191.7641718932,10398.1867454174
Angle 55,16217.671708447,10388.7967442759
Angle 55,16243.5691400582,10379.3124055985
Angle 55,16269.4564527182,10369.7337727543
Angle 55,16295.333632215,10360.0608893084
Angle 55,16321.2006641334,10350.2937990249
Angle 55,16347.0575338548,10340.4325458688
Angle 55,16372.9042265571,10330.4771740086
Angle 55,16398.7407272153,10320.4277278184
Angle 55,16424.5670206013,10310.2842518808
Angle 55,16450.383091284,10300.0467909888
Angle 55,16476.1889236291,10289.7153901484
Angle 55,16501.9845017997,10279.2900945811
Angle 55,16527.7698097558,10268.770949726
Angle 55,16553.5448312546,10258.1580012425
Angle 55,16579.3095498508,10247.4512950125
Angle 55,16605.0639488962,10236.6508771429
Angle 55,16630.8080115398,10225.756793968
Angle 55,16656.5417207281,10214.769092052
Angle 55,16682.2650592051,10203.6878181912
Angle 55,16707.9780095121,10192.5130194166
Angle 55,16733.6805539877,10181.2447429963
Angle 55,16759.3726747681,10169.883036438
Angle 55,16785.054353787,10158.427947491
Angle 55,16810.7255727755,10146.8795241493
Angle 55,16836.3863132623,10135.2378146537
Angle 55,16862.0365565735,10123.5028674942
Angle 55,16887.6762838327,10111.6747314123
Angle 55,16913.305475961,10099.7534554041
Angle 55,16938.9241136771,10087.7390887219
Angle 55,16964.5321774971,10075.6316808774
Angle 55,16990.1296477345,10063.4312816437
Angle 55,17015.7165045003,10051.1379410579
Angle 55,17041.292727703,10038.7517094238
Angle 55,17066.8582970484,10026.2726373139
Angle 55,17092.4131920397,10013.7007755724
Angle 55,17117.9573919774,10001.0361753174
Angle 55,17143.4908759595,9988.27888794339
Angle 55,17169.0136228811,9975.4289651239
Angle 55,17194.5256114345,9962.48645881389
Angle 55,17220.0268201093,9949.45142125231
Angle 55,17245.5172271921,9936.32390496459
Angle 55,17270.9968107667,9923.10396276519
Angle 55,17296.4655487138,9909.79164776011
Angle 55,17321.9234187112,9896.38701334943
Angle 55,17347.3703982335,9882.89011322985
Angle 55,17372.8064645522,9869.30100139721
Angle 55,17398.2315947355,9855.61973214909
Angle 55,17423.6457656482,9841.84636008733
Angle 55,17449.048953952,9827.98094012058
Angle 55,17474.4411361048,9814.0235274669
Angle 55,17499.8222883611,9799.97417765634
Angle 55,17525.1923867718,9785.83294653346
Angle 55,17550.5514071839,9771.59989026
Angle 55,17575.8993252409,9757.2750653174
Angle 55,17601.236116382,9742.85852850945
Angle 55,17626.5617558427,9728.35033696485
Angle 55,17651.876218654,9713.75054813987
Angle 55,17677.1794796431,9699.05921982092
Angle 55,17702.4715134325,9684.27641012722
Angle 55,17727.7522944405,9669.40217751341
Angle 55,17753.0217968806,9654.43658077216
Angle 55,17778.2799947619,9639.37967903687
Angle 55,17803.5268618884,9624.2315317843
Angle 55,17828.7623718594,9608.99219883719
Angle 55,17853.986498069,9593.661740367
Angle 55,17879.199213706,9578.2402168965
Angle 55,17904.4004917542,9562.72768930253
Angle 55,17929.5903049916,9547.12421881863
Angle 55,17954.7686259908,9531.42986703774
Angle 55,17979.9354271187,9515.64469591495
Angle 55,18005.090680536,9499.76876777014
Angle 55,18030.2343581976,9483.80214529075
Angle 55,18055.3664318523,9467.74489153446
Angle 55,18080.4868730423,9451.59706993198
Angle 55,18105.5956531035,9435.35874428972
Angle 55,18130.6927431651,9419.02997879259
Angle 55,18155.7781141493,9402.61083800672
Angle 55,18180.8517367716,9386.10138688224
Angle 55,18205.9135815401,9369.50169075605
Angle 55,18230.9636187559,9352.8118153546
Angle 55,18256.0018185121,9336.03182679665
Angle 55,18281.0281506947,9319.16179159608
Angle 55,18306.0425849814,9302.20177666472
Angle 55,18331.0450908422,9285.15184931511
Angle 55,18356.0356375387,9268.01207726333
Angle 55,18381.0141941242,9250.78252863187
Angle 55,18405.9807294435,9233.46327195239
Angle 55,18430.9352121324,9216.05437616862
Angle 55,18455.877610618,9198.5559106392
Angle 55,18480.8078931182,9180.96794514051
Angle 55,18505.7260276415,9163.29054986956
Angle 55,18530.6319819868,9145.52379544687
Angle 55,18555.5257237436,9127.66775291934
Angle 55,18580.407220291,9109.72249376314
Angle 55,18605.2764387984,9091.68808988661
Angle 55,18630.1333462247,9073.56461363321
Angle 55,18654.977909318,9055.35213778437
Angle 55,18679.8100946162,9037.05073556246
Angle 55,18704.6298684458,9018.6604806337
Angle 55,18729.4371969222,9000.18144711116
Angle 55,18754.2320459497,8981.61370955761
Angle 55,18779.0143812206,8962.95734298859
Angle 55,18803.7841682158,8944.21242287529
Angle 55,18828.5413722038,8925.37902514761
Angle 55,18853.2859582412,8906.45722619705
Angle 55,18878.0178911719,8887.44710287981
Angle 55,18902.7371356272,8868.3487325197
Angle 55,18927.4436560255,8849.16219291124
Angle 55,18952.1374165721,8829.8875623226
Angle 55,18976.8183812589,8810.52491949869
Angle 55,19001.4865138642,8791.07434366417
Angle 55,19026.1417779526,8771.53591452651
Angle 55,19050.7841368747,8751.90971227904
Angle 55,19075.4135537667,8732.19581760403
Angle 55,19100.0299915504,8712.39431167575
Angle 55,19124.6334129329,8692.50527616356
Angle 55,19149.2237804062,8672.52879323498
Angle 55,19173.8010562475,8652.46494555885
Angle 55,19198.3652025181,8632.31381630837
Angle 55,19222.9161810642,8612.07548916427
Angle 55,19247.4539535156,8591.75004831792
Angle 55,19271.9784812864,8571.33757847446
Angle 55,19296.4897255743,8550.83816485596
Angle 55,19320.9876473602,8530.25189320456
Angle 55,19345.4722074084,8509.57884978564
Angle 55,19369.9433662662,8488.81912139099
Angle 55,19394.4010842636,8467.97279534201
Angle 55,19418.8453215131,8447.03995949287
Angle 55,19443.2760379093,8426.02070223371
Angle 55,19467.6931931291,8404.91511249389
Angle 55,19492.0967466311,8383.72327974513
Angle 55,19516.4866576555,8362.44529400481
Angle 55,19540.8628852237,8341.08124583917
Angle 55,19565.2253881385,8319.63122636653
Angle 55,19589.5741249833,8298.09532726058
Angle 55,19613.9090541223,8276.47364075362
Angle 55,19638.2301337002,8254.76625963981
Angle 55,19662.5373216416,8232.97327727849
Angle 55,19686.8305756513,8211.0947875974
Angle 55,19711.109853214,8189.13088509605
Angle 55,19735.3751115935,8167.08166484894
Angle 55,19759.6263078332,8144.94722250893
Angle 55,19783.8633987555,8122.72765431053
Angle 55,19808.0863409617,8100.42305707322
Angle 55,19832.2950908317,8078.0335282048
Angle 55,19856.4896045236,8055.55916570471
Angle 55,19880.6698379741,8033.0000681674
Angle 55,19904.8357468976,8010.35633478567
Angle 55,19928.9872867863,7987.62806535406
Angle 55,19953.12441291,7964.81536027217
Angle 55,19977.247080316,7941.9183205481
Angle 55,20001.3552438284,7918.9370478018
Angle 55,20025.4488580485,7895.87164426847
Angle 55,20049.5278773544,7872.72221280198
Angle 55,20073.5922559004,7849.48885687825
Angle 55,20097.6419476175,7826.17168059869
Angle 55,20121.6769062125,7802.77078869361
Angle 55,20145.6970851685,7779.28628652567
Angle 55,20169.7024377441,7755.7182800933
Angle 55,20193.6929169735,7732.06687603414
Angle 55,20217.6684756665,7708.33218162849
Angle 55,20241.6290664078,7684.51430480281
Angle 55,20265.5746415574,7660.61335413313
Angle 55,20289.5051532499,7636.62943884853
Angle 55,20313.4205533948,7612.56266883467
Angle 55,20337.320793676,7588.41315463718
Angle 55,20361.2058255518,7564.18100746524
Angle 55,20385.0756002546,7539.86633919502
Angle 55,20408.9300687908,7515.4692623732
Angle 55,20432.769181941,7490.98989022047
Angle 55,20456.5928902592,7466.42833663504
Angle 55,20480.401144073,7441.78471619617
Angle 55,20504.1938934836,7417.05914416769
Angle 55,20527.9710883655,7392.2517365015
Angle 55,20551.7326783662,7367.36260984114
Angle 55,20575.4786129064,7342.39188152531
Angle 55,20599.2088411797,7317.3396695914
Angle 55,20622.9233121524,7292.20609277906
Angle 55,20646.6219745638,7266.99127053373
Angle 55,20670.3047769253,7241.69532301021
Angle 55,20693.9716675213,7216.3183710762
Angle 55,20717.6225944082,7190.86053631589
Angle 55,20741.257505415,7165.32194103349
Angle 55,20764.8763481426,7139.70270825683
Angle 55,20788.4790699642,7114.00296174092
Angle 55,20812.0656180251,7088.2228259715
Angle 55,20835.6359392425,7062.36242616869
Angle 55,20859.1899803055,7036.42188829048
Angle 55,20882.7276876752,7010.40133903638
Angle 55,20906.2490075844,6984.30090585097
Angle 55,20929.7538860377,6958.12071692749
Angle 55,20953.2422688113,6931.86090121148
Angle 55,20976.7141014535,6905.52158840427
Angle 55,21000.1693292838,6879.10290896668
Angle 55,21023.6078973936,6852.60499412252
Angle 55,21047.029750646,6826.02797586226
Angle 55,21070.4348336757,6799.37198694658
Angle 55,21093.8230908889,6772.63716090996
Angle 55,21117.1944664638,6745.82363206431
Angle 55,21140.5489043499,6718.93153550253
Angle 55,21163.8863482688,6691.96100710215
Angle 55,21187.2067417135,6664.91218352884
Angle 55,21210.510027949,6637.78520224011
Angle 55,21233.7961500122,6610.58020148881
Angle 55,21257.0650507116,6583.29732032678
Angle 55,21280.3166726281,6555.9366986084
Angle 55,21303.5509581144,6528.4984769942
Angle 55,21326.7678492953,6500.98279695445
Angle 55,21349.967288068,6473.3898007727
Angle 55,21373.149216102,6445.71963154941
Angle 55,21396.3135748391,6417.9724332055
Angle 55,21419.4603054939,6390.14835048592
Angle 55,21442.5893490535,6362.24752896323
Angle 55,21465.7006462781,6334.27011504115
Angle 55,21488.7941377008,6306.21625595813
Angle 55,21511.8697636276,6278.08609979091
Angle 55,21534.9274641384,6249.87979545807
Angle 55,21557.9671790861,6221.59749272353
Angle 55,21580.9888480975,6193.23934220018
Angle 55,21603.9924105736,6164.80549535332
Angle 55,21626.977805689,6136.29610450425
Angle 55,21649.9449723931,6107.71132283375
Angle 55,21672.8938494098,6079.05130438562
Angle 55,21695.8243752377,6050.31620407016
Angle 55,21718.7364881507,6021.5061776677
Angle 55,21741.630126198,5992.62138183205
Angle 55,21764.5052272043,5963.661974094
Angle 55,21787.3617287706,5934.62811286482
Angle 55,21810.1995682739,5905.51995743966
Angle 55,21833.018682868,5876.33766800105
Angle 55,21855.8190094833,5847.08140562232
Angle 55,21878.6004848277,5817.75133227104
Angle 55,21901.3630453868,5788.34761081245
Angle 55,21924.1066274239,5758.87040501283
Angle 55,21946.831166981,5729.31987954295
Angle 55,21969.5365998786,5699.69619998141
Angle 55,21992.2228617165,5669.99953281804
Angle 55,22014.8898878742,5640.23004545725
Angle 55,22037.5376135111,5610.38790622136
Angle 55,22060.1659735671,5580.47328435397
Angle 55,22082.7749027632,5550.48635002323
Angle 55,22105.3643356016,5520.42727432517
Angle 55,22127.9342063667,5490.29622928698
Angle 55,22150.4844491252,5460.09338787027
Angle 55,22173.0149977269,5429.81892397436
Angle 55,22195.5257858049,5399.47301243946
Angle 55,22218.0167467765,5369.05582904995
Angle 55,22240.4878138436,5338.56755053752
Angle 55,22262.9389199934,5308.00835458441
Angle 55,22285.3699979988,5277.37841982655
Angle 55,22307.7809804193,5246.6779258567
Angle 55,22330.1717996012,5215.90705322758
Angle 55,22352.5423876789,5185.06598345497
Angle 55,22374.8926765749,5154.15489902083
Angle 55,22397.2225980009,5123.17398337631
Angle 55,22419.5320834583,5092.12342094481
Angle 55,22441.821064239,5061.00339712504
Angle 55,22464.0894714262,5029.81409829393
Angle 55,22486.337235895,4998.5557118097
Angle 55,22508.5642883132,4967.22842601471
Angle 55,22530.7705591423,4935.83243023848
Angle 55,22552.9559786381,4904.3679148005
Angle 55,22575.1204768513,4872.83507101317
Angle 55,22597.2639836288,4841.2340911846
Angle 55,22619.3864286145,4809.56516862144
Angle 55,22641.4877412498,4777.82849763169
Angle 55,22663.5678507748,4746.02427352744
Angle 55,22685.6266862292,4714.15269262762
Angle 55,22707.6641764531,4682.21395226068
Angle 55,22729.6802500881,4650.20825076729
Angle 55,22751.6748355782,4618.13578750298
Angle 55,22773.6478611707,4585.99676284073
Angle 55,22795.5992549176,4553.79137817358
Angle 55,22817.5289446761,4521.51983591714
Angle 55,22839.4368581099,4489.18233951217
Angle 55,22861.3229226905,4456.77909342698
Angle 55,22883.1870656979,4424.31030315992
Angle 55,22905.0292142218,4391.77617524182
Angle 55,22926.8492951631,4359.1769172383
Angle 55,22948.6472352347,4326.51273775214
Angle 55,22970.4229609626,4293.7838464256
Angle 55,22992.1763986874,4260.99045394267
Angle 55,23013.9074745654,4228.13277203127
Angle 55,23035.6161145698,4195.21101346547
Angle 55,23057.3022444921,4162.22539206764
Angle 55,23078.9657899432,4129.17612271052
Angle 55,23100.6066763547,4096.06342131932
Angle 55,23122.2248289805,4062.88750487372
Angle 55,23143.820172898,4029.64859140988
Angle 55,23165.3926330094,3996.34690002235
Angle 55,23186.9421340431,3962.98265086594
Angle 55,23208.4686005554,3929.55606515765
Angle 55,23229.9719569317,3896.06736517837
Angle 55,23251.4521273879,3862.51677427474
Angle 55,23272.9090359721,3828.90451686076
Angle 55,23294.342606566,3795.23081841952
Angle 55,23315.7527628865,3761.49590550481
Angle 55,23337.1394284875,3727.70000574263
Angle 55,23358.5025267608,3693.84334783276
Angle 55,23379.8419809385,3659.92616155022
Angle 55,23401.1577140942,3625.94867774663
Angle 55,23422.4496491447,3591.91112835165
Angle 55,23443.717708852,3557.81374637421
Angle 55,23464.9618158247,3523.65676590381
Angle 55,23486.1818925195,3489.4404221117
Angle 55,23507.3778612439,3455.16495125205
Angle 55,23528.5496441569,3420.83059066299
Angle 55,23549.6971632715,3386.43757876768
Angle 55,23570.8203404565,3351.98615507529
Angle 55,23591.9190974379,3317.47656018185
Angle 55,23612.9933558015,3282.9090357712
Angle 55,23634.0430369942,3248.28382461572
Angle 55,23655.0680623262,3213.60117057706
Angle 55,23676.0683529733,3178.86131860687
Angle 55,23697.0438299782,3144.06451474736
Angle 55,23717.9944142532,3109.21100613186
Angle 55,23738.9200265818,3074.30104098533
Angle 55,23759.8205876211,3039.33486862473
Angle 55,23780.6960179038,3004.31273945942
Angle 55,23801.5462378401,2969.23490499142
Angle 55,23822.3711677203,2934.10161781566
Angle 55,23843.1707277168,2898.91313162009
Angle 55,23863.9448378862,2863.66970118579
Angle 55,23884.6934181717,2828.371582387
Angle 55,23905.4163884053,2793.019032191
Angle 55,23926.1136683102,2757.61230865808
Angle 55,23946.7851775032,2722.15167094125
Angle 55,23967.4308354966,2686.63737928601
Angle 55,23988.0505617013,2651.06969503002
Angle 55,24008.6442754286,2615.44888060264
Angle 55,24029.2118958931,2579.77519952445
Angle 55,24049.7533422149,2544.0489164067
Angle 55,24070.2685334221,2508.27029695062
Angle 55,24090.7573884537,2472.43960794675
Angle 55,24111.2198261615,2436.55711727407
Angle 55,24131.6557653133,2400.62309389918
Angle 55,24152.0651245955,2364.63780787527
Angle 55,24172.4478226151,2328.60153034115
Angle 55,24192.8037779031,2292.51453352007
Angle 55,24213.132908917,2256.37709071851
Angle 55,24233.4351340434,2220.18947632493
Angle 55,24253.7103716008,2183.95196580836
Angle 55,24273.9585398425,2147.66483571694
Angle 55,24294.1795569592,2111.3283636764
Angle 55,24314.3733410824,2074.94282838839
Angle 55,24334.5398102866,2038.50850962879
Angle 55,24354.6788825925,2002.02568824589
Angle 55,24374.7904759702,1965.49464615849
Angle 55,24394.8745083417,1928.91566635391
Angle 55,24414.9308975844,1892.28903288594
Angle 55,24434.9595615335,1855.61503087264
Angle 55,24454.9604179857,1818.8939464941
Angle 55,24474.9333847021,1782.12606699008
Angle 55,24494.878379411,1745.31168065757
Angle 55,24514.7953198114,1708.45107684824
Angle 55,24534.6841235761,1671.54454596583
Angle 55,24554.5447083548,1634.59237946337
Angle 55,24574.3769917775,1597.59486984042
Angle 55,24594.1808914576,1560.55231064011
Angle 55,24613.9563249954,1523.46499644611
Angle 55,24633.7032099811,1486.33322287954
Angle 55,24653.4214639986,1449.15728659573
Angle 55,24673.1110046284,1411.9374852809
Angle 55,24692.7717494514,1374.67411764877
Angle 55,24712.4036160522,1337.36748343702
Angle 55,24732.0065220225,1300.01788340365
Angle 55,24751.5803849647,1262.62561932329
Angle 55,24771.1251224954,1225.19099398338
Angle 55,24790.6406522488,1187.71431118018
Angle 55,24810.1268918807,1150.1958757148
Angle 55,24829.5837590716,1112.63599338904
Angle 55,24849.0111715308,1075.03497100111
Angle 55,24868.4090469997,1037.39311634135
Angle 55,24887.7773032556,999.710738187685
Angle 55,24907.1158581157,961.988146301132
Angle 55,24926.4246294405,924.225651421085
Angle 55,24945.7035351377,886.423565260547
Angle 55,24964.9524931661,848.582200501236
Angle 55,24984.1714215393,810.701870788582
Angle 55,25003.3602383297,772.782890726618
Angle 55,25022.5188616723,734.825575872757
Angle 55,25041.6472097685,696.830242732458
Angle 55,25060.7452008904,658.797208753783
Angle 55,25079.8127533843,620.726792321837
Angle 55,25098.8497856753,582.619312753101
Angle 55,25117.8562162706,544.475090289651
Angle 55,25136.8319637642,506.294446093257
Angle 55,25155.7769468405,468.077702239376
Angle 55,25174.6910842787,429.825181711028
Angle 55,25193.5742949569,391.537208392555
Angle 55,25212.426497856,353.214107063272
Angle 55,25231.2476120642,314.85620339099
Angle 55,25250.0375567809,276.463823925437
Angle 55,25268.7962513213,238.037296091555
Angle 55,25287.5236151202,199.576948182679
Angle 55,25306.2195677367,161.083109353609
Angle 55,25324.8840288581,122.556109613553
Angle 55,25343.5169183045,83.9962798189627
Angle 55,25362.1181560331,45.4039516662435
Angle 55,25380.6876621425,6.77945768435362
Angle 55,25383.938760437,0
Angle 56,0,0
Angle 56,39.033901433872,57.7721387146321
Angle 56,77.9595678956302,115.286084223025
Angle 56,116.778341020562,172.544091329631
Angle 56,155.491537864557,229.54837256039
Angle 56,194.100451507048,286.301099204321
Angle 56,232.606351635354,342.804402322968
Angle 56,271.0104851111,399.060373728868
Angle 56,309.314076519377,455.071066934202
Angle 56,347.518328701281,510.838498070706
Angle 56,385.624423270439,566.36464678191
Angle 56,423.633521114083,621.651457088686
Angle 56,461.546762879251,676.700838229076
Angle 56,499.365269444637,731.514665473322
Angle 56,537.090142378589,786.094780914969
Angle 56,574.72246438377,840.442994238894
Angle 56,612.263299728917,894.561083467073
Angle 56,649.71369466818,948.450795682847
Angle 56,687.074677848448,1002.11384773446
Angle 56,724.347260705088,1055.55192691853
Angle 56,761.532437846491,1108.76669164426
Angle 56,798.631187427803,1161.75977207883
Angle 56,835.644471514214,1214.53277077489
Angle 56,872.573236434148,1267.08726328047
Angle 56,909.418413122699,1319.42479873214
Angle 56,946.180917455633,1371.54690043176
Angle 56,982.861650574266,1423.45506640761
Angle 56,1019.46149920153,1475.1507699601
Angle 56,1055.9813359495,1526.63546019293
Angle 56,1092.42201961865,1577.9105625298
Angle 56,1128.78439548918,1628.97747921744
Angle 56,1165.06929560452,1679.83758981524
Angle 56,1201.27753904742,1730.49225167194
Angle 56,1237.40993220877,1780.94280038981
Angle 56,1273.46726904941,1831.19055027667
Angle 56,1309.45033135514,1881.23679478625
Angle 56,1345.35988898509,1931.08280694704
Angle 56,1381.19670011386,1980.72983978026
Angle 56,1416.96151146728,2030.17912670702
Angle 56,1452.65505855234,2079.43188194522
Angle 56,1488.27806588123,2128.48930089636
Angle 56,1523.83124718975,2177.35256052263
Angle 56,1559.31530565031,2226.02281971456
Angle 56,1594.73093407955,2274.50121964954
Angle 56,1630.0788151409,2322.78888414142
Angle 56,1665.35962154214,2370.88691998156
Angle 56,1700.57401622804,2418.79641727141
Angle 56,1735.72265256842,2466.51844974711
Angle 56,1770.80617454161,2514.05407509612
Angle 56,1805.82521691344,2561.40433526624
Angle 56,1840.780405412,2608.57025676724
Angle 56,1875.67235689816,2655.55285096519
Angle 56,1910.50167953216,2702.3531143699
Angle 56,1945.2689729361,2748.97202891548
Angle 56,1979.97482835271,2795.41056223433
Angle 56,2014.61982880042,2841.6696679247
Angle 56,2049.20454922475,2887.75028581201
Angle 56,2083.72955664621,2933.65334220413
Angle 56,2118.19541030485,2979.37975014073
Angle 56,2152.60266180139,3024.93040963689
Angle 56,2186.95185523523,3070.30620792124
Angle 56,2221.24352733923,3115.50801966853
Angle 56,2255.4782076115,3160.53670722704
Angle 56,2289.65641844422,3205.39312084083
Angle 56,2323.77867524955,3250.078098867
Angle 56,2357.84548658272,3294.5924679881
Angle 56,2391.85735426242,3338.93704341981
Angle 56,2425.81477348852,3383.11262911404
Angle 56,2459.71823295719,3427.12001795756
Angle 56,2493.56821497352,3470.95999196622
Angle 56,2527.36519556163,3514.63332247505
Angle 56,2561.10964457248,3558.14077032405
Angle 56,2594.80202578926,3601.48308604017
Angle 56,2628.44279703058,3644.6610100152
Angle 56,2662.03241025141,3687.67527267993
Angle 56,2695.5713116419,3730.52659467457
Angle 56,2729.05994172409,3773.21568701558
Angle 56,2762.49873544654,3815.74325125893
Angle 56,2795.88812227705,3858.10997965991
Angle 56,2829.22852629337,3900.31655532969
Angle 56,2862.52036627206,3942.36365238845
Angle 56,2895.76405577544,3984.25193611549
Angle 56,2928.96000323687,4025.98206309612
Angle 56,2962.10861204412,4067.55468136557
Angle 56,2995.21028062115,4108.97043054993
Angle 56,3028.26540250818,4150.22994200424
Angle 56,3061.27436644009,4191.33383894774
Angle 56,3094.23755642335,4232.28273659637
Angle 56,3127.15535181125,4273.07724229265
Angle 56,3160.02812737775,4313.71795563287
Angle 56,3192.85625338976,4354.20546859183
Angle 56,3225.64009567807,4394.54036564501
Angle 56,3258.3800157068,4434.72322388836
Angle 56,3291.0763706415,4474.75461315573
Angle 56,3323.72951341594,4514.63509613394
Angle 56,3356.33979279755,4554.36522847567
Angle 56,3388.90755345165,4593.94555891003
Angle 56,3421.43313600432,4633.37662935114
Angle 56,3453.9168771042,4672.65897500447
Angle 56,3486.35910948297,4711.79312447118
Angle 56,3518.76016201473,4750.77959985046
Angle 56,3551.12035977427,4789.6189168399
Angle 56,3583.44002409417,4828.31158483398
Angle 56,3615.71947262086,4866.85810702062
Angle 56,3647.95901936961,4905.25898047597
Angle 56,3680.15897477846,4943.51469625741
Angle 56,3712.31964576123,4981.62573949472
Angle 56,3744.44133575937,5019.5925894797
Angle 56,3776.52434479308,5057.41571975397
Angle 56,3808.56896951122,5095.09559819521
Angle 56,3840.57550324055,5132.63268710182
Angle 56,3872.54423603387,5170.02744327601
Angle 56,3904.47545471739,5207.28031810532
Angle 56,3936.3694429372,5244.39175764272
Angle 56,3968.22648120488,5281.36220268521
Angle 56,4000.04684694234,5318.19208885102
Angle 56,4031.83081452577,5354.88184665536
Angle 56,4063.57865532887,5391.43190158491
Angle 56,4095.29063776526,5427.84267417085
Angle 56,4126.96702733017,5464.1145800607
Angle 56,4158.60808664138,5500.24803008877
Angle 56,4190.21407547939,5536.24343034549
Angle 56,4221.78525082694,5572.10118224538
Angle 56,4253.32186690781,5607.82168259391
Angle 56,4284.82417522494,5643.40532365319
Angle 56,4316.29242459789,5678.85249320643
Angle 56,4347.72686119964,5714.16357462139
Angle 56,4379.12772859277,5749.33894691263
Angle 56,4410.49526776497,5784.37898480274
Angle 56,4441.829717164,5819.28405878251
Angle 56,4473.13131273201,5854.05453517003
Angle 56,4504.40028793928,5888.69077616884
Angle 56,4535.6368738174,5923.19313992502
Angle 56,4566.84129899186,5957.56198058337
Angle 56,4598.01378971412,5991.79764834258
Angle 56,4629.15456989311,6025.90048950953
Angle 56,4660.26386112621,6059.87084655265
Angle 56,4691.34188272974,6093.70905815435
Angle 56,4722.38885176888,6127.41545926265
Angle 56,4753.40498308716,6160.99038114187
Angle 56,4784.39048933541,6194.43415142255
Angle 56,4815.34558100025,6227.74709415049
Angle 56,4846.27046643212,6260.929529835
Angle 56,4877.16535187284,6293.98177549639
Angle 56,4908.03044148271,6326.90414471263
Angle 56,4938.86593736717,6359.69694766529
Angle 56,4969.67203960308,6392.36049118471
Angle 56,5000.44894626446,6424.89507879442
Angle 56,5031.19685344793,6457.30101075492
Angle 56,5061.91595529769,6489.57858410665
Angle 56,5092.60644403007,6521.72809271236
Angle 56,5123.26850995775,6553.74982729876
Angle 56,5153.90234151355,6585.6440754975
Angle 56,5184.50812527384,6617.41112188549
Angle 56,5215.08604598162,6649.05124802467
Angle 56,5245.6362865692,6680.56473250102
Angle 56,5276.1590281805,6711.95185096305
Angle 56,5306.65445019307,6743.21287615966
Angle 56,5337.12273023971,6774.34807797738
Angle 56,5367.56404422976,6805.35772347709
Angle 56,5397.97856637007,6836.2420769301
Angle 56,5428.36646918564,6867.00139985376
Angle 56,5458.72792353996,6897.63595104639
Angle 56,5489.06309865499,6928.14598662182
Angle 56,5519.37216213087,6958.53176004329
Angle 56,5549.65527996533,6988.79352215688
Angle 56,5579.91261657276,7018.93152122442
Angle 56,5610.14433480307,7048.94600295592
Angle 56,5640.35059596016,7078.83721054147
Angle 56,5670.53155982019,7108.60538468267
Angle 56,5700.68738464957,7138.25076362363
Angle 56,5730.81822722261,7167.77358318145
Angle 56,5760.92424283898,7197.17407677625
Angle 56,5791.00558534086,7226.4524754608
Angle 56,5821.06240712988,7255.60900794964
Angle 56,5851.09485918376,7284.64390064785
Angle 56,5881.10309107273,7313.5573776793
Angle 56,5911.08725097571,7342.34966091456
Angle 56,5941.0474856962,7371.02096999838
Angle 56,5970.98394067803,7399.57152237674
Angle 56,6000.89676002079,7428.00153332354
Angle 56,6030.78608649509,7456.31121596688
Angle 56,6060.65206155756,7484.50078131498
Angle 56,6090.49482536563,7512.57043828168
Angle 56,6120.31451679217,7540.52039371164
Angle 56,6150.1112734398,7568.35085240513
Angle 56,6179.88523165508,7596.06201714246
Angle 56,6209.63652654246,7623.65408870808
Angle 56,6239.36529197804,7651.12726591435
Angle 56,6269.07166062312,7678.48174562495
Angle 56,6298.7557639376,7705.71772277794
Angle 56,6328.41773219309,7732.83539040855
Angle 56,6358.05769448597,7759.8349396716
Angle 56,6387.67577875012,7786.7165598636
Angle 56,6417.27211176962,7813.48043844461
Angle 56,6446.84681919109,7840.12676105971
Angle 56,6476.40002553607,7866.65571156023
Angle 56,6505.93185421302,7893.06747202464
Angle 56,6535.4424275293,7919.3622227792
Angle 56,6564.9318667029,7945.54014241827
Angle 56,6594.40029187405,7971.6014078244
Angle 56,6623.84782211662,7997.5461941881
Angle 56,6653.27457544944,8023.37467502734
Angle 56,6682.68066884737,8049.08702220684
Angle 56,6712.06621825229,8074.68340595701
Angle 56,6741.4313385839,8100.1639948927
Angle 56,6770.77614375038,8125.52895603166
Angle 56,6800.10074665891,8150.77845481281
Angle 56,6829.40525922603,8175.91265511417
Angle 56,6858.6897923879,8200.93171927063
Angle 56,6887.95445611032,8225.83580809142
Angle 56,6917.19935939878,8250.62508087744
Angle 56,6946.42461030818,8275.29969543825
Angle 56,6975.63031595257,8299.8598081089
Angle 56,7004.8165825147,8324.30557376651
Angle 56,7033.98351525541,8348.63714584669
Angle 56,7063.13121852295,8372.85467635965
Angle 56,7092.25979576215,8396.95831590615
Angle 56,7121.36934952348,8420.94821369327
Angle 56,7150.45998147192,8444.82451754994
Angle 56,7179.53179239584,8468.58737394224
Angle 56,7208.58488221564,8492.23692798858
Angle 56,7237.61934999234,8515.77332347459
Angle 56,7266.63529393606,8539.19670286791
Angle 56,7295.63281141431,8562.50720733274
Angle 56,7324.61199896029,8585.70497674419
Angle 56,7353.57295228099,8608.79014970248
Angle 56,7382.5157662652,8631.76286354695
Angle 56,7411.44053499143,8654.6232543699
Angle 56,7440.34735173576,8677.37145703024
Angle 56,7469.23630897949,8700.00760516693
Angle 56,7498.10749841677,8722.53183121239
Angle 56,7526.96101096215,8744.94426640555
Angle 56,7555.7969367579,8767.24504080488
Angle 56,7584.61536518143,8789.43428330121
Angle 56,7613.41638485241,8811.51212163039
Angle 56,7642.20008363997,8833.47868238578
Angle 56,7670.9665486697,8855.33409103062
Angle 56,7699.71586633058,8877.07847191022
Angle 56,7728.44812228187,8898.71194826399
Angle 56,7757.16340145981,8920.2346422374
Angle 56,7785.8617880844,8941.64667489366
Angle 56,7814.54336566586,8962.94816622539
Angle 56,7843.20821701126,8984.13923516608
Angle 56,7871.85642423085,9005.21999960139
Angle 56,7900.48806874446,9026.1905763804
Angle 56,7929.10323128772,9047.05108132664
Angle 56,7957.70199191828,9067.80162924902
Angle 56,7986.28443002187,9088.44233395266
Angle 56,8014.85062431835,9108.97330824951
Angle 56,8043.40065286765,9129.39466396894
Angle 56,8071.93459307562,9149.70651196815
Angle 56,8100.45252169989,9169.90896214244
Angle 56,8128.95451485551,9190.00212343543
Angle 56,8157.44064802067,9209.98610384909
Angle 56,8185.91099604225,9229.86101045365
Angle 56,8214.36563314133,9249.62694939751
Angle 56,8242.80463291862,9269.28402591685
Angle 56,8271.22806835988,9288.8323443453
Angle 56,8299.63601184116,9308.2720081234
Angle 56,8328.0285351341,9327.60311980795
Angle 56,8356.40570941106,9346.82578108135
Angle 56,8384.76760525022,9365.94009276068
Angle 56,8413.11429264069,9384.94615480684
Angle 56,8441.44584098742,9403.84406633344
Angle 56,8469.76231911614,9422.6339256157
Angle 56,8498.06379527825,9441.31583009919
Angle 56,8526.35033715557,9459.88987640849
Angle 56,8554.62201186511,9478.35616035574
Angle 56,8582.87888596375,9496.71477694914
Angle 56,8611.12102545283,9514.96582040127
Angle 56,8639.34849578276,9533.10938413742
Angle 56,8667.56136185748,9551.14556080373
Angle 56,8695.75968803895,9569.07444227534
Angle 56,8723.94353815152,9586.89611966434
Angle 56,8752.11297548629,9604.61068332775
Angle 56,8780.2680628054,9622.2182228753
Angle 56,8808.40886234624,9639.71882717722
Angle 56,8836.53543582567,9657.1125843719
Angle 56,8864.64784444414,9674.39958187345
Angle 56,8892.74614888974,9691.57990637923
Angle 56,8920.83040934228,9708.65364387726
Angle 56,8948.90068547724,9725.62087965356
Angle 56,8976.95703646974,9742.48169829943
Angle 56,9004.99952099836,9759.23618371861
Angle 56,9033.02819724904,9775.88441913445
Angle 56,9061.04312291885,9792.42648709686
Angle 56,9089.04435521972,9808.86246948938
Angle 56,9117.03195088214,9825.19244753599
Angle 56,9145.00596615884,9841.41650180796
Angle 56,9172.96645682838,9857.53471223062
Angle 56,9200.91347819871,9873.54715809
Angle 56,9228.8470851107,9889.45391803949
Angle 56,9256.76733194159,9905.25507010635
Angle 56,9284.67427260849,9920.95069169822
Angle 56,9312.56796057171,9936.54085960949
Angle 56,9340.44844883812,9952.02565002769
Angle 56,9368.31578996452,9967.40513853978
Angle 56,9396.17003606084,9982.67940013834
Angle 56,9424.0112387934,9997.84850922774
Angle 56,9451.8394493881,10012.9125396303
Angle 56,9479.6547186336,10027.8715645921
Angle 56,9507.45709688438,10042.7256567895
Angle 56,9535.24663406387,10057.4748883343
Angle 56,9563.02337966745,10072.1193307803
Angle 56,9590.7873827655,10086.6590551286
Angle 56,9618.5386920063,10101.0941318338
Angle 56,9646.27735561903,10115.4246308092
Angle 56,9674.0034214166,10129.650621433
Angle 56,9701.71693679858,10143.7721725535
Angle 56,9729.41794875397,10157.7893524945
Angle 56,9757.10650386399,10171.7022290614
Angle 56,9784.78264830488,10185.510869546
Angle 56,9812.4464278506,10199.2153407323
Angle 56,9840.09788787551,10212.8157089015
Angle 56,9867.73707335703,10226.3120398376
Angle 56,9895.36402887829,10239.7043988325
Angle 56,9922.97879863069,10252.9928506912
Angle 56,9950.58142641649,10266.1774597367
Angle 56,9978.17195565133,10279.2582898157
Angle 56,10005.7504293667,10292.2354043028
Angle 56,10033.3168902126,10305.1088661065
Angle 56,10060.8713804595,10317.8787376732
Angle 56,10088.4139420014,10330.5450809928
Angle 56,10115.9446163577,10343.1079576032
Angle 56,10143.4634446757,10355.5674285954
Angle 56,10170.9704677332,10367.9235546179
Angle 56,10198.4657259404,10380.176395882
Angle 56,10225.9492593422,10392.3260121658
Angle 56,10253.4211076208,10404.3724628197
Angle 56,10280.8813100975,10416.3158067704
Angle 56,10308.3299057352,10428.1561025255
Angle 56,10335.7669331403,10439.8934081785
Angle 56,10363.1924305651,10451.527781413
Angle 56,10390.6064359096,10463.059279507
Angle 56,10418.0089867239,10474.4879593379
Angle 56,10445.40012021,10485.8138773862
Angle 56,10472.7798732241,10497.0370897404
Angle 56,10500.1482822781,10508.1576521012
Angle 56,10527.5053835423,10519.1756197856
Angle 56,10554.8512128469,10530.0910477315
Angle 56,10582.1858056838,10540.9039905015
Angle 56,10609.5091972091,10551.6145022876
Angle 56,10636.8214222442,10562.2226369149
Angle 56,10664.1225152784,10572.7284478459
Angle 56,10691.4125104704,10583.1319881848
Angle 56,10718.69144165,10593.4333106814
Angle 56,10745.9593423201,10603.6324677348
Angle 56,10773.2162456586,10613.7295113982
Angle 56,10800.4621845196,10623.7244933819
Angle 56,10827.697191436,10633.6174650583
Angle 56,10854.9212986203,10643.4084774649
Angle 56,10882.1345379668,10653.0975813086
Angle 56,10909.3369410535,10662.6848269697
Angle 56,10936.528539143,10672.1702645054
Angle 56,10963.7093631849,10681.5539436538
Angle 56,10990.8794438168,10690.8359138377
Angle 56,11018.0388113664,10700.0162241683
Angle 56,11045.1874958526,10709.0949234487
Angle 56,11072.3255269876,10718.0720601782
Angle 56,11099.4529341778,10726.9476825553
Angle 56,11126.5697465258,10735.7218384817
Angle 56,11153.6759928317,10744.394575566
Angle 56,11180.7717015947,10752.965941127
Angle 56,11207.8569010142,10761.4359821976
Angle 56,11234.9316189919,10769.8047455281
Angle 56,11261.9958831324,10778.07227759
Angle 56,11289.0497207453,10786.238624579
Angle 56,11316.0931588464,10794.3038324193
Angle 56,11343.1262241587,10802.2679467661
Angle 56,11370.1489431144,10810.13101301
Angle 56,11397.1613418556,10817.8930762795
Angle 56,11424.1634462361,10825.5541814453
Angle 56,11451.1552818224,10833.1143731229
Angle 56,11478.1368738952,10840.5736956764
Angle 56,11505.1082474506,10847.9321932218
Angle 56,11532.0694272013,10855.18990963
Angle 56,11559.0204375778,10862.3468885308
Angle 56,11585.96130273,10869.4031733151
Angle 56,11612.8920465277,10876.3588071394
Angle 56,11639.8126925626,10883.213832928
Angle 56,11666.723264149,10889.9682933768
Angle 56,11693.623784325,10896.6222309564
Angle 56,11720.5142758539,10903.175687915
Angle 56,11747.3947612249,10909.6287062822
Angle 56,11774.2652626549,10915.9813278713
Angle 56,11801.1258020888,10922.2335942833
Angle 56,11827.9764012013,10928.3855469095
Angle 56,11854.8170813976,10934.4372269344
Angle 56,11881.6478638146,10940.3886753396
Angle 56,11908.468769322,10946.239932906
Angle 56,11935.2798185231,10951.9910402173
Angle 56,11962.0810317561,10957.6420376632
Angle 56,11988.8724290952,10963.1929654419
Angle 56,12015.6540303512,10968.6438635635
Angle 56,12042.4258550728,10973.9947718528
Angle 56,12069.1879225476,10979.2457299527
Angle 56,12095.940251803,10984.3967773263
Angle 56,12122.6828616072,10989.4479532609
Angle 56,12149.4157704698,10994.3992968702
Angle 56,12176.1389966435,10999.2508470974
Angle 56,12202.8525581242,11004.0026427181
Angle 56,12229.5564726525,11008.6547223436
Angle 56,12256.2507577143,11013.207124423
Angle 56,12282.9354305418,11017.6598872469
Angle 56,12309.6105081142,11022.0130489496
Angle 56,12336.2760071591,11026.2666475124
Angle 56,12362.9319441526,11030.4207207661
Angle 56,12389.5783353208,11034.475306394
Angle 56,12416.2151966403,11038.4304419349
Angle 56,12442.842543839,11042.2861647854
Angle 56,12469.4603923972,11046.0425122032
Angle 56,12496.0687575482,11049.6995213094
Angle 56,12522.667654279,11053.2572290919
Angle 56,12549.2570973314,11056.7156724075
Angle 56,12575.8371012025,11060.0748879849
Angle 56,12602.4076801455,11063.3349124276
Angle 56,12628.9688481708,11066.4957822164
Angle 56,12655.5206190463,11069.5575337123
Angle 56,12682.0630062983,11072.5202031589
Angle 56,12708.5960232124,11075.3838266856
Angle 56,12735.1196828339,11078.1484403096
Angle 56,12761.633997969,11080.8140799393
Angle 56,12788.1389811849,11083.3807813764
Angle 56,12814.634644811,11085.8485803189
Angle 56,12841.1210009394,11088.2175123636
Angle 56,12867.5980614256,11090.4876130087
Angle 56,12894.065837889,11092.6589176566
Angle 56,12920.5243417139,11094.7314616164
Angle 56,12946.9735840499,11096.7052801065
Angle 56,12973.4135758128,11098.5804082573
Angle 56,12999.8443276848,11100.3568811136
Angle 56,13026.2658501156,11102.0347336376
Angle 56,13052.6781533229,11103.6140007109
Angle 56,13079.0812472928,11105.0947171375
Angle 56,13105.4751417806,11106.4769176465
Angle 56,13131.8598463115,11107.760636894
Angle 56,13158.235370181,11108.9459094664
Angle 56,13184.6017224556,11110.0327698824
Angle 56,13210.9589119733,11111.0212525959
Angle 56,13237.3069473441,11111.9113919982
Angle 56,13263.6458369511,11112.7032224211
Angle 56,13289.9755889502,11113.3967781384
Angle 56,13316.2962112715,11113.9920933697
Angle 56,13342.6077116191,11114.4892022817
Angle 56,13368.9100974724,11114.8881389917
Angle 56,13395.2033760858,11115.1889375691
Angle 56,13421.4875544902,11115.391632039
Angle 56,13447.7626394924,11115.4962563838
Angle 56,13474.0286376768,11115.5028445459
Angle 56,13500.285555405,11115.4114304303
Angle 56,13526.5333988166,11115.2220479073
Angle 56,13552.7721738299,11114.9347308142
Angle 56,13579.001886142,11114.5495129586
Angle 56,13605.2225412299,11114.0664281202
Angle 56,13631.4341443502,11113.4855100537
Angle 56,13657.6367005401,11112.806792491
Angle 56,13683.8302146177,11112.0303091437
Angle 56,13710.0146911827,11111.1560937053
Angle 56,13736.1901346165,11110.1841798541
Angle 56,13762.3565490827,11109.1146012553
Angle 56,13788.5139385278,11107.9473915633
Angle 56,13814.6623066816,11106.6825844244
Angle 56,13840.8016570573,11105.3202134791
Angle 56,13866.9319929523,11103.8603123644
Angle 56,13893.0533174486,11102.3029147163
Angle 56,13919.1656334128,11100.6480541721
Angle 56,13945.2689434972,11098.895764373
Angle 56,13971.3632501396,11097.0460789662
Angle 56,13997.4485555639,11095.0990316074
Angle 56,14023.5248617809,11093.0546559633
Angle 56,14049.5921705879,11090.9129857139
Angle 56,14075.6504835698,11088.6740545546
Angle 56,14101.6998020991,11086.3378961989
Angle 56,14127.7401273365,11083.9045443809
Angle 56,14153.7714602311,11081.374032857
Angle 56,14179.7938015209,11078.7463954089
Angle 56,14205.8071517329,11076.0216658459
Angle 56,14231.8115111841,11073.1998780067
Angle 56,14257.8068799809,11070.2810657623
Angle 56,14283.7932580204,11067.2652630182
Angle 56,14309.7706449902,11064.1525037167
Angle 56,14335.7390403687,11060.9428218391
Angle 56,14361.6984434259,11057.6362514084
Angle 56,14387.6488532232,11054.2328264912
Angle 56,14413.5902686142,11050.7325812004
Angle 56,14439.5226882444,11047.1355496971
Angle 56,14465.4461105524,11043.4417661936
Angle 56,14491.3605337695,11039.6512649549
Angle 56,14517.2659559202,11035.7640803017
Angle 56,14543.1623748226,11031.7802466123
Angle 56,14569.0497880887,11027.6997983252
Angle 56,14594.9281931247,11023.5227699411
Angle 56,14620.797587131,11019.2491960256
Angle 56,14646.6579671031,11014.8791112112
Angle 56,14672.5093298312,11010.4125501996
Angle 56,14698.3516719011,11005.8495477643
Angle 56,14724.1849896939,11001.1901387526
Angle 56,14750.0092793867,10996.4343580881
Angle 56,14775.8245369529,10991.5822407728
Angle 56,14801.630758162,10986.6338218898
Angle 56,14827.4279385802,10981.589136605
Angle 56,14853.2160735709,10976.4482201699
Angle 56,14878.9951582943,10971.2111079238
Angle 56,14904.7651877083,10965.8778352958
Angle 56,14930.5261565683,10960.4484378074
Angle 56,14956.2780594276,10954.9229510749
Angle 56,14982.0208906378,10949.3014108113
Angle 56,15007.7546443486,10943.5838528288
Angle 56,15033.4793145086,10937.7703130411
Angle 56,15059.1948948651,10931.8608274657
Angle 56,15084.9013789645,10925.8554322262
Angle 56,15110.5987601522,10919.7541635545
Angle 56,15136.2870315735,10913.5570577932
Angle 56,15161.966186173,10907.2641513979
Angle 56,15187.6362166955,10900.8754809391
Angle 56,15213.2971156858,10894.3910831053
Angle 56,15238.948875489,10887.8109947044
Angle 56,15264.5914882505,10881.1352526665
Angle 56,15290.2249459166,10874.3638940464
Angle 56,15315.8492402345,10867.496956025
Angle 56,15341.4643627522,10860.5344759126
Angle 56,15367.0703048192,10853.4764911506
Angle 56,15392.6670575862,10846.3230393139
Angle 56,15418.2546120056,10839.0741581133
Angle 56,15443.8329588314,10831.7298853977
Angle 56,15469.4020886197,10824.2902591564
Angle 56,15494.9619917284,10816.7553175214
Angle 56,15520.5126583178,10809.1250987698
Angle 56,15546.0540783506,10801.3996413257
Angle 56,15571.5862415919,10793.5789837631
Angle 56,15597.1091376094,10785.6631648078
Angle 56,15622.6227557737,10777.6522233396
Angle 56,15648.1270852585,10769.546198395
Angle 56,15673.6221150402,10761.3451291692
Angle 56,15699.1078338986,10753.0490550183
Angle 56,15724.5842304168,10744.6580154621
Angle 56,15750.0512929814,10736.1720501858
Angle 56,15775.5090097824,10727.5911990427
Angle 56,15800.9573688136,10718.9155020564
Angle 56,15826.3963578726,10710.144999423
Angle 56,15851.8259645607,10701.2797315136
Angle 56,15877.2461762835,10692.3197388764
Angle 56,15902.6569802502,10683.2650622393
Angle 56,15928.0583634747,10674.115742512
Angle 56,15953.4503127749,10664.8718207881
Angle 56,15978.8328147731,10655.5333383481
Angle 56,16004.2058558959,10646.100336661
Angle 56,16029.5694223747,10636.5728573871
Angle 56,16054.9235002453,10626.9509423799
Angle 56,16080.2680753482,10617.234633689
Angle 56,16105.6031333287,10607.423973562
Angle 56,16130.9286596367,10597.5190044467
Angle 56,16156.2446395271,10587.5197689941
Angle 56,16181.5510580599,10577.42631006
Angle 56,16206.8479000997,10567.2386707078
Angle 56,16232.1351503162,10556.9568942107
Angle 56,16257.4127931845,10546.5810240541
Angle 56,16282.6808129843,10536.1111039377
Angle 56,16307.9391938009,10525.5471777784
Angle 56,16333.1879195243,10514.8892897121
Angle 56,16358.4269738501,10504.1374840963
Angle 56,16383.656340279,10493.2918055125
Angle 56,16408.8760021169,10482.3522987685
Angle 56,16434.085942475,10471.3190089007
Angle 56,16459.2861442698,10460.1919811768
Angle 56,16484.4765902231,10448.9712610978
Angle 56,16509.6572628619,10437.6568944004
Angle 56,16534.8281445187,10426.2489270597
Angle 56,16559.9892173311,10414.7474052913
Angle 56,16585.1404632422,10403.152375554
Angle 56,16610.2818640003,10391.4638845518
Angle 56,16635.413401159,10379.6819792365
Angle 56,16660.5350560771,10367.8067068102
Angle 56,16685.6468099188,10355.8381147277
Angle 56,16710.7486436535,10343.7762506986
Angle 56,16735.8405380556,10331.6211626902
Angle 56,16760.922473705,10319.3728989296
Angle 56,16785.9944309865,10307.0315079062
Angle 56,16811.0563900901,10294.5970383742
Angle 56,16836.1083310109,10282.0695393551
Angle 56,16861.150233549,10269.4490601398
Angle 56,16886.1820773095,10256.7356502915
Angle 56,16911.2038417024,10243.9293596479
Angle 56,16936.2155059424,10231.0302383237
Angle 56,16961.2170490494,10218.038336713
Angle 56,16986.2084498478,10204.9537054921
Angle 56,17011.1896869666,10191.7763956215
Angle 56,17036.1607388397,10178.5064583487
Angle 56,17061.1215837054,10165.1439452105
Angle 56,17086.0721996063,10151.6889080359
Angle 56,17111.0125643898,10138.1413989479
Angle 56,17135.9426557072,10124.5014703667
Angle 56,17160.8624510143,10110.7691750117
Angle 56,17185.7719275709,10096.9445659045
Angle 56,17210.6710624409,10083.0276963709
Angle 56,17235.559832492,10069.0186200439
Angle 56,17260.4382143961,10054.9173908658
Angle 56,17285.3061846285,10040.7240630912
Angle 56,17310.1637194682,10026.4386912891
Angle 56,17335.0107949979,10012.0613303459
Angle 56,17359.8473871035,9997.59203546748
Angle 56,17384.6734714744,9983.03086218228
Angle 56,17409.4890236029,9968.37786634347
Angle 56,17434.2940187847,9953.63310413171
Angle 56,17459.0884321181,9938.79663205773
Angle 56,17483.8722385045,9923.86850696489
Angle 56,17508.6454126478,9908.8487860318
Angle 56,17533.4079290543,9893.73752677496
Angle 56,17558.1597620331,9878.53478705131
Angle 56,17582.9008856951,9863.24062506091
Angle 56,17607.6312739536,9847.85509934956
Angle 56,17632.3509005237,9832.37826881143
Angle 56,17657.0597389224,9816.8101926917
Angle 56,17681.7577624684,9801.15093058923
Angle 56,17706.4449442816,9785.40054245922
Angle 56,17731.1212572837,9769.55908861585
Angle 56,17755.7866741971,9753.626629735
Angle 56,17780.4411675456,9737.60322685692
Angle 56,17805.0847096535,9721.48894138889
Angle 56,17829.7172726461,9705.28383510796
Angle 56,17854.3388284489,9688.98797016363
Angle 56,17878.9493487878,9672.60140908061
Angle 56,17903.548805189,9656.12421476147
Angle 56,17928.1371689783,9639.55645048944
Angle 56,17952.7144112817,9622.89817993111
Angle 56,17977.2805030244,9606.14946713919
Angle 56,18001.8354149311,9589.31037655527
Angle 56,18026.3791175258,9572.38097301259
Angle 56,18050.9115811315,9555.36132173879
Angle 56,18075.4327758698,9538.25148835869
Angle 56,18099.942671661,9521.05153889713
Angle 56,18124.4412382238,9503.76153978171
Angle 56,18148.9284450752,9486.38155784561
Angle 56,18173.40426153,9468.91166033043
Angle 56,18197.8686567008,9451.35191488898
Angle 56,18222.3215994978,9433.70238958815
Angle 56,18246.7630586285,9415.9631529117
Angle 56,18271.1930025977,9398.13427376317
Angle 56,18295.6113997068,9380.2158214687
Angle 56,18320.0182180541,9362.20786577988
Angle 56,18344.4134255343,9344.11047687669
Angle 56,18368.7969898383,9325.92372537033
Angle 56,18393.168878453,9307.64768230611
Angle 56,18417.5290586612,9289.28241916641
Angle 56,18441.8774975411,9270.82800787355
Angle 56,18466.2141619662,9252.28452079269
Angle 56,18490.5390186052,9233.65203073482
Angle 56,18514.8520339216,9214.93061095965
Angle 56,18539.1531741734,9196.12033517858
Angle 56,18563.4424054131,9177.22127755766
Angle 56,18587.7196934871,9158.23351272055
Angle 56,18611.9850040361,9139.15711575148
Angle 56,18636.2383024938,9119.99216219827
Angle 56,18660.479554088,9100.73872807531
Angle 56,18684.708723839,9081.39688986655
Angle 56,18708.9257765603,9061.96672452853
Angle 56,18733.1306768581,9042.44830949339
Angle 56,18757.3233891308,9022.84172267193
Angle 56,18781.503877569,9003.14704245662
Angle 56,18805.6721061552,8983.36434772464
Angle 56,18829.8280386636,8963.493717841
Angle 56,18853.9716386595,8943.53523266154
Angle 56,18878.1028694996,8923.48897253605
Angle 56,18902.2216943314,8903.35501831137
Angle 56,18926.3280760928,8883.13345133442
Angle 56,18950.4219775122,8862.82435345541
Angle 56,18974.503361108,8842.42780703085
Angle 56,18998.5721891886,8821.94389492676
Angle 56,19022.6284238517,8801.37270052174
Angle 56,19046.6720269844,8780.71430771018
Angle 56,19070.7029602629,8759.96880090537
Angle 56,19094.7211851521,8739.13626504265
Angle 56,19118.7266629053,8718.21678558263
Angle 56,19142.7193545642,8697.21044851436
Angle 56,19166.6992209585,8676.11734035847
Angle 56,19190.6662227054,8654.93754817046
Angle 56,19214.6203202097,8633.67115954381
Angle 56,19238.5614736635,8612.31826261331
Angle 56,19262.4896430457,8590.87894605817
Angle 56,19286.4047881217,8569.35329910537
Angle 56,19310.3068684437,8547.74141153282
Angle 56,19334.1958433496,8526.04337367266
Angle 56,19358.0716719635,8504.25927641453
Angle 56,19381.9343131949,8482.38921120881
Angle 56,19405.7837257389,8460.43327006995
Angle 56,19429.6198680755,8438.39154557972
Angle 56,19453.4426984695,8416.26413089054
Angle 56,19477.2521749705,8394.05111972876
Angle 56,19501.0482554122,8371.75260639802
Angle 56,19524.8308974124,8349.36868578257
Angle 56,19548.6000583728,8326.89945335056
Angle 56,19572.3556954787,8304.34500515744
Angle 56,19596.0977656984,8281.7054378493
Angle 56,19619.8262257837,8258.98084866624
Angle 56,19643.5410322687,8236.17133544569
Angle 56,19667.2421414706,8213.27699662586
Angle 56,19690.9295094883,8190.29793124911
Angle 56,19714.6030922032,8167.23423896532
Angle 56,19738.2628452784,8144.0860200353
Angle 56,19761.9087241586,8120.85337533425
Angle 56,19785.5406840696,8097.53640635511
Angle 56,19809.1586800185,8074.13521521205
Angle 56,19832.7626667933,8050.64990464389
Angle 56,19856.3525989626,8027.08057801751
Angle 56,19879.9284308752,8003.42733933136
Angle 56,19903.4901166602,7979.6902932189
Angle 56,19927.0376102267,7955.86954495203
Angle 56,19950.5708652635,7931.96520044463
Angle 56,19974.0898352387,7907.977366256
Angle 56,19997.5944733999,7883.90614959436
Angle 56,20021.0847327736,7859.75165832037
Angle 56,20044.5605661653,7835.5140009506
Angle 56,20068.0219261589,7811.19328666105
Angle 56,20091.4687651171,7786.7896252907
Angle 56,20114.9010351804,7762.303127345
Angle 56,20138.3186882676,7737.73390399943
Angle 56,20161.7216760753,7713.08206710299
Angle 56,20185.1099500777,7688.34772918182
Angle 56,20208.4834615264,7663.53100344268
Angle 56,20231.8421614503,7638.63200377656
Angle 56,20255.1860006555,7613.65084476219
Angle 56,20278.5149297248,7588.58764166968
Angle 56,20301.828899018,7563.44251046402
Angle 56,20325.1278586712,7538.21556780871
Angle 56,20348.4117585972,7512.90693106933
Angle 56,20371.6805484847,7487.51671831712
Angle 56,20394.9341777987,7462.04504833259
Angle 56,20418.1725957802,7436.49204060913
Angle 56,20441.3957514459,7410.85781535658
Angle 56,20464.6035935882,7385.14249350486
Angle 56,20487.796070775,7359.34619670761
Angle 56,20510.9731313495,7333.46904734576
Angle 56,20534.1347234304,7307.51116853117
Angle 56,20557.2807949114,7281.47268411028
Angle 56,20580.4112934613,7255.35371866771
Angle 56,20603.5261665238,7229.15439752989
Angle 56,20626.6253613174,7202.87484676873
Angle 56,20649.7088248355,7176.51519320521
Angle 56,20672.7765038459,7150.07556441306
Angle 56,20695.8283448913,7123.55608872241
Angle 56,20718.8642942885,7096.95689522338
Angle 56,20741.8842981291,7070.27811376979
Angle 56,20764.8883022788,7043.51987498279
Angle 56,20787.8762523778,7016.68231025449
Angle 56,20810.8480938403,6989.76555175164
Angle 56,20833.803771855,6962.76973241929
Angle 56,20856.7432313847,6935.6949859844
Angle 56,20879.6664171661,6908.54144695954
Angle 56,20902.5732737105,6881.30925064656
Angle 56,20925.4637453028,6853.99853314018
Angle 56,20948.3377760025,6826.60943133171
Angle 56,20971.1953096429,6799.14208291267
Angle 56,20994.0362898316,6771.59662637846
Angle 56,21016.8606599501,6743.97320103202
Angle 56,21039.6683631545,6716.27194698748
Angle 56,21062.4593423748,6688.49300517378
Angle 56,21085.2335403153,6660.63651733837
Angle 56,21107.9908994547,6632.70262605084
Angle 56,21130.731362046,6604.69147470654
Angle 56,21153.4548701168,6576.60320753025
Angle 56,21176.161365469,6548.43796957983
Angle 56,21198.8507896793,6520.19590674983
Angle 56,21221.5230840992,6491.87716577511
Angle 56,21244.1781898547,6463.48189423454
Angle 56,21266.8160478472,6435.01024055453
Angle 56,21289.4365987527,6406.46235401272
Angle 56,21312.0397830229,6377.83838474157
Angle 56,21334.6255408845,6349.13848373198
Angle 56,21357.19381234,6320.36280283688
Angle 56,21379.7445371674,6291.51149477481
Angle 56,21402.2776549208,6262.58471313359
Angle 56,21424.7931049302,6233.5826123738
Angle 56,21447.290826302,6204.50534783244
Angle 56,21469.7707579191,6175.35307572646
Angle 56,21492.232838441,6146.12595315635
Angle 56,21514.6770063043,6116.82413810965
Angle 56,21537.1031997228,6087.44778946455
Angle 56,21559.5113566879,6057.99706699339
Angle 56,21581.9014149684,6028.47213136619
Angle 56,21604.2733121116,5998.87314415421
Angle 56,21626.6269854428,5969.20026783338
Angle 56,21648.9623720662,5939.45366578788
Angle 56,21671.2794088648,5909.63350231357
Angle 56,21693.5780325009,5879.73994262147
Angle 56,21715.8581794167,5849.77315284125
Angle 56,21738.1197858342,5819.73330002467
Angle 56,21760.3627877561,5789.620552149
Angle 56,21782.5871209655,5759.43507812045
Angle 56,21804.792721027,5729.1770477776
Angle 56,21826.9795232868,5698.84663189476
Angle 56,21849.1474628731,5668.44400218539
Angle 56,21871.2964746966,5637.96933130545
Angle 56,21893.4264934511,5607.42279285674
Angle 56,21915.5374536137,5576.80456139025
Angle 56,21937.6292894455,5546.11481240947
Angle 56,21959.7019349921,5515.35372237368
Angle 56,21981.755324084,5484.52146870126
Angle 56,22003.7893903372,5453.61822977295
Angle 56,22025.8040671539,5422.64418493506
Angle 56,22047.7992877229,5391.59951450275
Angle 56,22069.7749850199,5360.4843997632
Angle 56,22091.7310918089,5329.29902297881
Angle 56,22113.6675406421,5298.04356739037
Angle 56,22135.5842638607,5266.71821722019
Angle 56,22157.4811935957,5235.32315767527
Angle 56,22179.3582617686,5203.85857495033
Angle 56,22201.2154000918,5172.32465623095
Angle 56,22223.0525400696,5140.7215896966
Angle 56,22244.8696129988,5109.04956452364
Angle 56,22266.6665499692,5077.30877088841
Angle 56,22288.443281865,5045.49939997013
Angle 56,22310.1997393647,5013.62164395389
Angle 56,22331.9358529428,4981.67569603357
Angle 56,22353.6515528698,4949.66175041476
Angle 56,22375.3467692136,4917.5800023176
Angle 56,22397.0214318401,4885.43064797967
Angle 56,22418.6754704141,4853.21388465878
Angle 56,22440.3088144,4820.92991063574
Angle 56,22461.9213930632,4788.57892521718
Angle 56,22483.5131354705,4756.1611287382
Angle 56,22505.0839704913,4723.67672256513
Angle 56,22526.6338267986,4691.12590909816
Angle 56,22548.1626328699,4658.50889177397
Angle 56,22569.670316988,4625.82587506835
Angle 56,22591.1568072424,4593.07706449875
Angle 56,22612.6220315302,4560.26266662682
Angle 56,22634.0659175571,4527.38288906086
Angle 56,22655.4883928384,4494.43794045836
Angle 56,22676.8893847005,4461.42803052835
Angle 56,22698.2688202814,4428.35337003382
Angle 56,22719.6266265325,4395.21417079405
Angle 56,22740.9627302193,4362.01064568694
Angle 56,22762.2770579229,4328.74300865124
Angle 56,22783.5695360411,4295.41147468882
Angle 56,22804.8400907894,4262.01625986684
Angle 56,22826.0886482026,4228.55758131988
Angle 56,22847.3151341361,4195.03565725209
Angle 56,22868.5194742669,4161.45070693918
Angle 56,22889.7015940952,4127.80295073052
Angle 56,22910.8614189455,4094.09261005103
Angle 56,22931.9988739683,4060.31990740319
Angle 56,22953.1138841412,4026.48506636885
Angle 56,22974.2063742703,3992.5883116111
Angle 56,22995.2762689922,3958.62986887607
Angle 56,23016.3234927746,3924.60996499464
Angle 56,23037.3479699186,3890.52882788413
Angle 56,23058.3496245595,3856.38668654999
Angle 56,23079.3283806689,3822.18377108732
Angle 56,23100.2841620562,3787.92031268247
Angle 56,23121.2168923699,3753.59654361448
Angle 56,23142.1264950992,3719.21269725657
Angle 56,23163.0128935761,3684.76900807744
Angle 56,23183.8760109767,3650.26571164269
Angle 56,23204.7157703228,3615.70304461602
Angle 56,23225.532094484,3581.08124476047
Angle 56,23246.3249061792,3546.40055093961
Angle 56,23267.0941279782,3511.66120311857
Angle 56,23287.8396823039,3476.86344236517
Angle 56,23308.5614914337,3442.00751085081
Angle 56,23329.2594775019,3407.09365185149
Angle 56,23349.9335625009,3372.12210974859
Angle 56,23370.5836682834,3337.09313002974
Angle 56,23391.2097165647,3302.0069592895
Angle 56,23411.8116289239,3266.86384523008
Angle 56,23432.3893268066,3231.66403666194
Angle 56,23452.9427315264,3196.40778350432
Angle 56,23473.4717642672,3161.09533678573
Angle 56,23493.9763460852,3125.7269486444
Angle 56,23514.4563979109,3090.30287232858
Angle 56,23534.9118405513,3054.82336219682
Angle 56,23555.3425946923,3019.28867371822
Angle 56,23575.7485809001,2983.69906347255
Angle 56,23596.1297196244,2948.05478915031
Angle 56,23616.4859311998,2912.35610955275
Angle 56,23636.8171358487,2876.60328459177
Angle 56,23657.1232536829,2840.79657528979
Angle 56,23677.4042047066,2804.93624377955
Angle 56,23697.6599088184,2769.02255330376
Angle 56,23717.8902858134,2733.05576821477
Angle 56,23738.0952553864,2697.03615397413
Angle 56,23758.2747371334,2660.96397715203
Angle 56,23778.4286505546,2624.83950542672
Angle 56,23798.556915057,2588.66300758382
Angle 56,23818.6594499563,2552.43475351557
Angle 56,23838.7361744802,2516.15501421996
Angle 56,23858.7870077703,2479.82406179984
Angle 56,23878.8118688852,2443.44216946189
Angle 56,23898.8106768029,2407.00961151554
Angle 56,23918.7833504233,2370.52666337178
Angle 56,23938.7298085714,2333.99360154194
Angle 56,23958.6499699995,2297.41070363631
Angle 56,23978.5437533901,2260.7782483627
Angle 56,23998.411077359,2224.09651552497
Angle 56,24018.2518604575,2187.3657860214
Angle 56,24038.0660211758,2150.58634184296
Angle 56,24057.8534779455,2113.75846607159
Angle 56,24077.6141491429,2076.88244287828
Angle 56,24097.3479530913,2039.95855752111
Angle 56,24117.0548080646,2002.9870963432
Angle 56,24136.73463229,1965.96834677057
Angle 56,24156.3873439507,1928.90259730988
Angle 56,24176.0128611896,1891.79013754606
Angle 56,24195.6111021121,1854.63125813996
Angle 56,24215.1819847888,1817.42625082572
Angle 56,24234.7254272593,1780.17540840823
Angle 56,24254.2413475348,1742.87902476033
Angle 56,24273.7296636018,1705.53739482004
Angle 56,24293.190293425,1668.15081458763
Angle 56,24312.6231549503,1630.71958112256
Angle 56,24332.0281661089,1593.24399254041
Angle 56,24351.4052448198,1555.72434800962
Angle 56,24370.7543089935,1518.16094774818
Angle 56,24390.0752765353,1480.5540930202
Angle 56,24409.3680653489,1442.90408613237
Angle 56,24428.6325933396,1405.21123043033
Angle 56,24447.8687784176,1367.47583029495
Angle 56,24467.0765385019,1329.69819113844
Angle 56,24486.2557915237,1291.87861940043
Angle 56,24505.4064554296,1254.01742254391
Angle 56,24524.5284481858,1216.11490905105
Angle 56,24543.621687781,1178.17138841894
Angle 56,24562.6860922306,1140.1871711552
Angle 56,24581.7215795802,1102.16256877349
Angle 56,24600.7280679089,1064.09789378891
Angle 56,24619.7054753337,1025.99345971326
Angle 56,24638.6537200127,987.849581050276
Angle 56,24657.5727201493,949.66657329064
Angle 56,24676.4623939954,911.444752906958
Angle 56,24695.322659856,873.18443734859
Angle 56,24714.1534360923,834.885945036386
Angle 56,24732.9546411263,796.549595357288
Angle 56,24751.7261934442,758.175708658838
Angle 56,24770.4680116003,719.764606243555
Angle 56,24789.1800142216,681.316610363206
Angle 56,24807.8621200109,642.832044212956
Angle 56,24826.5142477515,604.311231925407
Angle 56,24845.1363163111,565.754498564515
Angle 56,24863.7282446457,527.162170119396
Angle 56,24882.2899518038,488.534573498003
Angle 56,24900.8213569304,449.872036520703
Angle 56,24919.3223792715,411.174887913715
Angle 56,24937.7929381777,372.443457302449
Angle 56,24956.2329531092,333.678075204712
Angle 56,24974.6423436391,294.879073023797
Angle 56,24993.0210294583,256.04678304146
Angle 56,25011.3689303797,217.181538410771
Angle 56,25029.6859663421,178.283673148841
Angle 56,25047.9720574149,139.353522129438
Angle 56,25066.2271238025,100.391421075473
Angle 56,25084.4510858483,61.3977065513737
Angle 56,25102.6438640392,22.3727159553292
Angle 56,25113.0474681002,0
Angle 57,0,0
Angle 57,38.017983200189,58.4445603248624
Angle 57,75.9305569296267,116.62907601575
Angle 57,113.739036155331,174.555837627977
Angle 57,151.444711646671,232.227092576742
Angle 57,189.048850571607,289.645046204649
Angle 57,226.55269707445,346.81186281611
Angle 57,263.957472835823,403.729666679884
Angle 57,301.264377615488,460.400543000921
Angle 57,338.474589778675,516.826538862646
Angle 57,375.589266806504,573.00966414076
Angle 57,412.60954579109,628.951892389604
Angle 57,449.536543915874,684.655161702066
Angle 57,486.371358921724,740.121375543982
Angle 57,523.115069559297,795.352403563954
Angle 57,559.768736028165,850.350082379436
Angle 57,596.333400403157,905.116216339943
Angle 57,632.810087048378,959.652578268174
Angle 57,669.199803019324,1013.96091017982
Angle 57,705.503538453509,1068.0429239828
Angle 57,741.722266949997,1121.90030215661
Angle 57,777.856945938227,1175.53469841251
Angle 57,813.908517036477,1228.94773833517
Angle 57,849.877906400335,1282.14102000635
Angle 57,885.766025061506,1335.11611461135
Angle 57,921.573769257267,1387.87456702869
Angle 57,957.302020750909,1440.41789640362
Angle 57,992.951647143422,1492.74759670595
Angle 57,1028.52350217675,1544.86513727282
Angle 57,1064.01842602888,1596.7719633368
Angle 57,1099.43724560099,1648.4694965398
Angle 57,1134.78077479698,1699.95913543333
Angle 57,1170.04981479561,1751.24225596547
Angle 57,1205.24515431539,1802.32021195501
Angle 57,1240.36756987266,1853.19433555314
Angle 57,1275.41782603279,1903.86593769308
Angle 57,1310.396675655,1954.33630852815
Angle 57,1345.3048601308,2004.60671785839
Angle 57,1380.14310961632,2054.67841554635
Angle 57,1414.91214325878,2104.55263192224
Angle 57,1449.61266941711,2154.23057817875
Angle 57,1484.2453858771,2203.71344675595
Angle 57,1518.81098006108,2253.00241171654
Angle 57,1553.31012923245,2302.09862911163
Angle 57,1587.74350069502,2351.00323733756
Angle 57,1622.11175198754,2399.71735748378
Angle 57,1656.41553107333,2448.24209367226
Angle 57,1690.65547652542,2496.5785333885
Angle 57,1724.83221770703,2544.7277478046
Angle 57,1758.94637494782,2592.69079209443
Angle 57,1792.99855971579,2640.46870574117
Angle 57,1826.98937478511,2688.06251283756
Angle 57,1860.91941439999,2735.47322237894
Angle 57,1894.78926443456,2782.70182854935
Angle 57,1928.5995025491,2829.74931100081
Angle 57,1962.35069834247,2876.61663512617
Angle 57,1996.04341350111,2923.30475232541
Angle 57,2029.67820194446,2969.81460026587
Angle 57,2063.25560996712,3016.14710313639
Angle 57,2096.77617637763,3062.30317189561
Angle 57,2130.24043263415,3108.28370451457
Angle 57,2163.64890297704,3154.08958621375
Angle 57,2197.00210455837,3199.72168969477
Angle 57,2230.30054756855,3245.18087536681
Angle 57,2263.54473536014,3290.46799156796
Angle 57,2296.73516456881,3335.58387478153
Angle 57,2329.87232523171,3380.5293498477
Angle 57,2362.95670090307,3425.3052301703
Angle 57,2395.98876876744,3469.91231791911
Angle 57,2428.96899975026,3514.35140422769
Angle 57,2461.89785862613,3558.62326938692
Angle 57,2494.77580412467,3602.72868303423
Angle 57,2527.6032890341,3646.66840433879
Angle 57,2560.38076030261,3690.44318218272
Angle 57,2593.1086591375,3734.05375533834
Angle 57,2625.78742110225,3777.50085264168
Angle 57,2658.41747621151,3820.78519316224
Angle 57,2690.99924902405,3863.90748636921
Angle 57,2723.5331587338,3906.86843229412
Angle 57,2756.01961925894,3949.66872169012
Angle 57,2788.45903932914,3992.30903618788
Angle 57,2820.85182257095,4034.79004844828
Angle 57,2853.19836759154,4077.1124223119
Angle 57,2885.49906806052,4119.27681294542
Angle 57,2917.75431279024,4161.28386698505
Angle 57,2949.96448581441,4203.13422267694
Angle 57,2982.12996646502,4244.82851001484
Angle 57,3014.25112944788,4286.36735087482
Angle 57,3046.32834491643,4327.75135914739
Angle 57,3078.36197854426,4368.98114086692
Angle 57,3110.352391596,4410.05729433839
Angle 57,3142.29994099695,4450.98041026172
Angle 57,3174.20497940122,4491.75107185355
Angle 57,3206.06785525854,4532.36985496665
Angle 57,3237.88891287983,4572.83732820694
Angle 57,3269.66849250137,4613.15405304819
Angle 57,3301.40693034779,4653.32058394457
Angle 57,3333.10455869384,4693.33746844091
Angle 57,3364.76170592489,4733.20524728084
Angle 57,3396.37869659634,4772.92445451287
Angle 57,3427.95585149184,4812.49561759438
Angle 57,3459.49348768044,4851.91925749368
Angle 57,3490.99191857258,4891.19588879004
Angle 57,3522.4514539751,4930.32601977188
Angle 57,3553.87240014512,4969.31015253306
Angle 57,3585.25505984297,5008.14878306735
Angle 57,3616.59973238413,5046.8424013612
Angle 57,3647.90671369014,5085.3914914846
Angle 57,3679.17629633859,5123.79653168047
Angle 57,3710.4087696122,5162.05799445217
Angle 57,3741.60441954702,5200.17634664954
Angle 57,3772.76352897959,5238.1520495533
Angle 57,3803.88637759348,5275.98555895786
Angle 57,3834.97324196473,5313.67732525268
Angle 57,3866.02439560665,5351.22779350212
Angle 57,3897.04010901368,5388.63740352381
Angle 57,3928.02064970455,5425.90658996563
Angle 57,3958.9662822646,5463.0357823813
Angle 57,3989.87726838737,5500.02540530462
Angle 57,4020.75386691544,5536.87587832232
Angle 57,4051.59633388053,5573.5876161457
Angle 57,4082.40492254289,5610.16102868095
Angle 57,4113.17988343004,5646.59652109817
Angle 57,4143.92146437476,5682.8944938993
Angle 57,4174.62991055244,5719.05534298475
Angle 57,4205.30546451779,5755.07945971885
Angle 57,4235.94836624088,5790.9672309943
Angle 57,4266.55885314261,5826.7190392953
Angle 57,4297.13716012948,5862.33526275974
Angle 57,4327.68351962784,5897.81627524025
Angle 57,4358.19816161751,5933.16244636421
Angle 57,4388.68131366482,5968.3741415927
Angle 57,4419.13320095512,6003.45172227853
Angle 57,4449.5540463247,6038.39554572317
Angle 57,4479.9440702922,6073.20596523278
Angle 57,4510.30349108944,6107.88333017329
Angle 57,4540.6325246918,6142.42798602456
Angle 57,4570.93138484805,6176.84027443353
Angle 57,4601.20028310965,6211.12053326666
Angle 57,4631.43942885965,6245.26909666131
Angle 57,4661.64902934099,6279.28629507642
Angle 57,4691.82928968447,6313.17245534222
Angle 57,4721.98041293612,6346.92790070921
Angle 57,4752.10260008425,6380.5529508963
Angle 57,4782.19605008594,6414.04792213818
Angle 57,4812.26095989314,6447.41312723183
Angle 57,4842.29752447843,6480.64887558243
Angle 57,4872.30593686019,6513.75547324836
Angle 57,4902.28638812754,6546.7332229856
Angle 57,4932.23906746472,6579.58242429131
Angle 57,4962.16416217521,6612.3033734468
Angle 57,4992.0618577054,6644.89636355974
Angle 57,5021.93233766785,6677.36168460574
Angle 57,5051.77578386426,6709.69962346923
Angle 57,5081.592376308,6741.91046398375
Angle 57,5111.38229324635,6773.99448697153
Angle 57,5141.14571118231,6805.95197028251
Angle 57,5170.88280489615,6837.78318883267
Angle 57,5200.59374746659,6869.48841464186
Angle 57,5230.27871029158,6901.06791687098
Angle 57,5259.9378631089,6932.52196185853
Angle 57,5289.57137401628,6963.85081315673
Angle 57,5319.17940949137,6995.05473156692
Angle 57,5348.76213441123,7026.13397517457
Angle 57,5378.31971207167,7057.0887993836
Angle 57,5407.85230420621,7087.91945695033
Angle 57,5437.36007100474,7118.62619801675
Angle 57,5466.84317113199,7149.20927014341
Angle 57,5496.3017617456,7179.66891834179
Angle 57,5525.73599851398,7210.00538510606
Angle 57,5555.14603563388,7240.21891044457
Angle 57,5584.53202584776,7270.30973191067
Angle 57,5613.89412046075,7300.27808463316
Angle 57,5643.23246935753,7330.12420134632
Angle 57,5672.54722101881,7359.84831241937
Angle 57,5701.83852253768,7389.45064588566
Angle 57,5731.10651963564,7418.93142747124
Angle 57,5760.35135667841,7448.29088062316
Angle 57,5789.57317669153,7477.52922653729
Angle 57,5818.77212137571,7506.64668418573
Angle 57,5847.94833112195,7535.64347034382
Angle 57,5877.10194502643,7564.51979961676
Angle 57,5906.23310090525,7593.27588446586
Angle 57,5935.34193530883,7621.9119352344
Angle 57,5964.42858353624,7650.42816017306
Angle 57,5993.49317964919,7678.8247654651
Angle 57,6022.53585648593,7707.10195525105
Angle 57,6051.55674567488,7735.25993165317
Angle 57,6080.55597764809,7763.29889479942
Angle 57,6109.53368165447,7791.21904284722
Angle 57,6138.48998577291,7819.02057200682
Angle 57,6167.42501692514,7846.7036765643
Angle 57,6196.33890088841,7874.2685489043
Angle 57,6225.23176230804,7901.71537953241
Angle 57,6254.10372470973,7929.04435709727
Angle 57,6282.95491051177,7956.25566841228
Angle 57,6311.78544103697,7983.34949847713
Angle 57,6340.59543652455,8010.32603049892
Angle 57,6369.38501614176,8037.18544591303
Angle 57,6398.15429799538,8063.92792440373
Angle 57,6426.90339914308,8090.55364392447
Angle 57,6455.63243560454,8117.06278071787
Angle 57,6484.34152237255,8143.4555093355
Angle 57,6513.0307734238,8169.73200265733
Angle 57,6541.70030172965,8195.89243191096
Angle 57,6570.35021926668,8221.93696669053
Angle 57,6598.9806370271,8247.86577497545
Angle 57,6627.59166502905,8273.6790231488
Angle 57,6656.18341232675,8299.37687601557
Angle 57,6684.75598702045,8324.95949682052
Angle 57,6713.30949626633,8350.42704726598
Angle 57,6741.84404628624,8375.77968752924
Angle 57,6770.35974237727,8401.01757627981
Angle 57,6798.85668892121,8426.14087069644
Angle 57,6827.33498939392,8451.14972648388
Angle 57,6855.79474637449,8476.04429788942
Angle 57,6884.23606155439,8500.82473771929
Angle 57,6912.65903574639,8525.49119735469
Angle 57,6941.0637688934,8550.0438267678
Angle 57,6969.45036007724,8574.48277453742
Angle 57,6997.81890752719,8598.80818786448
Angle 57,7026.16950862853,8623.02021258737
Angle 57,7054.50225993089,8647.118993197
Angle 57,7082.81725715653,8671.10467285173
Angle 57,7111.11459520852,8694.97739339207
Angle 57,7139.39436817874,8718.73729535522
Angle 57,7167.65666935587,8742.38451798939
Angle 57,7195.90159123321,8765.91919926796
Angle 57,7224.12922551642,8789.34147590347
Angle 57,7252.33966313115,8812.6514833614
Angle 57,7280.53299423057,8835.84935587379
Angle 57,7308.70930820283,8858.9352264527
Angle 57,7336.86869367837,8881.9092269035
Angle 57,7365.01123853716,8904.77148783798
Angle 57,7393.13702991588,8927.52213868726
Angle 57,7421.24615421494,8950.16130771464
Angle 57,7449.33869710546,8972.68912202821
Angle 57,7477.41474353615,8995.10570759331
Angle 57,7505.47437774006,9017.41118924483
Angle 57,7533.51768324132,9039.60569069943
Angle 57,7561.54474286172,9061.68933456753
Angle 57,7589.55563872725,9083.66224236517
Angle 57,7617.55045227452,9105.52453452574
Angle 57,7645.52926425715,9127.27633041158
Angle 57,7673.49215475202,9148.91774832539
Angle 57,7701.43920316546,9170.44890552156
Angle 57,7729.3704882394,9191.86991821733
Angle 57,7757.28608805738,9213.1809016038
Angle 57,7785.18608005052,9234.38196985688
Angle 57,7813.07054100341,9255.47323614798
Angle 57,7840.93954705992,9276.45481265474
Angle 57,7868.79317372891,9297.32681057146
Angle 57,7896.63149588995,9318.08934011957
Angle 57,7924.45458779887,9338.74251055781
Angle 57,7952.26252309328,9359.28643019246
Angle 57,7980.05537479806,9379.72120638729
Angle 57,8007.83321533069,9400.04694557353
Angle 57,8035.59611650663,9420.26375325962
Angle 57,8063.34414954449,9440.37173404091
Angle 57,8091.0773850713,9460.37099160922
Angle 57,8118.79589312756,9480.26162876231
Angle 57,8146.49974317232,9500.04374741319
Angle 57,8174.18900408817,9519.7174485994
Angle 57,8201.86374418618,9539.28283249212
Angle 57,8229.52403121072,9558.73999840521
Angle 57,8257.16993234433,9578.08904480412
Angle 57,8284.80151421242,9597.33006931474
Angle 57,8312.41884288799,9616.46316873211
Angle 57,8340.02198389622,9635.48843902904
Angle 57,8367.61100221906,9654.40597536465
Angle 57,8395.18596229975,9673.21587209282
Angle 57,8422.74692804729,9691.91822277048
Angle 57,8450.29396284081,9710.51312016593
Angle 57,8477.82712953393,9729.00065626692
Angle 57,8505.34649045907,9747.38092228879
Angle 57,8532.85210743169,9765.65400868238
Angle 57,8560.34404175444,9783.82000514197
Angle 57,8587.82235422136,9801.87900061306
Angle 57,8615.28710512192,9819.83108330007
Angle 57,8642.73835424507,9837.67634067404
Angle 57,8670.17616088323,9855.41485948012
Angle 57,8697.60058383623,9873.04672574504
Angle 57,8725.01168141519,9890.57202478456
Angle 57,8752.40951144635,9907.99084121071
Angle 57,8779.7941312749,9925.30325893909
Angle 57,8807.16559776869,9942.50936119596
Angle 57,8834.52396732197,9959.60923052539
Angle 57,8861.86929585901,9976.6029487962
Angle 57,8889.20163883771,9993.49059720896
Angle 57,8916.52105125321,10010.2722563028
Angle 57,8943.82758764137,10026.9480059622
Angle 57,8971.12130208227,10043.5179254237
Angle 57,8998.40224820365,10059.9820932827
Angle 57,9025.6704791843,10076.3405874998
Angle 57,9052.9260477574,10092.5934854075
Angle 57,9080.16900621385,10108.7408637164
Angle 57,9107.39940640557,10124.782798522
Angle 57,9134.61729974866,10140.7193653107
Angle 57,9161.82273722667,10156.550638966
Angle 57,9189.01576939371,10172.2766937749
Angle 57,9216.19644637758,10187.8976034341
Angle 57,9243.36481788284,10203.4134410557
Angle 57,9270.52093319386,10218.8242791735
Angle 57,9297.66484117782,10234.1301897488
Angle 57,9324.79659028769,10249.3312441766
Angle 57,9351.91622856512,10264.4275132909
Angle 57,9379.02380364338,10279.4190673708
Angle 57,9406.1193627502,10294.3059761465
Angle 57,9433.20295271061,10309.0883088043
Angle 57,9460.2746199497,10323.7661339927
Angle 57,9487.3344104954,10338.3395198278
Angle 57,9514.38236998119,10352.8085338988
Angle 57,9541.41854364883,10367.1732432736
Angle 57,9568.44297635095,10381.4337145039
Angle 57,9595.45571255372,10395.5900136308
Angle 57,9622.45679633944,10409.6422061901
Angle 57,9649.4462714091,10423.5903572173
Angle 57,9676.42418108487,10437.4345312531
Angle 57,9703.39056831267,10451.1747923484
Angle 57,9730.3454756646,10464.8112040694
Angle 57,9757.28894534135,10478.3438295027
Angle 57,9784.22101917468,10491.7727312605
Angle 57,9811.14173862973,10505.097971485
Angle 57,9838.05114480742,10518.319611854
Angle 57,9864.94927844673,10531.4377135854
Angle 57,9891.83617992704,10544.4523374422
Angle 57,9918.71188927037,10557.3635437371
Angle 57,9945.5764461436,10570.1713923374
Angle 57,9972.42988986073,10582.8759426698
Angle 57,9999.272259385,10595.4772537248
Angle 57,10026.1035933311,10607.9753840615
Angle 57,10052.9239299673,10620.3703918124
Angle 57,10079.7333072176,10632.6623346874
Angle 57,10106.5317626635,10644.851269979
Angle 57,10133.3193335466,10656.9372545661
Angle 57,10160.0960567701,10668.9203449191
Angle 57,10186.8619689013,10680.8005971036
Angle 57,10213.617106173,10692.5780667853
Angle 57,10240.3615044859,10704.2528092344
Angle 57,10267.0951994106,10715.8248793292
Angle 57,10293.8182261889,10727.2943315612
Angle 57,10320.5306197364,10738.6612200387
Angle 57,10347.232414644,10749.9255984913
Angle 57,10373.9236451797,10761.0875202742
Angle 57,10400.6043452906,10772.1470383718
Angle 57,10427.2745486045,10783.1042054023
Angle 57,10453.9342884318,10793.9590736216
Angle 57,10480.5835977674,10804.7116949272
Angle 57,10507.222509292,10815.3621208624
Angle 57,10533.8510553741,10825.9104026202
Angle 57,10560.4692680718,10836.356591047
Angle 57,10587.0771791341,10846.7007366469
Angle 57,10613.6748200029,10856.9428895856
Angle 57,10640.2622218144,10867.0830996938
Angle 57,10666.8394154008,10877.1214164712
Angle 57,10693.4064312919,10887.0578890907
Angle 57,10719.9632997166,10896.8925664017
Angle 57,10746.5100506044,10906.625496934
Angle 57,10773.0467135872,10916.2567289014
Angle 57,10799.5733180004,10925.7863102057
Angle 57,10826.0898928847,10935.21428844
Angle 57,10852.5964669874,10944.5407108927
Angle 57,10879.0930687642,10953.7656245508
Angle 57,10905.5797263799,10962.8890761034
Angle 57,10932.0564677106,10971.911111946
Angle 57,10958.5233203447,10980.8317781829
Angle 57,10984.9803115844,10989.6511206318
Angle 57,11011.4274684469,10998.3691848266
Angle 57,11037.864817666,11006.9860160212
Angle 57,11064.2923856932,11015.5016591926
Angle 57,11090.7101986992,11023.916159045
Angle 57,11117.1182825751,11032.2295600124
Angle 57,11143.5166629336,11040.4419062624
Angle 57,11169.9053651106,11048.5532416998
Angle 57,11196.2844141659,11056.5636099694
Angle 57,11222.6538348851,11064.4730544597
Angle 57,11249.0136517801,11072.2816183059
Angle 57,11275.363889091,11079.9893443937
Angle 57,11301.7045707869,11087.5962753619
Angle 57,11328.0357205669,11095.1024536062
Angle 57,11354.3573618619,11102.507921282
Angle 57,11380.6695178351,11109.8127203079
Angle 57,11406.9722113834,11117.0168923689
Angle 57,11433.2654651385,11124.1204789193
Angle 57,11459.5493014681,11131.1235211859
Angle 57,11485.8237424769,11138.0260601715
Angle 57,11512.0888100075,11144.8281366576
Angle 57,11538.3445256419,11151.5297912076
Angle 57,11564.5909107021,11158.1310641701
Angle 57,11590.8279862513,11164.6319956817
Angle 57,11617.0557730952,11171.0326256701
Angle 57,11643.2742917825,11177.3329938573
Angle 57,11669.4835626063,11183.5331397623
Angle 57,11695.6836056049,11189.6331027046
Angle 57,11721.8744405628,11195.6329218066
Angle 57,11748.0560870118,11201.5326359971
Angle 57,11774.2285642318,11207.3322840138
Angle 57,11800.3918912516,11213.0319044066
Angle 57,11826.5460868504,11218.6315355404
Angle 57,11852.6911695579,11224.131215598
Angle 57,11878.827157656,11229.5309825829
Angle 57,11904.9540691789,11234.8308743225
Angle 57,11931.0719219148,11240.0309284705
Angle 57,11957.1807334062,11245.1311825104
Angle 57,11983.2805209509,11250.1316737576
Angle 57,12009.371301603,11255.0324393629
Angle 57,12035.4530921736,11259.833516315
Angle 57,12061.5259092316,11264.5349414431
Angle 57,12087.5897691045,11269.1367514203
Angle 57,12113.6446878796,11273.6389827659
Angle 57,12139.6906814041,11278.0416718483
Angle 57,12165.7277652865,11282.3448548877
Angle 57,12191.7559548971,11286.5485679592
Angle 57,12217.7752653689,11290.652846995
Angle 57,12243.7857115982,11294.6577277876
Angle 57,12269.7873082453,11298.5632459922
Angle 57,12295.7800697358,11302.3694371297
Angle 57,12321.7640102604,11306.076336589
Angle 57,12347.7391437764,11309.6839796301
Angle 57,12373.7054840083,11313.1924013866
Angle 57,12399.6630444481,11316.6016368684
Angle 57,12425.6118383564,11319.9117209642
Angle 57,12451.5518787628,11323.1226884444
Angle 57,12477.4831784669,11326.2345739637
Angle 57,12503.4057500387,11329.2474120636
Angle 57,12529.3196058194,11332.1612371748
Angle 57,12555.2247579221,11334.9760836207
Angle 57,12581.1212182322,11337.6919856188
Angle 57,12607.0089984083,11340.3089772843
Angle 57,12632.8881098828,11342.8270926321
Angle 57,12658.7585638624,11345.2463655796
Angle 57,12684.6203713288,11347.5668299493
Angle 57,12710.4735430394,11349.7885194712
Angle 57,12736.3180895277,11351.9114677856
Angle 57,12762.154021104,11353.9357084453
Angle 57,12787.981347856,11355.8612749186
Angle 57,12813.8000796494,11357.6882005914
Angle 57,12839.6102261284,11359.4165187699
Angle 57,12865.4117967165,11361.0462626832
Angle 57,12891.2048006166,11362.5774654858
Angle 57,12916.989246812,11364.0101602599
Angle 57,12942.7651440667,11365.344380018
Angle 57,12968.5325009261,11366.5801577056
Angle 57,12994.2913257175,11367.7175262035
Angle 57,13020.0416265504,11368.75651833
Angle 57,13045.7834113173,11369.6971668441
Angle 57,13071.5166876942,11370.5395044471
Angle 57,13097.241463141,11371.2835637858
Angle 57,13122.957744902,11371.9293774545
Angle 57,13148.6655400064,11372.4769779975
Angle 57,13174.3648552688,11372.9263979118
Angle 57,13200.05569729,11373.2776696493
Angle 57,13225.7380724569,11373.5308256192
Angle 57,13251.4119869432,11373.6858981906
Angle 57,13277.0774467104,11373.7429196948
Angle 57,13302.7344575072,11373.7019224277
Angle 57,13328.3830248711,11373.5629386524
Angle 57,13354.023154128,11373.3260006012
Angle 57,13379.6548503929,11372.9911404786
Angle 57,13405.2781185708,11372.558390463
Angle 57,13430.8929633563,11372.0277827096
Angle 57,13456.4993892348,11371.3993493526
Angle 57,13482.0974004823,11370.6731225077
Angle 57,13507.6870011664,11369.8491342742
Angle 57,13533.2681951462,11368.9274167375
Angle 57,13558.8409860733,11367.9080019717
Angle 57,13584.4053773914,11366.7909220418
Angle 57,13609.9613723374,11365.5762090057
Angle 57,13635.5089739417,11364.2638949171
Angle 57,13661.0481850281,11362.8540118277
Angle 57,13686.5790082149,11361.3465917894
Angle 57,13712.1014459146,11359.7416668565
Angle 57,13737.6155003348,11358.0392690886
Angle 57,13763.1211734782,11356.2394305524
Angle 57,13788.6184671434,11354.3421833241
Angle 57,13814.1073829247,11352.347559492
Angle 57,13839.587922213,11350.2555911587
Angle 57,13865.0600861958,11348.0663104433
Angle 57,13890.5238758576,11345.7797494837
Angle 57,13915.9792919806,11343.3959404392
Angle 57,13941.4263351444,11340.9149154925
Angle 57,13966.8650057269,11338.3367068522
Angle 57,13992.2953039045,11335.6613467549
Angle 57,14017.7172296522,11332.8888674677
Angle 57,14043.1307827441,11330.0193012905
Angle 57,14068.5359627538,11327.0526805583
Angle 57,14093.9327690546,11323.989037643
Angle 57,14119.3212008198,11320.8284049567
Angle 57,14144.7012570232,11317.5708149529
Angle 57,14170.0729364389,11314.2163001295
Angle 57,14195.4362376424,11310.7648930308
Angle 57,14220.7911590101,11307.21662625
Angle 57,14246.1376987202,11303.5715324311
Angle 57,14271.4758547526,11299.8296442715
Angle 57,14296.8056248893,11295.9909945242
Angle 57,14322.1270067148,11292.055616
Angle 57,14347.4399976162,11288.0235415699
Angle 57,14372.7445947836,11283.894804167
Angle 57,14398.0407952104,11279.6694367894
Angle 57,14423.3285956932,11275.3474725019
Angle 57,14448.6079928327,11270.9289444385
Angle 57,14473.8789830335,11266.4138858048
Angle 57,14499.1415625044,11261.8023298799
Angle 57,14524.3957272587,11257.0943100188
Angle 57,14549.6414731147,11252.2898596549
Angle 57,14574.8787956953,11247.389012302
Angle 57,14600.107690429,11242.3918015567
Angle 57,14625.3281525497,11237.2982611002
Angle 57,14650.5401770969,11232.1084247015
Angle 57,14675.7437589162,11226.8223262186
Angle 57,14700.9388926592,11221.4399996014
Angle 57,14726.1255727841,11215.9614788938
Angle 57,14751.3037935556,11210.3867982359
Angle 57,14776.4735490451,11204.7159918663
Angle 57,14801.6348331314,11198.9490941241
Angle 57,14826.7876395,11193.0861394518
Angle 57,14851.9319616444,11187.1271623966
Angle 57,14877.0677928654,11181.0721976135
Angle 57,14902.1951262717,11174.9212798671
Angle 57,14927.3139547801,11168.674444034
Angle 57,14952.4242711155,11162.3317251047
Angle 57,14977.5260678114,11155.8931581866
Angle 57,15002.6193372097,11149.3587785053
Angle 57,15027.7040714612,11142.7286214077
Angle 57,15052.7802625255,11136.0027223636
Angle 57,15077.8479021713,11129.1811169684
Angle 57,15102.9069819769,11122.263840945
Angle 57,15127.9574933296,11115.2509301463
Angle 57,15152.9994274265,11108.1424205572
Angle 57,15178.0327752745,11100.9383482971
Angle 57,15203.0575276903,11093.6387496221
Angle 57,15228.0736753007,11086.243660927
Angle 57,15253.0812085428,11078.7531187478
Angle 57,15278.0801176638,11071.1671597639
Angle 57,15303.0703927216,11063.4858208003
Angle 57,15328.0520235846,11055.7091388299
Angle 57,15353.024999932,11047.8371509756
Angle 57,15377.9893112538,11039.8698945129
Angle 57,15402.944946851,11031.8074068717
Angle 57,15427.8918958359,11023.6497256389
Angle 57,15452.8301471317,11015.3968885605
Angle 57,15477.7596894732,11007.0489335439
Angle 57,15502.6805114066,10998.6058986601
Angle 57,15527.5926012895,10990.067822146
Angle 57,15552.4959472914,10981.4347424069
Angle 57,15577.3905373934,10972.7066980182
Angle 57,15602.2763593884,10963.8837277282
Angle 57,15627.1534008814,10954.96587046
Angle 57,15652.0216492893,10945.9531653142
Angle 57,15676.8810918412,10936.8456515707
Angle 57,15701.7317155783,10927.6433686911
Angle 57,15726.5735073541,10918.3463563212
Angle 57,15751.4064538345,10908.9546542931
Angle 57,15776.2305414976,10899.4683026274
Angle 57,15801.0457566342,10889.8873415358
Angle 57,15825.8520853476,10880.2118114228
Angle 57,15850.6495135536,10870.4417528888
Angle 57,15875.4380269806,10860.5772067317
Angle 57,15900.2176111698,10850.6182139493
Angle 57,15924.9882514751,10840.5648157419
Angle 57,15949.7499330633,10830.4170535145
Angle 57,15974.5026409137,10820.1749688789
Angle 57,15999.2463598189,10809.8386036561
Angle 57,16023.9810743839,10799.4079998786
Angle 57,16048.706769027,10788.883199793
Angle 57,16073.4234279794,10778.2642458618
Angle 57,16098.131035285,10767.5511807661
Angle 57,16122.8295748008,10756.7440474077
Angle 57,16147.5190301971,10745.8428889115
Angle 57,16172.1993849567,10734.847748628
Angle 57,16196.8706223757,10723.7586701353
Angle 57,16221.5327255632,10712.5756972418
Angle 57,16246.1856774412,10701.2988739881
Angle 57,16270.8294607448,10689.9282446497
Angle 57,16295.464058022,10678.4638537393
Angle 57,16320.0894516339,10666.905746009
Angle 57,16344.7056237545,10655.2539664528
Angle 57,16369.3125563707,10643.5085603088
Angle 57,16393.9102312824,10631.6695730618
Angle 57,16418.4986301023,10619.7370504453
Angle 57,16443.0777342561,10607.7110384445
Angle 57,16467.6475249822,10595.5915832977
Angle 57,16492.2079833319,10583.3787314998
Angle 57,16516.7590901691,10571.0725298039
Angle 57,16541.3008261706,10558.6730252239
Angle 57,16565.8331718257,10546.180265037
Angle 57,16590.3561074364,10533.594296786
Angle 57,16614.8696131171,10520.9151682818
Angle 57,16639.3736687948,10508.1429276058
Angle 57,16663.868254209,10495.277623112
Angle 57,16688.3533489113,10482.3193034299
Angle 57,16712.8289322659,10469.2680174668
Angle 57,16737.294983449,10456.12381441
Angle 57,16761.7514814489,10442.8867437294
Angle 57,16786.1984050662,10429.5568551799
Angle 57,16810.6357329131,10416.1341988041
Angle 57,16835.0634434141,10402.6188249343
Angle 57,16859.481514805,10389.0107841952
Angle 57,16883.8899251337,10375.3101275066
Angle 57,16908.2886522596,10361.5169060855
Angle 57,16932.6776738533,10347.6311714487
Angle 57,16957.0569673972,10333.6529754153
Angle 57,16981.4265101847,10319.5823701093
Angle 57,17005.7862793204,10305.419407962
Angle 57,17030.1362517201,10291.1641417144
Angle 57,17054.4764041102,10276.8166244199
Angle 57,17078.8067130282,10262.3769094468
Angle 57,17103.1271548222,10247.8450504807
Angle 57,17127.4377056507,10233.2211015271
Angle 57,17151.7383414827,10218.505116914
Angle 57,17176.0290380976,10203.6971512942
Angle 57,17200.3097710847,10188.7972596484
Angle 57,17224.5805158435,10173.805497287
Angle 57,17248.8412475831,10158.7219198535
Angle 57,17273.0919413225,10143.5465833262
Angle 57,17297.3325718902,10128.2795440216
Angle 57,17321.563113924,10112.9208585964
Angle 57,17345.7835418709,10097.4705840504
Angle 57,17369.9938299871,10081.928777729
Angle 57,17394.1939523377,10066.2954973259
Angle 57,17418.3838827962,10050.5708008856
Angle 57,17442.563595045,10034.7547468061
Angle 57,17466.7330625748,10018.8473938415
Angle 57,17490.8922586844,10002.8488011047
Angle 57,17515.0411564807,9986.75902807003
Angle 57,17539.1797288784,9970.57813457584
Angle 57,17563.3079485998,9954.30618082727
Angle 57,17587.4257881747,9937.94322739889
Angle 57,17611.5332199401,9921.48933523735
Angle 57,17635.6302160403,9904.94456566412
Angle 57,17659.7167484261,9888.30898037818
Angle 57,17683.7927888553,9871.58264145869
Angle 57,17707.8583088918,9854.76561136777
Angle 57,17731.9132799061,9837.85795295319
Angle 57,17755.9576730745,9820.8597294511
Angle 57,17779.9914593793,9803.7710044888
Angle 57,17804.0146096083,9786.59184208747
Angle 57,17828.0270943547,9769.32230666494
Angle 57,17852.0288840169,9751.96246303848
Angle 57,17876.0199487982,9734.51237642753
Angle 57,17900.0002587067,9716.97211245653
Angle 57,17923.9697835549,9699.34173715772
Angle 57,17947.9284929597,9681.6213169739
Angle 57,17971.876356342,9663.81091876131
Angle 57,17995.8133429263,9645.91060979239
Angle 57,18019.7394217409,9627.92045775866
Angle 57,18043.6545616173,9609.84053077355
Angle 57,18067.5587311901,9591.67089737524
Angle 57,18091.4518988967,9573.41162652953
Angle 57,18115.3340329771,9555.06278763271
Angle 57,18139.2051014736,9536.62445051445
Angle 57,18163.0650722307,9518.09668544066
Angle 57,18186.9139128946,9499.47956311644
Angle 57,18210.7515909132,9480.77315468892
Angle 57,18234.5780735355,9461.97753175025
Angle 57,18258.3933278118,9443.09276634047
Angle 57,18282.1973205931,9424.11893095048
Angle 57,18305.9900185309,9405.05609852497
Angle 57,18329.7713880769,9385.9043424654
Angle 57,18353.541395483,9366.66373663292
Angle 57,18377.3000068007,9347.3343553514
Angle 57,18401.0471878811,9327.9162734104
Angle 57,18424.7829043742,9308.40956606812
Angle 57,18448.5071217293,9288.81430905447
Angle 57,18472.219805194,9269.13057857407
Angle 57,18495.9209198146,9249.35845130922
Angle 57,18519.6104304352,9229.49800442302
Angle 57,18543.2883016979,9209.54931556234
Angle 57,18566.9544980423,9189.51246286093
Angle 57,18590.6089837053,9169.38752494245
Angle 57,18614.2517227206,9149.17458092357
Angle 57,18637.8826789187,9128.87371041701
Angle 57,18661.5018159267,9108.48499353469
Angle 57,18685.1090971675,9088.00851089081
Angle 57,18708.7044858601,9067.44434360496
Angle 57,18732.2879450188,9046.79257330523
Angle 57,18755.8594374535,9026.05328213138
Angle 57,18779.4189257687,9005.22655273797
Angle 57,18802.966372364,8984.31246829751
Angle 57,18826.501739433,8963.3111125036
Angle 57,18850.0249889636,8942.22256957415
Angle 57,18873.5360827376,8921.04692425455
Angle 57,18897.0349823302,8899.78426182084
Angle 57,18920.5216491099,8878.43466808293
Angle 57,18943.9960442381,8856.99822938782
Angle 57,18967.458128669,8835.47503262282
Angle 57,18990.907863149,8813.86516521877
Angle 57,19014.3452082166,8792.16871515332
Angle 57,19037.7701242022,8770.38577095412
Angle 57,19061.1825712276,8748.51642170214
Angle 57,19084.5825092057,8726.56075703493
Angle 57,19107.9698978407,8704.51886714989
Angle 57,19131.3446966269,8682.39084280756
Angle 57,19154.7068648493,8660.17677533493
Angle 57,19178.0563615828,8637.87675662876
Angle 57,19201.3931456921,8615.49087915888
Angle 57,19224.7171758315,8593.01923597155
Angle 57,19248.0284104441,8570.46192069275
Angle 57,19271.3268077622,8547.8190275316
Angle 57,19294.6123258067,8525.09065128366
Angle 57,19317.8849223867,8502.27688733432
Angle 57,19341.1445550994,8479.37783166217
Angle 57,19364.3911813297,8456.39358084242
Angle 57,19387.6247582502,8433.32423205023
Angle 57,19410.8452428203,8410.16988306418
Angle 57,19434.0525917866,8386.93063226966
Angle 57,19457.2467616823,8363.60657866229
Angle 57,19480.4277088269,8340.19782185133
Angle 57,19503.595389326,8316.70446206319
Angle 57,19526.7497590711,8293.12660014479
Angle 57,19549.8907737391,8269.46433756709
Angle 57,19573.0183887923,8245.71777642852
Angle 57,19596.132559478,8221.88701945847
Angle 57,19619.2332408282,8197.97217002078
Angle 57,19642.3203876593,8173.97333211719
Angle 57,19665.3939545721,8149.89061039091
Angle 57,19688.4538959513,8125.72411013007
Angle 57,19711.5001659653,8101.47393727126
Angle 57,19734.532718566,8077.14019840307
Angle 57,19757.5515074883,8052.72300076958
Angle 57,19780.5564862505,8028.22245227396
Angle 57,19803.5476081531,8003.63866148194
Angle 57,19826.5248262794,7978.97173762546
Angle 57,19849.4880934949,7954.22179060614
Angle 57,19872.4373624471,7929.38893099892
Angle 57,19895.3725855653,7904.47327005561
Angle 57,19918.2937150601,7879.47491970847
Angle 57,19941.2007029238,7854.3939925738
Angle 57,19964.0935009295,7829.23060195555
Angle 57,19986.9720606314,7803.98486184893
Angle 57,20009.8363333643,7778.656886944
Angle 57,20032.6862702432,7753.24679262929
Angle 57,20055.5218221639,7727.75469499546
Angle 57,20078.3429398018,7702.18071083888
Angle 57,20101.1495736122,7676.52495766529
Angle 57,20123.9416738304,7650.78755369344
Angle 57,20146.7191904707,7624.96861785875
Angle 57,20169.4820733272,7599.06826981692
Angle 57,20192.2302719727,7573.08662994765
Angle 57,20214.9637357591,7547.02381935823
Angle 57,20237.6824138172,7520.87995988728
Angle 57,20260.3862550562,7494.65517410837
Angle 57,20283.0752081639,7468.34958533372
Angle 57,20305.7492216063,7441.96331761787
Angle 57,20328.4082436277,7415.49649576136
Angle 57,20351.0522222503,7388.94924531445
Angle 57,20373.6811052741,7362.32169258079
Angle 57,20396.294840277,7335.61396462109
Angle 57,20418.8933746145,7308.82618925687
Angle 57,20441.4766554196,7281.95849507413
Angle 57,20464.0446296026,7255.01101142706
Angle 57,20486.5972438511,7227.98386844177
Angle 57,20509.1344446302,7200.87719701995
Angle 57,20531.6561781816,7173.69112884263
Angle 57,20554.1623905244,7146.42579637389
Angle 57,20576.6530274544,7119.08133286454
Angle 57,20599.1280345445,7091.65787235586
Angle 57,20621.5873571441,7064.15554968334
Angle 57,20644.0309403797,7036.57450048035
Angle 57,20666.4587291542,7008.91486118192
Angle 57,20688.8706681472,6981.1767690284
Angle 57,20711.2667018151,6953.36036206921
Angle 57,20733.6467743908,6925.46577916657
Angle 57,20756.0108298836,6897.49315999921
Angle 57,20778.3588120796,6869.44264506606
Angle 57,20800.6906645415,6841.31437569003
Angle 57,20823.0063306083,6813.10849402167
Angle 57,20845.3057533958,6784.82514304292
Angle 57,20867.5888757965,6756.46446657078
Angle 57,20889.8556404792,6728.02660926108
Angle 57,20912.1059898898,6699.51171661216
Angle 57,20934.3398662506,6670.91993496854
Angle 57,20956.5572115609,6642.2514115247
Angle 57,20978.757967597,6613.50629432871
Angle 57,21000.9420759117,6584.68473228594
Angle 57,21023.1094778354,6555.78687516278
Angle 57,21045.2601144753,6526.81287359032
Angle 57,21067.3939267159,6497.76287906797
Angle 57,21089.5108552191,6468.63704396723
Angle 57,21111.6108404245,6439.4355215353
Angle 57,21133.693822549,6410.15846589875
Angle 57,21155.7597415877,6380.8060320672
Angle 57,21177.8085373133,6351.37837593695
Angle 57,21199.8401492769,6321.87565429464
Angle 57,21221.8545168078,6292.29802482087
Angle 57,21243.851579014,6262.64564609386
Angle 57,21265.831274782,6232.91867759302
Angle 57,21287.7935427774,6203.11727970261
Angle 57,21309.738321445,6173.24161371533
Angle 57,21331.665549009,6143.2918418359
Angle 57,21353.5751634734,6113.26812718466
Angle 57,21375.467102622,6083.17063380111
Angle 57,21397.341304019,6052.99952664753
Angle 57,21419.197705009,6022.75497161249
Angle 57,21441.0362427176,5992.43713551438
Angle 57,21462.8568540515,5962.04618610499
Angle 57,21484.6594756989,5931.58229207295
Angle 57,21506.44404413,5901.04562304732
Angle 57,21528.210495597,5870.43634960098
Angle 57,21549.9587661349,5839.75464325421
Angle 57,21571.6887915615,5809.00067647805
Angle 57,21593.4005074782,5778.17462269783
Angle 57,21615.09384927,5747.27665629652
Angle 57,21636.7687521064,5716.30695261823
Angle 57,21658.4251509414,5685.26568797152
Angle 57,21680.0629805141,5654.15303963286
Angle 57,21701.6821753495,5622.96918584994
Angle 57,21723.2826697585,5591.71430584502
Angle 57,21744.8643978388,5560.38857981829
Angle 57,21766.427293475,5528.99218895115
Angle 57,21787.9712903397,5497.5253154095
Angle 57,21809.4963218936,5465.98814234702
Angle 57,21831.0023213863,5434.38085390839
Angle 57,21852.4892218567,5402.70363523258
Angle 57,21873.956956134,5370.95667245596
Angle 57,21895.4054568376,5339.14015271557
Angle 57,21916.8346563787,5307.25426415225
Angle 57,21938.24448696,5275.29919591373
Angle 57,21959.6348805772,5243.27513815782
Angle 57,21981.0057690189,5211.18228205545
Angle 57,22002.3570838681,5179.02081979374
Angle 57,22023.6887565022,5146.79094457904
Angle 57,22045.0007180945,5114.49285063994
Angle 57,22066.2928996141,5082.12673323024
Angle 57,22087.5652318275,5049.69278863195
Angle 57,22108.8176452987,5017.19121415815
Angle 57,22130.0500703907,4984.62220815596
Angle 57,22151.2624372657,4951.98597000933
Angle 57,22172.4546758865,4919.28270014197
Angle 57,22193.6267160167,4886.51260002007
Angle 57,22214.7784872226,4853.67587215513
Angle 57,22235.909918873,4820.7727201067
Angle 57,22257.0209401409,4787.80334848507
Angle 57,22278.1114800044,4754.76796295398
Angle 57,22299.1814672471,4721.66677023321
Angle 57,22320.2308304597,4688.49997810126
Angle 57,22341.259498041,4655.26779539787
Angle 57,22362.2673981983,4621.97043202657
Angle 57,22383.2544589493,4588.60809895719
Angle 57,22404.2206081226,4555.18100822834
Angle 57,22425.1657733591,4521.68937294979
Angle 57,22446.0898821128,4488.13340730488
Angle 57,22466.9928616523,4454.51332655288
Angle 57,22487.8746390619,4420.82934703127
Angle 57,22508.7351412426,4387.08168615803
Angle 57,22529.5742949133,4353.27056243384
Angle 57,22550.3920266124,4319.39619544426
Angle 57,22571.1882626986,4285.45880586189
Angle 57,22591.9629293525,4251.45861544846
Angle 57,22612.7159525777,4217.39584705683
Angle 57,22633.4472582024,4183.27072463306
Angle 57,22654.1567718803,4149.08347321832
Angle 57,22674.8444190924,4114.83431895081
Angle 57,22695.5101251482,4080.52348906764
Angle 57,22716.153815187,4046.1512119066
Angle 57,22736.7754141797,4011.71771690797
Angle 57,22757.37484693,3977.22323461618
Angle 57,22777.9520380759,3942.66799668154
Angle 57,22798.5069120912,3908.05223586177
Angle 57,22819.0393932872,3873.37618602362
Angle 57,22839.5494058142,3838.64008214434
Angle 57,22860.036873663,3803.84416031313
Angle 57,22880.5017206665,3768.98865773256
Angle 57,22900.9438705017,3734.07381271986
Angle 57,22921.3632466907,3699.09986470826
Angle 57,22941.7597726031,3664.06705424816
Angle 57,22962.1333714572,3628.97562300833
Angle 57,22982.4839663221,3593.82581377701
Angle 57,23002.8114801191,3558.61787046292
Angle 57,23023.115835624,3523.35203809631
Angle 57,23043.3969554684,3488.02856282983
Angle 57,23063.6547621418,3452.64769193941
Angle 57,23083.8891779936,3417.20967382508
Angle 57,23104.1001252348,3381.71475801164
Angle 57,23124.2875259399,3346.1631951494
Angle 57,23144.4513020491,3310.55523701474
Angle 57,23164.5913753701,3274.89113651066
Angle 57,23184.70766758,3239.17114766724
Angle 57,23204.8001002277,3203.39552564207
Angle 57,23224.8685947358,3167.56452672051
Angle 57,23244.9130724023,3131.67840831604
Angle 57,23264.9334544034,3095.73742897037
Angle 57,23284.9296617953,3059.74184835363
Angle 57,23304.9016155163,3023.69192726433
Angle 57,23324.8492363893,2987.58792762943
Angle 57,23344.7724451235,2951.43011250414
Angle 57,23364.6711623173,2915.21874607181
Angle 57,23384.5453084604,2878.95409364365
Angle 57,23404.3948039358,2842.63642165839
Angle 57,23424.2195690225,2806.26599768188
Angle 57,23444.0195238978,2769.84309040662
Angle 57,23463.7945886395,2733.36796965114
Angle 57,23483.5446832287,2696.84090635941
Angle 57,23503.2697275521,2660.26217260007
Angle 57,23522.9696414042,2623.63204156564
Angle 57,23542.6443444905,2586.95078757161
Angle 57,23562.2937564294,2550.21868605547
Angle 57,23581.9177967551,2513.43601357563
Angle 57,23601.5163849201,2476.6030478103
Angle 57,23621.089440298,2439.72006755623
Angle 57,23640.636882186,2402.7873527274
Angle 57,23660.1586298078,2365.80518435357
Angle 57,23679.6546023161,2328.77384457886
Angle 57,23699.1247187954,2291.69361666007
Angle 57,23718.568898265,2254.56478496504
Angle 57,23737.9870596817,2217.38763497091
Angle 57,23757.3791219426,2180.16245326219
Angle 57,23776.7450038879,2142.88952752882
Angle 57,23796.0846243041,2105.56914656417
Angle 57,23815.3979019267,2068.20160026282
Angle 57,23834.6847554433,2030.78717961836
Angle 57,23853.9451034966,1993.32617672102
Angle 57,23873.1788646871,1955.8188847553
Angle 57,23892.3859575767,1918.26559799732
Angle 57,23911.5663006916,1880.66661181232
Angle 57,23930.7198125251,1843.02222265181
Angle 57,23949.8464115412,1805.33272805082
Angle 57,23968.9460161775,1767.5984266249
Angle 57,23988.0185448487,1729.81961806715
Angle 57,24007.0639159493,1691.99660314501
Angle 57,24026.0820478575,1654.12968369708
Angle 57,24045.0728589381,1616.21916262973
Angle 57,24064.036267546,1578.26534391365
Angle 57,24082.9721920295,1540.26853258033
Angle 57,24101.8805507337,1502.22903471835
Angle 57,24120.7612620039,1464.14715746962
Angle 57,24139.6142441891,1426.02320902553
Angle 57,24158.4394156453,1387.85749862292
Angle 57,24177.2366947395,1349.65033654001
Angle 57,24196.0059998526,1311.40203409218
Angle 57,24214.7472493833,1273.11290362766
Angle 57,24233.4603617519,1234.78325852308
Angle 57,24252.1452554033,1196.41341317898
Angle 57,24270.8018488113,1158.00368301508
Angle 57,24289.430060482,1119.5543844656
Angle 57,24308.0298089574,1081.0658349743
Angle 57,24326.6010128195,1042.53835298953
Angle 57,24345.1435906936,1003.97225795912
Angle 57,24363.6574612525,965.367870325136
Angle 57,24382.14254322,926.725511518548
Angle 57,24400.598755375,888.045503953775
Angle 57,24419.0260165554,849.328171023107
Angle 57,24437.4242456617,810.57383709101
Angle 57,24455.7933616612,771.782827488318
Angle 57,24474.1332835919,732.955468506304
Angle 57,24492.4439305664,694.092087390626
Angle 57,24510.7252217763,655.193012335167
Angle 57,24528.9770764955,616.258572475738
Angle 57,24547.199414085,577.289097883674
Angle 57,24565.3921539965,538.284919559303
Angle 57,24583.555215777,499.246369425296
Angle 57,24601.6885190723,460.173780319891
Angle 57,24619.7919836317,421.067485990001
Angle 57,24637.8655293122,381.927821084194
Angle 57,24655.9090760822,342.755121145557
Angle 57,24673.9225440264,303.549722604428
Angle 57,24691.9058533495,264.311962771012
Angle 57,24709.858924381,225.042179827872
Angle 57,24727.781677579,185.740712822292
Angle 57,24745.6740335351,146.407901658521
Angle 57,24763.5359129783,107.044087089891
Angle 57,24781.3672367795,67.649610710807
Angle 57,24799.1679259561,28.2248149486179
Angle 57,24811.880058159,0
Angle 58,0,0
Angle 58,36.9904843205346,59.0991493041032
Angle 58,73.8784161022587,117.936451934825
Angle 58,110.665082585307,176.514233527733
Angle 58,147.351747220725,234.834775729052
Angle 58,183.939650259185,292.900317288843
Angle 58,220.430009321362,350.713055120123
Angle 58,256.82401995068,408.275145325222
Angle 58,293.122856149066,465.588704190582
Angle 58,329.32767089635,522.65580915117
Angle 58,365.439596653908,579.478499725621
Angle 58,401.459745853122,636.058778423182
Angle 58,437.389211369216,692.398611623478
Angle 58,473.229066980981,748.499930430073
Angle 58,508.980367816909,804.364631498783
Angle 58,544.644150788211,859.994577841615
Angle 58,580.22143500918,915.391599607221
Angle 58,615.713222205361,970.55749483867
Angle 58,651.12049710993,1025.49403020934
Angle 58,686.444227848712,1080.2029417377
Angle 58,721.685366314218,1134.6859354817
Angle 58,756.844848529082,1188.94468821345
Angle 58,791.923594999265,1242.98084807489
Angle 58,826.922511057358,1296.79603521515
Angle 58,861.842487196338,1350.39184241001
Angle 58,896.684399394077,1403.76983566437
Angle 58,931.449109428926,1456.93155479799
Angle 58,966.137465186669,1509.8785140153
Angle 58,1000.75030095912,1562.61220245964
Angle 58,1035.28843773464,1615.13408475249
Angle 58,1069.75268348087,1667.44560151827
Angle 58,1104.14383341985,1719.54816989497
Angle 58,1138.46267029589,1771.44318403131
Angle 58,1172.70996463628,1823.13201557068
Angle 58,1206.88647500524,1874.61601412234
Angle 58,1240.99294825112,1925.89650772033
Angle 58,1275.03011974726,1976.97480327039
Angle 58,1308.99871362657,2027.85218698535
Angle 58,1342.8994430101,2078.52992480925
Angle 58,1376.73301022975,2129.00926283071
Angle 58,1410.5001070453,2179.29142768562
Angle 58,1444.20141485598,2229.37762694975
Angle 58,1477.83760490669,2279.26904952142
Angle 58,1511.40933848904,2328.96686599455
Angle 58,1544.91726713742,2378.47222902247
Angle 58,1578.36203282018,2427.78627367265
Angle 58,1611.74426812609,2476.91011777267
Angle 58,1645.06459644627,2525.84486224775
Angle 58,1678.32363215162,2574.59159145
Angle 58,1711.52198076601,2623.15137347965
Angle 58,1744.6602391352,2671.52526049854
Angle 58,1777.7389955918,2719.71428903606
Angle 58,1810.7588301162,2767.71948028777
Angle 58,1843.72031449374,2815.54184040691
Angle 58,1876.62401246807,2863.18236078898
Angle 58,1909.47047989103,2910.64201834962
Angle 58,1942.26026486886,2957.92177579599
Angle 58,1974.99390790513,3005.02258189178
Angle 58,2007.67194204031,3051.94537171608
Angle 58,2040.29489298804,3098.69106691625
Angle 58,2072.86327926842,3145.260575955
Angle 58,2105.3776123381,3191.65479435176
Angle 58,2137.8383967175,3237.87460491859
Angle 58,2170.24613011515,3283.92087799074
Angle 58,2202.60130354912,3329.79447165196
Angle 58,2234.90440146587,3375.49623195476
Angle 58,2267.15590185637,3421.02699313583
Angle 58,2299.35627636959,3466.3875778265
Angle 58,2331.50599042359,3511.57879725867
Angle 58,2363.60550331409,3556.60145146616
Angle 58,2395.65526832066,3601.4563294816
Angle 58,2427.65573281059,3646.14420952907
Angle 58,2459.60733834058,3690.66585921251
Angle 58,2491.51052075611,3735.02203570007
Angle 58,2523.36571028874,3779.21348590447
Angle 58,2555.17333165135,3823.24094665949
Angle 58,2586.93380413127,3867.10514489271
Angle 58,2618.64754168147,3910.80679779454
Angle 58,2650.31495300987,3954.3466129837
Angle 58,2681.93644166667,3997.72528866917
Angle 58,2713.51240612994,4040.9435138088
Angle 58,2745.04323988936,4084.00196826452
Angle 58,2776.52933152825,4126.90132295442
Angle 58,2807.97106480392,4169.6422400016
Angle 58,2839.36881872631,4212.22537287994
Angle 58,2870.72296763506,4254.65136655698
Angle 58,2902.033881275,4296.92085763372
Angle 58,2933.30192487009,4339.03447448172
Angle 58,2964.52745919588,4380.99283737732
Angle 58,2995.7108406505,4422.79655863317
Angle 58,3026.85242132418,4464.44624272715
Angle 58,3057.9525490675,4505.94248642866
Angle 58,3089.01156755813,4547.28587892243
Angle 58,3120.02981636637,4588.47700192982
Angle 58,3151.00763101931,4629.51642982777
Angle 58,3181.94534306379,4670.40472976536
Angle 58,3212.84328012806,4711.14246177813
Angle 58,3243.70176598231,4751.73017890015
Angle 58,3274.52112059799,4792.16842727384
Angle 58,3305.30166020594,4832.45774625778
Angle 58,3336.04369735348,4872.59866853235
Angle 58,3366.74754096035,4912.59172020334
Angle 58,3397.41349637359,4952.43742090366
Angle 58,3428.04186542136,4992.13628389295
Angle 58,3458.63294646581,5031.68881615549
Angle 58,3489.18703445482,5071.09551849609
Angle 58,3519.70442097292,5110.35688563426
Angle 58,3550.18539429111,5149.4734062966
Angle 58,3580.63023941587,5188.44556330742
Angle 58,3611.03923813717,5227.27383367772
Angle 58,3641.41266907564,5265.95868869249
Angle 58,3671.75080772884,5304.50059399639
Angle 58,3702.05392651672,5342.90000967789
Angle 58,3732.32229482618,5381.1573903518
Angle 58,3762.55617905488,5419.27318524034
Angle 58,3792.75584265423,5457.24783825271
Angle 58,3822.92154617158,5495.08178806324
Angle 58,3853.05354729168,5532.77546818808
Angle 58,3883.15210087738,5570.32930706058
Angle 58,3913.21745900959,5607.74372810521
Angle 58,3943.24987102657,5645.01914981027
Angle 58,3973.24958356244,5682.15598579924
Angle 58,4003.2168405851,5719.15464490086
Angle 58,4033.1518834334,5756.01553121799
Angle 58,4063.05495085373,5792.73904419527
Angle 58,4092.92627903589,5829.32557868555
Angle 58,4122.76610164842,5865.7755250152
Angle 58,4152.5746498732,5902.08926904823
Angle 58,4182.3521524396,5938.26719224934
Angle 58,4212.09883565789,5974.30967174588
Angle 58,4241.81492345217,6010.2170803887
Angle 58,4271.50063739272,6045.98978681197
Angle 58,4301.15619672775,6081.62815549202
Angle 58,4330.78181841465,6117.13254680509
Angle 58,4360.37771715073,6152.50331708417
Angle 58,4389.94410540337,6187.74081867485
Angle 58,4419.48119343973,6222.8453999902
Angle 58,4448.9891893559,6257.8174055648
Angle 58,4478.46829910563,6292.65717610776
Angle 58,4507.91872652851,6327.36504855494
Angle 58,4537.34067337774,6361.94135612024
Angle 58,4566.73433934738,6396.38642834609
Angle 58,4596.09992209923,6430.70059115308
Angle 58,4625.43761728916,6464.88416688873
Angle 58,4654.74761859311,6498.93747437554
Angle 58,4684.0301177326,6532.86082895819
Angle 58,4713.28530449986,6566.65454254997
Angle 58,4742.51336678252,6600.31892367851
Angle 58,4771.71449058791,6633.8542775307
Angle 58,4800.88886006699,6667.2609059969
Angle 58,4830.03665753785,6700.53910771451
Angle 58,4859.15806350891,6733.68917811069
Angle 58,4888.25325670163,6766.71140944456
Angle 58,4917.32241407297,6799.60609084862
Angle 58,4946.36571083742,6832.37350836954
Angle 58,4975.38332048874,6865.01394500831
Angle 58,5004.37541482129,6897.52768075974
Angle 58,5033.34216395109,6929.91499265135
Angle 58,5062.28373633649,6962.17615478167
Angle 58,5091.20029879853,6994.31143835788
Angle 58,5120.09201654106,7026.3211117329
Angle 58,5148.95905317041,7058.20544044194
Angle 58,5177.80157071487,7089.96468723839
Angle 58,5206.61972964378,7121.59911212926
Angle 58,5235.41368888645,7153.10897240998
Angle 58,5264.1836058506,7184.49452269873
Angle 58,5292.92963644074,7215.7560149702
Angle 58,5321.65193507605,7246.8936985889
Angle 58,5350.35065470817,7277.90782034186
Angle 58,5379.02594683861,7308.79862447094
Angle 58,5407.67796153592,7339.56635270457
Angle 58,5436.30684745263,7370.21124428907
Angle 58,5464.91275184189,7400.73353601945
Angle 58,5493.4958205739,7431.13346226979
Angle 58,5522.05619815205,7461.41125502312
Angle 58,5550.5940277289,7491.56714390092
Angle 58,5579.10945112179,7521.60135619213
Angle 58,5607.60260882837,7551.5141168817
Angle 58,5636.07364004177,7581.30564867885
Angle 58,5664.52268266561,7610.97617204472
Angle 58,5692.94987332881,7640.52590521981
Angle 58,5721.35534740011,7669.95506425089
Angle 58,5749.73923900246,7699.26386301755
Angle 58,5778.10168102709,7728.45251325836
Angle 58,5806.44280514755,7757.52122459672
Angle 58,5834.76274183331,7786.47020456618
Angle 58,5863.06162036339,7815.29965863558
Angle 58,5891.33956883966,7844.00979023369
Angle 58,5919.59671419998,7872.60080077356
Angle 58,5947.83318223113,7901.07288967649
Angle 58,5976.04909758163,7929.42625439571
Angle 58,6004.24458377427,7957.66109043966
Angle 58,6032.41976321855,7985.77759139499
Angle 58,6060.57475722289,8013.77594894919
Angle 58,6088.70968600669,8041.65635291296
Angle 58,6116.82466871221,8069.41899124219
Angle 58,6144.91982341628,8097.06405005971
Angle 58,6172.99526714186,8124.5917136767
Angle 58,6201.05111586941,8152.00216461375
Angle 58,6229.08748454814,8179.29558362175
Angle 58,6257.10448710706,8206.47214970237
Angle 58,6285.1022364659,8233.53204012834
Angle 58,6313.08084454588,8260.47543046339
Angle 58,6341.04042228031,8287.30249458197
Angle 58,6368.98107962507,8314.01340468865
Angle 58,6396.90292556891,8340.60833133729
Angle 58,6424.80606814366,8367.08744344997
Angle 58,6452.69061443425,8393.45090833556
Angle 58,6480.5566705886,8419.69889170818
Angle 58,6508.40434182739,8445.83155770532
Angle 58,6536.23373245372,8471.84906890571
Angle 58,6564.04494586255,8497.75158634703
Angle 58,6591.83808455015,8523.53926954328
Angle 58,6619.61325012326,8549.212276502
Angle 58,6647.37054330826,8574.77076374122
Angle 58,6675.11006396013,8600.21488630619
Angle 58,6702.83191107138,8625.54479778591
Angle 58,6730.53618278072,8650.76065032943
Angle 58,6758.22297638176,8675.86259466188
Angle 58,6785.8923883315,8700.85078010041
Angle 58,6813.54451425875,8725.72535456982
Angle 58,6841.1794489724,8750.48646461801
Angle 58,6868.79728646962,8775.13425543126
Angle 58,6896.39811994392,8799.66887084927
Angle 58,6923.98204179315,8824.09045338003
Angle 58,6951.54914362731,8848.39914421452
Angle 58,6979.09951627632,8872.59508324115
Angle 58,7006.63324979771,8896.6784090601
Angle 58,7034.15043348413,8920.64925899738
Angle 58,7061.65115587081,8944.50776911886
Angle 58,7089.13550474294,8968.25407424393
Angle 58,7116.60356714289,8991.88830795913
Angle 58,7144.05542937741,9015.41060263159
Angle 58,7171.49117702468,9038.82108942222
Angle 58,7198.91089494128,9062.11989829881
Angle 58,7226.31466726912,9085.30715804895
Angle 58,7253.70257744217,9108.38299629277
Angle 58,7281.07470819322,9131.34753949556
Angle 58,7308.43114156048,9154.20091298017
Angle 58,7335.77195889414,9176.94324093931
Angle 58,7363.09724086279,9199.57464644767
Angle 58,7390.4070674598,9222.09525147394
Angle 58,7417.70151800963,9244.50517689257
Angle 58,7444.98067117399,9266.80454249555
Angle 58,7472.24460495801,9288.99346700389
Angle 58,7499.49339671627,9311.07206807903
Angle 58,7526.72712315876,9333.04046233414
Angle 58,7553.94586035681,9354.89876534525
Angle 58,7581.14968374885,9376.64709166221
Angle 58,7608.33866814621,9398.28555481957
Angle 58,7635.51288773877,9419.81426734733
Angle 58,7662.67241610055,9441.23334078154
Angle 58,7689.81732619526,9462.54288567476
Angle 58,7716.94769038175,9483.74301160645
Angle 58,7744.06358041938,9504.83382719315
Angle 58,7771.16506747337,9525.81544009864
Angle 58,7798.25222212005,9546.68795704392
Angle 58,7825.32511435203,9567.45148381704
Angle 58,7852.38381358334,9588.10612528294
Angle 58,7879.42838865447,9608.65198539302
Angle 58,7906.45890783739,9629.08916719472
Angle 58,7933.47543884048,9649.4177728409
Angle 58,7960.47804881336,9669.6379035992
Angle 58,7987.46680435176,9689.74965986121
Angle 58,8014.4417715022,9709.75314115159
Angle 58,8041.40301576677,9729.64844613704
Angle 58,8068.35060210766,9749.43567263523
Angle 58,8095.28459495181,9769.11491762355
Angle 58,8122.2050581954,9788.68627724785
Angle 58,8149.1120552083,9808.14984683097
Angle 58,8176.0056488385,9827.5057208813
Angle 58,8202.88590141644,9846.75399310114
Angle 58,8229.75287475931,9865.89475639502
Angle 58,8256.60663017529,9884.92810287792
Angle 58,8283.44722846776,9903.85412388337
Angle 58,8310.27472993943,9922.67290997151
Angle 58,8337.08919439641,9941.38455093703
Angle 58,8363.89068115226,9959.989135817
Angle 58,8390.67924903199,9978.48675289867
Angle 58,8417.45495637598,9996.87748972714
Angle 58,8444.21786104386,10015.161433113
Angle 58,8470.96802041841,10033.3386691397
Angle 58,8497.70549140926,10051.4092831712
Angle 58,8524.43033045671,10069.3733598593
Angle 58,8551.14259353544,10087.2309831506
Angle 58,8577.84233615809,10104.9822362942
Angle 58,8604.52961337894,10122.6272018484
Angle 58,8631.20447979746,10140.1659616881
Angle 58,8657.86698956181,10157.5985970114
Angle 58,8684.51719637235,10174.9251883467
Angle 58,8711.15515348507,10192.1458155597
Angle 58,8737.78091371496,10209.2605578597
Angle 58,8764.39452943941,10226.2694938068
Angle 58,8790.99605260146,10243.1727013182
Angle 58,8817.58553471314,10259.9702576747
Angle 58,8844.16302685865,10276.6622395274
Angle 58,8870.72857969757,10293.2487229041
Angle 58,8897.28224346803,10309.7297832153
Angle 58,8923.82406798979,10326.1054952611
Angle 58,8950.35410266735,10342.3759332366
Angle 58,8976.87239649296,10358.541170739
Angle 58,9003.37899804964,10374.6012807729
Angle 58,9029.87395551415,10390.5563357567
Angle 58,9056.3573166599,10406.4064075286
Angle 58,9082.82912885984,10422.1515673522
Angle 58,9109.28943908936,10437.791885923
Angle 58,9135.73829392906,10453.3274333733
Angle 58,9162.17573956757,10468.7582792788
Angle 58,9188.60182180427,10484.0844926638
Angle 58,9215.01658605208,10499.3061420068
Angle 58,9241.42007734008,10514.4232952463
Angle 58,9267.81234031617,10529.4360197863
Angle 58,9294.19341924973,10544.3443825016
Angle 58,9320.56335803419,10559.1484497434
Angle 58,9346.92220018958,10573.8482873446
Angle 58,9373.26998886506,10588.4439606249
Angle 58,9399.60676684144,10602.9355343966
Angle 58,9425.93257653359,10617.323072969
Angle 58,9452.24745999296,10631.6066401546
Angle 58,9478.55145890989,10645.7862992732
Angle 58,9504.84461461606,10659.8621131577
Angle 58,9531.12696808681,10673.8341441587
Angle 58,9557.39855994345,10687.7024541497
Angle 58,9583.65943045555,10701.4671045321
Angle 58,9609.90961954324,10715.1281562397
Angle 58,9636.1491667794,10728.685669744
Angle 58,9662.37811139186,10742.1397050587
Angle 58,9688.59649226562,10755.4903217447
Angle 58,9714.804347945,10768.7375789146
Angle 58,9741.00171663573,10781.8815352373
Angle 58,9767.18863620708,10794.9222489431
Angle 58,9793.36514419391,10807.8597778278
Angle 58,9819.53127779875,10820.6941792575
Angle 58,9845.68707389381,10833.4255101731
Angle 58,9871.83256902297,10846.0538270946
Angle 58,9897.96779940378,10858.5791861259
Angle 58,9924.09280092936,10871.0016429588
Angle 58,9950.20760917038,10883.3212528777
Angle 58,9976.31225937695,10895.5380707636
Angle 58,10002.4067864805,10907.6521510986
Angle 58,10028.4912250955,10919.6635479704
Angle 58,10054.5656095217,10931.572315076
Angle 58,10080.6299737453,10943.3785057261
Angle 58,10106.6843514413,10955.0821728495
Angle 58,10132.7287759752,10966.6833689969
Angle 58,10158.7632804043,10978.1821463451
Angle 58,10184.7878974799,10989.5785567012
Angle 58,10210.8026596488,11000.8726515063
Angle 58,10236.807599055,11012.0644818399
Angle 58,10262.8027475414,11023.1540984236
Angle 58,10288.7881366514,11034.1415516248
Angle 58,10314.7637976305,11045.0268914613
Angle 58,10340.7297614279,11055.8101676046
Angle 58,10366.6860586981,11066.4914293838
Angle 58,10392.6327198025,11077.0707257896
Angle 58,10418.5697748109,11087.5481054782
Angle 58,10444.4972535031,11097.9236167745
Angle 58,10470.41518537,11108.1973076765
Angle 58,10496.3235996158,11118.3692258586
Angle 58,10522.2225251588,11128.4394186753
Angle 58,10548.1119906333,11138.4079331652
Angle 58,10573.9920243906,11148.274816054
Angle 58,10599.8626545008,11158.0401137588
Angle 58,10625.723908754,11167.7038723911
Angle 58,10651.5758146618,11177.2661377607
Angle 58,10677.4183994585,11186.7269553792
Angle 58,10703.2516901025,11196.0863704633
Angle 58,10729.0757132775,11205.3444279384
Angle 58,10754.8904953943,11214.5011724422
Angle 58,10780.6960625914,11223.5566483279
Angle 58,10806.4924407367,11232.5108996676
Angle 58,10832.2796554287,11241.363970256
Angle 58,10858.0577319978,11250.1159036134
Angle 58,10883.8266955072,11258.7667429894
Angle 58,10909.5865707545,11267.3165313659
Angle 58,10935.3373822727,11275.7653114605
Angle 58,10961.0791543315,11284.11312573
Angle 58,10986.8119109383,11292.3600163732
Angle 58,11012.5356758395,11300.5060253348
Angle 58,11038.2504725215,11308.551194308
Angle 58,11063.956324212,11316.495564738
Angle 58,11089.6532538809,11324.3391778253
Angle 58,11115.3412842415,11332.0820745285
Angle 58,11141.0204377519,11339.7242955678
Angle 58,11166.6907366152,11347.2658814279
Angle 58,11192.3522027817,11354.7068723615
Angle 58,11218.0048579488,11362.0473083917
Angle 58,11243.6487235631,11369.2872293157
Angle 58,11269.2838208204,11376.4266747077
Angle 58,11294.9101706676,11383.4656839218
Angle 58,11320.5277938029,11390.4042960952
Angle 58,11346.1367106776,11397.242550151
Angle 58,11371.7369414963,11403.9804848016
Angle 58,11397.3285062182,11410.618138551
Angle 58,11422.9114245581,11417.1555496987
Angle 58,11448.4857159873,11423.5927563417
Angle 58,11474.0513997343,11429.929796378
Angle 58,11499.6084947861,11436.1667075096
Angle 58,11525.1570198885,11442.303527245
Angle 58,11550.6969935477,11448.3402929023
Angle 58,11576.2284340307,11454.2770416122
Angle 58,11601.7513593661,11460.1138103205
Angle 58,11627.2657873455,11465.8506357914
Angle 58,11652.7717355236,11471.4875546102
Angle 58,11678.2692212195,11477.0246031858
Angle 58,11703.7582615175,11482.4618177539
Angle 58,11729.2388732679,11487.7992343799
Angle 58,11754.7110730874,11493.036888961
Angle 58,11780.1748773605,11498.1748172298
Angle 58,11805.6303022398,11503.2130547566
Angle 58,11831.0773636472,11508.1516369522
Angle 58,11856.5160772741,11512.9905990708
Angle 58,11881.9464585827,11517.7299762125
Angle 58,11907.3685228063,11522.3698033262
Angle 58,11932.7822849505,11526.9101152123
Angle 58,11958.1877597934,11531.3509465253
Angle 58,11983.5849618867,11535.6923317766
Angle 58,12008.9739055562,11539.934305337
Angle 58,12034.3546049027,11544.0769014395
Angle 58,12059.7270738025,11548.120154182
Angle 58,12085.0913259079,11552.0640975298
Angle 58,12110.4473746485,11555.9087653183
Angle 58,12135.7952332312,11559.6541912558
Angle 58,12161.1349146412,11563.3004089258
Angle 58,12186.4664316425,11566.8474517897
Angle 58,12211.7897967787,11570.2953531895
Angle 58,12237.1050223735,11573.6441463506
Angle 58,12262.4121205314,11576.8938643838
Angle 58,12287.711103138,11580.0445402882
Angle 58,12313.0019818613,11583.0962069541
Angle 58,12338.2847681516,11586.0488971649
Angle 58,12363.5594732424,11588.9026435999
Angle 58,12388.8261081511,11591.6574788373
Angle 58,12414.0846836791,11594.3134353559
Angle 58,12439.3352104131,11596.8705455383
Angle 58,12464.5776987251,11599.3288416731
Angle 58,12489.812158773,11601.6883559575
Angle 58,12515.0386005016,11603.9491204996
Angle 58,12540.2570336424,11606.1111673215
Angle 58,12565.4674677148,11608.1745283608
Angle 58,12590.6699120265,11610.1392354739
Angle 58,12615.8643756738,11612.0053204384
Angle 58,12641.0508675421,11613.7728149551
Angle 58,12666.2293963067,11615.4417506506
Angle 58,12691.3999704331,11617.0121590803
Angle 58,12716.5625981777,11618.4840717301
Angle 58,12741.7172875879,11619.8575200192
Angle 58,12766.864046503,11621.1325353025
Angle 58,12792.0028825546,11622.3091488732
Angle 58,12817.1338031668,11623.3873919647
Angle 58,12842.2568155569,11624.3672957537
Angle 58,12867.3719267361,11625.2488913621
Angle 58,12892.4791435093,11626.0322098594
Angle 58,12917.5784724762,11626.7172822656
Angle 58,12942.6699200316,11627.3041395529
Angle 58,12967.7534923655,11627.7928126488
Angle 58,12992.8291954639,11628.1833324378
Angle 58,13017.8970351091,11628.4757297642
Angle 58,13042.9570168803,11628.6700354346
Angle 58,13068.0091461536,11628.7662802196
Angle 58,13093.053428103,11628.7644948569
Angle 58,13118.0898677003,11628.6647100533
Angle 58,13143.1184697159,11628.466956487
Angle 58,13168.1392387187,11628.1712648102
Angle 58,13193.1521790773,11627.7776656511
Angle 58,13218.1572949595,11627.2861896166
Angle 58,13243.1545903333,11626.6968672943
Angle 58,13268.1440689673,11626.0097292551
Angle 58,13293.1257344305,11625.2248060554
Angle 58,13318.0995900932,11624.3421282394
Angle 58,13343.0656391275,11623.3617263415
Angle 58,13368.023884507,11622.2836308884
Angle 58,13392.9743290079,11621.1078724018
Angle 58,13417.9169752088,11619.8344814004
Angle 58,13442.8518254915,11618.4634884021
Angle 58,13467.7788820409,11616.9949239267
Angle 58,13492.6981468457,11615.4288184978
Angle 58,13517.6096216988,11613.7652026454
Angle 58,13542.5133081973,11612.0041069079
Angle 58,13567.4092077429,11610.1455618347
Angle 58,13592.2973215426,11608.1895979881
Angle 58,13617.1776506085,11606.1362459459
Angle 58,13642.0501957588,11603.9855363036
Angle 58,13666.9149576172,11601.7374996764
Angle 58,13691.7719366141,11599.392166702
Angle 58,13716.6211329864,11596.9495680423
Angle 58,13741.462546778,11594.4097343861
Angle 58,13766.2961778401,11591.772696451
Angle 58,13791.1220258313,11589.038484986
Angle 58,13815.9400902182,11586.2071307736
Angle 58,13840.7503702756,11583.2786646317
Angle 58,13865.5528650865,11580.2531174166
Angle 58,13890.3475735429,11577.1305200247
Angle 58,13915.1344943456,11573.9109033947
Angle 58,13939.9136260049,11570.5942985102
Angle 58,13964.6849668406,11567.1807364017
Angle 58,13989.4485149821,11563.6702481489
Angle 58,14014.2042683693,11560.0628648829
Angle 58,14038.9522247521,11556.3586177885
Angle 58,14063.6923816914,11552.5575381063
Angle 58,14088.4247365588,11548.659657135
Angle 58,14113.149286537,11544.6650062337
Angle 58,14137.8660286203,11540.5736168242
Angle 58,14162.5749596144,11536.3855203928
Angle 58,14187.276076137,11532.100748493
Angle 58,14211.9693746181,11527.7193327475
Angle 58,14236.6548512999,11523.2413048504
Angle 58,14261.3325022373,11518.6666965694
Angle 58,14286.0023232979,11513.9955397483
Angle 58,14310.6643101624,11509.2278663088
Angle 58,14335.3184583251,11504.3637082529
Angle 58,14359.9647630934,11499.4030976652
Angle 58,14384.6032195886,11494.3460667149
Angle 58,14409.2338227461,11489.1926476583
Angle 58,14433.8565673151,11483.9428728408
Angle 58,14458.4714478596,11478.5967746989
Angle 58,14483.0784587578,11473.1543857631
Angle 58,14507.677594203,11467.6157386593
Angle 58,14532.2688482031,11461.9808661114
Angle 58,14556.8522145814,11456.2498009436
Angle 58,14581.4276869766,11450.4225760825
Angle 58,14605.9952588429,11444.499224559
Angle 58,14630.55492345,11438.4797795111
Angle 58,14655.1066738838,11432.3642741856
Angle 58,14679.6505030461,11426.1527419405
Angle 58,14704.1864036552,11419.8452162472
Angle 58,14728.7143682455,11413.4417306927
Angle 58,14753.2343891682,11406.9423189817
Angle 58,14777.7464585913,11400.347014939
Angle 58,14802.2505684996,11393.6558525114
Angle 58,14826.7467106949,11386.8688657704
Angle 58,14851.2348767966,11379.9860889138
Angle 58,14875.7150582411,11373.0075562682
Angle 58,14900.1872462825,11365.9333022914
Angle 58,14924.6514319925,11358.7633615741
Angle 58,14949.1076062608,11351.4977688428
Angle 58,14973.5557597948,11344.1365589612
Angle 58,14997.9958831202,11336.679766933
Angle 58,15022.4279665808,11329.1274279039
Angle 58,15046.8520003387,11321.4795771638
Angle 58,15071.2679743746,11313.7362501489
Angle 58,15095.6758784878,11305.8974824441
Angle 58,15120.0757022961,11297.9633097854
Angle 58,15144.4674352363,11289.9337680614
Angle 58,15168.8510665641,11281.8088933161
Angle 58,15193.2265853542,11273.5887217513
Angle 58,15217.5939805004,11265.2732897279
Angle 58,15241.9532407159,11256.8626337693
Angle 58,15266.304354533,11248.3567905624
Angle 58,15290.6473103035,11239.7557969609
Angle 58,15314.9820961989,11231.0596899869
Angle 58,15339.30870021,11222.2685068331
Angle 58,15363.6271101476,11213.3822848654
Angle 58,15387.9373136419,11204.4010616249
Angle 58,15412.2392981432,11195.32487483
Angle 58,15436.5330509216,11186.1537623789
Angle 58,15460.8185590672,11176.8877623516
Angle 58,15485.0958094902,11167.5269130123
Angle 58,15509.3647889207,11158.0712528114
Angle 58,15533.6254839091,11148.5208203882
Angle 58,15557.877880826,11138.8756545727
Angle 58,15582.1219658623,11129.1357943878
Angle 58,15606.357725029,11119.301279052
Angle 58,15630.5851441577,11109.3721479811
Angle 58,15654.8042089003,11099.3484407911
Angle 58,15679.014904729,11089.2301972998
Angle 58,15703.2172169366,11079.0174575293
Angle 58,15727.4111306362,11068.7102617084
Angle 58,15751.5966307617,11058.3086502748
Angle 58,15775.7737020672,11047.8126638773
Angle 58,15799.9423291276,11037.222343378
Angle 58,15824.1024963382,11026.5377298547
Angle 58,15848.2541879149,11015.7588646031
Angle 58,15872.3973878942,11004.8857891393
Angle 58,15896.5320801332,10993.9185452016
Angle 58,15920.6582483095,10982.8571747534
Angle 58,15944.7758759214,10971.7017199848
Angle 58,15968.8849462875,10960.4522233157
Angle 58,15992.9854425473,10949.1087273973
Angle 58,16017.0773476606,10937.6712751149
Angle 58,16041.1606444077,10926.1399095902
Angle 58,16065.2353153895,10914.5146741832
Angle 58,16089.3013430275,10902.7956124951
Angle 58,16113.3587095632,10890.9827683702
Angle 58,16137.407397059,10879.0761858981
Angle 58,16161.4473873973,10867.0759094167
Angle 58,16185.478662281,10854.9819835137
Angle 58,16209.5012032333,10842.7944530296
Angle 58,16233.5149915975,10830.5133630598
Angle 58,16257.5200085372,10818.1387589566
Angle 58,16281.5162350361,10805.6706863322
Angle 58,16305.5036518978,10793.1091910606
Angle 58,16329.4822397463,10780.4543192802
Angle 58,16353.451979025,10767.7061173959
Angle 58,16377.4128499977,10754.8646320818
Angle 58,16401.3648327475,10741.9299102833
Angle 58,16425.3079071775,10728.9019992195
Angle 58,16449.2420530105,10715.7809463861
Angle 58,16473.1672497886,10702.5667995569
Angle 58,16497.0834768736,10689.259606787
Angle 58,16520.9907134463,10675.8594164148
Angle 58,16544.8889385073,10662.3662770644
Angle 58,16568.7781308759,10648.7802376482
Angle 58,16592.6582691907,10635.1013473694
Angle 58,16616.5293319092,10621.329655724
Angle 58,16640.3912973078,10607.4652125037
Angle 58,16664.2441434816,10593.5080677981
Angle 58,16688.0878483443,10579.4582719972
Angle 58,16711.9223896281,10565.315875794
Angle 58,16735.7477448837,10551.0809301866
Angle 58,16759.5638914798,10536.753486481
Angle 58,16783.3708066034,10522.3335962936
Angle 58,16807.1684672596,10507.8213115533
Angle 58,16830.956850271,10493.2166845046
Angle 58,16854.7359322782,10478.5197677093
Angle 58,16878.5056897392,10463.7306140499
Angle 58,16902.2660989295,10448.8492767314
Angle 58,16926.0171359418,10433.875809284
Angle 58,16949.758776686,10418.8102655661
Angle 58,16973.4909968887,10403.6526997661
Angle 58,16997.2137720935,10388.4031664052
Angle 58,17020.9270776606,10373.0617203405
Angle 58,17044.6308887666,10357.6284167666
Angle 58,17068.3251804044,10342.103311219
Angle 58,17092.009927383,10326.486459576
Angle 58,17115.6851043272,10310.777918062
Angle 58,17139.3506856778,10294.9777432493
Angle 58,17163.0066456909,10279.0859920614
Angle 58,17186.6529584382,10263.102721775
Angle 58,17210.2895978062,10247.0279900233
Angle 58,17233.9165374969,10230.8618547978
Angle 58,17257.5337510266,10214.6043744517
Angle 58,17281.1412117265,10198.2556077019
Angle 58,17304.7388927421,10181.8156136322
Angle 58,17328.326767033,10165.2844516955
Angle 58,17351.9048073728,10148.6621817167
Angle 58,17375.4729863489,10131.9488638955
Angle 58,17399.0312763622,10115.1445588086
Angle 58,17422.5796496269,10098.2493274129
Angle 58,17446.1180781703,10081.2632310479
Angle 58,17469.6465338326,10064.1863314387
Angle 58,17493.1649882665,10047.0186906982
Angle 58,17516.6734129375,10029.7603713303
Angle 58,17540.1717791227,10012.4114362326
Angle 58,17563.6600579117,9994.97194869875
Angle 58,17587.1382202055,9977.44197242165
Angle 58,17610.6062367166,9959.82157149596
Angle 58,17634.0640779687,9942.11081042097
Angle 58,17657.5117142966,9924.30975410332
Angle 58,17680.9491158457,9906.41846785985
Angle 58,17704.3762525719,9888.43701742034
Angle 58,17727.7930942415,9870.36546893035
Angle 58,17751.1996104304,9852.20388895405
Angle 58,17774.5957705246,9833.95234447701
Angle 58,17797.9815437192,9815.61090290908
Angle 58,17821.3568990188,9797.1796320872
Angle 58,17844.7218052366,9778.65860027828
Angle 58,17868.0762309947,9760.04787618205
Angle 58,17891.4201447235,9741.34752893397
Angle 58,17914.7535146613,9722.55762810806
Angle 58,17938.0763088547,9703.67824371985
Angle 58,17961.3884951573,9684.70944622927
Angle 58,17984.6900412303,9665.65130654355
Angle 58,18007.9809145419,9646.50389602015
Angle 58,18031.261082367,9627.26728646974
Angle 58,18054.5305117867,9607.94155015907
Angle 58,18077.7891696884,9588.526759814
Angle 58,18101.0370227656,9569.02298862242
Angle 58,18124.2740375168,9549.43031023726
Angle 58,18147.5001802463,9529.74879877945
Angle 58,18170.715417063,9509.97852884093
Angle 58,18193.9197138808,9490.11957548766
Angle 58,18217.1130364177,9470.17201426264
Angle 58,18240.295350196,9450.13592118894
Angle 58,18263.4666205416,9430.01137277272
Angle 58,18286.626812584,9409.79844600631
Angle 58,18309.7758912559,9389.49721837126
Angle 58,18332.9138212927,9369.10776784139
Angle 58,18356.0405672327,9348.63017288589
Angle 58,18379.1560934161,9328.06451247243
Angle 58,18402.2603639854,9307.41086607022
Angle 58,18425.3533428844,9286.66931365316
Angle 58,18448.4349938586,9265.83993570293
Angle 58,18471.5052804542,9244.92281321216
Angle 58,18494.5641660183,9223.91802768755
Angle 58,18517.6116136984,9202.82566115301
Angle 58,18540.6475864422,9181.64579615288
Angle 58,18563.6720469968,9160.37851575505
Angle 58,18586.6849579093,9139.02390355417
Angle 58,18609.6862815255,9117.58204367484
Angle 58,18632.6759799902,9096.05302077484
Angle 58,18655.6540152468,9074.4369200483
Angle 58,18678.6203490369,9052.73382722899
Angle 58,18701.5749428998,9030.94382859349
Angle 58,18724.5177581725,9009.06701096451
Angle 58,18747.4487559893,8987.10346171408
Angle 58,18770.3678972814,8965.05326876688
Angle 58,18793.2751427767,8942.91652060349
Angle 58,18816.1704529991,8920.69330626367
Angle 58,18839.0537882688,8898.38371534969
Angle 58,18861.9251087016,8875.98783802962
Angle 58,18884.7843742086,8853.50576504066
Angle 58,18907.6315444959,8830.93758769247
Angle 58,18930.4665790645,8808.28339787051
Angle 58,18953.2894372096,8785.5432880394
Angle 58,18976.1000780207,8762.71735124627
Angle 58,18998.8984603808,8739.80568112413
Angle 58,19021.6845429666,8716.80837189527
Angle 58,19044.4582842479,8693.72551837465
Angle 58,19067.2196424873,8670.55721597327
Angle 58,19089.9685757399,8647.30356070164
Angle 58,19112.7050418531,8623.96464917313
Angle 58,19135.4289984662,8600.54057860747
Angle 58,19158.1404030101,8577.03144683413
Angle 58,19180.8392127069,8553.43735229584
Angle 58,19203.5253845698,8529.75839405198
Angle 58,19226.1988754027,8505.99467178209
Angle 58,19248.8596417998,8482.14628578935
Angle 58,19271.5076401456,8458.21333700404
Angle 58,19294.142826614,8434.19592698707
Angle 58,19316.7651571687,8410.09415793347
Angle 58,19339.3745875627,8385.90813267592
Angle 58,19361.9710733375,8361.63795468825
Angle 58,19384.5545698236,8337.28372808898
Angle 58,19407.1250321396,8312.84555764491
Angle 58,19429.6824151923,8288.32354877458
Angle 58,19452.2266736761,8263.71780755193
Angle 58,19474.7577620731,8239.0284407098
Angle 58,19497.2756346523,8214.25555564351
Angle 58,19519.7802454699,8189.39926041451
Angle 58,19542.2715483686,8164.45966375388
Angle 58,19564.7494969775,8139.436875066
Angle 58,19587.2140447119,8114.33100443214
Angle 58,19609.6651447728,8089.14216261408
Angle 58,19632.102750147,8063.87046105771
Angle 58,19654.5268136065,8038.5160118967
Angle 58,19676.9372877083,8013.0789279561
Angle 58,19699.3341247943,7987.55932275605
Angle 58,19721.7172769911,7961.95731051535
Angle 58,19744.0866962095,7936.2730061552
Angle 58,19766.4423341445,7910.50652530281
Angle 58,19788.7841422748,7884.65798429512
Angle 58,19811.112071863,7858.72750018243
Angle 58,19833.4260739547,7832.71519073214
Angle 58,19855.7260993791,7806.62117443244
Angle 58,19878.0120987482,7780.44557049594
Angle 58,19900.2840224566,7754.18849886348
Angle 58,19922.5418206817,7727.85008020777
Angle 58,19944.7854433831,7701.43043593712
Angle 58,19967.0148403026,7674.92968819919
Angle 58,19989.2299609638,7648.34795988467
Angle 58,20011.4307546722,7621.68537463107
Angle 58,20033.6171705148,7594.94205682641
Angle 58,20055.7891573601,7568.118131613
Angle 58,20077.9466638577,7541.21372489115
Angle 58,20100.0896384382,7514.22896332294
Angle 58,20122.2180293132,7487.16397433598
Angle 58,20144.3317844751,7460.01888612717
Angle 58,20166.4308516967,7432.79382766643
Angle 58,20188.5151785313,7405.48892870052
Angle 58,20210.5847123126,7378.10431975675
Angle 58,20232.6394001543,7350.6401321468
Angle 58,20254.6791889504,7323.09649797045
Angle 58,20276.7040253744,7295.47355011942
Angle 58,20298.7138558801,7267.77142228106
Angle 58,20320.7086267008,7239.9902489422
Angle 58,20342.6882838492,7212.13016539293
Angle 58,20364.6527731179,7184.19130773032
Angle 58,20386.6020400786,7156.17381286229
Angle 58,20408.5360300827,7128.07781851133
Angle 58,20430.4546882607,7099.90346321831
Angle 58,20452.3579595223,7071.65088634626
Angle 58,20474.2457885565,7043.32022808419
Angle 58,20496.1181198313,7014.9116294508
Angle 58,20517.974897594,6986.42523229836
Angle 58,20539.8160658709,6957.86117931641
Angle 58,20561.6415684673,6929.21961403558
Angle 58,20583.4513489675,6900.50068083139
Angle 58,20605.2453507351,6871.70452492801
Angle 58,20627.0235169125,6842.831292402
Angle 58,20648.7857904213,6813.88113018617
Angle 58,20670.5321139621,6784.85418607327
Angle 58,20692.2624300148,6755.75060871981
Angle 58,20713.9766808384,6726.5705476498
Angle 58,20735.6748084709,6697.31415325852
Angle 58,20757.3567547301,6667.98157681629
Angle 58,20779.0224612127,6638.57297047221
Angle 58,20800.671869295,6609.08848725788
Angle 58,20822.3049201331,6579.5282810912
Angle 58,20843.9215546624,6549.89250678009
Angle 58,20865.5217135982,6520.18132002617
Angle 58,20887.1053374359,6490.39487742856
Angle 58,20908.6723664505,6460.53333648756
Angle 58,20930.2227406977,6430.59685560834
Angle 58,20951.7564000132,6400.58559410469
Angle 58,20973.2732840133,6370.49971220269
Angle 58,20994.773332095,6340.33937104439
Angle 58,21016.2564834363,6310.10473269152
Angle 58,21037.7226769961,6279.7959601291
Angle 58,21059.1718515149,6249.41321726917
Angle 58,21080.6039455146,6218.95666895439
Angle 58,21102.0188972988,6188.4264809617
Angle 58,21123.4166449533,6157.82282000593
Angle 58,21144.7971263463,6127.14585374345
Angle 58,21166.1602791284,6096.39575077573
Angle 58,21187.5060407332,6065.57268065296
Angle 58,21208.8343483776,6034.67681387763
Angle 58,21230.145139062,6003.70832190809
Angle 58,21251.4383495705,5972.66737716208
Angle 58,21272.7139164717,5941.55415302031
Angle 58,21293.9717761186,5910.36882382996
Angle 58,21315.2118646493,5879.11156490819
Angle 58,21336.4341179871,5847.78255254562
Angle 58,21357.6384718412,5816.38196400983
Angle 58,21378.824861707,5784.9099775488
Angle 58,21399.9932228664,5753.36677239436
Angle 58,21421.1434903886,5721.75252876561
Angle 58,21442.27559913,5690.06742787232
Angle 58,21463.3894837354,5658.31165191835
Angle 58,21484.485078638,5626.48538410495
Angle 58,21505.5623180599,5594.5888086342
Angle 58,21526.621136013,5562.62211071223
Angle 58,21547.6614662993,5530.58547655261
Angle 58,21568.6832425113,5498.4790933796
Angle 58,21589.6863980329,5466.30314943141
Angle 58,21610.6708660399,5434.05783396345
Angle 58,21631.6365795005,5401.74333725152
Angle 58,21652.5834711762,5369.35985059503
Angle 58,21673.5114736219,5336.90756632017
Angle 58,21694.4205191873,5304.386677783
Angle 58,21715.3105400169,5271.79737937264
Angle 58,21736.1814680513,5239.13986651428
Angle 58,21757.0332350275,5206.41433567232
Angle 58,21777.8657724797,5173.62098435332
Angle 58,21798.6790117401,5140.76001110909
Angle 58,21819.47288394,5107.8316155396
Angle 58,21840.2473200099,5074.83599829596
Angle 58,21861.002250681,5041.77336108333
Angle 58,21881.7376064857,5008.64390666381
Angle 58,21902.4533177582,4975.44783885925
Angle 58,21923.1493146362,4942.18536255416
Angle 58,21943.8255270607,4908.8566836984
Angle 58,21964.4818847779,4875.46200931
Angle 58,21985.1183173394,4842.00154747787
Angle 58,22005.7347541037,4808.47550736446
Angle 58,22026.3311242366,4774.88409920841
Angle 58,22046.9073567129,4741.22753432719
Angle 58,22067.4633803167,4707.50602511967
Angle 58,22087.999123643,4673.71978506862
Angle 58,22108.5145150984,4639.86902874327
Angle 58,22129.0094829023,4605.95397180171
Angle 58,22149.4839550879,4571.97483099333
Angle 58,22169.9378595038,4537.93182416122
Angle 58,22190.3711238143,4503.82517024447
Angle 58,22210.7836755012,4469.6550892805
Angle 58,22231.175441865,4435.42180240729
Angle 58,22251.5463500257,4401.12553186556
Angle 58,22271.8963269243,4366.766501001
Angle 58,22292.2252993241,4332.34493426632
Angle 58,22312.5331938118,4297.86105722337
Angle 58,22332.8199367989,4263.31509654512
Angle 58,22353.0854545231,4228.70728001768
Angle 58,22373.3296730495,4194.03783654219
Angle 58,22393.5525182721,4159.3069961367
Angle 58,22413.7539159151,4124.51498993805
Angle 58,22433.9337915344,4089.66205020356
Angle 58,22454.0920705191,4054.74841031282
Angle 58,22474.2286780926,4019.77430476936
Angle 58,22494.3435393146,3984.73996920221
Angle 58,22514.4365790825,3949.64564036753
Angle 58,22534.5077221325,3914.4915561501
Angle 58,22554.5568930419,3879.27795556474
Angle 58,22574.5840162299,3844.00507875777
Angle 58,22594.58901596,3808.67316700827
Angle 58,22614.5718163412,3773.28246272944
Angle 58,22634.5323413295,3737.83320946975
Angle 58,22654.47051473,3702.32565191416
Angle 58,22674.3862601987,3666.76003588517
Angle 58,22694.2795012437,3631.1366083439
Angle 58,22714.1501612274,3595.45561739103
Angle 58,22733.9981633682,3559.71731226774
Angle 58,22753.8234307424,3523.92194335654
Angle 58,22773.6258862861,3488.06976218206
Angle 58,22793.4054527966,3452.16102141174
Angle 58,22813.1620529351,3416.19597485654
Angle 58,22832.8956092279,3380.17487747144
Angle 58,22852.6060440691,3344.09798535602
Angle 58,22872.2932797217,3307.96555575486
Angle 58,22891.9572383205,3271.77784705793
Angle 58,22911.5978418736,3235.5351188009
Angle 58,22931.2150122646,3199.23763166531
Angle 58,22950.808671255,3162.88564747882
Angle 58,22970.3787404857,3126.47942921521
Angle 58,22989.9251414799,3090.0192409944
Angle 58,23009.4477956447,3053.50534808242
Angle 58,23028.9466242737,3016.93801689123
Angle 58,23048.421548549,2980.31751497847
Angle 58,23067.8724895437,2943.64411104722
Angle 58,23087.2993682239,2906.91807494557
Angle 58,23106.7021054514,2870.13967766615
Angle 58,23126.0806219859,2833.30919134564
Angle 58,23145.4348384873,2796.42688926407
Angle 58,23164.7646755181,2759.49304584417
Angle 58,23184.0700535462,2722.50793665054
Angle 58,23203.350892947,2685.4718383888
Angle 58,23222.607114006,2648.38502890458
Angle 58,23241.8386369214,2611.24778718252
Angle 58,23261.0453818069,2574.06039334512
Angle 58,23280.2272686937,2536.82312865147
Angle 58,23299.3842175337,2499.53627549599
Angle 58,23318.5161482019,2462.20011740699
Angle 58,23337.6229804992,2424.81493904521
Angle 58,23356.704634155,2387.38102620217
Angle 58,23375.7610288299,2349.89866579854
Angle 58,23394.7920841188,2312.36814588235
Angle 58,23413.7977195534,2274.78975562711
Angle 58,23432.7778546051,2237.16378532986
Angle 58,23451.7324086879,2199.49052640912
Angle 58,23470.6613011614,2161.77027140268
Angle 58,23489.5644513336,2124.0033139654
Angle 58,23508.4417784638,2086.18994886685
Angle 58,23527.2932017658,2048.33047198881
Angle 58,23546.1186404108,2010.42518032278
Angle 58,23564.9180135304,1972.47437196727
Angle 58,23583.6912402198,1934.47834612507
Angle 58,23602.4382395408,1896.43740310038
Angle 58,23621.1589305251,1858.35184429588
Angle 58,23639.8532321772,1820.22197220961
Angle 58,23658.5210634779,1782.04809043181
Angle 58,23677.1623433874,1743.83050364169
Angle 58,23695.7769908484,1705.56951760398
Angle 58,23714.3649247898,1667.26543916546
Angle 58,23732.9260641296,1628.91857625139
Angle 58,23751.4603277785,1590.52923786175
Angle 58,23769.9676346433,1552.09773406744
Angle 58,23788.4479036299,1513.62437600638
Angle 58,23806.9010536474,1475.10947587941
Angle 58,23825.3270036112,1436.55334694619
Angle 58,23843.7256724463,1397.95630352091
Angle 58,23862.0969790913,1359.31866096789
Angle 58,23880.4408425016,1320.64073569714
Angle 58,23898.7571816533,1281.92284515971
Angle 58,23917.0459155463,1243.16530784297
Angle 58,23935.3069632086,1204.36844326581
Angle 58,23953.5402436995,1165.53257197361
Angle 58,23971.7456761135,1126.65801553326
Angle 58,23989.923179584,1087.74509652789
Angle 58,24008.0726732869,1048.79413855161
Angle 58,24026.1940764449,1009.80546620406
Angle 58,24044.2873083305,970.779405084865
Angle 58,24062.3522882707,931.716281787979
Angle 58,24080.3889356502,892.616423895886
Angle 58,24098.3971699159,853.480159973696
Angle 58,24116.3769105802,814.307819563114
Angle 58,24134.3280772254,775.099733176283
Angle 58,24152.2505895076,735.856232289513
Angle 58,24170.1443671605,696.577649336882
Angle 58,24188.0093299999,657.264317703711
Angle 58,24205.8453979271,617.91657171992
Angle 58,24223.6524909336,578.534746653257
Angle 58,24241.4305291049,539.119178702402
Angle 58,24259.1794326247,499.670204989947
Angle 58,24276.8991217791,460.18816355525
Angle 58,24294.5895169607,420.673393347161
Angle 58,24312.250538673,381.126234216626
Angle 58,24329.8821075344,341.547026909162
Angle 58,24347.4841442828,301.936113057204
Angle 58,24365.0565697795,262.293835172325
Angle 58,24382.5993050136,222.620536637334
Angle 58,24400.1122711068,182.916561698238
Angle 58,24417.5953893171,143.182255456083
Angle 58,24435.0485810435,103.417963858664
Angle 58,24452.4717678305,63.6240336921067
Angle 58,24469.8648713724,23.800812572321
Angle 58,24480.2344998693,0
Angle 59,0,0
Angle 59,35.9517177810214,59.7357062582103
Angle 59,71.8037705265417,119.207813717465
Angle 59,107.55741671053,178.418682389707
Angle 59,143.213891452962,237.370627461734
Angle 59,178.774407100174,296.065920413737
Angle 59,214.240153787088,354.506790102851
Angle 59,249.612299981959,412.695423813048
Angle 59,284.891993014329,470.633968272611
Angle 59,320.080359586793,528.324530640414
Angle 59,355.178506271169,585.769179462136
Angle 59,390.187519989668,642.969945597537
Angle 59,425.108468481583,699.92882311982
Angle 59,459.942400756036,756.647770188125
Angle 59,494.690347531286,813.128709894081
Angle 59,529.353321661064,869.37353108338
Angle 59,563.932318548419,925.384089153235
Angle 59,598.428316547485,981.162206826587
Angle 59,632.842277353627,1036.70967490387
Angle 59,667.17514638234,1092.02825299312
Angle 59,701.427853137315,1147.11967021919
Angle 59,735.601311568031,1201.98562591272
Angle 59,769.69642041723,1256.62779027972
Angle 59,803.714063558639,1311.04780505223
Angle 59,837.655110325241,1365.2472841208
Angle 59,871.520415828435,1419.22781414944
Angle 59,905.310821268377,1472.99095517352
Angle 59,939.027154235807,1526.53824118124
Angle 59,972.670229005628,1579.87118067928
Angle 59,1006.24084682252,1632.99125724303
Angle 59,1039.73979617885,1685.89993005195
Angle 59,1073.16785308511,1738.59863441061
Angle 59,1106.52578133318,1791.08878225573
Angle 59,1139.81433275251,1843.37176264986
Angle 59,1173.03424745967,1895.44894226194
Angle 59,1206.18625410127,1947.32166583526
Angle 59,1239.27107009055,1998.99125664324
Angle 59,1272.2894018378,2050.45901693327
Angle 59,1305.24194497496,2101.72622835924
Angle 59,1338.12938457428,2152.79415240276
Angle 59,1370.95239536151,2203.66403078381
Angle 59,1403.71164192366,2254.3370858608
Angle 59,1436.40777891146,2304.81452102059
Angle 59,1469.0414512368,2355.0975210587
Angle 59,1501.61329426518,2405.18725254995
Angle 59,1534.12393400343,2455.08486420995
Angle 59,1566.57398728271,2504.79148724758
Angle 59,1598.96406193707,2554.30823570882
Angle 59,1631.29475697764,2603.63620681214
Angle 59,1663.56666276252,2652.7764812757
Angle 59,1695.78036116261,2701.73012363667
Angle 59,1727.9364257234,2750.49818256275
Angle 59,1760.03542182295,2799.08169115629
Angle 59,1792.07790682599,2847.4816672511
Angle 59,1824.06443023445,2895.69911370224
Angle 59,1855.9955338344,2943.73501866889
Angle 59,1887.87175183955,2991.59035589066
Angle 59,1919.69361103135,3039.26608495731
Angle 59,1951.4616308959,3086.76315157228
Angle 59,1983.17632375761,3134.08248781005
Angle 59,2014.83819490983,3181.22501236762
Angle 59,2046.44774274247,3228.19163081009
Angle 59,2078.00545886671,3274.98323581077
Angle 59,2109.51182823685,3321.60070738576
Angle 59,2140.96732926944,3368.04491312317
Angle 59,2172.37243395971,3414.31670840726
Angle 59,2203.72760799539,3460.4169366375
Angle 59,2235.03331086799,3506.34642944276
Angle 59,2266.28999598161,3552.1060068907
Angle 59,2297.49811075937,3597.69647769259
Angle 59,2328.65809674749,3643.11863940356
Angle 59,2359.77038971702,3688.37327861849
Angle 59,2390.83541976349,3733.46117116362
Angle 59,2421.85361140428,3778.38308228401
Angle 59,2452.82538367395,3823.1397668269
Angle 59,2483.75115021747,3867.7319694212
Angle 59,2514.63131938154,3912.16042465303
Angle 59,2545.46629430387,3956.42585723763
Angle 59,2576.25647300061,4000.52898218751
Angle 59,2607.00224845195,4044.47050497714
Angle 59,2637.7040086859,4088.25112170407
Angle 59,2668.3621368603,4131.87151924677
Angle 59,2698.97701134317,4175.33237541913
Angle 59,2729.54900579131,4218.63435912171
Angle 59,2760.0784892274,4261.77813048995
Angle 59,2790.56582611538,4304.76434103924
Angle 59,2821.01137643439,4347.59363380708
Angle 59,2851.41549575114,4390.26664349226
Angle 59,2881.77853529082,4432.78399659131
Angle 59,2912.10084200663,4475.14631153206
Angle 59,2942.38275864781,4517.35419880464
Angle 59,2972.62462382643,4559.40826108974
Angle 59,3002.8267720827,4601.30909338436
Angle 59,3032.98953394912,4643.05728312502
Angle 59,3063.11323601329,4684.65341030858
Angle 59,3093.19820097947,4726.09804761061
Angle 59,3123.24474772896,4767.39176050144
Angle 59,3153.25319137929,4808.53510736001
Angle 59,3183.22384334228,4849.52863958537
Angle 59,3213.15701138092,4890.37290170613
Angle 59,3243.05299966517,4931.06843148772
Angle 59,3272.91210882675,4971.6157600376
Angle 59,3302.73463601278,5012.01541190845
Angle 59,3332.52087493845,5052.26790519942
Angle 59,3362.27111593871,5092.37375165535
Angle 59,3391.98564601891,5132.33345676423
Angle 59,3421.66474890454,5172.14751985273
Angle 59,3451.30870509004,5211.81643417996
Angle 59,3480.91779188664,5251.34068702948
Angle 59,3510.49228346937,5290.72075979958
Angle 59,3540.03245092318,5329.95712809184
Angle 59,3569.53856228816,5369.05026179814
Angle 59,3599.01088260398,5408.00062518596
Angle 59,3628.4496739535,5446.80867698219
Angle 59,3657.85519550559,5485.47487045534
Angle 59,3687.22770355713,5523.99965349629
Angle 59,3716.56745157429,5562.38346869757
Angle 59,3745.87469023304,5600.62675343114
Angle 59,3775.14966745894,5638.72993992487
Angle 59,3804.39262846623,5676.69345533755
Angle 59,3833.60381579618,5714.5177218326
Angle 59,3862.78346935475,5752.20315665045
Angle 59,3891.9318264497,5789.75017217965
Angle 59,3921.04912182686,5827.15917602666
Angle 59,3950.1355877059,5864.4305710845
Angle 59,3979.19145381541,5901.56475560011
Angle 59,4008.21694742739,5938.56212324056
Angle 59,4037.21229339112,5975.4230631581
Angle 59,4066.17771416645,6012.14796005408
Angle 59,4095.11342985651,6048.73719424174
Angle 59,4124.01965823987,6085.19114170798
Angle 59,4152.89661480212,6121.51017417393
Angle 59,4181.74451276694,6157.69465915465
Angle 59,4210.56356312659,6193.74496001765
Angle 59,4239.35397467196,6229.66143604053
Angle 59,4268.11595402201,6265.44444246758
Angle 59,4296.84970565281,6301.09433056543
Angle 59,4325.55543192603,6336.61144767777
Angle 59,4354.23333311696,6371.99613727914
Angle 59,4382.88360744208,6407.2487390278
Angle 59,4411.50645108614,6442.3695888178
Angle 59,4440.10205822884,6477.35901883004
Angle 59,4468.67062107101,6512.21735758264
Angle 59,4497.21232986039,6546.94492998034
Angle 59,4525.72737291698,6581.54205736318
Angle 59,4554.21593665798,6616.00905755432
Angle 59,4582.67820562231,6650.34624490713
Angle 59,4611.11436249474,6684.55393035147
Angle 59,4639.52458812961,6718.63242143922
Angle 59,4667.9090615742,6752.5820223891
Angle 59,4696.26796009169,6786.40303413072
Angle 59,4724.60145918378,6820.095754348
Angle 59,4752.9097326129,6853.66047752177
Angle 59,4781.19295242411,6887.09749497183
Angle 59,4809.45128896666,6920.40709489821
Angle 59,4837.68491091515,6953.58956242186
Angle 59,4865.89398529039,6986.64517962467
Angle 59,4894.07867747996,7019.57422558882
Angle 59,4922.23915125839,7052.37697643559
Angle 59,4950.37556880704,7085.05370536349
Angle 59,4978.48809073371,7117.60468268582
Angle 59,5006.57687609189,7150.03017586764
Angle 59,5034.64208239974,7182.33044956217
Angle 59,5062.68386565874,7214.50576564663
Angle 59,5090.70238037213,7246.5563832575
Angle 59,5118.69777956299,7278.48255882527
Angle 59,5146.67021479206,7310.28454610864
Angle 59,5174.61983617531,7341.9625962282
Angle 59,5202.54679240121,7373.51695769959
Angle 59,5230.45123074778,7404.94787646614
Angle 59,5258.33329709932,7436.25559593108
Angle 59,5286.19313596296,7467.44035698918
Angle 59,5314.03089048488,7498.50239805794
Angle 59,5341.84670246638,7529.44195510838
Angle 59,5369.6407123796,7560.25926169523
Angle 59,5397.41305938308,7590.95454898682
Angle 59,5425.1638813371,7621.5280457944
Angle 59,5452.89331481872,7651.97997860111
Angle 59,5480.60149513664,7682.31057159047
Angle 59,5508.28855634588,7712.52004667448
Angle 59,5535.95463126214,7742.6086235213
Angle 59,5563.59985147605,7772.57651958249
Angle 59,5591.22434736715,7802.42395011991
Angle 59,5618.8282481177,7832.15112823218
Angle 59,5646.41168172625,7861.75826488078
Angle 59,5673.97477502107,7891.24556891576
Angle 59,5701.51765367331,7920.61324710109
Angle 59,5729.04044221005,7949.86150413962
Angle 59,5756.54326402708,7978.99054269771
Angle 59,5784.02624140158,8008.00056342951
Angle 59,5811.48949550453,8036.89176500082
Angle 59,5838.93314641303,8065.66434411275
Angle 59,5866.35731312238,8094.31849552489
Angle 59,5893.76211355798,8122.85441207828
Angle 59,5921.14766458716,8151.27228471794
Angle 59,5948.51408203069,8179.57230251519
Angle 59,5975.86148067428,8207.7546526896
Angle 59,6003.18997427978,8235.8195206306
Angle 59,6030.49967559635,8263.76708991888
Angle 59,6057.79069637135,8291.59754234743
Angle 59,6085.0631473612,8319.31105794226
Angle 59,6112.31713834198,8346.90781498291
Angle 59,6139.55277811994,8374.38799002264
Angle 59,6166.77017454186,8401.75175790832
Angle 59,6193.96943450526,8428.99929180007
Angle 59,6221.15066396846,8456.13076319062
Angle 59,6248.3139679605,8483.14634192446
Angle 59,6275.45945059094,8510.04619621663
Angle 59,6302.58721505954,8536.83049267132
Angle 59,6329.69736366572,8563.49939630024
Angle 59,6356.78999781802,8590.05307054065
Angle 59,6383.86521804333,8616.49167727328
Angle 59,6410.92312399603,8642.81537683984
Angle 59,6437.96381446702,8669.0243280605
Angle 59,6464.9873873926,8695.11868825094
Angle 59,6491.99393986323,8721.09861323929
Angle 59,6518.98356813219,8746.96425738283
Angle 59,6545.95636762416,8772.71577358445
Angle 59,6572.91243294355,8798.35331330886
Angle 59,6599.85185788289,8823.87702659869
Angle 59,6626.77473543099,8849.28706209024
Angle 59,6653.68115778103,8874.58356702917
Angle 59,6680.57121633854,8899.76668728584
Angle 59,6707.44500172928,8924.83656737057
Angle 59,6734.30260380699,8949.79335044864
Angle 59,6761.14411166107,8974.63717835512
Angle 59,6787.96961362415,8999.36819160946
Angle 59,6814.77919727953,9023.98652942998
Angle 59,6841.57294946856,9048.49232974809
Angle 59,6868.35095629789,9072.88572922239
Angle 59,6895.11330314668,9097.16686325253
Angle 59,6921.86007467364,9121.33586599294
Angle 59,6948.59135482404,9145.3928703664
Angle 59,6975.30722683657,9169.33800807737
Angle 59,7002.00777325018,9193.17140962518
Angle 59,7028.69307591078,9216.89320431714
Angle 59,7055.36321597788,9240.50352028132
Angle 59,7082.01827393111,9264.00248447932
Angle 59,7108.65832957669,9287.39022271883
Angle 59,7135.28346205378,9310.66685966595
Angle 59,7161.89374984084,9333.83251885752
Angle 59,7188.48927076174,9356.88732271317
Angle 59,7215.07010199197,9379.83139254725
Angle 59,7241.63632006467,9402.66484858065
Angle 59,7268.18800087656,9425.38780995242
Angle 59,7294.72521969391,9448.00039473133
Angle 59,7321.24805115829,9470.50271992717
Angle 59,7347.75656929239,9492.89490150201
Angle 59,7374.25084750561,9515.17705438132
Angle 59,7400.73095859974,9537.34929246488
Angle 59,7427.19697477442,9559.41172863761
Angle 59,7453.64896763267,9581.36447478032
Angle 59,7480.08700818622,9603.2076417802
Angle 59,7506.51116686085,9624.94133954133
Angle 59,7532.92151350168,9646.56567699495
Angle 59,7559.31811737829,9668.08076210967
Angle 59,7585.70104718992,9689.48670190155
Angle 59,7612.07037107046,9710.78360244405
Angle 59,7638.42615659347,9731.97156887784
Angle 59,7664.76847077714,9753.05070542058
Angle 59,7691.09738008912,9774.02111537648
Angle 59,7717.41295045133,9794.88290114579
Angle 59,7743.71524724474,9815.63616423424
Angle 59,7770.00433531402,9836.28100526225
Angle 59,7796.2802789722,9856.81752397414
Angle 59,7822.54314200523,9877.24581924718
Angle 59,7848.79298767648,9897.56598910055
Angle 59,7875.02987873124,9917.77813070419
Angle 59,7901.25387740107,9937.88234038758
Angle 59,7927.4650454082,9957.87871364836
Angle 59,7953.66344396977,9977.7673451609
Angle 59,7979.84913380211,9997.54832878478
Angle 59,8006.02217512494,10017.2217575731
Angle 59,8032.18262766546,10036.7877237809
Angle 59,8058.33055066245,10056.2463188731
Angle 59,8084.46600287035,10075.5976335327
Angle 59,8110.58904256316,10094.8417576689
Angle 59,8136.69972753846,10113.9787804249
Angle 59,8162.79811512124,10133.0087901856
Angle 59,8188.88426216776,10151.9318745855
Angle 59,8214.95822506934,10170.7481205164
Angle 59,8241.0200597561,10189.4576141347
Angle 59,8267.06982170066,10208.0604408692
Angle 59,8293.10756592179,10226.5566854283
Angle 59,8319.13334698803,10244.9464318074
Angle 59,8345.14721902123,10263.229763296
Angle 59,8371.14923570009,10281.406762485
Angle 59,8397.13945026363,10299.477511274
Angle 59,8423.11791551461,10317.4420908778
Angle 59,8449.08468382296,10335.3005818337
Angle 59,8475.03980712905,10353.0530640084
Angle 59,8500.98333694711,10370.6996166045
Angle 59,8526.91532436841,10388.2403181675
Angle 59,8552.8358200645,10405.6752465923
Angle 59,8578.74487429044,10423.0044791298
Angle 59,8604.6425368879,10440.2280923935
Angle 59,8630.52885728833,10457.3461623658
Angle 59,8656.40388451594,10474.3587644045
Angle 59,8682.26766719083,10491.265973249
Angle 59,8708.12025353194,10508.0678630266
Angle 59,8733.96169136,10524.7645072589
Angle 59,8759.79202810049,10541.3559788675
Angle 59,8785.6113107865,10557.8423501803
Angle 59,8811.41958606159,10574.2236929375
Angle 59,8837.21690018261,10590.5000782975
Angle 59,8863.0032990225,10606.6715768429
Angle 59,8888.778828073,10622.7382585859
Angle 59,8914.54353244741,10638.7001929746
Angle 59,8940.29745688324,10654.5574488986
Angle 59,8966.04064574486,10670.3100946941
Angle 59,8991.77314302616,10685.9581981502
Angle 59,9017.49499235308,10701.5018265142
Angle 59,9043.20623698619,10716.9410464968
Angle 59,9068.9069198232,10732.2759242779
Angle 59,9094.59708340147,10747.5065255119
Angle 59,9120.27676990046,10762.6329153329
Angle 59,9145.94602114416,10777.6551583601
Angle 59,9171.60487860349,10792.5733187028
Angle 59,9197.25338339866,10807.3874599659
Angle 59,9222.89157630153,10822.097645255
Angle 59,9248.51949773792,10836.7039371812
Angle 59,9274.13718778989,10851.2063978664
Angle 59,9299.74468619799,10865.605088948
Angle 59,9325.34203236349,10879.9000715843
Angle 59,9350.92926535061,10894.0914064589
Angle 59,9376.50642388865,10908.1791537861
Angle 59,9402.07354637415,10922.1633733149
Angle 59,9427.63067087304,10936.0441243348
Angle 59,9453.17783512269,10949.8214656796
Angle 59,9478.71507653403,10963.4954557326
Angle 59,9504.24243219355,10977.066152431
Angle 59,9529.75993886531,10990.5336132708
Angle 59,9555.26763299299,11003.8978953111
Angle 59,9580.7655507018,11017.1590551784
Angle 59,9606.25372780046,11030.3171490718
Angle 59,9631.73219978311,11043.3722327666
Angle 59,9657.20100183118,11056.3243616193
Angle 59,9682.66016881531,11069.1735905718
Angle 59,9708.10973529717,11081.9199741555
Angle 59,9733.54973553128,11094.563566496
Angle 59,9758.98020346683,11107.104421317
Angle 59,9784.40117274945,11119.5425919447
Angle 59,9809.81267672298,11131.8781313119
Angle 59,9835.2147484312,11144.1110919624
Angle 59,9860.60742061955,11156.2415260546
Angle 59,9885.9907257368,11168.2694853662
Angle 59,9911.36469593677,11180.1950212977
Angle 59,9936.72936307993,11192.0181848769
Angle 59,9962.08475873507,11203.7390267624
Angle 59,9987.43091418088,11215.3575972482
Angle 59,10012.7678604076,11226.8739462669
Angle 59,10038.0956281184,11238.288123394
Angle 59,10063.4142477314,11249.6001778518
Angle 59,10088.7237493805,11260.8101585131
Angle 59,10114.0241629174,11271.9181139051
Angle 59,10139.3155179131,11282.924092213
Angle 59,10164.5978436592,11293.8281412839
Angle 59,10189.8711691692,11304.6303086307
Angle 59,10215.1355231803,11315.3306414353
Angle 59,10240.3909341546,11325.9291865527
Angle 59,10265.6374302806,11336.4259905146
Angle 59,10290.8750394745,11346.8210995326
Angle 59,10316.1037893815,11357.1145595024
Angle 59,10341.3237073774,11367.306416007
Angle 59,10366.5348205697,11377.3967143201
Angle 59,10391.7371557991,11387.3854994103
Angle 59,10416.9307396405,11397.2728159435
Angle 59,10442.1155984046,11407.0587082874
Angle 59,10467.291758139,11416.7432205143
Angle 59,10492.4592446296,11426.3263964049
Angle 59,10517.6180834016,11435.8082794515
Angle 59,10542.7682997207,11445.1889128612
Angle 59,10567.9099185948,11454.4683395597
Angle 59,10593.0429647746,11463.6466021943
Angle 59,10618.1674627549,11472.7237431373
Angle 59,10643.2834367761,11481.6998044893
Angle 59,10668.390910825,11490.5748280824
Angle 59,10693.4899086359,11499.3488554836
Angle 59,10718.5804536919,11508.0219279977
Angle 59,10743.6625692262,11516.594086671
Angle 59,10768.7362782224,11525.0653722941
Angle 59,10793.8016034166,11533.4358254052
Angle 59,10818.8585672976,11541.7054862932
Angle 59,10843.9071921084,11549.8743950009
Angle 59,10868.9474998473,11557.9425913281
Angle 59,10893.9795122684,11565.9101148346
Angle 59,10919.0032508832,11573.7770048434
Angle 59,10944.0187369611,11581.5433004438
Angle 59,10969.0259915309,11589.2090404942
Angle 59,10994.0250353813,11596.7742636253
Angle 59,11019.015889062,11604.2390082431
Angle 59,11043.9985728846,11611.6033125321
Angle 59,11068.973106924,11618.8672144576
Angle 59,11093.9395110183,11626.0307517696
Angle 59,11118.8978047709,11633.0939620048
Angle 59,11143.8480075504,11640.0568824905
Angle 59,11168.7901384921,11646.9195503466
Angle 59,11193.7242164986,11653.6820024891
Angle 59,11218.6502602407,11660.3442756326
Angle 59,11243.5682881583,11666.9064062937
Angle 59,11268.4783184614,11673.3684307932
Angle 59,11293.3803691303,11679.7303852595
Angle 59,11318.2744579173,11685.9923056311
Angle 59,11343.1606023467,11692.1542276594
Angle 59,11368.0388197163,11698.2161869117
Angle 59,11392.9091270976,11704.1782187741
Angle 59,11417.7715413368,11710.0403584539
Angle 59,11442.6260790557,11715.8026409824
Angle 59,11467.4727566524,11721.4651012182
Angle 59,11492.3115903018,11727.0277738492
Angle 59,11517.1425959566,11732.4906933958
Angle 59,11541.965789348,11737.8538942135
Angle 59,11566.7811859862,11743.1174104956
Angle 59,11591.5888011616,11748.2812762759
Angle 59,11616.3886499448,11753.3455254314
Angle 59,11641.1807471879,11758.3101916849
Angle 59,11665.9651075249,11763.1753086078
Angle 59,11690.7417453724,11767.9409096224
Angle 59,11715.5106749302,11772.6070280052
Angle 59,11740.2719101823,11777.1736968888
Angle 59,11765.0254648971,11781.6409492652
Angle 59,11789.7713526282,11786.0088179877
Angle 59,11814.5095867151,11790.2773357741
Angle 59,11839.240180284,11794.4465352091
Angle 59,11863.9631462479,11798.5164487466
Angle 59,11888.6784973077,11802.4871087128
Angle 59,11913.3862459526,11806.3585473083
Angle 59,11938.0864044606,11810.130796611
Angle 59,11962.7789848995,11813.8038885784
Angle 59,11987.4639991268,11817.3778550502
Angle 59,12012.1414587908,11820.8527277508
Angle 59,12036.8113753312,11824.2285382921
Angle 59,12061.4737599793,11827.5053181756
Angle 59,12086.1286237587,11830.6830987952
Angle 59,12110.7759774859,11833.7619114395
Angle 59,12135.415831771,11836.7417872945
Angle 59,12160.0481970177,11839.6227574459
Angle 59,12184.6730834246,11842.4048528817
Angle 59,12209.2905009848,11845.0881044946
Angle 59,12233.9004594874,11847.6725430844
Angle 59,12258.5029685171,11850.1581993606
Angle 59,12283.0980374554,11852.5451039447
Angle 59,12307.6856754806,11854.8332873729
Angle 59,12332.2658915686,11857.0227800982
Angle 59,12356.8386944934,11859.113612493
Angle 59,12381.4040928271,11861.1058148514
Angle 59,12405.9620949411,11862.9994173919
Angle 59,12430.512709006,11864.7944502594
Angle 59,12455.0559429923,11866.4909435281
Angle 59,12479.5918046707,11868.0889272034
Angle 59,12504.120301613,11869.5884312245
Angle 59,12528.6414411918,11870.9894854669
Angle 59,12553.1552305815,11872.2921197446
Angle 59,12577.6616767587,11873.4963638124
Angle 59,12602.1607865023,11874.6022473688
Angle 59,12626.6525663943,11875.6098000575
Angle 59,12651.13702282,11876.5190514705
Angle 59,12675.6141619685,11877.3300311501
Angle 59,12700.0839898329,11878.0427685913
Angle 59,12724.5465122111,11878.6572932442
Angle 59,12749.0017347059,11879.1736345163
Angle 59,12773.4496627255,11879.5918217747
Angle 59,12797.8903014838,11879.9118843486
Angle 59,12822.323656001,11880.1338515317
Angle 59,12846.7497311038,11880.2577525842
Angle 59,12871.1685314257,11880.2836167355
Angle 59,12895.5800614076,11880.2114731861
Angle 59,12919.984325298,11880.0413511103
Angle 59,12944.3813271537,11879.7732796581
Angle 59,12968.7710708395,11879.4072879578
Angle 59,12993.1535600291,11878.9434051182
Angle 59,13017.5287982056,11878.381660231
Angle 59,13041.896788661,11877.7220823726
Angle 59,13066.2575344977,11876.9647006072
Angle 59,13090.6110386277,11876.1095439883
Angle 59,13114.957303774,11875.1566415614
Angle 59,13139.29633247,11874.106022366
Angle 59,13163.6281270604,11872.9577154382
Angle 59,13187.9526897016,11871.7117498128
Angle 59,13212.2700223614,11870.3681545252
Angle 59,13236.58012682,11868.9269586144
Angle 59,13260.88300467,11867.3881911246
Angle 59,13285.1786573168,11865.7518811077
Angle 59,13309.4670859786,11864.0180576255
Angle 59,13333.7482916873,11862.186749752
Angle 59,13358.0222752883,11860.2579865757
Angle 59,13382.289037441,11858.2317972014
Angle 59,13406.548578619,11856.1082107532
Angle 59,13430.8008991107,11853.887256376
Angle 59,13455.045999019,11851.568963238
Angle 59,13479.2838782622,11849.1533605331
Angle 59,13503.5145365739,11846.6404774828
Angle 59,13527.7379735035,11844.0303433386
Angle 59,13551.9541884162,11841.3229873843
Angle 59,13576.1631804936,11838.5184389379
Angle 59,13600.3649487337,11835.6167273542
Angle 59,13624.5594919515,11832.6178820266
Angle 59,13648.7468087788,11829.5219323898
Angle 59,13672.9268976648,11826.3289079214
Angle 59,13697.0997568762,11823.0388381446
Angle 59,13721.2653844976,11819.6517526302
Angle 59,13745.4237784317,11816.1676809987
Angle 59,13769.5749363995,11812.5866529227
Angle 59,13793.7188559404,11808.908698129
Angle 59,13817.8555344128,11805.1338464008
Angle 59,13841.984968994,11801.2621275796
Angle 59,13866.1071566807,11797.293571568
Angle 59,13890.222094289,11793.2282083315
Angle 59,13914.3297784548,11789.0660679004
Angle 59,13938.4302056339,11784.8071803726
Angle 59,13962.5233721025,11780.4515759155
Angle 59,13986.6092739568,11775.9992847679
Angle 59,14010.6879071141,11771.4503372427
Angle 59,14034.7592673121,11766.8047637286
Angle 59,14058.8233501099,11762.0625946926
Angle 59,14082.8801508877,11757.2238606819
Angle 59,14106.9296648471,11752.2885923265
Angle 59,14130.9718870116,11747.2568203408
Angle 59,14155.0068122262,11742.1285755263
Angle 59,14179.0344351583,11736.9038887733
Angle 59,14203.0547502974,11731.5827910634
Angle 59,14227.0677519555,11726.1653134717
Angle 59,14251.0734342672,11720.6514871685
Angle 59,14275.0717911899,11715.041343422
Angle 59,14299.0628165041,11709.3349136003
Angle 59,14323.0465038132,11703.5322291733
Angle 59,14347.0228465443,11697.6333217154
Angle 59,14370.9918379479,11691.638222907
Angle 59,14394.953471098,11685.5469645371
Angle 59,14418.9077388928,11679.3595785056
Angle 59,14442.8546340541,11673.0760968248
Angle 59,14466.7941491283,11666.6965516223
Angle 59,14490.7262764859,11660.2209751427
Angle 59,14514.651008322,11653.64939975
Angle 59,14538.5683366561,11646.9818579295
Angle 59,14562.4782533328,11640.2183822903
Angle 59,14586.3807500214,11633.3590055672
Angle 59,14610.2758182165,11626.4037606229
Angle 59,14634.1634492376,11619.3526804502
Angle 59,14658.0436342299,11612.2057981743
Angle 59,14681.9163641637,11604.9631470547
Angle 59,14705.7816298352,11597.6247604875
Angle 59,14729.6394218662,11590.1906720076
Angle 59,14753.4897307044,11582.6609152906
Angle 59,14777.3325466234,11575.0355241556
Angle 59,14801.1678597229,11567.3145325666
Angle 59,14824.9956599289,11559.497974635
Angle 59,14848.8159369936,11551.585884622
Angle 59,14872.6286804955,11543.5782969403
Angle 59,14896.4338798399,11535.4752461567
Angle 59,14920.2315242586,11527.2767669939
Angle 59,14944.0216028099,11518.9828943331
Angle 59,14967.8041043791,11510.5936632156
Angle 59,14991.5790176784,11502.1091088456
Angle 59,15015.346331247,11493.5292665918
Angle 59,15039.1060334509,11484.8541719901
Angle 59,15062.8581124836,11476.0838607453
Angle 59,15086.6025563655,11467.2183687337
Angle 59,15110.3393529445,11458.2577320049
Angle 59,15134.0684898958,11449.2019867843
Angle 59,15157.7899547218,11440.0511694751
Angle 59,15181.5037347527,11430.8053166606
Angle 59,15205.2098171461,11421.4644651063
Angle 59,15228.9081888872,11412.028651762
Angle 59,15252.5988367887,11402.4979137644
Angle 59,15276.2817474914,11392.8722884388
Angle 59,15299.9569074633,11383.1518133015
Angle 59,15323.6243030005,11373.3365260622
Angle 59,15347.283920227,11363.4264646259
Angle 59,15370.9357450944,11353.4216670951
Angle 59,15394.5797633823,11343.3221717724
Angle 59,15418.2159606983,11333.1280171624
Angle 59,15441.8443224777,11322.8392419737
Angle 59,15465.4648339839,11312.4558851218
Angle 59,15489.0774803082,11301.9779857305
Angle 59,15512.6822463701,11291.4055831348
Angle 59,15536.2791169168,11280.7387168827
Angle 59,15559.8680765236,11269.9774267379
Angle 59,15583.4491095938,11259.1217526813
Angle 59,15607.0222003588,11248.1717349139
Angle 59,15630.5873328778,11237.1274138588
Angle 59,15654.144491038,11225.9888301635
Angle 59,15677.6936585549,11214.756024702
Angle 59,15701.2348189714,11203.4290385772
Angle 59,15724.7679556588,11192.0079131231
Angle 59,15748.293051816,11180.4926899071
Angle 59,15771.81009047,11168.8834107323
Angle 59,15795.3190544756,11157.1801176397
Angle 59,15818.8199265153,11145.3828529104
Angle 59,15842.3126890995,11133.491659068
Angle 59,15865.7973245663,11121.506578881
Angle 59,15889.2738150814,11109.4276553648
Angle 59,15912.7421426383,11097.2549317842
Angle 59,15936.202289058,11084.9884516556
Angle 59,15959.6542359891,11072.6282587494
Angle 59,15983.0979649075,11060.1743970922
Angle 59,16006.5334571168,11047.6269109691
Angle 59,16029.9606937475,11034.9858449263
Angle 59,16053.3796557579,11022.2512437729
Angle 59,16076.7903239332,11009.4231525839
Angle 59,16100.1926788856,10996.5016167019
Angle 59,16123.5867010546,10983.4866817397
Angle 59,16146.9723707065,10970.3783935829
Angle 59,16170.3496679345,10957.1767983917
Angle 59,16193.7185726585,10943.8819426039
Angle 59,16217.0790646252,10930.4938729366
Angle 59,16240.4311234078,10917.0126363891
Angle 59,16263.7747284059,10903.4382802451
Angle 59,16287.1098588456,10889.7708520749
Angle 59,16310.4364937791,10876.0103997381
Angle 59,16333.7546120847,10862.1569713857
Angle 59,16357.064192467,10848.2106154628
Angle 59,16380.3652134562,10834.1713807107
Angle 59,16403.6576534083,10820.0393161695
Angle 59,16426.941490505,10805.8144711806
Angle 59,16450.2167027535,10791.4968953889
Angle 59,16473.4832679864,10777.0866387453
Angle 59,16496.7411638614,10762.5837515092
Angle 59,16519.9903678615,10747.9882842512
Angle 59,16543.2308572943,10733.3002878548
Angle 59,16566.4626092924,10718.5198135198
Angle 59,16589.6856008131,10703.6469127642
Angle 59,16612.899808638,10688.6816374266
Angle 59,16636.1052093731,10673.6240396691
Angle 59,16659.3017794484,10658.4741719795
Angle 59,16682.4894951181,10643.2320871738
Angle 59,16705.6683324601,10627.8978383991
Angle 59,16728.8382673759,10612.4714791353
Angle 59,16751.9992755905,10596.9530631986
Angle 59,16775.151332652,10581.3426447433
Angle 59,16798.2944139319,10565.6402782646
Angle 59,16821.4284946243,10549.8460186012
Angle 59,16844.5535497461,10533.9599209378
Angle 59,16867.6695541367,10517.9820408076
Angle 59,16890.776482458,10501.9124340951
Angle 59,16913.8743091936,10485.7511570383
Angle 59,16936.9630086494,10469.4982662316
Angle 59,16960.0425549527,10453.1538186283
Angle 59,16983.1129220524,10436.7178715433
Angle 59,17006.1740837188,10420.1904826554
Angle 59,17029.226013543,10403.5717100104
Angle 59,17052.268684937,10386.8616120233
Angle 59,17075.3020711335,10370.0602474812
Angle 59,17098.3261451856,10353.1676755458
Angle 59,17121.3408799663,10336.1839557562
Angle 59,17144.3462481687,10319.1091480316
Angle 59,17167.3422223055,10301.9433126736
Angle 59,17190.328774709,10284.6865103695
Angle 59,17213.3058775305,10267.3388021944
Angle 59,17236.2735027403,10249.9002496143
Angle 59,17259.2316221273,10232.3709144886
Angle 59,17282.1802072992,10214.7508590731
Angle 59,17305.1192296814,10197.0401460223
Angle 59,17328.0486605177,10179.2388383926
Angle 59,17350.9684708692,10161.3469996446
Angle 59,17373.8786316147,10143.3646936464
Angle 59,17396.7791134499,10125.2919846758
Angle 59,17419.6698868876,10107.1289374237
Angle 59,17442.5509222572,10088.8756169962
Angle 59,17465.4221897042,10070.532088918
Angle 59,17488.2836591904,10052.0984191349
Angle 59,17511.1353004933,10033.5746740167
Angle 59,17533.977083206,10014.9609203601
Angle 59,17556.8089767367,9996.25722539129
Angle 59,17579.6309503087,9977.46365676926
Angle 59,17602.4429729596,9958.58028258822
Angle 59,17625.2450135418,9939.60717138072
Angle 59,17648.0370407216,9920.54439212043
Angle 59,17670.8190229789,9901.3920142251
Angle 59,17693.5909286074,9882.15010755945
Angle 59,17716.3527257137,9862.81874243807
Angle 59,17739.1043822174,9843.39798962834
Angle 59,17761.8458658508,9823.88792035342
Angle 59,17784.5771441582,9804.28860629513
Angle 59,17807.2981844961,9784.60011959697
Angle 59,17830.0089540326,9764.82253286705
Angle 59,17852.7094197471,9744.95591918107
Angle 59,17875.39954843,9725.00035208537
Angle 59,17898.0793066826,9704.95590559985
Angle 59,17920.7486609165,9684.82265422104
Angle 59,17943.4075773532,9664.60067292509
Angle 59,17966.0560220244,9644.29003717085
Angle 59,17988.6939607708,9623.89082290286
Angle 59,18011.3213592426,9603.40310655445
Angle 59,18033.9381828985,9582.82696505079
Angle 59,18056.5443970059,9562.16247581197
Angle 59,18079.1399666402,9541.40971675611
Angle 59,18101.7248566847,9520.5687663024
Angle 59,18124.2990318303,9499.6397033743
Angle 59,18146.8624565749,9478.62260740259
Angle 59,18169.4150952232,9457.51755832855
Angle 59,18191.9569118867,9436.32463660706
Angle 59,18214.4878704827,9415.04392320981
Angle 59,18237.0079347345,9393.67549962844
Angle 59,18259.517068171,9372.21944787768
Angle 59,18282.0152341262,9350.67585049863
Angle 59,18304.5023957388,9329.04479056187
Angle 59,18326.9785159522,9307.32635167072
Angle 59,18349.4435575137,9285.52061796446
Angle 59,18371.8974829747,9263.62767412154
Angle 59,18394.3402546898,9241.64760536285
Angle 59,18416.7718348171,9219.58049745495
Angle 59,18439.1921853171,9197.42643671338
Angle 59,18461.6012679529,9175.18551000587
Angle 59,18483.9990442899,9152.85780475571
Angle 59,18506.385475695,9130.44340894496
Angle 59,18528.7605233367,9107.94241111785
Angle 59,18551.1241481846,9085.35490038402
Angle 59,18573.4763110089,9062.68096642191
Angle 59,18595.8169723804,9039.92069948209
Angle 59,18618.1460926699,9017.0741903906
Angle 59,18640.4636320478,8994.1415305523
Angle 59,18662.7695504842,8971.12281195429
Angle 59,18685.063807748,8948.01812716926
Angle 59,18707.3463634068,8924.82756935891
Angle 59,18729.6171768268,8901.55123227734
Angle 59,18751.876207172,8878.18921027447
Angle 59,18774.1234134043,8854.74159829947
Angle 59,18796.3587542827,8831.2084919042
Angle 59,18818.5821883636,8807.58998724666
Angle 59,18840.7936739999,8783.88618109446
Angle 59,18862.9931693407,8760.09717082827
Angle 59,18885.1806323314,8736.2230544453
Angle 59,18907.356020713,8712.26393056281
Angle 59,18929.5192920218,8688.21989842159
Angle 59,18951.6704035892,8664.09105788948
Angle 59,18973.8093125415,8639.8775094649
Angle 59,18995.935975799,8615.57935428035
Angle 59,19018.0503500764,8591.196694106
Angle 59,19040.1523918821,8566.72963135316
Angle 59,19062.2420575177,8542.17826907793
Angle 59,19084.3193030781,8517.54271098471
Angle 59,19106.384084451,8492.82306142979
Angle 59,19128.4363573165,8468.01942542495
Angle 59,19150.476077147,8443.13190864104
Angle 59,19172.5031992066,8418.1606174116
Angle 59,19194.5176785509,8393.10565873646
Angle 59,19216.5194700271,8367.96714028539
Angle 59,19238.5085282729,8342.74517040171
Angle 59,19260.4848077169,8317.43985810591
Angle 59,19282.448262578,8292.05131309936
Angle 59,19304.3988468652,8266.57964576791
Angle 59,19326.3365143771,8241.02496718561
Angle 59,19348.261218702,8215.38738911833
Angle 59,19370.1729132173,8189.66702402748
Angle 59,19392.0715510893,8163.86398507369
Angle 59,19413.9570852729,8137.9783861205
Angle 59,19435.8294685114,8112.01034173809
Angle 59,19457.6886533362,8085.95996720696
Angle 59,19479.5345920665,8059.8273785217
Angle 59,19501.3672368091,8033.61269239465
Angle 59,19523.1865394581,8007.31602625971
Angle 59,19544.9924516946,7980.93749827602
Angle 59,19566.7849249866,7954.47722733175
Angle 59,19588.5639105885,7927.93533304783
Angle 59,19610.3293595411,7901.31193578175
Angle 59,19632.0812226714,7874.60715663127
Angle 59,19653.8194505919,7847.82111743823
Angle 59,19675.5439937011,7820.95394079235
Angle 59,19697.2548021827,7794.00575003497
Angle 59,19718.9518260055,7766.97666926287
Angle 59,19740.6350149234,7739.86682333206
Angle 59,19762.3043184751,7712.67633786158
Angle 59,19783.9596859836,7685.40533923729
Angle 59,19805.6010665564,7658.05395461574
Angle 59,19827.2284090853,7630.6223119279
Angle 59,19848.8416622459,7603.11053988305
Angle 59,19870.4407744976,7575.51876797258
Angle 59,19892.0256940835,7547.84712647378
Angle 59,19913.5963690302,7520.09574645375
Angle 59,19935.1527471475,7492.26475977315
Angle 59,19956.6947760283,7464.35429909012
Angle 59,19978.2224030487,7436.36449786403
Angle 59,19999.7355753674,7408.29549035939
Angle 59,20021.234239926,7380.14741164969
Angle 59,20042.7183434487,7351.92039762122
Angle 59,20064.1878324419,7323.6145849769
Angle 59,20085.6426531948,7295.23011124021
Angle 59,20107.0827517786,7266.76711475895
Angle 59,20128.5080740465,7238.22573470917
Angle 59,20149.9185656341,7209.60611109894
Angle 59,20171.3141719587,7180.9083847723
Angle 59,20192.6948382197,7152.13269741303
Angle 59,20214.0605093983,7123.27919154854
Angle 59,20235.4111302573,7094.34801055372
Angle 59,20256.7466453415,7065.33929865481
Angle 59,20278.0669989773,7036.2532009332
Angle 59,20299.3721352725,7007.08986332934
Angle 59,20320.661998117,6977.84943264653
Angle 59,20341.9365311819,6948.5320565548
Angle 59,20363.1956779201,6919.13788359477
Angle 59,20384.4393815661,6889.66706318143
Angle 59,20405.667585136,6860.11974560803
Angle 59,20426.8802314275,6830.4960820499
Angle 59,20448.0772630201,6800.79622456826
Angle 59,20469.2586222749,6771.02032611406
Angle 59,20490.4242513349,6741.16854053181
Angle 59,20511.5740921247,6711.24102256339
Angle 59,20532.7080863511,6681.23792785184
Angle 59,20553.8261755027,6651.15941294518
Angle 59,20574.9283008501,6621.00563530022
Angle 59,20596.0144034464,6590.77675328633
Angle 59,20617.0844241267,6560.47292618925
Angle 59,20638.1383035086,6530.09431421482
Angle 59,20659.1759819924,6499.64107849282
Angle 59,20680.1973997609,6469.11338108067
Angle 59,20701.2024967799,6438.51138496721
Angle 59,20722.1912127983,6407.83525407644
Angle 59,20743.1634873481,6377.08515327125
Angle 59,20764.1192597448,6346.26124835716
Angle 59,20785.0584690875,6315.36370608601
Angle 59,20805.9810542593,6284.39269415968
Angle 59,20826.8869539272,6253.34838123379
Angle 59,20847.7761065426,6222.23093692134
Angle 59,20868.6484503415,6191.04053179643
Angle 59,20889.5039233449,6159.77733739789
Angle 59,20910.3424633588,6128.4415262329
Angle 59,20931.1640079748,6097.03327178067
Angle 59,20951.96849457,6065.55274849602
Angle 59,20972.755860308,6034.00013181296
Angle 59,20993.5260421386,6002.37559814833
Angle 59,21014.2789767985,5970.67932490532
Angle 59,21035.0146008114,5938.91149047704
Angle 59,21055.7328504888,5907.07227425008
Angle 59,21076.4336619301,5875.16185660797
Angle 59,21097.1169710229,5843.18041893473
Angle 59,21117.7827134438,5811.12814361834
Angle 59,21138.4308246586,5779.00521405419
Angle 59,21159.0612399228,5746.81181464855
Angle 59,21179.6738942821,5714.54813082195
Angle 59,21200.2687225729,5682.21434901263
Angle 59,21220.8456594228,5649.8106566799
Angle 59,21241.404639251,5617.33724230748
Angle 59,21261.9455962692,5584.79429540689
Angle 59,21282.4684644818,5552.18200652069
Angle 59,21302.9731776865,5519.50056722586
Angle 59,21323.4596694751,5486.75017013699
Angle 59,21343.9278732339,5453.93100890956
Angle 59,21364.3777221447,5421.04327824314
Angle 59,21384.8091491848,5388.08717388459
Angle 59,21405.2220871283,5355.06289263123
Angle 59,21425.6164685464,5321.97063233396
Angle 59,21445.9922258083,5288.81059190037
Angle 59,21466.3492910817,5255.58297129783
Angle 59,21486.6875963337,5222.28797155653
Angle 59,21507.0070733317,5188.92579477252
Angle 59,21527.3076536439,5155.49664411066
Angle 59,21547.5892686399,5122.00072380761
Angle 59,21567.8518494923,5088.43823917476
Angle 59,21588.0953271767,5054.80939660109
Angle 59,21608.319632473,5021.11440355606
Angle 59,21628.524695966,4987.35346859244
Angle 59,21648.7104480467,4953.52680134906
Angle 59,21668.8768189127,4919.63461255361
Angle 59,21689.0237385697,4885.67711402533
Angle 59,21709.1511368318,4851.65451867772
Angle 59,21729.258943323,4817.56704052114
Angle 59,21749.3470874779,4783.41489466548
Angle 59,21769.4154985431,4749.19829732265
Angle 59,21789.4641055775,4714.91746580918
Angle 59,21809.4928374543,4680.57261854864
Angle 59,21829.5016228612,4646.16397507414
Angle 59,21849.4903903022,4611.6917560307
Angle 59,21869.4590680982,4577.15618317761
Angle 59,21889.4075843885,4542.55747939077
Angle 59,21909.3358671318,4507.89586866493
Angle 59,21929.2438441074,4473.17157611592
Angle 59,21949.1314429166,4438.38482798285
Angle 59,21968.9985909836,4403.53585163023
Angle 59,21988.845215557,4368.62487555005
Angle 59,22008.671243711,4333.65212936382
Angle 59,22028.4766023469,4298.61784382454
Angle 59,22048.261218194,4263.52225081867
Angle 59,22068.0250178114,4228.365583368
Angle 59,22087.7679275893,4193.14807563145
Angle 59,22107.48987375,4157.86996290691
Angle 59,22127.1907823499,4122.53148163293
Angle 59,22146.8705792806,4087.13286939038
Angle 59,22166.5291902704,4051.6743649041
Angle 59,22186.1665408861,4016.15620804445
Angle 59,22205.7825565339,3980.5786398288
Angle 59,22225.3771624618,3944.94190242299
Angle 59,22244.9502837604,3909.24623914273
Angle 59,22264.501845365,3873.49189445487
Angle 59,22284.0317720569,3837.67911397877
Angle 59,22303.5399884655,3801.80814448739
Angle 59,22323.0264190693,3765.87923390851
Angle 59,22342.4909881985,3729.89263132581
Angle 59,22361.9336200359,3693.84858697985
Angle 59,22381.354238619,3657.74735226903
Angle 59,22400.752767842,3621.5891797505
Angle 59,22420.1291314572,3585.37432314097
Angle 59,22439.4832530773,3549.10303731744
Angle 59,22458.8150561768,3512.77557831793
Angle 59,22478.1244640943,3476.39220334205
Angle 59,22497.411400034,3439.95317075156
Angle 59,22516.6757870682,3403.45874007084
Angle 59,22535.9175481388,3366.90917198731
Angle 59,22555.1366060594,3330.30472835173
Angle 59,22574.3328835176,3293.64567217849
Angle 59,22593.5063030769,3256.93226764574
Angle 59,22612.6567871785,3220.16478009554
Angle 59,22631.7842581441,3183.34347603386
Angle 59,22650.8886381774,3146.46862313054
Angle 59,22669.9698493664,3109.54049021917
Angle 59,22689.0278136861,3072.55934729686
Angle 59,22708.0624530001,3035.52546552396
Angle 59,22727.073689063,2998.43911722371
Angle 59,22746.0614435233,2961.30057588177
Angle 59,22765.0256379248,2924.11011614566
Angle 59,22783.9661937096,2886.86801382421
Angle 59,22802.8830322201,2849.57454588679
Angle 59,22821.7760747019,2812.22999046256
Angle 59,22840.6452423057,2774.83462683956
Angle 59,22859.49045609,2737.38873546378
Angle 59,22878.3116370237,2699.89259793811
Angle 59,22897.1087059884,2662.34649702117
Angle 59,22915.8815837812,2624.75071662607
Angle 59,22934.6301911171,2587.10554181915
Angle 59,22953.3544486318,2549.4112588185
Angle 59,22972.0542768841,2511.66815499246
Angle 59,22990.7295963588,2473.87651885808
Angle 59,23009.3803274692,2436.03664007933
Angle 59,23028.0063905603,2398.14880946537
Angle 59,23046.6077059109,2360.21331896866
Angle 59,23065.1841937369,2322.23046168293
Angle 59,23083.7357741938,2284.20053184113
Angle 59,23102.26236738,2246.12382481326
Angle 59,23120.7638933392,2208.00063710404
Angle 59,23139.2402720637,2169.83126635054
Angle 59,23157.6914234969,2131.61601131973
Angle 59,23176.117267537,2093.35517190583
Angle 59,23194.5177240392,2055.04904912767
Angle 59,23212.8927128194,2016.69794512585
Angle 59,23231.2421536568,1978.30216315987
Angle 59,23249.5659662973,1939.8620076051
Angle 59,23267.8640704566,1901.37778394965
Angle 59,23286.1363858231,1862.84979879121
Angle 59,23304.3828320616,1824.27835983363
Angle 59,23322.6033288158,1785.66377588354
Angle 59,23340.7977957123,1747.00635684679
Angle 59,23358.9661523636,1708.30641372476
Angle 59,23377.1083183711,1669.56425861061
Angle 59,23395.2242133288,1630.78020468538
Angle 59,23413.3137568269,1591.95456621401
Angle 59,23431.3768684544,1553.0876585412
Angle 59,23449.4134678034,1514.17979808721
Angle 59,23467.423474472,1475.23130234348
Angle 59,23485.4068080682,1436.2424898682
Angle 59,23503.363388213,1397.21368028173
Angle 59,23521.2931345443,1358.1451942619
Angle 59,23539.1959667203,1319.03735353918
Angle 59,23557.0718044231,1279.89048089179
Angle 59,23574.9205673625,1240.70490014061
Angle 59,23592.7421752796,1201.48093614404
Angle 59,23610.5365479504,1162.21891479267
Angle 59,23628.3036051897,1122.91916300392
Angle 59,23646.0432668545,1083.58200871645
Angle 59,23663.7554528484,1044.20778088456
Angle 59,23681.4400831247,1004.79680947233
Angle 59,23699.097077691,965.349425447818
Angle 59,23716.7263566123,925.86596077694
Angle 59,23734.3278400154,886.346748417368
Angle 59,23751.9014480927,846.792122312236
Angle 59,23769.4471011062,807.202417383736
Angle 59,23786.9647193914,767.577969526589
Angle 59,23804.4542233611,727.919115601387
Angle 59,23821.9155335099,688.226193427808
Angle 59,23839.348570418,648.499541777703
Angle 59,23856.7532547552,608.739500368059
Angle 59,23874.1295072852,568.946409853825
Angle 59,23891.4772488697,529.12061182062
Angle 59,23908.7964004722,489.262448777301
Angle 59,23926.0868831629,449.372264148413
Angle 59,23943.3486181224,409.450402266497
Angle 59,23960.5815266458,369.497208364277
Angle 59,23977.7855301476,329.513028566711
Angle 59,23994.9605501654,289.498209882917
Angle 59,24012.1065083643,249.453100197964
Angle 59,24029.2233265416,209.37804826453
Angle 59,24046.3109266308,169.273403694434
Angle 59,24063.3692307059,129.139516950033
Angle 59,24080.3981609863,88.9767393354884
Angle 59,24097.3976398408,48.7854229879003
Angle 59,24114.3675897919,8.56592086831021
Angle 59,24117.9730371353,0
Angle 60,0,0
Angle 60,34.902,60.354037285769
Angle 60,69.7072521714622,120.442774071541
Angle 60,104.416985203329,180.268604009092
Angle 60,139.032404891851,239.83387510372
Angle 60,173.554694711774,299.140890857809
Angle 60,207.985016369605,358.191911378485
Angle 60,242.324510339625,416.989154450722
Angle 60,276.574296383295,475.534796577188
Angle 60,310.735474052686,533.830973986083
Angle 60,344.809123178507,591.879783608141
Angle 60,378.796304343316,649.683284023933
Angle 60,412.698059340436,707.243496382575
Angle 60,446.515411619119,764.562405292847
Angle 60,480.249366716431,821.641959687749
Angle 60,513.900912676346,878.484073663434
Angle 60,547.471020456513,935.090627293429
Angle 60,580.96064432311,991.463467419026
Angle 60,614.370722234227,1047.60440841668
Angle 60,647.70217621217,1103.51523294322
Angle 60,680.955912705065,1159.19769265963
Angle 60,714.132822938148,1214.65350893418
Angle 60,747.233783255079,1269.88437352556
Angle 60,780.259655449629,1324.89194924678
Angle 60,813.211287088072,1379.67787061036
Angle 60,846.08951182258,1434.24374445561
Angle 60,878.895149695942,1488.59115055844
Angle 60,911.629007437876,1542.72164222444
Angle 60,944.291878753239,1596.6367468656
Angle 60,976.884544602372,1650.33796656139
Angle 60,1009.40777347386,1703.82677860458
Angle 60,1041.86232164996,1757.10463603244
Angle 60,1074.24893346489,1810.17296814357
Angle 60,1106.56834155627,1863.03318100107
Angle 60,1138.82126710989,1915.68665792234
Angle 60,1171.00842009806,1968.134759956
Angle 60,1203.13049951169,2020.37882634621
Angle 60,1235.1881935863,2072.42017498504
Angle 60,1267.18218002228,2124.26010285302
Angle 60,1299.11312619937,2175.89988644833
Angle 60,1330.98168938565,2227.34078220504
Angle 60,1362.78851694134,2278.5840269006
Angle 60,1394.53424651722,2329.63083805312
Angle 60,1426.21950624825,2380.48241430848
Angle 60,1457.84491494221,2431.13993581783
Angle 60,1489.41108226365,2481.6045646056
Angle 60,1520.91860891337,2531.87744492841
Angle 60,1552.36808680331,2581.95970362511
Angle 60,1583.76009922729,2631.85245045817
Angle 60,1615.09522102751,2681.55677844678
Angle 60,1646.374018757,2731.07376419178
Angle 60,1677.59705083816,2780.40446819279
Angle 60,1708.76486771748,2829.54993515766
Angle 60,1739.87801201659,2878.51119430453
Angle 60,1770.93701867962,2927.28925965665
Angle 60,1801.94241511717,2975.88513033022
Angle 60,1832.89472134682,3024.29979081546
Angle 60,1863.7944501304,3072.53421125105
Angle 60,1894.64210710797,3120.58934769217
Angle 60,1925.43819092878,3168.46614237226
Angle 60,1956.18319337912,3216.16552395878
Angle 60,1986.87759950729,3263.68840780307
Angle 60,2017.5218877457,3311.03569618438
Angle 60,2048.11653003013,3358.20827854852
Angle 60,2078.66199191635,3405.20703174089
Angle 60,2109.15873269409,3452.03282023436
Angle 60,2139.60720549843,3498.68649635203
Angle 60,2170.00785741873,3545.16890048491
Angle 60,2200.36112960507,3591.48086130484
Angle 60,2230.66745737246,3637.62319597263
Angle 60,2260.92727030259,3683.59671034163
Angle 60,2291.14099234348,3729.40219915682
Angle 60,2321.30904190689,3775.04044624954
Angle 60,2351.43183196362,3820.51222472797
Angle 60,2381.50977013672,3865.81829716347
Angle 60,2411.54325879277,3910.95941577297
Angle 60,2441.53269513114,3955.93632259733
Angle 60,2471.4784712713,4000.74974967595
Angle 60,2501.38097433841,4045.40041921766
Angle 60,2531.24058654697,4089.88904376796
Angle 60,2561.05768528274,4134.21632637278
Angle 60,2590.832643183,4178.38296073869
Angle 60,2620.56582821504,4222.3896313899
Angle 60,2650.25760375312,4266.23701382186
Angle 60,2679.9083286537,4309.92577465176
Angle 60,2709.51835732929,4353.45657176589
Angle 60,2739.08803982063,4396.83005446393
Angle 60,2768.61772186746,4440.04686360036
Angle 60,2798.10774497789,4483.10763172293
Angle 60,2827.55844649629,4526.01298320834
Angle 60,2856.97015966983,4568.76353439515
Angle 60,2886.3432137137,4611.35989371405
Angle 60,2915.67793387504,4653.80266181551
Angle 60,2944.97464149553,4696.09243169481
Angle 60,2974.23365407282,4738.22978881473
Angle 60,3003.45528532067,4780.21531122564
Angle 60,3032.63984522797,4822.04956968333
Angle 60,3061.78764011655,4863.73312776453
Angle 60,3090.89897269791,4905.26654198005
Angle 60,3119.97414212878,4946.6503618859
Angle 60,3149.0134440657,4987.88513019207
Angle 60,3178.01717071842,5028.97138286931
Angle 60,3206.98561090243,5069.90964925385
Angle 60,3235.91905009034,5110.70045215009
Angle 60,3264.81777046234,5151.34430793129
Angle 60,3293.68205095574,5191.84172663843
Angle 60,3322.51216731351,5232.19321207713
Angle 60,3351.30839213193,5272.39926191273
Angle 60,3380.07099490735,5312.46036776366
Angle 60,3408.80024208207,5352.37701529298
Angle 60,3437.49639708939,5392.14968429825
Angle 60,3466.15972039775,5431.77884879968
Angle 60,3494.79046955417,5471.26497712677
Angle 60,3523.38889922677,5510.60853200317
Angle 60,3551.9552612466,5549.80997063015
Angle 60,3580.48980464866,5588.86974476843
Angle 60,3608.9927757122,5627.78830081858
Angle 60,3637.46441800026,5666.5660798999
Angle 60,3665.90497239849,5705.20351792791
Angle 60,3694.31467715335,5743.70104569049
Angle 60,3722.6937679095,5782.05908892252
Angle 60,3751.04247774665,5820.27806837929
Angle 60,3779.36103721564,5858.35839990859
Angle 60,3807.64967437396,5896.30049452147
Angle 60,3835.90861482062,5934.1047584618
Angle 60,3864.13808173036,5971.77159327454
Angle 60,3892.33829588737,6009.30139587286
Angle 60,3920.50947571828,6046.69455860409
Angle 60,3948.65183732469,6083.95146931446
Angle 60,3976.76559451508,6121.07251141278
Angle 60,4004.85095883615,6158.05806393298
Angle 60,4032.90813960372,6194.90850159553
Angle 60,4060.93734393295,6231.62419486792
Angle 60,4088.93877676817,6268.20551002398
Angle 60,4116.91264091214,6304.65280920224
Angle 60,4144.8591370548,6340.9664504633
Angle 60,4172.7784638016,6377.14678784621
Angle 60,4200.67081770129,6413.19417142391
Angle 60,4228.53639327325,6449.10894735772
Angle 60,4256.37538303439,6484.8914579509
Angle 60,4284.18797752558,6520.54204170138
Angle 60,4311.97436533764,6556.06103335351
Angle 60,4339.73473313689,6591.44876394905
Angle 60,4367.46926569033,6626.70556087724
Angle 60,4395.17814589032,6661.83174792407
Angle 60,4422.86155477892,6696.82764532073
Angle 60,4450.51967157181,6731.6935697913
Angle 60,4478.15267368182,6766.4298345996
Angle 60,4505.76073674207,6801.03674959535
Angle 60,4533.34403462874,6835.51462125947
Angle 60,4560.90273948348,6869.8637527488
Angle 60,4588.43702173545,6904.08444393992
Angle 60,4615.94705012301,6938.17699147243
Angle 60,4643.43299171505,6972.14168879143
Angle 60,4670.89501193199,7005.97882618934
Angle 60,4698.33327456648,7039.6886908471
Angle 60,4725.74794180368,7073.27156687465
Angle 60,4753.13917424133,7106.72773535082
Angle 60,4780.5071309094,7140.05747436256
Angle 60,4807.85196928953,7173.26105904357
Angle 60,4835.17384533408,7206.3387616123
Angle 60,4862.47291348494,7239.29085140941
Angle 60,4889.74932669202,7272.11759493456
Angle 60,4917.00323643146,7304.81925588272
Angle 60,4944.23479272354,7337.39609517983
Angle 60,4971.44414415035,7369.84837101801
Angle 60,4998.63143787319,7402.17633889013
Angle 60,5025.79681964962,7434.3802516239
Angle 60,5052.94043385037,7466.46035941542
Angle 60,5080.0624234759,7498.41690986227
Angle 60,5107.16293017276,7530.25014799599
Angle 60,5134.24209424966,7561.9603163142
Angle 60,5161.30005469337,7593.54765481211
Angle 60,5188.33694918425,7625.01240101365
Angle 60,5215.3529141117,7656.35479000205
Angle 60,5242.34808458927,7687.57505445008
Angle 60,5269.3225944696,7718.67342464968
Angle 60,5296.27657635909,7749.6501285413
Angle 60,5323.21016163241,7780.50539174269
Angle 60,5350.12348044673,7811.23943757737
Angle 60,5377.0166617558,7841.85248710253
Angle 60,5403.88983332379,7872.34475913672
Angle 60,5430.74312173893,7902.71647028694
Angle 60,5457.57665242695,7932.96783497546
Angle 60,5484.39054966433,7963.09906546619
Angle 60,5511.18493659134,7993.11037189071
Angle 60,5537.95993522494,8023.00196227387
Angle 60,5564.71566647141,8052.77404255906
Angle 60,5591.45225013887,8082.42681663309
Angle 60,5618.16980494958,8111.96048635075
Angle 60,5644.86844855211,8141.37525155897
Angle 60,5671.54829753324,8170.67131012068
Angle 60,5698.20946742979,8199.84885793827
Angle 60,5724.85207274027,8228.90808897681
Angle 60,5751.47622693626,8257.84919528683
Angle 60,5778.08204247376,8286.67236702688
Angle 60,5804.66963080432,8315.3777924857
Angle 60,5831.23910238601,8343.96565810411
Angle 60,5857.79056669421,8372.4361484966
Angle 60,5884.32413223232,8400.78944647259
Angle 60,5910.83990654229,8429.02573305742
Angle 60,5937.33799621492,8457.14518751306
Angle 60,5963.81850690018,8485.14798735844
Angle 60,5990.28154331722,8513.03430838969
Angle 60,6016.72720926435,8540.80432469988
Angle 60,6043.15560762887,8568.45820869862
Angle 60,6069.56684039666,8595.99613113141
Angle 60,6095.96100866181,8623.41826109861
Angle 60,6122.33821263598,8650.72476607428
Angle 60,6148.69855165768,8677.91581192467
Angle 60,6175.0421242014,8704.99156292651
Angle 60,6201.36902788669,8731.95218178502
Angle 60,6227.67935948702,8758.79782965174
Angle 60,6253.97321493855,8785.52866614203
Angle 60,6280.25068934884,8812.14484935239
Angle 60,6306.51187700535,8838.64653587758
Angle 60,6332.75687138387,8865.03388082741
Angle 60,6358.98576515686,8891.30703784343
Angle 60,6385.19865020164,8917.46615911529
Angle 60,6411.39561760848,8943.51139539698
Angle 60,6437.57675768856,8969.44289602276
Angle 60,6463.7421599819,8995.26080892297
Angle 60,6489.89191326508,9020.96528063956
Angle 60,6516.02610555895,9046.55645634149
Angle 60,6542.14482413616,9072.03447983984
Angle 60,6568.24815552863,9097.39949360282
Angle 60,6594.33618553494,9122.65163877049
Angle 60,6620.40899922759,9147.79105516939
Angle 60,6646.46668096014,9172.8178813269
Angle 60,6672.50931437435,9197.73225448543
Angle 60,6698.53698240709,9222.53431061649
Angle 60,6724.54976729731,9247.22418443448
Angle 60,6750.54775059278,9271.80200941041
Angle 60,6776.53101315685,9296.26791778536
Angle 60,6802.49963517503,9320.62204058378
Angle 60,6828.45369616158,9344.86450762673
Angle 60,6854.39327496594,9368.99544754478
Angle 60,6880.31844977908,9393.01498779088
Angle 60,6906.22929813982,9416.923254653
Angle 60,6932.12589694105,9440.72037326668
Angle 60,6958.00832243579,9464.40646762732
Angle 60,6983.8766502433,9487.98166060243
Angle 60,7009.73095535505,9511.44607394364
Angle 60,7035.57131214057,9534.79982829863
Angle 60,7061.39779435328,9558.04304322285
Angle 60,7087.21047513626,9581.17583719114
Angle 60,7113.0094270279,9604.19832760919
Angle 60,7138.79472196749,9627.11063082487
Angle 60,7164.56643130075,9649.91286213941
Angle 60,7190.3246257853,9672.60513581843
Angle 60,7216.06937559602,9695.18756510292
Angle 60,7241.80075033037,9717.66026221994
Angle 60,7267.51881901366,9740.02333839332
Angle 60,7293.22365010422,9762.27690385421
Angle 60,7318.9153114985,9784.42106785142
Angle 60,7344.59387053616,9806.45593866173
Angle 60,7370.25939400501,9828.38162360003
Angle 60,7395.91194814598,9850.19822902939
Angle 60,7421.55159865797,9871.90586037092
Angle 60,7447.17841070262,9893.50462211359
Angle 60,7472.7924489091,9914.99461782393
Angle 60,7498.39377737877,9936.37595015555
Angle 60,7523.98245968979,9957.64872085866
Angle 60,7549.5585589017,9978.81303078936
Angle 60,7575.12213755993,9999.86897991889
Angle 60,7600.67325770027,10020.8166673428
Angle 60,7626.2119808532,10041.6561912899
Angle 60,7651.73836804832,10062.3876491312
Angle 60,7677.25247981857,10083.0111373888
Angle 60,7702.75437620449,10103.5267517446
Angle 60,7728.24411675839,10123.9345870488
Angle 60,7753.72176054852,10144.2347373284
Angle 60,7779.18736616307,10164.4272957959
Angle 60,7804.64099171428,10184.5123548572
Angle 60,7830.08269484235,10204.4900061204
Angle 60,7855.51253271943,10224.3603404032
Angle 60,7880.93056205343,10244.1234477418
Angle 60,7906.33683909191,10263.7794173979
Angle 60,7931.73141962584,10283.3283378677
Angle 60,7957.11435899333,10302.7702968884
Angle 60,7982.48571208334,10322.1053814472
Angle 60,8007.84553333931,10341.3336777877
Angle 60,8033.19387676276,10360.4552714185
Angle 60,8058.53079591685,10379.4702471197
Angle 60,8083.85634392991,10398.3786889511
Angle 60,8109.17057349886,10417.1806802589
Angle 60,8134.4735368927,10435.8763036831
Angle 60,8159.76528595585,10454.4656411646
Angle 60,8185.04587211148,10472.9487739524
Angle 60,8210.31534636488,10491.3257826104
Angle 60,8235.57375930662,10509.5967470242
Angle 60,8260.82116111588,10527.7617464083
Angle 60,8286.05760156353,10545.8208593125
Angle 60,8311.28313001535,10563.7741636287
Angle 60,8336.49779543508,10581.6217365977
Angle 60,8361.70164638751,10599.3636548153
Angle 60,8386.89473104151,10616.9999942392
Angle 60,8412.077097173,10634.5308301953
Angle 60,8437.24879216793,10651.9562373838
Angle 60,8462.40986302516,10669.2762898858
Angle 60,8487.56035635939,10686.4910611694
Angle 60,8512.70031840397,10703.6006240956
Angle 60,8537.82979501371,10720.6050509248
Angle 60,8562.94883166768,10737.5044133227
Angle 60,8588.05747347193,10754.2987823658
Angle 60,8613.15576516221,10770.9882285481
Angle 60,8638.24375110665,10787.5728217863
Angle 60,8663.32147530838,10804.0526314257
Angle 60,8688.38898140818,10820.4277262464
Angle 60,8713.44631268699,10836.6981744681
Angle 60,8738.49351206855,10852.8640437566
Angle 60,8763.53062212182,10868.9254012288
Angle 60,8788.55768506353,10884.8823134583
Angle 60,8813.5747427606,10900.7348464809
Angle 60,8838.58183673259,10916.4830658002
Angle 60,8863.57900815405,10932.1270363926
Angle 60,8888.56629785694,10947.6668227127
Angle 60,8913.5437463329,10963.1024886985
Angle 60,8938.51139373561,10978.434097777
Angle 60,8963.46927988306,10993.6617128686
Angle 60,8988.41744425976,11008.7853963929
Angle 60,9013.355926019,11023.8052102732
Angle 60,9038.28476398504,11038.7212159419
Angle 60,9063.20399665524,11053.5334743452
Angle 60,9088.11366220225,11068.2420459482
Angle 60,9113.01379847611,11082.8469907396
Angle 60,9137.90444300631,11097.3483682364
Angle 60,9162.78563300386,11111.7462374891
Angle 60,9187.65740536337,11126.0406570859
Angle 60,9212.51979666499,11140.231685158
Angle 60,9237.37284317645,11154.3193793836
Angle 60,9262.21658085499,11168.3037969928
Angle 60,9287.05104534933,11182.1849947722
Angle 60,9311.87627200153,11195.9630290696
Angle 60,9336.69229584892,11209.6379557978
Angle 60,9361.49915162597,11223.2098304399
Angle 60,9386.29687376608,11236.6787080531
Angle 60,9411.08549640346,11250.0446432732
Angle 60,9435.86505337488,11263.3076903193
Angle 60,9460.63557822147,11276.4679029974
Angle 60,9485.39710419047,11289.5253347052
Angle 60,9510.14966423694,11302.4800384361
Angle 60,9534.89329102546,11315.3320667836
Angle 60,9559.62801693187,11328.0814719451
Angle 60,9584.35387404487,11340.7283057262
Angle 60,9609.07089416769,11353.2726195449
Angle 60,9633.77910881975,11365.7144644353
Angle 60,9658.47854923817,11378.0538910521
Angle 60,9683.16924637946,11390.2909496741
Angle 60,9707.85123092099,11402.4256902085
Angle 60,9732.52453326259,11414.4581621945
Angle 60,9757.18918352806,11426.3884148077
Angle 60,9781.84521156666,11438.2164968632
Angle 60,9806.4926469546,11449.9424568203
Angle 60,9831.1315189965,11461.5663427853
Angle 60,9855.76185672686,11473.0882025164
Angle 60,9880.38368891147,11484.5080834265
Angle 60,9904.9970440488,11495.8260325874
Angle 60,9929.60195037144,11507.0420967332
Angle 60,9954.19843584743,11518.1563222642
Angle 60,9978.78652818164,11529.1687552505
Angle 60,10003.3662548171,11540.0794414356
Angle 60,10027.9376429364,11550.8884262396
Angle 60,10052.5007194627,11561.5957547633
Angle 60,10077.0555110615,11572.2014717915
Angle 60,10101.6020441414,11582.7056217964
Angle 60,10126.140344856,11593.1082489412
Angle 60,10150.6704391042,11603.4093970836
Angle 60,10175.1923525324,11613.6091097789
Angle 60,10199.7061105351,11623.7074302839
Angle 60,10224.2117382562,11633.70440156
Angle 60,10248.7092605905,11643.6000662764
Angle 60,10273.1987021843,11653.3944668138
Angle 60,10297.680087437,11663.0876452674
Angle 60,10322.1534405021,11672.6796434505
Angle 60,10346.6187852882,11682.1705028975
Angle 60,10371.0761454603,11691.5602648672
Angle 60,10395.5255444407,11700.8489703461
Angle 60,10419.9670054101,11710.0366600518
Angle 60,10444.400551309,11719.1233744355
Angle 60,10468.8262048381,11728.1091536862
Angle 60,10493.2439884599,11736.9940377329
Angle 60,10517.6539243995,11745.7780662482
Angle 60,10542.0560346456,11754.4612786515
Angle 60,10566.4503409515,11763.0437141117
Angle 60,10590.836864836,11771.5254115507
Angle 60,10615.2156275846,11779.9064096461
Angle 60,10639.5866502503,11788.1867468345
Angle 60,10663.9499536544,11796.3664613143
Angle 60,10688.3055583877,11804.4455910491
Angle 60,10712.6534848112,11812.4241737701
Angle 60,10736.9937530573,11820.3022469796
Angle 60,10761.3263830302,11828.0798479536
Angle 60,10785.6513944072,11835.7570137449
Angle 60,10809.9688066396,11843.3337811861
Angle 60,10834.2786389532,11850.8101868923
Angle 60,10858.5809103492,11858.1862672643
Angle 60,10882.8756396057,11865.4620584911
Angle 60,10907.1628452774,11872.6375965529
Angle 60,10931.4425456974,11879.7129172243
Angle 60,10955.7147589774,11886.6880560765
Angle 60,10979.979503009,11893.5630484806
Angle 60,11004.236795464,11900.3379296103
Angle 60,11028.4866537952,11907.0127344446
Angle 60,11052.7290952376,11913.5874977707
Angle 60,11076.9641368089,11920.0622541866
Angle 60,11101.1917953099,11926.4370381041
Angle 60,11125.4120873259,11932.7118837514
Angle 60,11149.625029227,11938.8868251756
Angle 60,11173.8306371686,11944.961896246
Angle 60,11198.0289270928,11950.9371306562
Angle 60,11222.2199147285,11956.8125619272
Angle 60,11246.4036155922,11962.5882234099
Angle 60,11270.5800449889,11968.2641482877
Angle 60,11294.7492180125,11973.8403695794
Angle 60,11318.9111495466,11979.3169201418
Angle 60,11343.0658542653,11984.693832672
Angle 60,11367.2133466334,11989.9711397105
Angle 60,11391.3536409075,11995.1488736435
Angle 60,11415.4867511363,12000.2270667057
Angle 60,11439.6126911615,12005.2057509828
Angle 60,11463.7314746181,12010.084958414
Angle 60,11487.8431149353,12014.8647207947
Angle 60,11511.9476253368,12019.5450697791
Angle 60,11536.0450188418,12024.1260368828
Angle 60,11560.1353082651,12028.607653485
Angle 60,11584.2185062178,12032.9899508315
Angle 60,11608.2946251084,12037.272960037
Angle 60,11632.3636771425,12041.4567120876
Angle 60,11656.4256743238,12045.5412378433
Angle 60,11680.480628455,12049.5265680407
Angle 60,11704.5285511374,12053.4127332954
Angle 60,11728.5694537724,12057.1997641042
Angle 60,11752.6033475614,12060.8876908483
Angle 60,11776.6302435067,12064.4765437948
Angle 60,11800.6501524117,12067.9663531
Angle 60,11824.6630848814,12071.3571488116
Angle 60,11848.6690513234,12074.6489608708
Angle 60,11872.6680619477,12077.8418191152
Angle 60,11896.6601267677,12080.9357532813
Angle 60,11920.6452556004,12083.9307930062
Angle 60,11944.6234580671,12086.826967831
Angle 60,11968.5947435936,12089.6243072026
Angle 60,11992.5591214109,12092.322840476
Angle 60,12016.5166005555,12094.9225969174
Angle 60,12040.46718987,12097.4236057058
Angle 60,12064.4108980033,12099.8258959359
Angle 60,12088.3477334113,12102.1294966203
Angle 60,12112.2777043574,12104.334436692
Angle 60,12136.2008189126,12106.4407450064
Angle 60,12160.117084956,12108.4484503443
Angle 60,12184.0265101755,12110.3575814137
Angle 60,12207.929102068,12112.1681668524
Angle 60,12231.8248679399,12113.8802352303
Angle 60,12255.7138149073,12115.4938150517
Angle 60,12279.5959498966,12117.0089347577
Angle 60,12303.4712796451,12118.4256227288
Angle 60,12327.3398107008,12119.7439072865
Angle 60,12351.2015494234,12120.9638166964
Angle 60,12375.0565019843,12122.08537917
Angle 60,12398.9046743671,12123.1086228673
Angle 60,12422.7460723681,12124.033575899
Angle 60,12446.5807015963,12124.8602663288
Angle 60,12470.4085674744,12125.5887221757
Angle 60,12494.2296752385,12126.2189714162
Angle 60,12518.0440299388,12126.7510419869
Angle 60,12541.8516364399,12127.1849617865
Angle 60,12565.6524994213,12127.520758678
Angle 60,12589.4466233774,12127.7584604912
Angle 60,12613.2340126182,12127.8980950251
Angle 60,12637.0146712694,12127.9396900497
Angle 60,12660.7886032729,12127.8832733086
Angle 60,12684.5558123869,12127.7288725213
Angle 60,12708.3163021866,12127.4765153852
Angle 60,12732.0700760642,12127.1262295781
Angle 60,12755.8171372294,12126.6780427602
Angle 60,12779.5574887096,12126.1319825766
Angle 60,12803.2911333503,12125.4880766593
Angle 60,12827.0180738153,12124.7463526298
Angle 60,12850.7383125874,12123.9068381008
Angle 60,12874.451851968,12122.9695606789
Angle 60,12898.1586940782,12121.9345479666
Angle 60,12921.8588408583,12120.8018275644
Angle 60,12945.5522940689,12119.5714270735
Angle 60,12969.2390552906,12118.2433740973
Angle 60,12992.9191259245,12116.8176962445
Angle 60,13016.5925071925,12115.2944211303
Angle 60,13040.2592001376,12113.6735763795
Angle 60,13063.9192056241,12111.9551896282
Angle 60,13087.572524338,12110.139288526
Angle 60,13111.219156787,12108.2259007384
Angle 60,13134.8591033013,12106.2150539491
Angle 60,13158.4923640334,12104.1067758618
Angle 60,13182.1189389583,12101.9010942025
Angle 60,13205.7388278743,12099.598036722
Angle 60,13229.3520304027,12097.1976311978
Angle 60,13252.9585459886,12094.6999054363
Angle 60,13276.5583739005,12092.104887275
Angle 60,13300.1515132312,12089.4126045848
Angle 60,13323.7379628975,12086.6230852718
Angle 60,13347.317721641,12083.7363572801
Angle 60,13370.8907880278,12080.7524485934
Angle 60,13394.4571604491,12077.6713872373
Angle 60,13418.0168371214,12074.4932012817
Angle 60,13441.5698160866,12071.2179188427
Angle 60,13465.1160952122,12067.8455680848
Angle 60,13488.6556721919,12064.3761772233
Angle 60,13512.1885445454,12060.809774526
Angle 60,13535.7147096188,12057.1463883159
Angle 60,13559.2341645848,12053.3860469728
Angle 60,13582.7469064431,12049.5287789359
Angle 60,13606.2529320203,12045.5746127057
Angle 60,13629.7522379703,12041.5235768462
Angle 60,13653.2448207746,12037.3756999871
Angle 60,13676.7306767422,12033.1310108259
Angle 60,13700.2098020102,12028.7895381299
Angle 60,13723.6821925437,12024.3513107386
Angle 60,13747.1478441362,12019.8163575657
Angle 60,13770.6067524097,12015.1847076014
Angle 60,13794.0589128148,12010.456389914
Angle 60,13817.5043206312,12005.6314336528
Angle 60,13840.9429709676,12000.7098680497
Angle 60,13864.3748587618,11995.6917224215
Angle 60,13887.7999787815,11990.5770261719
Angle 60,13911.2183256238,11985.365808794
Angle 60,13934.6298937155,11980.0580998719
Angle 60,13958.0346773138,11974.6539290832
Angle 60,13981.4326705058,11969.1533262012
Angle 60,14004.8238672091,11963.5563210966
Angle 60,14028.2082611718,11957.8629437401
Angle 60,14051.5858459727,11952.073224204
Angle 60,14074.9566150215,11946.1871926649
Angle 60,14098.320561559,11940.2048794055
Angle 60,14121.677678657,11934.1263148167
Angle 60,14145.0279592189,11927.9515293998
Angle 60,14168.3713959793,11921.6805537686
Angle 60,14191.7079815049,11915.3134186517
Angle 60,14215.0377081938,11908.8501548942
Angle 60,14238.3605682761,11902.2907934602
Angle 60,14261.6765538143,11895.635365435
Angle 60,14284.9856567029,11888.8839020266
Angle 60,14308.2878686686,11882.0364345687
Angle 60,14331.583181271,11875.0929945219
Angle 60,14354.8715859021,11868.0536134768
Angle 60,14378.1530737866,11860.9183231551
Angle 60,14401.4276359823,11853.6871554125
Angle 60,14424.6952633797,11846.3601422406
Angle 60,14447.9559467029,11838.9373157689
Angle 60,14471.2096765087,11831.4187082669
Angle 60,14494.4564431877,11823.8043521464
Angle 60,14517.6962369636,11816.0942799636
Angle 60,14540.929047894,11808.2885244212
Angle 60,14564.15486587,11800.3871183703
Angle 60,14587.3736806165,11792.3900948128
Angle 60,14610.5854816922,11784.2974869037
Angle 60,14633.79025849,11776.1093279526
Angle 60,14656.9880002366,11767.8256514265
Angle 60,14680.178695993,11759.4464909515
Angle 60,14703.3623346544,11750.9718803151
Angle 60,14726.5389049502,11742.4018534683
Angle 60,14749.7083954444,11733.7364445279
Angle 60,14772.8707945353,11724.9756877783
Angle 60,14796.0260904558,11716.1196176739
Angle 60,14819.1742712734,11707.1682688411
Angle 60,14842.3153248903,11698.1216760806
Angle 60,14865.4492390433,11688.9798743694
Angle 60,14888.5760013043,11679.7428988631
Angle 60,14911.6955990797,11670.4107848977
Angle 60,14934.808019611,11660.9835679922
Angle 60,14957.9132499745,11651.4612838505
Angle 60,14981.0112770817,11641.8439683637
Angle 60,15004.102087679,11632.131657612
Angle 60,15027.1856683478,11622.324387867
Angle 60,15050.2620055048,11612.4221955941
Angle 60,15073.3310854017,11602.4251174543
Angle 60,15096.3928941253,11592.3331903065
Angle 60,15119.4474175979,11582.1464512098
Angle 60,15142.4946415766,11571.8649374254
Angle 60,15165.5345516541,11561.4886864191
Angle 60,15188.567133258,11551.0177358632
Angle 60,15211.5923716515,11540.4521236388
Angle 60,15234.6102519327,11529.7918878381
Angle 60,15257.6207590353,11519.0370667664
Angle 60,15280.6238777281,11508.1876989444
Angle 60,15303.6195926151,11497.2438231103
Angle 60,15326.6078881356,11486.205478222
Angle 60,15349.5887485642,11475.0727034597
Angle 60,15372.5621580107,11463.8455382274
Angle 60,15395.5281004201,11452.5240221556
Angle 60,15418.4865595725,11441.1081951035
Angle 60,15441.4375190833,11429.5980971611
Angle 60,15464.3809624029,11417.9937686514
Angle 60,15487.3168728169,11406.2952501326
Angle 60,15510.2452334459,11394.5025824005
Angle 60,15533.1660272455,11382.6158064908
Angle 60,15556.0792370063,11370.6349636808
Angle 60,15578.9848453539,11358.5600954924
Angle 60,15601.8828347486,11346.3912436937
Angle 60,15624.7731874858,11334.1284503018
Angle 60,15647.6558856954,11321.7717575846
Angle 60,15670.530911342,11309.3212080633
Angle 60,15693.398246225,11296.7768445148
Angle 60,15716.2578719784,11284.1387099735
Angle 60,15739.1097700704,11271.4068477341
Angle 60,15761.9539218038,11258.5813013538
Angle 60,15784.7903083159,11245.6621146542
Angle 60,15807.6189105778,11232.6493317239
Angle 60,15830.4397093953,11219.542996921
Angle 60,15853.2526854078,11206.343154875
Angle 60,15876.0578190889,11193.0498504892
Angle 60,15898.855090746,11179.6631289434
Angle 60,15921.6444805204,11166.1830356958
Angle 60,15944.4259683868,11152.6096164853
Angle 60,15967.1995341538,11138.9429173343
Angle 60,15989.9651574631,11125.1829845507
Angle 60,16012.7228177899,11111.32986473
Angle 60,16035.4724944425,11097.3836047585
Angle 60,16058.2141665624,11083.3442518147
Angle 60,16080.9478131239,11069.2118533723
Angle 60,16103.6734129342,11054.9864572024
Angle 60,16126.3909446332,11040.6681113758
Angle 60,16149.1003866931,11026.2568642655
Angle 60,16171.8017174188,11011.752764549
Angle 60,16194.4949149473,10997.1558612109
Angle 60,16217.1799572476,10982.466203545
Angle 60,16239.8568221207,10967.6838411571
Angle 60,16262.5254871995,10952.8088239672
Angle 60,16285.1859299483,10937.8412022119
Angle 60,16307.8381276631,10922.7810264469
Angle 60,16330.4820574709,10907.6283475495
Angle 60,16353.11769633,10892.383216721
Angle 60,16375.7450210295,10877.0456854893
Angle 60,16398.3640081894,10861.6158057111
Angle 60,16420.9746342602,10846.0936295748
Angle 60,16443.5768755227,10830.4792096023
Angle 60,16466.170708088,10814.7725986525
Angle 60,16488.7561078972,10798.9738499227
Angle 60,16511.3330507211,10783.0830169521
Angle 60,16533.9015121601,10767.1001536237
Angle 60,16556.4614676442,10751.025314167
Angle 60,16579.0128924322,10734.8585531605
Angle 60,16601.5557616124,10718.5999255346
Angle 60,16624.0900501014,10702.2494865735
Angle 60,16646.6157326446,10685.8072919184
Angle 60,16669.1327838156,10669.2733975696
Angle 60,16691.6411780162,10652.6478598896
Angle 60,16714.1408894759,10635.930735605
Angle 60,16736.6318922522,10619.1220818099
Angle 60,16759.1141602295,10602.2219559678
Angle 60,16781.5876671199,10585.2304159148
Angle 60,16804.052386462,10568.1475198616
Angle 60,16826.5082916213,10550.9733263969
Angle 60,16848.9553557898,10533.7078944894
Angle 60,16871.3935519856,10516.3512834908
Angle 60,16893.8228530526,10498.9035531383
Angle 60,16916.2432316606,10481.3647635576
Angle 60,16938.6546603049,10463.7349752651
Angle 60,16961.0571113056,10446.0142491709
Angle 60,16983.450556808,10428.2026465815
Angle 60,17005.8349687821,10410.3002292026
Angle 60,17028.2103190219,10392.3070591416
Angle 60,17050.5765791458,10374.2231989103
Angle 60,17072.9337205959,10356.048711428
Angle 60,17095.2817146379,10337.783660024
Angle 60,17117.6205323606,10319.4281084405
Angle 60,17139.950144676,10300.9821208352
Angle 60,17162.2705223185,10282.4457617841
Angle 60,17184.5816358452,10263.8190962847
Angle 60,17206.8834556351,10245.1021897583
Angle 60,17229.175951889,10226.295108053
Angle 60,17251.4590946293,10207.3979174468
Angle 60,17273.7328536995,10188.4106846498
Angle 60,17295.9971987642,10169.333476808
Angle 60,17318.2520993083,10150.1663615051
Angle 60,17340.4975246373,10130.9094067663
Angle 60,17362.7334438764,10111.5626810607
Angle 60,17384.9598259708,10092.126253304
Angle 60,17407.1766396847,10072.6001928621
Angle 60,17429.3838536016,10052.9845695534
Angle 60,17451.5814361237,10033.2794536519
Angle 60,17473.7693554714,10013.4849158905
Angle 60,17495.9475796834,9993.60102746328
Angle 60,17518.1160766161,9973.62786002902
Angle 60,17540.2748139432,9953.56548571393
Angle 60,17562.4237591557,9933.4139771147
Angle 60,17584.5628795612,9913.17340730151
Angle 60,17606.6921422839,9892.84384982098
Angle 60,17628.811514264,9872.42537869925
Angle 60,17650.9209622573,9851.918068445
Angle 60,17673.0204528354,9831.32199405246
Angle 60,17695.1099523847,9810.6372310045
Angle 60,17717.1894271065,9789.8638552757
Angle 60,17739.2588430164,9769.00194333538
Angle 60,17761.3181659442,9748.05157215075
Angle 60,17783.3673615331,9727.01281918998
Angle 60,17805.4063952401,9705.88576242529
Angle 60,17827.435232335,9684.67048033614
Angle 60,17849.4538379002,9663.3670519123
Angle 60,17871.4621768306,9641.97555665702
Angle 60,17893.4602138329,9620.49607459019
Angle 60,17915.4479134255,9598.92868625153
Angle 60,17937.4252399382,9577.27347270374
Angle 60,17959.3921575113,9555.53051553569
Angle 60,17981.3486300962,9533.69989686566
Angle 60,18003.294621454,9511.78169934454
Angle 60,18025.230095156,9489.77600615904
Angle 60,18047.1550145827,9467.68290103497
Angle 60,18069.0693429239,9445.50246824043
Angle 60,18090.9730431781,9423.23479258914
Angle 60,18112.8660781523,9400.87995944367
Angle 60,18134.7484104613,9378.43805471875
Angle 60,18156.6200025278,9355.90916488455
Angle 60,18178.4808165817,9333.29337696999
Angle 60,18200.33081466,9310.59077856609
Angle 60,18222.1699586061,9287.80145782925
Angle 60,18243.9982100698,9264.92550348465
Angle 60,18265.8155305066,9241.96300482956
Angle 60,18287.6218811776,9218.91405173673
Angle 60,18309.4172231491,9195.77873465777
Angle 60,18331.2015172921,9172.55714462653
Angle 60,18352.9747242821,9149.24937326248
Angle 60,18374.7368045986,9125.85551277416
Angle 60,18396.4877185247,9102.37565596261
Angle 60,18418.227426147,9078.80989622473
Angle 60,18439.9558873551,9055.15832755682
Angle 60,18461.673061841,9031.42104455798
Angle 60,18483.3789090991,9007.59814243357
Angle 60,18505.0733884259,8983.68971699873
Angle 60,18526.756458919,8959.69586468184
Angle 60,18548.4280794776,8935.61668252803
Angle 60,18570.0882088014,8911.45226820269
Angle 60,18591.7368053909,8887.20271999498
Angle 60,18613.3738275464,8862.86813682139
Angle 60,18634.9992333682,8838.44861822926
Angle 60,18656.612980756,8813.94426440033
Angle 60,18678.2150274085,8789.35517615431
Angle 60,18699.8053308232,8764.68145495249
Angle 60,18721.3838482958,8739.92320290126
Angle 60,18742.9505369202,8715.08052275574
Angle 60,18764.5053535879,8690.15351792342
Angle 60,18786.048254988,8665.14229246768
Angle 60,18807.5791976062,8640.04695111153
Angle 60,18829.0981377252,8614.86759924115
Angle 60,18850.6050314239,8589.60434290959
Angle 60,18872.0998345772,8564.2572888404
Angle 60,18893.5825028557,8538.82654443131
Angle 60,18915.0529917254,8513.3122177579
Angle 60,18936.5112564472,8487.71441757724
Angle 60,18957.957252077,8462.03325333167
Angle 60,18979.3909334646,8436.26883515242
Angle 60,19000.8122552542,8410.42127386336
Angle 60,19022.2211718837,8384.4906809847
Angle 60,19043.6176375845,8358.47716873674
Angle 60,19065.0016063809,8332.38085004358
Angle 60,19086.3730320902,8306.20183853688
Angle 60,19107.7318683223,8279.94024855961
Angle 60,19129.0780684791,8253.59619516983
Angle 60,19150.4115857546,8227.16979414439
Angle 60,19171.7323731343,8200.66116198281
Angle 60,19193.0403833953,8174.07041591098
Angle 60,19214.3355691055,8147.39767388499
Angle 60,19235.6178826237,8120.6430545949
Angle 60,19256.8872760994,8093.80667746861
Angle 60,19278.1437014719,8066.8886626756
Angle 60,19299.3871104709,8039.88913113079
Angle 60,19320.6174546156,8012.80820449835
Angle 60,19341.8346852148,7985.64600519555
Angle 60,19363.0387533664,7958.40265639659
Angle 60,19384.2296099572,7931.07828203645
Angle 60,19405.4072056629,7903.67300681473
Angle 60,19426.5714909475,7876.18695619952
Angle 60,19447.7224160633,7848.62025643126
Angle 60,19468.8599310507,7820.9730345266
Angle 60,19489.9839857378,7793.24541828229
Angle 60,19511.0945297403,7765.43753627903
Angle 60,19532.1915124613,7737.5495178854
Angle 60,19553.274883091,7709.58149326168
Angle 60,19574.3445906065,7681.5335933638
Angle 60,19595.4005837718,7653.40594994722
Angle 60,19616.4428111375,7625.1986955708
Angle 60,19637.4712210404,7596.91196360075
Angle 60,19658.4857616038,7568.54588821448
Angle 60,19679.4863807368,7540.10060440455
Angle 60,19700.4730261345,7511.57624798259
Angle 60,19721.4456452778,7482.97295558315
Angle 60,19742.4041854331,7454.29086466768
Angle 60,19763.3485936523,7425.53011352844
Angle 60,19784.2788167725,7396.69084129237
Angle 60,19805.1948014163,7367.77318792507
Angle 60,19826.096493991,7338.77729423467
Angle 60,19846.983840689,7309.70330187579
Angle 60,19867.8567874878,7280.55135335345
Angle 60,19888.7152801493,7251.32159202698
Angle 60,19909.5592642202,7222.01416211397
Angle 60,19930.388685032,7192.62920869414
Angle 60,19951.2034877005,7163.16687771333
Angle 60,19972.0036171259,7133.62731598737
Angle 60,19992.7890179932,7104.010671206
Angle 60,20013.5596347714,7074.31709193681
Angle 60,20034.3154117139,7044.54672762913
Angle 60,20055.0562928586,7014.69972861797
Angle 60,20075.7822220275,6984.7762461279
Angle 60,20096.493142827,6954.77643227695
Angle 60,20117.1889986476,6924.70044008056
Angle 60,20137.8697326645,6894.54842345541
Angle 60,20158.5352878368,6864.32053722337
Angle 60,20179.1856069081,6834.01693711535
Angle 60,20199.8206324066,6803.63777977522
Angle 60,20220.4403066446,6773.18322276364
Angle 60,20241.0445717192,6742.65342456197
Angle 60,20261.6333695119,6712.04854457612
Angle 60,20282.2066416891,6681.36874314041
Angle 60,20302.7643297016,6650.61418152144
Angle 60,20323.3063747855,6619.78502192188
Angle 60,20343.8327179615,6588.88142748436
Angle 60,20364.3433000358,6557.90356229529
Angle 60,20384.8380615997,6526.85159138865
Angle 60,20405.3169430297,6495.72568074981
Angle 60,20425.7798844883,6464.52599731935
Angle 60,20446.2268259235,6433.25270899682
Angle 60,20466.6577070692,6401.90598464455
Angle 60,20487.0724674458,6370.48599409135
Angle 60,20507.4710463596,6338.99290813637
Angle 60,20527.8533829039,6307.42689855275
Angle 60,20548.2194159587,6275.78813809139
Angle 60,20568.569084191,6244.07680048466
Angle 60,20588.9023260553,6212.29306045011
Angle 60,20609.2190797937,6180.43709369415
Angle 60,20629.5192834362,6148.50907691572
Angle 60,20649.8028748012,6116.50918780998
Angle 60,20670.0697914956,6084.4376050719
Angle 60,20690.319970915,6052.29450839993
Angle 60,20710.5533502447,6020.08007849961
Angle 60,20730.7698664593,5987.79449708712
Angle 60,20750.9694563236,5955.43794689292
Angle 60,20771.1520563926,5923.01061166523
Angle 60,20791.3176030124,5890.51267617363
Angle 60,20811.4660323201,5857.94432621257
Angle 60,20831.5972802448,5825.30574860482
Angle 60,20851.7112825074,5792.597131205
Angle 60,20871.8079746218,5759.818662903
Angle 60,20891.8872918947,5726.97053362743
Angle 60,20911.9491694267,5694.05293434904
Angle 60,20931.9935421124,5661.06605708409
Angle 60,20952.0203446412,5628.01009489769
Angle 60,20972.0295114976,5594.8852419072
Angle 60,20992.020976962,5561.69169328549
Angle 60,21011.9946751115,5528.42964526425
Angle 60,21031.9505398198,5495.09929513726
Angle 60,21051.8885047586,5461.7008412636
Angle 60,21071.8085033976,5428.23448307088
Angle 60,21091.7104690059,5394.70042105839
Angle 60,21111.5943346518,5361.09885680029
Angle 60,21131.4600332043,5327.42999294869
Angle 60,21151.3074973332,5293.69403323675
Angle 60,21171.1366595104,5259.89118248178
Angle 60,21190.9474520101,5226.02164658819
Angle 60,21210.7398069101,5192.08563255054
Angle 60,21230.5136560921,5158.08334845647
Angle 60,21250.2689312429,5124.01500348967
Angle 60,21270.0055638551,5089.88080793271
Angle 60,21289.7234852279,5055.68097316995
Angle 60,21309.4226264679,5021.41571169032
Angle 60,21329.1029184903,4987.08523709014
Angle 60,21348.7642920197,4952.68976407584
Angle 60,21368.4066775906,4918.22950846666
Angle 60,21388.0300055492,4883.70468719736
Angle 60,21407.6342060535,4849.11551832081
Angle 60,21427.2192090749,4814.46222101057
Angle 60,21446.784944399,4779.74501556349
Angle 60,21466.3313416267,4744.96412340215
Angle 60,21485.8583301751,4710.11976707738
Angle 60,21505.3658392789,4675.2121702706
Angle 60,21524.8537979912,4640.24155779629
Angle 60,21544.3221351847,4605.20815560424
Angle 60,21563.7707795532,4570.11219078186
Angle 60,21583.1996596122,4534.95389155642
Angle 60,21602.6087037004,4499.73348729722
Angle 60,21621.9978399812,4464.45120851773
Angle 60,21641.3669964433,4429.1072868777
Angle 60,21660.7161009025,4393.70195518515
Angle 60,21680.0450810029,4358.23544739842
Angle 60,21699.353864218,4322.70799862805
Angle 60,21718.6423778522,4287.11984513868
Angle 60,21737.9105490422,4251.47122435087
Angle 60,21757.1583047584,4215.76237484291
Angle 60,21776.3855718061,4179.99353635248
Angle 60,21795.5922768271,4144.16494977834
Angle 60,21814.7783463013,4108.27685718195
Angle 60,21833.943706548,4072.32950178898
Angle 60,21853.0882837273,4036.32312799081
Angle 60,21872.2120038421,4000.25798134598
Angle 60,21891.314792739,3964.13430858152
Angle 60,21910.3965761105,3927.95235759426
Angle 60,21929.4572794964,3891.7123774521
Angle 60,21948.4968282853,3855.41461839516
Angle 60,21967.5151477165,3819.0593318369
Angle 60,21986.5121628814,3782.64677036516
Angle 60,22005.4877987255,3746.17718774317
Angle 60,22024.4419800503,3709.65083891042
Angle 60,22043.3746315144,3673.06797998355
Angle 60,22062.285677636,3636.42886825711
Angle 60,22081.1750427946,3599.73376220425
Angle 60,22100.0426512323,3562.98292147739
Angle 60,22118.8884270565,3526.17660690875
Angle 60,22137.7122942414,3489.31508051087
Angle 60,22156.5141766296,3452.39860547702
Angle 60,22175.2939979349,3415.42744618153
Angle 60,22194.0516817436,3378.40186818009
Angle 60,22212.7871515167,3341.32213820989
Angle 60,22231.5003305922,3304.1885241898
Angle 60,22250.1911421868,3267.00129522033
Angle 60,22268.8595093984,3229.76072158368
Angle 60,22287.5053552078,3192.46707474351
Angle 60,22306.1286024814,3155.12062734482
Angle 60,22324.7291739728,3117.72165321364
Angle 60,22343.3069923255,3080.27042735662
Angle 60,22361.861980075,3042.76722596064
Angle 60,22380.3940596511,3005.21232639221
Angle 60,22398.90315338,2967.60600719689
Angle 60,22417.389183487,2929.94854809856
Angle 60,22435.8520720987,2892.24022999861
Angle 60,22454.2917412452,2854.48133497508
Angle 60,22472.7081128629,2816.67214628164
Angle 60,22491.1011087968,2778.81294834656
Angle 60,22509.470650803,2740.90402677154
Angle 60,22527.816660551,2702.94566833044
Angle 60,22546.1390596266,2664.93816096795
Angle 60,22564.4377695344,2626.88179379812
Angle 60,22582.7127117003,2588.77685710289
Angle 60,22600.963807474,2550.62364233038
Angle 60,22619.1909781321,2512.42244209321
Angle 60,22637.3941448804,2474.17355016665
Angle 60,22655.573228857,2435.87726148669
Angle 60,22673.7281511345,2397.53387214806
Angle 60,22691.8588327235,2359.14367940201
Angle 60,22709.9651945748,2320.70698165418
Angle 60,22728.0471575827,2282.22407846222
Angle 60,22746.1046425876,2243.69527053333
Angle 60,22764.137570379,2205.12085972178
Angle 60,22782.1458616986,2166.50114902621
Angle 60,22800.129437243,2127.83644258692
Angle 60,22818.0882176668,2089.12704568298
Angle 60,22836.0221235859,2050.3732647293
Angle 60,22853.9310755801,2011.57540727351
Angle 60,22871.8149941966,1972.7337819928
Angle 60,22889.6737999529,1933.84869869064
Angle 60,22907.5074133401,1894.92046829335
Angle 60,22925.3157548258,1855.94940284657
Angle 60,22943.0987448579,1816.93581551169
Angle 60,22960.8563038671,1777.88002056202
Angle 60,22978.5883522708,1738.782333379
Angle 60,22996.2948104762,1699.6430704482
Angle 60,23013.9755988833,1660.4625493552
Angle 60,23031.630637889,1621.24108878145
Angle 60,23049.2598478899,1581.97900849987
Angle 60,23066.8631492857,1542.67662937048
Angle 60,23084.4404624833,1503.33427333577
Angle 60,23101.9917078994,1463.95226341606
Angle 60,23119.5168059648,1424.53092370468
Angle 60,23137.0156771275,1385.07057936305
Angle 60,23154.4882418564,1345.57155661564
Angle 60,23171.9344206451,1306.0341827448
Angle 60,23189.354134015,1266.45878608544
Angle 60,23206.7473025196,1226.84569601968
Angle 60,23224.1138467477,1187.19524297123
Angle 60,23241.4536873276,1147.50775839978
Angle 60,23258.7667449304,1107.78357479519
Angle 60,23276.0529402738,1068.02302567157
Angle 60,23293.3121941265,1028.22644556125
Angle 60,23310.5444273111,988.394170008591
Angle 60,23327.749560709,948.526535563688
Angle 60,23344.9275152634,908.623879775953
Angle 60,23362.0782119836,868.686541187546
Angle 60,23379.2015719491,828.714859326691
Angle 60,23396.2975163134,788.709174700863
Angle 60,23413.3659663078,748.669828789834
Angle 60,23430.4068432459,708.597164038597
Angle 60,23447.4200685271,668.491523850157
Angle 60,23464.4055636413,628.353252578189
Angle 60,23481.3632501725,588.18269551956
Angle 60,23498.2930498031,547.980198906728
Angle 60,23515.194884318,507.746109900001
Angle 60,23532.0686756092,467.48077657966
Angle 60,23548.9143456791,427.184547937959
Angle 60,23565.7318166459,386.857773870982
Angle 60,23582.5210107469,346.500805170368
Angle 60,23599.2818503431,306.113993514904
Angle 60,23616.0142579237,265.697691461982
Angle 60,23632.7181561102,225.252252438923
Angle 60,23649.3934676608,184.778030734161
Angle 60,23666.0401154749,144.275381488295
Angle 60,23682.6580225973,103.744660685013
Angle 60,23699.2471122227,63.186225141866
Angle 60,23715.8073077002,22.6004325009174
Angle 60,23725.0066958561,0
Angle 61,0,0
Angle 61,33.8416507316753,60.9539540371584
Angle 61,67.5894996694598,121.640956793578
Angle 61,101.244744719894,182.063434792309
Angle 61,134.808561383974,242.223768104093
Angle 61,168.282103318361,302.124291515581
Angle 61,201.666502878908,361.767295660729
Angle 61,234.962871647176,421.155028116767
Angle 61,268.172300940578,480.289694466074
Angle 61,301.295862306768,539.173459325236
Angle 61,334.334608002851,597.808447342509
Angle 61,367.289571459987,656.196744164846
Angle 61,400.161767733916,714.340397375621
Angle 61,432.952193941918,772.241417404096
Angle 61,465.661829686705,829.901778407677
Angle 61,498.291637467713,887.323419127925
Angle 61,530.842563080236,944.508243721265
Angle 61,563.315536002853,1001.45812256529
Angle 61,595.711469773543,1058.17489304154
Angle 61,628.031262354894,1114.66036029553
Angle 61,660.275796488789,1170.91629797493
Angle 61,692.445940040931,1226.94444894648
Angle 61,724.542546335548,1282.7465259926
Angle 61,756.56645448064,1338.32421248815
Angle 61,788.51848968406,1393.67916305823
Angle 61,820.399463560758,1448.81300421749
Angle 61,852.210174431488,1503.72733499174
Angle 61,883.951407613244,1558.42372752226
Angle 61,915.623935701727,1612.90372765356
Angle 61,947.228518846081,1667.16885550505
Angle 61,978.765905016176,1721.22060602715
Angle 61,1010.23683026266,1775.06044954241
Angle 61,1041.64201897003,1828.689832272
Angle 61,1072.98218410295,1882.1101768482
Angle 61,1104.25802744601,1935.32288281326
Angle 61,1135.47023983717,1988.32932710503
Angle 61,1166.61950139505,2041.13086452986
Angle 61,1197.70648174032,2093.72882822311
Angle 61,1228.73184021129,2146.12453009772
Angle 61,1259.69622607399,2198.31926128115
Angle 61,1290.60027872677,2250.31429254108
Angle 61,1321.44462789974,2302.11087470027
Angle 61,1352.22989384915,2353.71023904075
Angle 61,1382.95668754675,2405.11359769795
Angle 61,1413.62561086451,2456.32214404472
Angle 61,1444.23725675469,2507.33705306586
Angle 61,1474.79220942531,2558.15948172331
Angle 61,1505.29104451149,2608.79056931219
Angle 61,1535.73432924235,2659.23143780819
Angle 61,1566.12262260399,2709.48319220636
Angle 61,1596.45647549839,2759.54692085164
Angle 61,1626.73643089852,2809.42369576138
Angle 61,1656.96302399964,2859.11457294008
Angle 61,1687.13678236708,2908.62059268653
Angle 61,1717.25822608034,2957.94277989361
Angle 61,1747.3278678739,3007.08214434103
Angle 61,1777.34621327463,3056.03968098099
Angle 61,1807.31376073595,3104.81637021726
Angle 61,1837.23100176895,3153.41317817765
Angle 61,1867.0984210703,3201.8310569801
Angle 61,1896.91649664734,3250.0709449926
Angle 61,1926.68569994021,3298.1337670872
Angle 61,1956.40649594114,3346.02043488802
Angle 61,1986.07934331115,3393.73184701369
Angle 61,2015.70469449392,3441.26888931426
Angle 61,2045.28299582722,3488.63243510273
Angle 61,2074.81468765177,3535.82334538128
Angle 61,2104.30020441764,3582.84246906259
Angle 61,2133.73997478836,3629.69064318602
Angle 61,2163.1344217426,3676.36869312912
Angle 61,2192.48396267372,3722.87743281443
Angle 61,2221.78900948701,3769.21766491161
Angle 61,2251.04996869492,3815.39018103534
Angle 61,2280.26724151013,3861.39576193868
Angle 61,2309.44122393661,3907.2351777024
Angle 61,2338.57230685875,3952.90918792009
Angle 61,2367.66087612857,3998.41854187937
Angle 61,2396.70731265097,4043.76397873914
Angle 61,2425.71199246732,4088.9462277031
Angle 61,2454.67528683714,4133.96600818954
Angle 61,2483.59756231811,4178.82402999755
Angle 61,2512.47918084441,4223.52099346978
Angle 61,2541.3204998034,4268.05758965167
Angle 61,2570.12187211069,4312.43450044745
Angle 61,2598.88364628365,4356.65239877286
Angle 61,2627.60616651346,4400.71194870471
Angle 61,2656.2897727356,4444.61380562737
Angle 61,2684.93480069891,4488.35861637619
Angle 61,2713.5415820333,4531.94701937808
Angle 61,2742.11044431601,4575.37964478919
Angle 61,2770.64171113658,4618.65711462972
Angle 61,2799.13570216048,4661.78004291615
Angle 61,2827.59273319146,4704.74903579071
Angle 61,2856.01311623271,4747.56469164827
Angle 61,2884.39715954672,4790.22760126075
Angle 61,2912.74516771402,4832.73834789898
Angle 61,2941.05744169073,4875.09750745224
Angle 61,2969.33427886499,4917.30564854537
Angle 61,2997.57597311227,4959.36333265361
Angle 61,3025.78281484962,5001.2711142152
Angle 61,3053.95509108885,5043.0295407418
Angle 61,3082.09308548873,5084.63915292673
Angle 61,3110.19707840608,5126.10048475119
Angle 61,3138.267346946,5167.41406358833
Angle 61,3166.30416501106,5208.58041030544
Angle 61,3194.3078033496,5249.60003936411
Angle 61,3222.27852960306,5290.47345891854
Angle 61,3250.2166083525,5331.20117091195
Angle 61,3278.12230116414,5371.78367117119
Angle 61,3305.99586663415,5412.22144949957
Angle 61,3333.83756043253,5452.51498976796
Angle 61,3361.6476353462,5492.66477000417
Angle 61,3389.42634132132,5532.67126248071
Angle 61,3417.17392550476,5572.53493380087
Angle 61,3444.8906322849,5612.25624498327
Angle 61,3472.57670333157,5651.83565154483
Angle 61,3500.23237763539,5691.27360358222
Angle 61,3527.85789154629,5730.57054585185
Angle 61,3555.45347881139,5769.72691784834
Angle 61,3583.01937061215,5808.74315388167
Angle 61,3610.55579560092,5847.6196831529
Angle 61,3638.06297993678,5886.35692982846
Angle 61,3665.54114732074,5924.95531311323
Angle 61,3692.99051903038,5963.41524732222
Angle 61,3720.41131395376,6001.73714195104
Angle 61,3747.80374862288,6039.9214017451
Angle 61,3775.16803724639,6077.96842676758
Angle 61,3802.50439174189,6115.87861246621
Angle 61,3829.81302176751,6153.6523497389
Angle 61,3857.09413475308,6191.2900249982
Angle 61,3884.34793593064,6228.79202023467
Angle 61,3911.57462836454,6266.15871307911
Angle 61,3938.77441298091,6303.39047686375
Angle 61,3965.9474885967,6340.4876806824
Angle 61,3993.09405194817,6377.4506894495
Angle 61,4020.21429771899,6414.27986395825
Angle 61,4047.30841856773,6450.97556093767
Angle 61,4074.37660515497,6487.53813310879
Angle 61,4101.41904616997,6523.96792923977
Angle 61,4128.43592835681,6560.26529420019
Angle 61,4155.42743654018,6596.43056901436
Angle 61,4182.39375365066,6632.46409091382
Angle 61,4209.33506074965,6668.36619338885
Angle 61,4236.25153705385,6704.13720623925
Angle 61,4263.14335995935,6739.77745562417
Angle 61,4290.01070506527,6775.2872641112
Angle 61,4316.85374619712,6810.66695072458
Angle 61,4343.67265542968,6845.9168309927
Angle 61,4370.46760310954,6881.03721699472
Angle 61,4397.2387578773,6916.02841740658
Angle 61,4423.98628668937,6950.89073754606
Angle 61,4450.71035483942,6985.62447941735
Angle 61,4477.41112597953,7020.22994175465
Angle 61,4504.08876214096,7054.7074200653
Angle 61,4530.74342375458,7089.05720667204
Angle 61,4557.37526967101,7123.27959075472
Angle 61,4583.98445718044,7157.37485839126
Angle 61,4610.57114203207,7191.34329259799
Angle 61,4637.13547845333,7225.18517336939
Angle 61,4663.67761916876,7258.90077771715
Angle 61,4690.19771541857,7292.49037970863
Angle 61,4716.69591697694,7325.9542505047
Angle 61,4743.17237217005,7359.29265839708
Angle 61,4769.62722789376,7392.50586884496
Angle 61,4796.06062963113,7425.59414451114
Angle 61,4822.47272146952,7458.55774529762
Angle 61,4848.86364611758,7491.39692838056
Angle 61,4875.23354492187,7524.11194824482
Angle 61,4901.58255788328,7556.70305671783
Angle 61,4927.91082367316,7589.17050300308
Angle 61,4954.21847964924,7621.51453371301
Angle 61,4980.50566187131,7653.73539290142
Angle 61,5006.77250511661,7685.8333220954
Angle 61,5033.01914289508,7717.8085603268
Angle 61,5059.24570746427,7749.66134416315
Angle 61,5085.45232984411,7781.39190773821
Angle 61,5111.63913983142,7813.000482782
Angle 61,5137.80626601423,7844.48729865038
Angle 61,5163.95383578586,7875.85258235426
Angle 61,5190.0819753588,7907.09655858827
Angle 61,5216.19080977839,7938.21944975913
Angle 61,5242.28046293629,7969.22147601344
Angle 61,5268.35105758378,8000.10285526525
Angle 61,5294.4027153448,8030.86380322309
Angle 61,5320.43555672889,8061.50453341663
Angle 61,5346.44970114384,8092.02525722299
Angle 61,5372.44526690825,8122.42618389265
Angle 61,5398.42237126384,8152.70752057497
Angle 61,5424.38113038761,8182.86947234336
Angle 61,5450.32165940385,8212.91224222005
Angle 61,5476.2440723959,8242.83603120057
Angle 61,5502.14848241783,8272.64103827784
Angle 61,5528.03500150588,8302.32746046588
Angle 61,5553.9037406898,8331.89549282327
Angle 61,5579.75481000398,8361.34532847618
Angle 61,5605.58831849843,8390.67715864118
Angle 61,5631.40437424963,8419.89117264759
Angle 61,5657.2030843712,8448.98755795969
Angle 61,5682.98455502443,8477.96650019842
Angle 61,5708.74889142866,8506.82818316298
Angle 61,5734.49619787152,8535.57278885195
Angle 61,5760.22657771901,8564.20049748423
Angle 61,5785.94013342546,8592.71148751963
Angle 61,5811.63696654334,8621.10593567925
Angle 61,5837.31717773294,8649.38401696544
Angle 61,5862.98086677187,8677.54590468166
Angle 61,5888.62813256455,8705.59177045191
Angle 61,5914.2590731514,8733.52178424002
Angle 61,5939.87378571806,8761.33611436855
Angle 61,5965.47236660437,8789.03492753758
Angle 61,5991.05491131329,8816.6183888431
Angle 61,6016.62151451968,8844.08666179527
Angle 61,6042.17227007896,8871.43990833635
Angle 61,6067.70727103564,8898.67828885841
Angle 61,6093.22660963176,8925.80196222085
Angle 61,6118.73037731518,8952.81108576761
Angle 61,6144.2186647478,8979.70581534422
Angle 61,6169.69156181366,9006.48630531456
Angle 61,6195.14915762686,9033.15270857744
Angle 61,6220.59154053949,9059.70517658295
Angle 61,6246.01879814939,9086.1438593486
Angle 61,6271.43101730778,9112.46890547522
Angle 61,6296.82828412683,9138.68046216267
Angle 61,6322.21068398715,9164.77867522537
Angle 61,6347.57830154509,9190.76368910758
Angle 61,6372.93122074006,9216.6356468985
Angle 61,6398.26952480168,9242.39469034719
Angle 61,6423.59329625681,9268.04095987727
Angle 61,6448.90261693657,9293.57459460145
Angle 61,6474.19756798323,9318.99573233586
Angle 61,6499.47822985695,9344.30450961421
Angle 61,6524.74468234256,9369.50106170174
Angle 61,6549.99700455612,9394.58552260904
Angle 61,6575.23527495146,9419.55802510563
Angle 61,6600.45957132664,9444.41870073343
Angle 61,6625.66997083032,9469.16767982003
Angle 61,6650.866549968,9493.80509149175
Angle 61,6676.04938460825,9518.33106368666
Angle 61,6701.21854998881,9542.74572316725
Angle 61,6726.37412072264,9567.04919553315
Angle 61,6751.51617080387,9591.24160523351
Angle 61,6776.64477361368,9615.32307557935
Angle 61,6801.76000192611,9639.29372875566
Angle 61,6826.86192791378,9663.15368583344
Angle 61,6851.95062315358,9686.90306678155
Angle 61,6877.02615863221,9710.54199047837
Angle 61,6902.08860475174,9734.0705747234
Angle 61,6927.13803133501,9757.48893624866
Angle 61,6952.17450763104,9780.79719072997
Angle 61,6977.19810232029,9803.99545279808
Angle 61,7002.20888351997,9827.0838360497
Angle 61,7027.20691878912,9850.06245305834
Angle 61,7052.19227513379,9872.93141538506
Angle 61,7077.16501901206,9895.69083358909
Angle 61,7102.12521633897,9918.34081723828
Angle 61,7127.07293249151,9940.8814749195
Angle 61,7152.00823231341,9963.31291424883
Angle 61,7176.93118011996,9985.6352418817
Angle 61,7201.84183970275,10007.8485635229
Angle 61,7226.74027433429,10029.9529839362
Angle 61,7251.62654677268,10051.9486069548
Angle 61,7276.50071926613,10073.8355354899
Angle 61,7301.36285355748,10095.6138715412
Angle 61,7326.21301088859,10117.2837162058
Angle 61,7351.05125200479,10138.8451696877
Angle 61,7375.87763715916,10160.2983313068
Angle 61,7400.69222611685,10181.6432995081
Angle 61,7425.49507815926,10202.880171871
Angle 61,7450.2862520882,10224.0090451174
Angle 61,7475.06580623009,10245.0300151213
Angle 61,7499.83379843992,10265.943176917
Angle 61,7524.59028610535,10286.7486247077
Angle 61,7549.3353261506,10307.4464518743
Angle 61,7574.06897504045,10328.0367509833
Angle 61,7598.79128878405,10348.5196137955
Angle 61,7623.50232293874,10368.895131274
Angle 61,7648.20213261385,10389.1633935923
Angle 61,7672.89077247441,10409.3244901423
Angle 61,7697.56829674485,10429.3785095424
Angle 61,7722.23475921258,10449.3255396451
Angle 61,7746.89021323165,10469.1656675447
Angle 61,7771.53471172624,10488.8989795853
Angle 61,7796.16830719418,10508.525561368
Angle 61,7820.79105171044,10528.0454977587
Angle 61,7845.40299693047,10547.4588728951
Angle 61,7870.00419409365,10566.7657701946
Angle 61,7894.59469402657,10585.9662723608
Angle 61,7919.17454714635,10605.0604613916
Angle 61,7943.74380346388,10624.0484185853
Angle 61,7968.30251258701,10642.9302245484
Angle 61,7992.85072372377,10661.7059592019
Angle 61,8017.38848568543,10680.3757017889
Angle 61,8041.91584688967,10698.9395308805
Angle 61,8066.43285536357,10717.3975243834
Angle 61,8090.93955874666,10735.7497595458
Angle 61,8115.43600429391,10753.9963129644
Angle 61,8139.92223887863,10772.1372605909
Angle 61,8164.39830899543,10790.1726777381
Angle 61,8188.86426076304,10808.1026390869
Angle 61,8213.32013992718,10825.9272186916
Angle 61,8237.76599186336,10843.6464899874
Angle 61,8262.20186157963,10861.2605257953
Angle 61,8286.62779371931,10878.7693983293
Angle 61,8311.04383256372,10896.1731792016
Angle 61,8335.4500220348,10913.4719394292
Angle 61,8359.84640569779,10930.6657494394
Angle 61,8384.23302676379,10947.7546790758
Angle 61,8408.60992809235,10964.7387976043
Angle 61,8432.97715219401,10981.6181737184
Angle 61,8457.33474123278,10998.3928755454
Angle 61,8481.68273702864,11015.0629706516
Angle 61,8506.02118105999,11031.6285260482
Angle 61,8530.35011446601,11048.0896081965
Angle 61,8554.66957804913,11064.4462830136
Angle 61,8578.9796122773,11080.6986158779
Angle 61,8603.28025728637,11096.846671634
Angle 61,8627.57155288235,11112.8905145984
Angle 61,8651.85353854372,11128.8302085649
Angle 61,8676.12625342363,11144.6658168091
Angle 61,8700.38973635214,11160.3974020944
Angle 61,8724.64402583837,11176.0250266764
Angle 61,8748.88916007271,11191.5487523085
Angle 61,8773.1251769289,11206.9686402465
Angle 61,8797.35211396617,11222.2847512538
Angle 61,8821.57000843128,11237.4971456061
Angle 61,8845.77889726063,11252.6058830967
Angle 61,8869.97881708222,11267.6110230406
Angle 61,8894.16980421771,11282.51262428
Angle 61,8918.35189468435,11297.3107451886
Angle 61,8942.52512419695,11312.0054436765
Angle 61,8966.68952816983,11326.5967771946
Angle 61,8990.84514171869,11341.0848027395
Angle 61,9014.99199966249,11355.4695768579
Angle 61,9039.13013652533,11369.751155651
Angle 61,9063.25958653828,11383.9295947795
Angle 61,9087.38038364114,11398.0049494671
Angle 61,9111.4925614843,11411.9772745061
Angle 61,9135.59615343047,11425.8466242605
Angle 61,9159.69119255639,11439.6130526715
Angle 61,9183.7777116546,11453.2766132609
Angle 61,9207.85574323512,11466.8373591358
Angle 61,9231.92531952712,11480.2953429927
Angle 61,9255.98647248059,11493.6506171218
Angle 61,9280.03923376794,11506.9032334108
Angle 61,9304.08363478566,11520.0532433495
Angle 61,9328.11970665587,11533.1006980334
Angle 61,9352.14748022794,11546.0456481681
Angle 61,9376.16698607998,11558.8881440731
Angle 61,9400.17825452045,11571.6282356858
Angle 61,9424.1813155896,11584.2659725655
Angle 61,9448.17619906099,11596.8014038973
Angle 61,9472.162934443,11609.234578496
Angle 61,9496.14155098023,11621.5655448098
Angle 61,9520.11207765496,11633.7943509245
Angle 61,9544.07454318859,11645.9210445666
Angle 61,9568.02897604301,11657.9456731079
Angle 61,9591.97540442198,11669.8682835685
Angle 61,9615.91385627251,11681.6889226209
Angle 61,9639.84435928622,11693.4076365936
Angle 61,9663.76694090064,11705.0244714748
Angle 61,9687.68162830053,11716.5394729157
Angle 61,9711.58844841917,11727.9526862346
Angle 61,9735.48742793966,11739.2641564199
Angle 61,9759.37859329615,11750.4739281343
Angle 61,9783.26197067514,11761.5820457175
Angle 61,9807.13758601661,11772.5885531906
Angle 61,9831.00546501533,11783.4934942586
Angle 61,9854.86563312202,11794.2969123146
Angle 61,9878.7181155445,11804.998850443
Angle 61,9902.56293724891,11815.5993514225
Angle 61,9926.40012296082,11826.0984577302
Angle 61,9950.22969716639,11836.4962115442
Angle 61,9974.05168411345,11846.7926547474
Angle 61,9997.86610781267,11856.9878289306
Angle 61,10021.6729920386,11867.0817753959
Angle 61,10045.4723603307,11877.0745351596
Angle 61,10069.2642359945,11886.966148956
Angle 61,10093.0486421027,11896.7566572403
Angle 61,10116.825601496,11906.4461001916
Angle 61,10140.5951367843,11916.0345177164
Angle 61,10164.3572703474,11925.5219494516
Angle 61,10188.1120243366,11934.9084347678
Angle 61,10211.8594206751,11944.194012772
Angle 61,10235.5994810591,11953.3787223111
Angle 61,10259.3322269591,11962.4626019748
Angle 61,10283.0576796202,11971.4456900988
Angle 61,10306.7758600637,11980.3280247676
Angle 61,10330.4867890877,11989.1096438176
Angle 61,10354.1904872677,11997.7905848403
Angle 61,10377.8869749582,12006.3708851849
Angle 61,10401.5762722929,12014.8505819618
Angle 61,10425.258399186,12023.229712045
Angle 61,10448.9333753329,12031.5083120752
Angle 61,10472.601220211,12039.6864184632
Angle 61,10496.2619530806,12047.7640673921
Angle 61,10519.9155929857,12055.7412948204
Angle 61,10543.5621587548,12063.6181364851
Angle 61,10567.2016690018,12071.3946279046
Angle 61,10590.8341421266,12079.070804381
Angle 61,10614.4595963161,12086.6467010034
Angle 61,10638.0780495448,12094.1223526508
Angle 61,10661.6895195754,12101.4977939945
Angle 61,10685.2940239602,12108.773059501
Angle 61,10708.8915800409,12115.9481834351
Angle 61,10732.4822049502,12123.0231998623
Angle 61,10756.065915612,12129.9981426514
Angle 61,10779.6427287421,12136.873045478
Angle 61,10803.2126608494,12143.6479418262
Angle 61,10826.7757282358,12150.3228649922
Angle 61,10850.3319469976,12156.8978480863
Angle 61,10873.8813330257,12163.3729240362
Angle 61,10897.4239020067,12169.7481255891
Angle 61,10920.9596694231,12176.0234853147
Angle 61,10944.4886505541,12182.1990356078
Angle 61,10968.0108604763,12188.274808691
Angle 61,10991.5263140645,12194.250836617
Angle 61,11015.0350259918,12200.1271512716
Angle 61,11038.5370107308,12205.9037843763
Angle 61,11062.0322825538,12211.5807674903
Angle 61,11085.5208555335,12217.158132014
Angle 61,11109.0027435437,12222.6359091909
Angle 61,11132.4779602597,12228.0141301103
Angle 61,11155.946519159,12233.2928257101
Angle 61,11179.4084335218,12238.472026779
Angle 61,11202.8637164317,12243.5517639594
Angle 61,11226.312380776,12248.5320677495
Angle 61,11249.7544392464,12253.4129685062
Angle 61,11273.1899043394,12258.1944964475
Angle 61,11296.6187883571,12262.8766816548
Angle 61,11320.0411034076,12267.4595540756
Angle 61,11343.4568614052,12271.9431435261
Angle 61,11366.8660740714,12276.3274796932
Angle 61,11390.2687529351,12280.6125921376
Angle 61,11413.6649093331,12284.7985102956
Angle 61,11437.0545544109,12288.8852634822
Angle 61,11460.4376991225,12292.8728808931
Angle 61,11483.8143542319,12296.7613916072
Angle 61,11507.1845303124,12300.5508245891
Angle 61,11530.5482377481,12304.2412086916
Angle 61,11553.9054867336,12307.832572658
Angle 61,11577.256287275,12311.3249451246
Angle 61,11600.60064919,12314.7183546227
Angle 61,11623.9385821083,12318.0128295818
Angle 61,11647.2700954726,12321.2083983313
Angle 61,11670.5951985381,12324.305089103
Angle 61,11693.9139003739,12327.3029300336
Angle 61,11717.2262098627,12330.2019491673
Angle 61,11740.5321357015,12333.0021744575
Angle 61,11763.8316864021,12335.7036337699
Angle 61,11787.1248702913,12338.3063548843
Angle 61,11810.4116955116,12340.8103654971
Angle 61,11833.692170021,12343.215693224
Angle 61,11856.9663015942,12345.5223656016
Angle 61,11880.2340978224,12347.7304100905
Angle 61,11903.4955661137,12349.8398540771
Angle 61,11926.750713694,12351.850724876
Angle 61,11949.9995476068,12353.7630497326
Angle 61,11973.2420747137,12355.5768558251
Angle 61,11996.478301695,12357.2921702668
Angle 61,12019.7082350498,12358.9090201086
Angle 61,12042.9318810967,12360.4274323411
Angle 61,12066.1492459735,12361.8474338972
Angle 61,12089.3603356385,12363.1690516539
Angle 61,12112.5651558699,12364.3923124349
Angle 61,12135.7637122667,12365.5172430128
Angle 61,12158.956010249,12366.5438701115
Angle 61,12182.1420550581,12367.472220408
Angle 61,12205.3218517571,12368.3023205352
Angle 61,12228.495405231,12369.0341970841
Angle 61,12251.6627201871,12369.6678766056
Angle 61,12274.8238011555,12370.2033856131
Angle 61,12297.9786524891,12370.6407505848
Angle 61,12321.1272783641,12370.9799979657
Angle 61,12344.2696827805,12371.22115417
Angle 61,12367.4058695619,12371.3642455832
Angle 61,12390.5358423564,12371.4092985645
Angle 61,12413.6596046364,12371.3563394488
Angle 61,12436.7771596992,12371.2053945492
Angle 61,12459.8885106671,12370.9564901589
Angle 61,12482.993660488,12370.6096525536
Angle 61,12506.0926119354,12370.1649079938
Angle 61,12529.1853676088,12369.6222827268
Angle 61,12552.2719299338,12368.9818029887
Angle 61,12575.3523011628,12368.2434950074
Angle 61,12598.426483375,12367.4073850039
Angle 61,12621.4944784765,12366.4734991949
Angle 61,12644.556288201,12365.4418637949
Angle 61,12667.6119141098,12364.3125050187
Angle 61,12690.661357592,12363.085449083
Angle 61,12713.7046198651,12361.760722209
Angle 61,12736.741701975,12360.3383506245
Angle 61,12759.7726047962,12358.8183605659
Angle 61,12782.7973290323,12357.2007782806
Angle 61,12805.8158752161,12355.4856300292
Angle 61,12828.8282437098,12353.6729420871
Angle 61,12851.8344347057,12351.7627407476
Angle 61,12874.8344482256,12349.7550523232
Angle 61,12897.8282841218,12347.6499031481
Angle 61,12920.8159420772,12345.4473195807
Angle 61,12943.7974216052,12343.1473280049
Angle 61,12966.7727220504,12340.7499548331
Angle 61,12989.7418425883,12338.2552265079
Angle 61,13012.7047822262,12335.6631695042
Angle 61,13035.6615398028,12332.9738103317
Angle 61,13058.6121139888,12330.1871755368
Angle 61,13081.5565032873,12327.3032917044
Angle 61,13104.4947060333,12324.3221854607
Angle 61,13127.4267203947,12321.243883475
Angle 61,13150.3525443721,12318.0684124617
Angle 61,13173.2721757994,12314.7957991827
Angle 61,13196.1856123433,12311.4260704491
Angle 61,13219.0928515043,12307.959253124
Angle 61,13241.9938906165,12304.395374124
Angle 61,13264.8887268479,12300.7344604214
Angle 61,13287.7773572006,12296.9765390469
Angle 61,13310.659778511,12293.1216370908
Angle 61,13333.5359874499,12289.169781706
Angle 61,13356.4059805232,12285.1210001092
Angle 61,13379.2697540713,12280.9753195841
Angle 61,13402.1273042698,12276.7327674824
Angle 61,13424.9786271299,12272.3933712268
Angle 61,13447.8237184979,12267.9571583123
Angle 61,13470.6625740561,12263.4241563093
Angle 61,13493.4951893225,12258.7943928645
Angle 61,13516.3215596514,12254.0678957042
Angle 61,13539.1416802331,12249.2446926353
Angle 61,13561.9555460944,12244.3248115484
Angle 61,13584.7631520988,12239.308280419
Angle 61,13607.5644929466,12234.1951273104
Angle 61,13630.359563175,12228.9853803751
Angle 61,13653.1483571583,12223.6790678573
Angle 61,13675.9308691083,12218.2762180949
Angle 61,13698.707093074,12212.7768595217
Angle 61,13721.4770229423,12207.1810206692
Angle 61,13744.2406524379,12201.4887301688
Angle 61,13766.9979751231,12195.7000167542
Angle 61,13789.7489843988,12189.8149092631
Angle 61,13812.493673504,12183.8334366394
Angle 61,13835.232035516,12177.7556279353
Angle 61,13857.9640633508,12171.5815123134
Angle 61,13880.6897497631,12165.3111190489
Angle 61,13903.4090873466,12158.9444775315
Angle 61,13926.1220685338,12152.4816172674
Angle 61,13948.8286855966,12145.9225678817
Angle 61,13971.5289306459,12139.2673591203
Angle 61,13994.2227956322,12132.516020852
Angle 61,14016.9102723457,12125.6685830704
Angle 61,14039.591352416,12118.7250758965
Angle 61,14062.2660273128,12111.6855295803
Angle 61,14084.9342883454,12104.5499745029
Angle 61,14107.5961266635,12097.3184411788
Angle 61,14130.2515332568,12089.9909602581
Angle 61,14152.9004989552,12082.5675625282
Angle 61,14175.5430144293,12075.048278916
Angle 61,14198.17907019,12067.4331404903
Angle 61,14220.8086565888,12059.7221784634
Angle 61,14243.4317638181,12051.9154241937
Angle 61,14266.0483819108,12044.0129091872
Angle 61,14288.6585007412,12036.0146651003
Angle 61,14311.2621100242,12027.9207237411
Angle 61,14333.859199316,12019.7311170722
Angle 61,14356.449758014,12011.4458772123
Angle 61,14379.0337753568,12003.0650364386
Angle 61,14401.6112404245,11994.5886271886
Angle 61,14424.1821421385,11986.0166820625
Angle 61,14446.7464692617,11977.3492338253
Angle 61,14469.3042103988,11968.5863154083
Angle 61,14491.855353996,11959.7279599122
Angle 61,14514.3998883414,11950.7742006082
Angle 61,14536.9378015646,11941.7250709409
Angle 61,14559.4690816374,11932.5806045299
Angle 61,14581.9937163732,11923.340835172
Angle 61,14604.5116934276,11914.0057968436
Angle 61,14627.0230002982,11904.5755237023
Angle 61,14649.5276243245,11895.0500500897
Angle 61,14672.0255526883,11885.4294105327
Angle 61,14694.5167724134,11875.7136397462
Angle 61,14717.0012703659,11865.9027726352
Angle 61,14739.4790332541,11855.9968442965
Angle 61,14761.9500476286,11845.9958900213
Angle 61,14784.4142998821,11835.899945297
Angle 61,14806.8717762497,11825.7090458096
Angle 61,14829.322462809,11815.4232274455
Angle 61,14851.7663454797,11805.042526294
Angle 61,14874.203410024,11794.5669786491
Angle 61,14896.6336420463,11783.996621012
Angle 61,14919.0570269936,11773.3314900928
Angle 61,14941.4735501551,11762.571622813
Angle 61,14963.8831966625,11751.7170563076
Angle 61,14986.2859514897,11740.7678279272
Angle 61,15008.6817994531,11729.7239752401
Angle 61,15031.0707252115,11718.5855360345
Angle 61,15053.4527132658,11707.3525483207
Angle 61,15075.8277479595,11696.0250503334
Angle 61,15098.1958134782,11684.6030805335
Angle 61,15120.5568938498,11673.0866776106
Angle 61,15142.9109729444,11661.4758804851
Angle 61,15165.2580344745,11649.7707283104
Angle 61,15187.5980619946,11637.971260475
Angle 61,15209.9310389013,11626.0775166049
Angle 61,15232.2569484334,11614.0895365655
Angle 61,15254.5757736716,11602.007360464
Angle 61,15276.8874975387,11589.8310286515
Angle 61,15299.1921027994,11577.5605817255
Angle 61,15321.4895720602,11565.1960605317
Angle 61,15343.7798877694,11552.7375061666
Angle 61,15366.0630322173,11540.1849599793
Angle 61,15388.3389875355,11527.5384635743
Angle 61,15410.6077356973,11514.7980588132
Angle 61,15432.8692585177,11501.9637878172
Angle 61,15455.1235376529,11489.0356929693
Angle 61,15477.3705546006,11476.0138169169
Angle 61,15499.6102906997,11462.8982025732
Angle 61,15521.8427271302,11449.6888931205
Angle 61,15544.0678449133,11436.3859320116
Angle 61,15566.2856249111,11422.9893629727
Angle 61,15588.4960478266,11409.4992300054
Angle 61,15610.6990942034,11395.9155773888
Angle 61,15632.8947444259,11382.2384496825
Angle 61,15655.0829787191,11368.467891728
Angle 61,15677.2637771481,11354.6039486516
Angle 61,15699.4371196187,11340.6466658666
Angle 61,15721.6029858765,11326.5960890756
Angle 61,15743.7613555074,11312.4522642727
Angle 61,15765.9122079369,11298.215237746
Angle 61,15788.0555224305,11283.88505608
Angle 61,15810.1912780933,11269.4617661577
Angle 61,15832.3194538697,11254.9454151631
Angle 61,15854.4400285435,11240.3360505838
Angle 61,15876.5529807378,11225.633720213
Angle 61,15898.6582889144,11210.8384721518
Angle 61,15920.7559313744,11195.9503548122
Angle 61,15942.8458862571,11180.9694169188
Angle 61,15964.9281315406,11165.8957075117
Angle 61,15987.0026450414,11150.7292759487
Angle 61,16009.0694044139,11135.4701719077
Angle 61,16031.1283871507,11120.118445389
Angle 61,16053.1795705822,11104.6741467183
Angle 61,16075.2229318763,11089.1373265483
Angle 61,16097.2584480385,11073.5080358619
Angle 61,16119.2860959113,11057.7863259742
Angle 61,16141.3058521746,11041.9722485353
Angle 61,16163.3176933447,11026.0658555323
Angle 61,16185.321595775,11010.0671992924
Angle 61,16207.317535655,10993.9763324848
Angle 61,16229.3054890105,10977.7933081237
Angle 61,16251.2854317034,10961.5181795705
Angle 61,16273.2573394312,10945.1510005363
Angle 61,16295.2211877273,10928.6918250848
Angle 61,16317.1769519601,10912.1407076343
Angle 61,16339.1246073332,10895.4977029607
Angle 61,16361.0641288853,10878.7628661999
Angle 61,16382.9954914894,10861.9362528501
Angle 61,16404.9186698532,10845.0179187748
Angle 61,16426.8336385185,10828.0079202054
Angle 61,16448.7403718608,10810.9063137432
Angle 61,16470.6388440897,10793.7131563627
Angle 61,16492.5290292477,10776.4285054138
Angle 61,16514.410901211,10759.0524186245
Angle 61,16536.2844336884,10741.5849541037
Angle 61,16558.1496002213,10724.0261703437
Angle 61,16580.0063741838,10706.3761262228
Angle 61,16601.8547287817,10688.634881008
Angle 61,16623.694637053,10670.8024943578
Angle 61,16645.5260718672,10652.8790263247
Angle 61,16667.3490059249,10634.8645373583
Angle 61,16689.163411758,10616.7590883072
Angle 61,16710.9692617289,10598.5627404225
Angle 61,16732.7665280306,10580.2755553602
Angle 61,16754.5551826862,10561.897595184
Angle 61,16776.3351975488,10543.428922368
Angle 61,16798.1065443008,10524.8695997993
Angle 61,16819.8691944541,10506.2196907812
Angle 61,16841.6231193496,10487.4792590356
Angle 61,16863.3682901568,10468.6483687058
Angle 61,16885.1046778735,10449.7270843597
Angle 61,16906.8322533258,10430.715470992
Angle 61,16928.5509871672,10411.6135940276
Angle 61,16950.2608498791,10392.421519324
Angle 61,16971.9618117696,10373.1393131744
Angle 61,16993.6538429739,10353.7670423106
Angle 61,17015.3369134535,10334.3047739056
Angle 61,17037.0109929962,10314.7525755766
Angle 61,17058.6760512156,10295.110515388
Angle 61,17080.3320575508,10275.3786618542
Angle 61,17101.978981266,10255.5570839426
Angle 61,17123.6167914505,10235.6458510764
Angle 61,17145.2454570177,10215.6450331376
Angle 61,17166.8649467057,10195.5547004699
Angle 61,17188.475229076,10175.3749238819
Angle 61,17210.0762725138,10155.1057746495
Angle 61,17231.6680452275,10134.7473245197
Angle 61,17253.2505152481,10114.2996457128
Angle 61,17274.8236504294,10093.762810926
Angle 61,17296.3874184469,10073.1368933361
Angle 61,17317.9417867982,10052.4219666025
Angle 61,17339.4867228022,10031.6181048706
Angle 61,17361.0221935987,10010.7253827744
Angle 61,17382.5481661485,9989.74387543974
Angle 61,17404.0646072326,9968.67365848763
Angle 61,17425.5714834518,9947.51480803695
Angle 61,17447.0687612269,9926.26740070779
Angle 61,17468.5564067975,9904.93151362448
Angle 61,17490.0343862226,9883.50722441873
Angle 61,17511.5026653793,9861.99461123279
Angle 61,17532.9612099631,9840.39375272257
Angle 61,17554.4099854873,9818.70472806083
Angle 61,17575.8489572824,9796.92761694033
Angle 61,17597.2780904962,9775.06249957702
Angle 61,17618.697350093,9753.10945671328
Angle 61,17640.1067008536,9731.06856962106
Angle 61,17661.5061073746,9708.93992010516
Angle 61,17682.8955340682,9686.72359050644
Angle 61,17704.2749451618,9664.41966370508
Angle 61,17725.6443046975,9642.02822312383
Angle 61,17747.003576532,9619.54935273128
Angle 61,17768.3527243359,9596.98313704517
Angle 61,17789.6917115935,9574.32966113563
Angle 61,17811.0205016026,9551.58901062856
Angle 61,17832.3390574737,9528.76127170889
Angle 61,17853.6473421298,9505.84653112393
Angle 61,17874.9453183062,9482.84487618674
Angle 61,17896.2329485499,9459.75639477947
Angle 61,17917.5101952193,9436.58117535669
Angle 61,17938.7770204839,9413.31930694884
Angle 61,17960.0333863236,9389.97087916557
Angle 61,17981.2792545288,9366.53598219917
Angle 61,18002.5145866997,9343.01470682797
Angle 61,18023.7393442458,9319.40714441977
Angle 61,18044.9534883859,9295.71338693531
Angle 61,18066.1569801475,9271.93352693168
Angle 61,18087.3497803664,9248.0676575658
Angle 61,18108.5318496863,9224.11587259789
Angle 61,18129.7031485587,9200.07826639498
Angle 61,18150.8636372421,9175.95493393437
Angle 61,18172.0132758018,9151.74597080719
Angle 61,18193.1520241097,9127.45147322187
Angle 61,18214.2798418437,9103.0715380077
Angle 61,18235.3966884873,9078.60626261837
Angle 61,18256.5025233295,9054.05574513553
Angle 61,18277.5973054641,9029.42008427234
Angle 61,18298.6809937895,9004.69937937707
Angle 61,18319.7535470084,8979.89373043668
Angle 61,18340.8149236271,8955.00323808043
Angle 61,18361.8650819556,8930.02800358345
Angle 61,18382.9039801068,8904.96812887043
Angle 61,18403.9315759964,8879.82371651919
Angle 61,18424.9478273426,8854.59486976437
Angle 61,18445.9526916654,8829.28169250103
Angle 61,18466.9461262864,8803.8842892884
Angle 61,18487.9280883286,8778.40276535345
Angle 61,18508.898534716,8752.83722659468
Angle 61,18529.857422173,8727.18777958572
Angle 61,18550.8047072241,8701.45453157912
Angle 61,18571.740346194,8675.63759051
Angle 61,18592.6642952066,8649.73706499982
Angle 61,18613.5765101852,8623.75306436009
Angle 61,18634.4769468516,8597.68569859613
Angle 61,18655.3655607265,8571.53507841082
Angle 61,18676.2423071285,8545.30131520835
Angle 61,18697.1071411739,8518.98452109803
Angle 61,18717.9600177767,8492.58480889803
Angle 61,18738.8008916478,8466.10229213921
Angle 61,18759.6297172953,8439.53708506888
Angle 61,18780.4464490233,8412.88930265464
Angle 61,18801.2510409325,8386.15906058821
Angle 61,18822.0434469193,8359.3464752892
Angle 61,18842.8236206756,8332.45166390902
Angle 61,18863.5915156885,8305.47474433465
Angle 61,18884.3470852401,8278.41583519255
Angle 61,18905.0902824073,8251.27505585247
Angle 61,18925.8210600611,8224.05252643135
Angle 61,18946.5393708666,8196.7483677972
Angle 61,18967.2451672826,8169.36270157292
Angle 61,18987.9384015616,8141.89565014028
Angle 61,19008.6190257491,8114.34733664373
Angle 61,19029.2869916834,8086.71788499436
Angle 61,19049.9422509958,8059.00741987377
Angle 61,19070.5847551096,8031.216066738
Angle 61,19091.2144552405,8003.34395182146
Angle 61,19111.8313023959,7975.39120214085
Angle 61,19132.4352473748,7947.35794549906
Angle 61,19153.0262407678,7919.24431048917
Angle 61,19173.6042329564,7891.05042649833
Angle 61,19194.169174113,7862.77642371175
Angle 61,19214.7210142007,7834.42243311662
Angle 61,19235.2597029731,7805.98858650612
Angle 61,19255.785189974,7777.4750164833
Angle 61,19276.2974245372,7748.88185646511
Angle 61,19296.7963557863,7720.20924068635
Angle 61,19317.2819326345,7691.45730420363
Angle 61,19337.7541037844,7662.62618289937
Angle 61,19358.212817728,7633.71601348576
Angle 61,19378.6580227462,7604.72693350872
Angle 61,19399.0896669088,7575.65908135195
Angle 61,19419.5076980744,7546.51259624084
Angle 61,19439.91206389,7517.28761824651
Angle 61,19460.3027117912,7487.98428828977
Angle 61,19480.6795890019,7458.60274814512
Angle 61,19501.0426425338,7429.14314044476
Angle 61,19521.391819187,7399.60560868254
Angle 61,19541.7270655494,7369.990297218
Angle 61,19562.0483279965,7340.29735128031
Angle 61,19582.3555526916,7310.52691697231
Angle 61,19602.6486855857,7280.67914127449
Angle 61,19622.927672417,7250.75417204895
Angle 61,19643.1924587114,7220.75215804342
Angle 61,19663.442989782,7190.67324889523
Angle 61,19683.6792107292,7160.51759513534
Angle 61,19703.9010664407,7130.28534819224
Angle 61,19724.1085015913,7099.97666039599
Angle 61,19744.3014606431,7069.59168498221
Angle 61,19764.4798878452,7039.130576096
Angle 61,19784.6437272339,7008.59348879594
Angle 61,19804.7929226325,6977.98057905807
Angle 61,19824.9274176517,6947.29200377981
Angle 61,19845.0471556889,6916.52792078397
Angle 61,19865.1520799292,6885.68848882263
Angle 61,19885.2421333445,6854.77386758117
Angle 61,19905.3172586942,6823.78421768212
Angle 61,19925.3773985248,6792.71970068916
Angle 61,19945.4224951702,6761.58047911103
Angle 61,19965.4524907521,6730.3667164054
Angle 61,19985.4673271793,6699.07857698283
Angle 61,20005.4669461486,6667.71622621068
Angle 61,20025.4512891443,6636.27983041694
Angle 61,20045.4202974387,6604.76955689417
Angle 61,20065.3739120924,6573.18557390335
Angle 61,20085.3120739537,6541.52805067772
Angle 61,20105.2347236596,6509.79715742669
Angle 61,20125.1418016355,6477.99306533962
Angle 61,20145.0332480956,6446.11594658968
Angle 61,20164.9090030429,6414.16597433766
Angle 61,20184.7690062695,6382.14332273576
Angle 61,20204.6131973571,6350.04816693142
Angle 61,20224.4415156766,6317.88068307103
Angle 61,20244.2539003892,6285.64104830376
Angle 61,20264.0502904458,6253.32944078525
Angle 61,20283.8306245879,6220.9460396814
Angle 61,20303.5948413478,6188.49102517202
Angle 61,20323.3428790485,6155.9645784546
Angle 61,20343.0746758046,6123.36688174791
Angle 61,20362.7901695221,6090.69811829575
Angle 61,20382.4892978994,6057.95847237053
Angle 61,20402.1719984268,6025.14812927694
Angle 61,20421.8382083878,5992.26727535553
Angle 61,20441.4878648588,5959.31609798631
Angle 61,20461.1209047099,5926.29478559234
Angle 61,20480.737264605,5893.20352764322
Angle 61,20500.3368810028,5860.04251465868
Angle 61,20519.9196901567,5826.81193821203
Angle 61,20539.4856281154,5793.51199093369
Angle 61,20559.0346307238,5760.14286651458
Angle 61,20578.5666336228,5726.70475970962
Angle 61,20598.0815722506,5693.19786634109
Angle 61,20617.5793818426,5659.62238330205
Angle 61,20637.0599974324,5625.97850855966
Angle 61,20656.5233538521,5592.2664411585
Angle 61,20675.969385733,5558.48638122394
Angle 61,20695.3980275064,5524.63852996532
Angle 61,20714.8092134039,5490.72308967927
Angle 61,20734.2028774582,5456.74026375288
Angle 61,20753.5789535038,5422.6902566669
Angle 61,20772.9373751777,5388.57327399889
Angle 61,20792.27807592,5354.38952242635
Angle 61,20811.6009889747,5320.13920972977
Angle 61,20830.9060473907,5285.82254479575
Angle 61,20850.1931840218,5251.43973761997
Angle 61,20869.4623315283,5216.99099931021
Angle 61,20888.7134223776,5182.47654208926
Angle 61,20907.9463888446,5147.89657929788
Angle 61,20927.1611630131,5113.25132539766
Angle 61,20946.3576767763,5078.54099597386
Angle 61,20965.5358618377,5043.76580773822
Angle 61,20984.6956497123,5008.9259785317
Angle 61,21003.8369717273,4974.02172732724
Angle 61,21022.9597590229,4939.05327423243
Angle 61,21042.0639425536,4904.02084049213
Angle 61,21061.149453089,4868.92464849109
Angle 61,21080.2162212148,4833.7649217565
Angle 61,21099.2641773339,4798.54188496053
Angle 61,21118.2932516673,4763.25576392274
Angle 61,21137.3033742556,4727.90678561253
Angle 61,21156.2944749594,4692.49517815154
Angle 61,21175.2664834611,4657.02117081596
Angle 61,21194.2193292657,4621.48499403877
Angle 61,21213.1529417019,4585.88687941205
Angle 61,21232.0672499236,4550.22705968908
Angle 61,21250.9621829109,4514.50576878653
Angle 61,21269.8376694712,4478.72324178653
Angle 61,21288.6936382407,4442.87971493865
Angle 61,21307.5300176857,4406.97542566193
Angle 61,21326.3467361038,4371.01061254678
Angle 61,21345.1437216251,4334.98551535683
Angle 61,21363.9209022139,4298.90037503074
Angle 61,21382.6782056696,4262.75543368398
Angle 61,21401.4155596288,4226.55093461051
Angle 61,21420.1328915659,4190.28712228438
Angle 61,21438.8301287952,4153.96424236135
Angle 61,21457.5071984721,4117.5825416804
Angle 61,21476.1640275947,4081.14226826516
Angle 61,21494.8005430052,4044.64367132532
Angle 61,21513.4166713917,4008.08700125795
Angle 61,21532.0123392894,3971.47250964879
Angle 61,21550.5874730827,3934.80044927339
Angle 61,21569.1419990063,3898.07107409831
Angle 61,21587.6758431473,3861.28463928215
Angle 61,21606.1889314469,3824.44140117655
Angle 61,21624.6811897014,3787.54161732712
Angle 61,21643.1525435651,3750.58554647432
Angle 61,21661.602918551,3713.57344855422
Angle 61,21680.0322400333,3676.50558469924
Angle 61,21698.4404332488,3639.38221723878
Angle 61,21716.827423299,3602.2036096998
Angle 61,21735.1931351518,3564.97002680733
Angle 61,21753.5374936438,3527.68173448484
Angle 61,21771.8604234815,3490.33899985464
Angle 61,21790.161849244,3452.94209123814
Angle 61,21808.4416953846,3415.49127815601
Angle 61,21826.6998862329,3377.9868313283
Angle 61,21844.9363459969,3340.42902267449
Angle 61,21863.1509987648,3302.81812531341
Angle 61,21881.3437685076,3265.15441356313
Angle 61,21899.5145790809,3227.43816294071
Angle 61,21917.6633542271,3189.66965016195
Angle 61,21935.7900175775,3151.84915314095
Angle 61,21953.8944926547,3113.97695098964
Angle 61,21971.976702875,3076.05332401728
Angle 61,21990.03657155,3038.07855372973
Angle 61,22008.0740218898,3000.05292282878
Angle 61,22026.0889770047,2961.97671521125
Angle 61,22044.0813599078,2923.85021596816
Angle 61,22062.0510935173,2885.67371138365
Angle 61,22079.998100659,2847.4474889339
Angle 61,22097.9223040689,2809.17183728592
Angle 61,22115.8236263954,2770.84704629628
Angle 61,22133.7019902018,2732.47340700971
Angle 61,22151.5573179694,2694.05121165759
Angle 61,22169.3895320993,2655.58075365642
Angle 61,22187.1985549154,2617.06232760609
Angle 61,22204.9843086672,2578.4962292881
Angle 61,22222.7467155321,2539.88275566372
Angle 61,22240.4856976184,2501.22220487197
Angle 61,22258.2011769678,2462.51487622752
Angle 61,22275.8930755583,2423.76107021854
Angle 61,22293.561315307,2384.96108850438
Angle 61,22311.2058180726,2346.11523391317
Angle 61,22328.8265056588,2307.22381043934
Angle 61,22346.4232998169,2268.28712324097
Angle 61,22363.9961222484,2229.30547863707
Angle 61,22381.5448946086,2190.27918410479
Angle 61,22399.0695385089,2151.20854827645
Angle 61,22416.5699755204,2112.09388093648
Angle 61,22434.0461271763,2072.93549301829
Angle 61,22451.4979149756,2033.73369660094
Angle 61,22468.9252603858,1994.48880490582
Angle 61,22486.3280848462,1955.20113229312
Angle 61,22503.7063097707,1915.87099425816
Angle 61,22521.0598565517,1876.49870742776
Angle 61,22538.3886465624,1837.0845895563
Angle 61,22555.692601161,1797.62895952178
Angle 61,22572.971641693,1758.13213732175
Angle 61,22590.2256894955,1718.5944440691
Angle 61,22607.4546658997,1679.01620198772
Angle 61,22624.6584922347,1639.39773440805
Angle 61,22641.8370898308,1599.73936576255
Angle 61,22658.9903800229,1560.04142158096
Angle 61,22676.1182841542,1520.30422848552
Angle 61,22693.220723579,1480.52811418603
Angle 61,22710.2976196672,1440.71340747479
Angle 61,22727.348893807,1400.86043822138
Angle 61,22744.374467409,1360.96953736741
Angle 61,22761.3742619094,1321.04103692102
Angle 61,22778.3481987739,1281.07526995137
Angle 61,22795.2961995014,1241.07257058288
Angle 61,22812.2181856277,1201.03327398949
Angle 61,22829.1140787287,1160.95771638863
Angle 61,22845.9838004249,1120.84623503519
Angle 61,22862.8272723847,1080.6991682153
Angle 61,22879.6444163284,1040.51685523997
Angle 61,22896.435154032,1000.29963643863
Angle 61,22913.199407331,960.047853152532
Angle 61,22929.9370981241,919.761847727987
Angle 61,22946.6481483778,879.441963509522
Angle 61,22963.3324801293,839.088544832862
Angle 61,22979.9900154916,798.701937017791
Angle 61,22996.6206766566,758.282486360885
Angle 61,23013.2243858996,717.830540128099
Angle 61,23029.8010655831,677.346446547227
Angle 61,23046.3506381612,636.830554800224
Angle 61,23062.8730261832,596.28321501539
Angle 61,23079.3681522984,555.704778259421
Angle 61,23095.8359392595,515.095596529321
Angle 61,23112.2763099274,474.456022744174
Angle 61,23128.689187275,433.78641073679
Angle 61,23145.0744943916,393.087115245196
Angle 61,23161.4321544874,352.358491904008
Angle 61,23177.762090897,311.60089723565
Angle 61,23194.0642270848,270.814688641441
Angle 61,23210.3384866481,230.000224392549
Angle 61,23226.5847933226,189.15786362079
Angle 61,23242.803070986,148.287966309312
Angle 61,23258.9932436625,107.390893283116
Angle 61,23275.1552355277,66.4670061994561
Angle 61,23291.2889709123,25.5166675380915
Angle 61,23301.3180596986,0
Angle 62,0,0
Angle 62,32.7709929687063,61.5352737719245
Angle 62,65.4511581218779,122.80199688338
Angle 62,98.0416616088099,183.802627928793
Angle 62,130.543647685844,244.539578260975
Angle 62,162.958239266792,305.015213183583
Angle 62,195.286538455949,365.231853105856
Angle 62,227.529627064374,425.191774661055
Angle 62,259.688567110043,484.89721178999
Angle 62,291.764401302508,544.350356790938
Angle 62,323.758153512628,603.553361337203
Angle 62,355.670829227916,662.508337463525
Angle 62,387.503415994052,721.217358522486
Angle 62,419.256883843054,779.682460111992
Angle 62,450.932185708589,837.905640974919
Angle 62,482.530257828904,895.888863871888
Angle 62,514.052020137807,953.634056428163
Angle 62,545.498376644136,1011.14311195559
Angle 62,576.870215800107,1068.41789025042
Angle 62,608.168410858955,1125.46021836801
Angle 62,639.39382022223,1182.27189137492
Angle 62,670.547287777103,1238.8546730796
Angle 62,701.629643224041,1295.210296742
Angle 62,732.641702395179,1351.3404657631
Angle 62,763.584267563695,1407.246854355
Angle 62,794.45812774451,1462.93110819208
Angle 62,825.264058986597,1518.39484504409
Angle 62,856.002824657185,1573.63965539158
Angle 62,886.675175718117,1628.66710302446
Angle 62,917.28185099465,1683.47872562397
Angle 62,947.823577436907,1738.07603532899
Angle 62,978.301070374263,1792.46051928677
Angle 62,1008.71503376286,1846.63364018899
Angle 62,1039.06616042651,1900.59683679332
Angle 62,1069.35513229114,1954.35152443118
Angle 62,1099.58262061309,2007.89909550191
Angle 62,1129.74928620133,2061.24091995402
Angle 62,1159.85577963389,2114.37834575376
Angle 62,1189.90274146865,2167.3126993415
Angle 62,1219.89080244866,2220.04528607622
Angle 62,1249.82058370216,2272.57739066862
Angle 62,1279.69269693748,2324.91027760304
Angle 62,1309.50774463298,2377.04519154863
Angle 62,1339.26632022218,2428.98335776009
Angle 62,1368.96900827417,2480.72598246833
Angle 62,1398.61638466954,2532.27425326121
Angle 62,1428.20901677192,2583.62933945489
Angle 62,1457.74746359523,2634.79239245589
Angle 62,1487.23227596684,2685.76454611414
Angle 62,1516.66399668666,2736.5469170675
Angle 62,1546.04316068241,2787.14060507766
Angle 62,1575.37029516105,2837.54669335803
Angle 62,1604.64591975661,2887.76624889356
Angle 62,1633.87054667442,2937.80032275292
Angle 62,1663.04468083186,2987.64995039318
Angle 62,1692.16881999583,3037.31615195722
Angle 62,1721.24345491689,3086.79993256405
Angle 62,1750.2690694603,3136.1022825923
Angle 62,1779.2461407339,3185.22417795706
Angle 62,1808.17513921308,3234.16658038021
Angle 62,1837.0565288628,3282.93043765446
Angle 62,1865.89076725681,3331.51668390127
Angle 62,1894.67830569411,3379.92623982287
Angle 62,1923.41958931275,3428.16001294844
Angle 62,1952.11505720104,3476.21889787469
Angle 62,1980.76514250619,3524.10377650096
Angle 62,2009.37027254059,3571.81551825902
Angle 62,2037.9308688856,3619.3549803377
Angle 62,2066.4473474931,3666.72300790248
Angle 62,2094.9201187847,3713.92043431013
Angle 62,2123.34958774884,3760.94808131867
Angle 62,2151.73615403564,3807.80675929267
Angle 62,2180.0802120498,3854.49726740396
Angle 62,2208.38215104134,3901.02039382804
Angle 62,2236.64235519443,3947.37691593615
Angle 62,2264.86120371432,3993.56760048318
Angle 62,2293.03907091232,4039.59320379158
Angle 62,2321.17632628903,4085.45447193121
Angle 62,2349.27333461574,4131.1521408954
Angle 62,2377.33045601415,4176.6869367733
Angle 62,2405.34804603432,4222.05957591847
Angle 62,2433.32645573107,4267.27076511399
Angle 62,2461.26603173872,4312.32120173406
Angle 62,2489.16711634425,4357.21157390223
Angle 62,2517.03004755903,4401.94256064633
Angle 62,2544.85515918893,4446.51483205015
Angle 62,2572.64278090312,4490.92904940207
Angle 62,2600.39323830133,4535.18586534051
Angle 62,2628.10685297987,4579.28592399648
Angle 62,2655.78394259614,4623.22986113324
Angle 62,2683.424820932,4667.01830428302
Angle 62,2711.02979795575,4710.65187288108
Angle 62,2738.5991798829,4754.13117839702
Angle 62,2766.13326923571,4797.45682446343
Angle 62,2793.63236490158,4840.62940700201
Angle 62,2821.09676219022,4883.6495143472
Angle 62,2848.52675288974,4926.51772736724
Angle 62,2875.92262532163,4969.23461958303
Angle 62,2903.28466439461,5011.80075728445
Angle 62,2930.61315165751,5054.21669964457
Angle 62,2957.90836535104,5096.48299883151
Angle 62,2985.17058045862,5138.60020011821
Angle 62,3012.4000687562,5180.56884199003
Angle 62,3039.59709886112,5222.38945625027
Angle 62,3066.76193628003,5264.06256812375
Angle 62,3093.89484345594,5305.58869635824
Angle 62,3120.99607981429,5346.96835332417
Angle 62,3148.06590180827,5388.20204511224
Angle 62,3175.10456296315,5429.29027162938
Angle 62,3202.11231391988,5470.23352669273
Angle 62,3229.08940247785,5511.03229812196
Angle 62,3256.0360736368,5551.68706782987
Angle 62,3282.95256963803,5592.19831191124
Angle 62,3309.83913000482,5632.56650073008
Angle 62,3336.69599158207,5672.79209900525
Angle 62,3363.52338857525,5712.87556589454
Angle 62,3390.32155258865,5752.81735507714
Angle 62,3417.09071266288,5792.61791483465
Angle 62,3443.83109531177,5832.27768813065
Angle 62,3470.5429245585,5871.79711268875
Angle 62,3497.22642197119,5911.17662106927
Angle 62,3523.88180669774,5950.41664074454
Angle 62,3550.50929550019,5989.51759417289
Angle 62,3577.10910278827,6028.4798988712
Angle 62,3603.68144065258,6067.30396748632
Angle 62,3630.22651889699,6105.99020786507
Angle 62,3656.74454507059,6144.53902312312
Angle 62,3683.23572449905,6182.95081171258
Angle 62,3709.70026031538,6221.22596748845
Angle 62,3736.13835349022,6259.36487977391
Angle 62,3762.5502028616,6297.36793342442
Angle 62,3788.93600516413,6335.23550889076
Angle 62,3815.29595505774,6372.96798228098
Angle 62,3841.63024515591,6410.56572542123
Angle 62,3867.93906605341,6448.02910591562
Angle 62,3894.22260635357,6485.35848720499
Angle 62,3920.48105269508,6522.55422862471
Angle 62,3946.71458977839,6559.6166854615
Angle 62,3972.92340039154,6596.54620900928
Angle 62,3999.1076654357,6633.34314662406
Angle 62,4025.26756395019,6670.00784177794
Angle 62,4051.40327313713,6706.54063411217
Angle 62,4077.51496838559,6742.94185948938
Angle 62,4103.6028232955,6779.21185004486
Angle 62,4129.667009701,6815.35093423703
Angle 62,4155.70769769351,6851.35943689712
Angle 62,4181.72505564436,6887.23767927795
Angle 62,4207.71925022712,6922.98597910195
Angle 62,4233.69044643946,6958.60465060838
Angle 62,4259.63880762477,6994.09400459983
Angle 62,4285.56449549335,7029.45434848787
Angle 62,4311.46767014328,7064.68598633803
Angle 62,4337.34849008096,7099.78921891406
Angle 62,4363.20711224132,7134.76434372141
Angle 62,4389.04369200769,7169.61165505006
Angle 62,4414.85838323139,7204.33144401671
Angle 62,4440.65133825095,7238.92399860615
Angle 62,4466.42270791109,7273.38960371214
Angle 62,4492.17264158133,7307.72854117757
Angle 62,4517.9012871744,7341.9410898339
Angle 62,4543.60879116426,7376.02752554018
Angle 62,4569.29529860389,7409.98812122124
Angle 62,4594.9609531428,7443.82314690543
Angle 62,4620.6058970443,7477.53286976171
Angle 62,4646.23027120239,7511.11755413616
Angle 62,4671.83421515854,7544.577461588
Angle 62,4697.41786711806,7577.91285092488
Angle 62,4722.98136396637,7611.12397823786
Angle 62,4748.52484128488,7644.21109693563
Angle 62,4774.04843336674,7677.17445777838
Angle 62,4799.55227323225,7710.01430891103
Angle 62,4825.03649264413,7742.73089589601
Angle 62,4850.5012221225,7775.32446174556
Angle 62,4875.94659095962,7807.79524695349
Angle 62,4901.3727272345,7840.14348952651
Angle 62,4926.77975782716,7872.36942501502
Angle 62,4952.16780843278,7904.47328654355
Angle 62,4977.5370035756,7936.45530484061
Angle 62,5002.88746662259,7968.31570826822
Angle 62,5028.21931979697,8000.0547228509
Angle 62,5053.53268419149,8031.67257230431
Angle 62,5078.82767978153,8063.16947806341
Angle 62,5104.10442543799,8094.54565931021
Angle 62,5129.36303894001,8125.80133300119
Angle 62,5154.6036369875,8156.93671389417
Angle 62,5179.82633521346,8187.95201457496
Angle 62,5205.0312481962,8218.84744548346
Angle 62,5230.21848947125,8249.62321493953
Angle 62,5255.38817154323,8280.27952916834
Angle 62,5280.54040589747,8310.81659232548
Angle 62,5305.67530301149,8341.23460652163
Angle 62,5330.7929723663,8371.53377184693
Angle 62,5355.89352245757,8401.7142863949
Angle 62,5380.97706080657,8431.7763462862
Angle 62,5406.04369397107,8461.72014569182
Angle 62,5431.09352755595,8491.54587685617
Angle 62,5456.12666622375,8521.25373011967
Angle 62,5481.14321370508,8550.84389394111
Angle 62,5506.14327280879,8580.31655491967
Angle 62,5531.12694543209,8609.67189781664
Angle 62,5556.09433257049,8638.9101055768
Angle 62,5581.0455343276,8668.03135934958
Angle 62,5605.9806499248,8697.03583850983
Angle 62,5630.89977771076,8725.92372067839
Angle 62,5655.80301517087,8754.69518174229
Angle 62,5680.69045893647,8783.35039587474
Angle 62,5705.56220479401,8811.88953555483
Angle 62,5730.41834769407,8840.31277158691
Angle 62,5755.25898176023,8868.6202731198
Angle 62,5780.08420029787,8896.81220766562
Angle 62,5804.89409580278,8924.88874111847
Angle 62,5829.6887599697,8952.85003777278
Angle 62,5854.46828370075,8980.69626034149
Angle 62,5879.23275711373,9008.42756997386
Angle 62,5903.98226955025,9036.04412627321
Angle 62,5928.71690958388,9063.54608731425
Angle 62,5953.43676502805,9090.9336096603
Angle 62,5978.14192294396,9118.20684838023
Angle 62,6002.83246964828,9145.36595706518
Angle 62,6027.50849072084,9172.41108784503
Angle 62,6052.17007101214,9199.34239140475
Angle 62,6076.81729465081,9226.16001700038
Angle 62,6101.45024505096,9252.86411247496
Angle 62,6126.06900491941,9279.45482427413
Angle 62,6150.67365626282,9305.93229746156
Angle 62,6175.26428039481,9332.29667573425
Angle 62,6199.84095794284,9358.54810143748
Angle 62,6224.40376885513,9384.68671557975
Angle 62,6248.95279240742,9410.71265784736
Angle 62,6273.48810720966,9436.62606661888
Angle 62,6298.00979121259,9462.42707897948
Angle 62,6322.5179217143,9488.11583073496
Angle 62,6347.01257536661,9513.69245642567
Angle 62,6371.49382818144,9539.15708934028
Angle 62,6395.96175553705,9564.50986152929
Angle 62,6420.41643218423,9589.75090381847
Angle 62,6444.85793225243,9614.880345822
Angle 62,6469.2863292557,9639.8983159556
Angle 62,6493.70169609872,9664.80494144935
Angle 62,6518.1041050826,9689.60034836044
Angle 62,6542.49362791068,9714.28466158571
Angle 62,6566.87033569429,9738.85800487409
Angle 62,6591.23429895831,9763.32050083881
Angle 62,6615.58558764682,9787.67227096951
Angle 62,6639.92427112852,9811.91343564419
Angle 62,6664.25041820221,9836.044114141
Angle 62,6688.56409710213,9860.06442464991
Angle 62,6712.86537550322,9883.97448428418
Angle 62,6737.15432052639,9907.77440909176
Angle 62,6761.43099874362,9931.46431406651
Angle 62,6785.69547618309,9955.04431315927
Angle 62,6809.94781833417,9978.51451928885
Angle 62,6834.1880901524,10001.8750443528
Angle 62,6858.41635606439,10025.1259992382
Angle 62,6882.63267997261,10048.267493832
Angle 62,6906.83712526023,10071.2996370319
Angle 62,6931.02975479578,10094.2225367559
Angle 62,6955.21063093781,10117.0362999535
Angle 62,6979.37981553952,10139.7410326147
Angle 62,7003.53736995324,10162.3368397807
Angle 62,7027.68335503497,10184.8238255536
Angle 62,7051.81783114874,10207.2020931057
Angle 62,7075.94085817104,10229.4717446896
Angle 62,7100.05249549507,10251.6328816473
Angle 62,7124.15280203505,10273.6856044197
Angle 62,7148.24183623041,10295.6300125561
Angle 62,7172.31965604993,10317.4662047229
Angle 62,7196.38631899585,10339.1942787129
Angle 62,7220.44188210792,10360.8143314545
Angle 62,7244.48640196739,10382.3264590197
Angle 62,7268.51993470098,10403.730756634
Angle 62,7292.54253598477,10425.0273186838
Angle 62,7316.55426104803,10446.216238726
Angle 62,7340.55516467706,10467.2976094958
Angle 62,7364.54530121894,10488.2715229151
Angle 62,7388.5247245852,10509.138070101
Angle 62,7412.49348825554,10529.8973413738
Angle 62,7436.45164528141,10550.549426265
Angle 62,7460.39924828961,10571.0944135253
Angle 62,7484.33634948579,10591.5323911326
Angle 62,7508.26300065796,10611.8634462996
Angle 62,7532.17925317993,10632.0876654816
Angle 62,7556.0851580147,10652.205134384
Angle 62,7579.98076571782,10672.2159379703
Angle 62,7603.86612644072,10692.1201604687
Angle 62,7627.74128993397,10711.9178853802
Angle 62,7651.60630555052,10731.6091954856
Angle 62,7675.4612222489,10751.1941728527
Angle 62,7699.30608859638,10770.6728988435
Angle 62,7723.14095277208,10790.0454541212
Angle 62,7746.96586257002,10809.3119186569
Angle 62,7770.78086540224,10828.4723717372
Angle 62,7794.58600830171,10847.5268919703
Angle 62,7818.38133792536,10866.4755572931
Angle 62,7842.16690055699,10885.3184449778
Angle 62,7865.94274211015,10904.0556316384
Angle 62,7889.70890813103,10922.6871932375
Angle 62,7913.46544380126,10941.2132050925
Angle 62,7937.21239394068,10959.6337418821
Angle 62,7960.94980301014,10977.9488776527
Angle 62,7984.67771511418,10996.1586858244
Angle 62,8008.39617400375,11014.2632391976
Angle 62,8032.10522307882,11032.2626099587
Angle 62,8055.80490539104,11050.1568696866
Angle 62,8079.49526364631,11067.9460893582
Angle 62,8103.17634020735,11085.6303393548
Angle 62,8126.84817709618,11103.2096894677
Angle 62,8150.51081599667,11120.6842089042
Angle 62,8174.16429825699,11138.0539662933
Angle 62,8197.80866489201,11155.3190296913
Angle 62,8221.44395658572,11172.4794665876
Angle 62,8245.07021369362,11189.53534391
Angle 62,8268.68747624504,11206.4867280308
Angle 62,8292.29578394547,11223.3336847717
Angle 62,8315.89517617882,11240.0762794095
Angle 62,8339.4856920097,11256.7145766813
Angle 62,8363.06737018566,11273.2486407902
Angle 62,8386.64024913934,11289.67853541
Angle 62,8410.20436699069,11306.0043236909
Angle 62,8433.75976154913,11322.2260682645
Angle 62,8457.3064703156,11338.3438312486
Angle 62,8480.84453048472,11354.3576742528
Angle 62,8504.37397894684,11370.2676583832
Angle 62,8527.89485229005,11386.0738442474
Angle 62,8551.40718680224,11401.7762919595
Angle 62,8574.91101847307,11417.3750611448
Angle 62,8598.40638299594,11432.8702109447
Angle 62,8621.89331576991,11448.2618000217
Angle 62,8645.37185190166,11463.5498865638
Angle 62,8668.84202620735,11478.7345282895
Angle 62,8692.30387321449,11493.815782452
Angle 62,8715.75742716379,11508.7937058444
Angle 62,8739.20272201099,11523.6683548039
Angle 62,8762.63979142866,11538.4397852162
Angle 62,8786.06866880796,11553.1080525203
Angle 62,8809.4893872604,11567.6732117128
Angle 62,8832.90197961959,11582.1353173523
Angle 62,8856.30647844291,11596.4944235638
Angle 62,8879.70291601324,11610.7505840429
Angle 62,8903.0913243406,11624.9038520602
Angle 62,8926.47173516381,11638.9542804657
Angle 62,8949.84417995209,11652.9019216924
Angle 62,8973.2086899067,11666.7468277614
Angle 62,8996.56529596249,11680.4890502853
Angle 62,9019.91402878948,11694.1286404725
Angle 62,9043.25491879439,11707.6656491315
Angle 62,9066.58799612218,11721.1001266746
Angle 62,9089.91329065753,11734.4321231221
Angle 62,9113.23083202634,11747.6616881062
Angle 62,9136.5406495972,11760.7888708749
Angle 62,9159.8427724828,11773.8137202962
Angle 62,9183.13722954141,11786.7362848614
Angle 62,9206.42404937824,11799.5566126895
Angle 62,9229.70326034686,11812.2747515306
Angle 62,9252.97489055054,11824.89074877
Angle 62,9276.23896784364,11837.4046514316
Angle 62,9299.49551983293,11849.816506182
Angle 62,9322.74457387891,11862.1263593339
Angle 62,9345.98615709708,11874.3342568499
Angle 62,9369.22029635929,11886.440244346
Angle 62,9392.44701829495,11898.4443670955
Angle 62,9415.66634929229,11910.3466700321
Angle 62,9438.87831549961,11922.1471977539
Angle 62,9462.0829428265,11933.8459945268
Angle 62,9485.28025694503,11945.4431042876
Angle 62,9508.47028329091,11956.9385706483
Angle 62,9531.65304706472,11968.3324368987
Angle 62,9554.82857323299,11979.6247460102
Angle 62,9577.99688652942,11990.8155406393
Angle 62,9601.15801145592,12001.9048631308
Angle 62,9624.31197228379,12012.8927555213
Angle 62,9647.45879305476,12023.7792595421
Angle 62,9670.59849758208,12034.5644166232
Angle 62,9693.73110945163,12045.2482678959
Angle 62,9716.8566520229,12055.8308541966
Angle 62,9739.97514843007,12066.3122160696
Angle 62,9763.086621583,12076.6923937705
Angle 62,9786.19109416829,12086.9714272697
Angle 62,9809.28858865021,12097.1493562548
Angle 62,9832.37912727171,12107.2262201347
Angle 62,9855.46273205541,12117.2020580418
Angle 62,9878.5394248045,12127.0769088359
Angle 62,9901.60922710372,12136.8508111067
Angle 62,9924.67216032029,12146.5238031774
Angle 62,9947.7282456048,12156.0959231073
Angle 62,9970.77750389211,12165.5672086949
Angle 62,9993.81995590228,12174.9376974813
Angle 62,10016.8556221414,12184.2074267527
Angle 62,10039.8845229025,12193.3764335437
Angle 62,10062.9066782664,12202.4447546401
Angle 62,10085.9221081024,12211.4124265821
Angle 62,10108.9308320694,12220.2794856668
Angle 62,10131.9328696165,12229.0459679515
Angle 62,10154.9282399838,12237.7119092563
Angle 62,10177.9169622034,12246.2773451674
Angle 62,10200.8990551,12254.7423110394
Angle 62,10223.8745372916,12263.1068419987
Angle 62,10246.8434271906,12271.3709729458
Angle 62,10269.8057430042,12279.5347385586
Angle 62,10292.7615027352,12287.598173295
Angle 62,10315.710724183,12295.5613113955
Angle 62,10338.653424944,12303.4241868864
Angle 62,10361.5896224125,12311.1868335823
Angle 62,10384.5193337814,12318.8492850886
Angle 62,10407.4425760427,12326.4115748048
Angle 62,10430.3593659884,12333.8737359268
Angle 62,10453.2697202111,12341.2358014499
Angle 62,10476.1736551047,12348.497804171
Angle 62,10499.0711868649,12355.6597766921
Angle 62,10521.96233149,12362.7217514219
Angle 62,10544.8471047815,12369.6837605797
Angle 62,10567.7255223447,12376.5458361968
Angle 62,10590.5975995895,12383.3080101201
Angle 62,10613.4633517305,12389.9703140142
Angle 62,10636.3227937883,12396.5327793643
Angle 62,10659.1759405895,12402.9954374786
Angle 62,10682.0228067677,12409.3583194909
Angle 62,10704.8634067637,12415.6214563632
Angle 62,10727.6977548265,12421.7848788887
Angle 62,10750.5258650135,12427.8486176934
Angle 62,10773.3477511912,12433.8127032396
Angle 62,10796.1634270358,12439.677165828
Angle 62,10818.9729060335,12445.4420356004
Angle 62,10841.7762014813,12451.1073425417
Angle 62,10864.5733264876,12456.6731164834
Angle 62,10887.3642939723,12462.139387105
Angle 62,10910.1491166675,12467.5061839375
Angle 62,10932.9278071184,12472.7735363651
Angle 62,10955.7003776831,12477.941473628
Angle 62,10978.4668405336,12483.010024825
Angle 62,11001.2272076561,12487.9792189157
Angle 62,11023.9814908515,12492.8490847232
Angle 62,11046.7297017358,12497.6196509363
Angle 62,11069.4718517408,12502.2909461119
Angle 62,11092.2079521143,12506.8629986779
Angle 62,11114.9380139204,12511.3358369352
Angle 62,11137.6620480407,12515.7094890599
Angle 62,11160.3800651737,12519.9839831065
Angle 62,11183.0920758362,12524.1593470094
Angle 62,11205.798090363,12528.2356085859
Angle 62,11228.4981189077,12532.2127955384
Angle 62,11251.1921714431,12536.0909354567
Angle 62,11273.8802577615,12539.8700558204
Angle 62,11296.5623874751,12543.5501840015
Angle 62,11319.2385700165,12547.1313472663
Angle 62,11341.9088146391,12550.6135727781
Angle 62,11364.5731304174,12553.9968875996
Angle 62,11387.2315262474,12557.281318695
Angle 62,11409.8840108472,12560.4668929323
Angle 62,11432.5305927569,12563.553637086
Angle 62,11455.1712803395,12566.5415778389
Angle 62,11477.806081781,12569.430741785
Angle 62,11500.4350050907,12572.2211554314
Angle 62,11523.0580581019,12574.9128452006
Angle 62,11545.6752484718,12577.505837433
Angle 62,11568.2865836821,12580.0001583891
Angle 62,11590.8920710395,12582.3958342518
Angle 62,11613.4917176757,12584.6928911288
Angle 62,11636.085530548,12586.8913550546
Angle 62,11658.6735164396,12588.9912519931
Angle 62,11681.2556819596,12590.9926078394
Angle 62,11703.8320335441,12592.8954484227
Angle 62,11726.4025774556,12594.6997995082
Angle 62,11748.967319784,12596.4056867993
Angle 62,11771.5262664467,12598.0131359399
Angle 62,11794.0794231888,12599.5221725167
Angle 62,11816.6267955834,12600.9328220617
Angle 62,11839.1683890324,12602.2451100537
Angle 62,11861.7042087661,12603.4590619215
Angle 62,11884.234259844,12604.5747030453
Angle 62,11906.7585471549,12605.5920587593
Angle 62,11929.2770754172,12606.5111543541
Angle 62,11951.7898491792,12607.3320150785
Angle 62,11974.2968728196,12608.054666142
Angle 62,11996.7981505474,12608.6791327168
Angle 62,12019.2936864025,12609.2054399404
Angle 62,12041.783484256,12609.6336129172
Angle 62,12064.2675478101,12609.9636767214
Angle 62,12086.7458805989,12610.1956563985
Angle 62,12109.2184859882,12610.3295769679
Angle 62,12131.6853671763,12610.3654634253
Angle 62,12154.1465271936,12610.3033407442
Angle 62,12176.6019689034,12610.1432338787
Angle 62,12199.0516950022,12609.8851677654
Angle 62,12221.4957080194,12609.5291673256
Angle 62,12243.9340103182,12609.0752574676
Angle 62,12266.3666040954,12608.5234630887
Angle 62,12288.7934913821,12607.8738090773
Angle 62,12311.2146740434,12607.1263203155
Angle 62,12333.6301537792,12606.2810216807
Angle 62,12356.039932124,12605.3379380482
Angle 62,12378.4440104476,12604.2970942929
Angle 62,12400.8423899549,12603.158515292
Angle 62,12423.2350716864,12601.9222259267
Angle 62,12445.6220565184,12600.5882510845
Angle 62,12468.0033451634,12599.1566156614
Angle 62,12490.3789381697,12597.6273445639
Angle 62,12512.7488359227,12596.0004627114
Angle 62,12535.1130386442,12594.275995038
Angle 62,12557.471546393,12592.4539664948
Angle 62,12579.8243590651,12590.5344020519
Angle 62,12602.1714763942,12588.5173267009
Angle 62,12624.5128979512,12586.4027654565
Angle 62,12646.8486231454,12584.190743359
Angle 62,12669.1786512238,12581.8812854763
Angle 62,12691.5029812719,12579.4744169059
Angle 62,12713.821612214,12576.9701627772
Angle 62,12736.1345428127,12574.3685482536
Angle 62,12758.44177167,12571.6695985342
Angle 62,12780.743297227,12568.8733388567
Angle 62,12803.039117764,12565.9797944988
Angle 62,12825.3292314013,12562.9889907804
Angle 62,12847.6136360988,12559.9009530662
Angle 62,12869.8923296566,12556.715706767
Angle 62,12892.1653097149,12553.4332773427
Angle 62,12914.4325737545,12550.0536903035
Angle 62,12936.6941190967,12546.5769712127
Angle 62,12958.949942904,12543.0031456883
Angle 62,12981.2000421796,12539.3322394055
Angle 62,13003.4444137682,12535.5642780983
Angle 62,13025.6830543559,12531.699287562
Angle 62,13047.9159604704,12527.7372936553
Angle 62,13070.1431284812,12523.6783223018
Angle 62,13092.3645546,12519.5223994928
Angle 62,13114.5802348807,12515.2695512891
Angle 62,13136.7901652194,12510.9198038227
Angle 62,13158.994341355,12506.4731832996
Angle 62,13181.1927588691,12501.9297160012
Angle 62,13203.3854131864,12497.2894282867
Angle 62,13225.5722995744,12492.5523465952
Angle 62,13247.7534131442,12487.7184974476
Angle 62,13269.9287488502,12482.7879074487
Angle 62,13292.0983014907,12477.7606032895
Angle 62,13314.2620657076,12472.6366117488
Angle 62,13336.4200359868,12467.4159596958
Angle 62,13358.5722066585,12462.0986740915
Angle 62,13380.7185718972,12456.6847819916
Angle 62,13402.8591257216,12451.1743105479
Angle 62,13424.9938619955,12445.5672870103
Angle 62,13447.1227744272,12439.8637387296
Angle 62,13469.2458565701,12434.0636931587
Angle 62,13491.3631018225,12428.1671778552
Angle 62,13513.4745034281,12422.1742204831
Angle 62,13535.5800544762,12416.0848488152
Angle 62,13557.6797479013,12409.899090735
Angle 62,13579.7735764838,12403.6169742385
Angle 62,13601.8615328499,12397.2385274366
Angle 62,13623.9436094719,12390.7637785571
Angle 62,13646.0197986679,12384.1927559466
Angle 62,13668.0900926027,12377.5254880726
Angle 62,13690.154483287,12370.7620035257
Angle 62,13712.2129625784,12363.9023310213
Angle 62,13734.2655221809,12356.946499402
Angle 62,13756.3121536455,12349.8945376396
Angle 62,13778.3528483697,12342.746474837
Angle 62,13800.3875975985,12335.5023402301
Angle 62,13822.4163924235,12328.1621631905
Angle 62,13844.439223784,12320.7259732266
Angle 62,13866.4560824664,12313.1937999866
Angle 62,13888.4669591046,12305.5656732599
Angle 62,13910.4718441799,12297.8416229793
Angle 62,13932.4707280217,12290.0216792233
Angle 62,13954.4636008066,12282.1058722178
Angle 62,13976.4504525596,12274.0942323383
Angle 62,13998.4312731532,12265.986790112
Angle 62,14020.4060523082,12257.78357622
Angle 62,14042.3747795935,12249.4846214989
Angle 62,14064.3374444263,12241.0899569432
Angle 62,14086.2940360718,12232.5996137073
Angle 62,14108.244543644,12224.0136231076
Angle 62,14130.188956105,12215.3320166243
Angle 62,14152.1272622656,12206.5548259039
Angle 62,14174.0594507853,12197.6820827609
Angle 62,14195.9855101721,12188.71381918
Angle 62,14217.9054287827,12179.6500673179
Angle 62,14239.8191948229,12170.4908595061
Angle 62,14261.726796347,12161.2362282519
Angle 62,14283.6282212584,12151.8862062416
Angle 62,14305.5234573094,12142.4408263415
Angle 62,14327.4124921015,12132.9001216009
Angle 62,14349.2953130849,12123.2641252535
Angle 62,14371.1719075592,12113.5328707198
Angle 62,14393.042262673,12103.7063916092
Angle 62,14414.9063654242,12093.7847217219
Angle 62,14436.7642026597,12083.7678950512
Angle 62,14458.6157610758,12073.6559457852
Angle 62,14480.4610272179,12063.4489083094
Angle 62,14502.299987481,12053.1468172086
Angle 62,14524.132628109,12042.7497072688
Angle 62,14545.9589351953,12032.2576134794
Angle 62,14567.7788946827,12021.6705710355
Angle 62,14589.5924923632,12010.9886153398
Angle 62,14611.3997138782,12000.2117820046
Angle 62,14633.2005447184,11989.3401068543
Angle 62,14654.9949702239,11978.3736259271
Angle 62,14676.782975584,11967.3123754775
Angle 62,14698.5645458375,11956.1563919779
Angle 62,14720.3396658723,11944.9057121214
Angle 62,14742.1083204257,11933.5603728234
Angle 62,14763.8704940843,11922.1204112238
Angle 62,14785.6261712839,11910.5858646894
Angle 62,14807.3753363094,11898.9567708158
Angle 62,14829.1179732951,11887.2331674297
Angle 62,14850.8540662242,11875.4150925909
Angle 62,14872.5835989293,11863.5025845946
Angle 62,14894.3065550917,11851.4956819734
Angle 62,14916.022918242,11839.3944234997
Angle 62,14937.7326717596,11827.1988481874
Angle 62,14959.435798873,11814.9089952948
Angle 62,14981.1322826593,11802.524904326
Angle 62,15002.8221060445,11790.0466150337
Angle 62,15024.5052518035,11777.4741674211
Angle 62,15046.1817025596,11764.807601744
Angle 62,15067.8514407847,11752.0469585131
Angle 62,15089.5144487994,11739.1922784965
Angle 62,15111.1707087725,11726.2436027214
Angle 62,15132.8202027213,11713.2009724765
Angle 62,15154.4629125112,11700.0644293145
Angle 62,15176.0988198559,11686.8340150538
Angle 62,15197.7279063172,11673.5097717814
Angle 62,15219.3501533045,11660.0917418545
Angle 62,15240.9655420756,11646.579967903
Angle 62,15262.5740537356,11632.9744928318
Angle 62,15284.1756692374,11619.2753598231
Angle 62,15305.7703693816,11605.4826123385
Angle 62,15327.3581348158,11591.5962941214
Angle 62,15348.9389460352,11577.6164491991
Angle 62,15370.5127833821,11563.5431218853
Angle 62,15392.0796270458,11549.3763567823
Angle 62,15413.6394570624,11535.1161987832
Angle 62,15435.1922533149,11520.7626930744
Angle 62,15456.7379955328,11506.3158851378
Angle 62,15478.2766632921,11491.775820753
Angle 62,15499.808236015,11477.1425459998
Angle 62,15521.3326929702,11462.4161072605
Angle 62,15542.850013272,11447.5965512223
Angle 62,15564.3601758807,11432.6839248795
Angle 62,15585.8631596024,11417.6782755357
Angle 62,15607.3589430885,11402.5796508068
Angle 62,15628.8475048359,11387.3880986225
Angle 62,15650.3288231865,11372.1036672296
Angle 62,15671.8028763273,11356.7264051935
Angle 62,15693.2696422901,11341.2563614013
Angle 62,15714.7290989513,11325.6935850637
Angle 62,15736.1812240316,11310.0381257178
Angle 62,15757.6259950961,11294.2900332293
Angle 62,15779.0633895539,11278.449357795
Angle 62,15800.4933846576,11262.5161499451
Angle 62,15821.915957504,11246.4904605458
Angle 62,15843.3310850328,11230.3723408018
Angle 62,15864.7387440271,11214.1618422587
Angle 62,15886.1389111131,11197.8590168053
Angle 62,15907.5315627595,11181.4639166763
Angle 62,15928.9166752777,11164.9765944548
Angle 62,15950.2942248213,11148.3971030746
Angle 62,15971.6641873862,11131.7254958229
Angle 62,15993.02653881,11114.9618263428
Angle 62,16014.3812547718,11098.1061486357
Angle 62,16035.7283107921,11081.158517064
Angle 62,16057.0676822328,11064.1189863535
Angle 62,16078.3993442964,11046.987611596
Angle 62,16099.723272026,11029.764448252
Angle 62,16121.0394403052,11012.449552153
Angle 62,16142.3478238578,10995.0429795045
Angle 62,16163.6483972471,10977.5447868882
Angle 62,16184.9411348764,10959.9550312648
Angle 62,16206.226010988,10942.2737699765
Angle 62,16227.5029996634,10924.5010607499
Angle 62,16248.7720748229,10906.6369616983
Angle 62,16270.0332102251,10888.6815313244
Angle 62,16291.2863794671,10870.6348285234
Angle 62,16312.5315559836,10852.4969125849
Angle 62,16333.7687130473,10834.2678431965
Angle 62,16354.9978237679,10815.9476804455
Angle 62,16376.2188610925,10797.5364848224
Angle 62,16397.4317978047,10779.0343172234
Angle 62,16418.6366065246,10760.4412389527
Angle 62,16439.8332597086,10741.7573117259
Angle 62,16461.0217296489,10722.9825976724
Angle 62,16482.2019884731,10704.1171593379
Angle 62,16503.3740081443,10685.1610596877
Angle 62,16524.5377604603,10666.1143621093
Angle 62,16545.6932170537,10646.977130415
Angle 62,16566.8403493912,10627.7494288447
Angle 62,16587.9791287735,10608.4313220691
Angle 62,16609.1095263352,10589.0228751922
Angle 62,16630.2315130438,10569.5241537541
Angle 62,16651.3450597001,10549.9352237341
Angle 62,16672.4501369375,10530.2561515533
Angle 62,16693.5467152216,10510.4870040776
Angle 62,16714.6347648501,10490.6278486208
Angle 62,16735.7142559523,10470.678752947
Angle 62,16756.7851584888,10450.639785274
Angle 62,16777.8474422511,10430.5110142758
Angle 62,16798.9010768615,10410.2925090858
Angle 62,16819.9460317723,10389.9843392999
Angle 62,16840.9822762658,10369.586574979
Angle 62,16862.009779454,10349.0992866523
Angle 62,16883.0285102779,10328.5225453202
Angle 62,16904.0384375075,10307.8564224572
Angle 62,16925.0395297412,10287.1009900152
Angle 62,16946.0317554055,10266.2563204261
Angle 62,16967.0150827546,10245.3224866051
Angle 62,16987.9894798703,10224.2995619538
Angle 62,17008.9549146613,10203.1876203629
Angle 62,17029.9113548628,10181.9867362159
Angle 62,17050.8587680364,10160.6969843913
Angle 62,17071.7971215698,10139.3184402667
Angle 62,17092.726382676,10117.8511797208
Angle 62,17113.6465183932,10096.2952791377
Angle 62,17134.5574955844,10074.6508154091
Angle 62,17155.4592809369,10052.9178659378
Angle 62,17176.3518409622,10031.0965086409
Angle 62,17197.2351419953,10009.1868219529
Angle 62,17218.1091501945,9987.18888482885
Angle 62,17238.973831541,9965.10277674761
Angle 62,17259.8291518383,9942.92857771502
Angle 62,17280.6750767123,9920.66636826711
Angle 62,17301.5115716103,9898.31622947335
Angle 62,17322.3386018011,9875.87824293989
Angle 62,17343.1561323743,9853.35249081283
Angle 62,17363.9641282402,9830.73905578145
Angle 62,17384.762554129,9808.03802108153
Angle 62,17405.5513745908,9785.24947049863
Angle 62,17426.3305539951,9762.37348837141
Angle 62,17447.1000565303,9739.41015959493
Angle 62,17467.8598462032,9716.359569624
Angle 62,17488.6098868389,9693.2218044765
Angle 62,17509.3501420804,9669.99695073678
Angle 62,17530.0805753878,9646.685095559
Angle 62,17550.8011500383,9623.28632667052
Angle 62,17571.5118291258,9599.8007323753
Angle 62,17592.2125755601,9576.22840155728
Angle 62,17612.903352067,9552.56942368388
Angle 62,17633.5841211875,9528.82388880932
Angle 62,17654.2548452778,9504.99188757816
Angle 62,17674.9154865085,9481.07351122872
Angle 62,17695.5660068644,9457.06885159655
Angle 62,17716.2063681442,9432.97800111791
Angle 62,17736.8365319598,9408.80105283328
Angle 62,17757.4564597362,9384.53810039086
Angle 62,17778.066112711,9360.18923805009
Angle 62,17798.6654519339,9335.75456068518
Angle 62,17819.2544382666,9311.23416378866
Angle 62,17839.8330323819,9286.62814347493
Angle 62,17860.4011947639,9261.93659648382
Angle 62,17880.958885707,9237.1596201842
Angle 62,17901.506065316,9212.29731257754
Angle 62,17922.0426935056,9187.34977230152
Angle 62,17942.5687299999,9162.31709863366
Angle 62,17963.0841343317,9137.19939149496
Angle 62,17983.5888658429,9111.99675145347
Angle 62,18004.0828836835,9086.70927972803
Angle 62,18024.5661468113,9061.33707819187
Angle 62,18045.0386139916,9035.88024937632
Angle 62,18065.5002437969,9010.33889647444
Angle 62,18085.9509946063,8984.7131233448
Angle 62,18106.3908246054,8959.00303451511
Angle 62,18126.8196917857,8933.20873518599
Angle 62,18147.237553944,8907.33033123465
Angle 62,18167.6443686829,8881.36792921867
Angle 62,18188.0400934092,8855.32163637974
Angle 62,18208.4246853346,8829.19156064742
Angle 62,18228.7981014748,8802.97781064289
Angle 62,18249.1602986491,8776.68049568276
Angle 62,18269.5112334803,8750.29972578286
Angle 62,18289.8508623941,8723.83561166203
Angle 62,18310.179141619,8697.28826474591
Angle 62,18330.4960271855,8670.65779717083
Angle 62,18350.8014749264,8643.94432178756
Angle 62,18371.0954404759,8617.14795216522
Angle 62,18391.3778792693,8590.26880259507
Angle 62,18411.648746543,8563.30698809443
Angle 62,18431.9079973339,8536.2626244105
Angle 62,18452.1555864791,8509.13582802426
Angle 62,18472.3914686155,8481.92671615436
Angle 62,18492.6155981797,8454.63540676099
Angle 62,18512.8279294073,8427.26201854983
Angle 62,18533.0284163332,8399.80667097592
Angle 62,18553.2170127903,8372.2694842476
Angle 62,18573.3936724103,8344.65057933042
Angle 62,18593.5583486224,8316.95007795111
Angle 62,18613.7109946539,8289.1681026015
Angle 62,18633.851563529,8261.30477654246
Angle 62,18653.9800080692,8233.3602238079
Angle 62,18674.0962808927,8205.33456920868
Angle 62,18694.200334414,8177.22793833663
Angle 62,18714.2921208441,8149.04045756852
Angle 62,18734.3715921895,8120.77225407002
Angle 62,18754.4387002526,8092.4234557997
Angle 62,18774.493396631,8063.99419151307
Angle 62,18794.5356327175,8035.48459076651
Angle 62,18814.5653596995,8006.89478392134
Angle 62,18834.5825285592,7978.22490214781
Angle 62,18854.5870900731,7949.47507742913
Angle 62,18874.5789948115,7920.64544256546
Angle 62,18894.558193139,7891.73613117799
Angle 62,18914.5246352133,7862.74727771292
Angle 62,18934.4782709859,7833.67901744556
Angle 62,18954.4190502013,7804.53148648431
Angle 62,18974.3469223968,7775.30482177472
Angle 62,18994.2618369028,7745.99916110358
Angle 62,19014.1637428419,7716.6146431029
Angle 62,19034.0525891293,7687.15140725402
Angle 62,19053.9283244722,7657.60959389164
Angle 62,19073.79089737,7627.98934420789
Angle 62,19093.6402561137,7598.29080025637
Angle 62,19113.476348786,7568.51410495623
Angle 62,19133.2991232614,7538.65940209621
Angle 62,19153.1085272053,7508.72683633873
Angle 62,19172.9045080747,7478.71655322396
Angle 62,19192.6870131174,7448.62869917381
Angle 62,19212.4559893724,7418.4634214961
Angle 62,19232.2113836693,7388.22086838853
Angle 62,19251.9531426287,7357.90118894282
Angle 62,19271.6812126616,7327.5045331487
Angle 62,19291.3955399698,7297.031051898
Angle 62,19311.0960705452,7266.48089698875
Angle 62,19330.7827501704,7235.85422112914
Angle 62,19350.4555244182,7205.15117794166
Angle 62,19370.1143386518,7174.3719219671
Angle 62,19389.7591380244,7143.51660866863
Angle 62,19409.3898674795,7112.58539443581
Angle 62,19429.0064717509,7081.57843658864
Angle 62,19448.6088953623,7050.4958933816
Angle 62,19468.1970826278,7019.33792400767
Angle 62,19487.7709776513,6988.10468860237
Angle 62,19507.3305243273,6956.79634824773
Angle 62,19526.8756663401,6925.41306497638
Angle 62,19546.4063471644,6893.95500177547
Angle 62,19565.9225100652,6862.42232259074
Angle 62,19585.4240980978,6830.81519233043
Angle 62,19604.9110541077,6799.13377686935
Angle 62,19624.3833207311,6767.37824305278
Angle 62,19643.8408403947,6735.54875870049
Angle 62,19663.2835553159,6703.64549261064
Angle 62,19682.7114075028,6671.66861456376
Angle 62,19702.1243387545,6639.61829532668
Angle 62,19721.522290661,6607.49470665645
Angle 62,19740.9052046036,6575.29802130424
Angle 62,19760.273021755,6543.02841301927
Angle 62,19779.6256830795,6510.68605655265
Angle 62,19798.9631293328,6478.27112766131
Angle 62,19818.285301063,6445.78380311181
Angle 62,19837.5921386099,6413.22426068422
Angle 62,19856.8835821059,6380.59267917595
Angle 62,19876.1595714761,6347.88923840554
Angle 62,19895.4200464384,6315.1141192165
Angle 62,19914.6649465036,6282.26750348105
Angle 62,19933.8942109763,6249.34957410396
Angle 62,19953.1077789547,6216.3605150262
Angle 62,19972.3055893309,6183.30051122878
Angle 62,19991.4875807916,6150.16974873639
Angle 62,20010.6536918181,6116.96841462111
Angle 62,20029.8038606866,6083.69669700613
Angle 62,20048.938025469,6050.35478506933
Angle 62,20068.056124033,6016.942869047
Angle 62,20087.1580940425,5983.46114023737
Angle 62,20106.2438729579,5949.90979100428
Angle 62,20125.3133980368,5916.28901478067
Angle 62,20144.3666063346,5882.5990060722
Angle 62,20163.4034347042,5848.8399604607
Angle 62,20182.4238197974,5815.01207460774
Angle 62,20201.4276980649,5781.11554625804
Angle 62,20220.4150057568,5747.15057424292
Angle 62,20239.3856789234,5713.11735848377
Angle 62,20258.3396534154,5679.01609999538
Angle 62,20277.276864885,5644.84700088932
Angle 62,20296.1972487858,5610.61026437729
Angle 62,20315.100740374,5576.30609477443
Angle 62,20333.9872747087,5541.93469750255
Angle 62,20352.8567866526,5507.4962790934
Angle 62,20371.7092108729,5472.99104719189
Angle 62,20390.5444818415,5438.41921055925
Angle 62,20409.362533836,5403.78097907619
Angle 62,20428.1633009407,5369.076563746
Angle 62,20446.9467170465,5334.30617669763
Angle 62,20465.7127158527,5299.47003118872
Angle 62,20484.4612308669,5264.56834160864
Angle 62,20503.1921954063,5229.60132348142
Angle 62,20521.9055425982,5194.56919346869
Angle 62,20540.6012053813,5159.47216937258
Angle 62,20559.2791165059,5124.31047013857
Angle 62,20577.9392085353,5089.0843158583
Angle 62,20596.5814138466,5053.79392777234
Angle 62,20615.2056646314,5018.43952827292
Angle 62,20633.8118928969,4983.02134090661
Angle 62,20652.4000304668,4947.53959037699
Angle 62,20670.9700089825,4911.99450254722
Angle 62,20689.5217599037,4876.3863044426
Angle 62,20708.0552145098,4840.71522425309
Angle 62,20726.5703039007,4804.98149133576
Angle 62,20745.0669589979,4769.18533621722
Angle 62,20763.5451105459,4733.32699059595
Angle 62,20782.0046891128,4697.40668734466
Angle 62,20800.4456250918,4661.42466051253
Angle 62,20818.8678487023,4625.38114532744
Angle 62,20837.2712899911,4589.27637819811
Angle 62,20855.6558788333,4553.11059671624
Angle 62,20874.021544934,4516.88403965853
Angle 62,20892.3682178294,4480.59694698872
Angle 62,20910.6958268877,4444.2495598595
Angle 62,20929.0043013111,4407.84212061445
Angle 62,20947.2935701364,4371.3748727898
Angle 62,20965.5635622369,4334.84806111627
Angle 62,20983.8142063236,4298.26193152076
Angle 62,21002.0454309463,4261.61673112799
Angle 62,21020.2571644955,4224.91270826212
Angle 62,21038.4493352037,4188.15011244825
Angle 62,21056.6218711467,4151.32919441393
Angle 62,21074.7747002451,4114.45020609052
Angle 62,21092.9077502661,4077.51340061456
Angle 62,21111.020948825,4040.51903232904
Angle 62,21129.1142233865,4003.46735678461
Angle 62,21147.1875012664,3966.35863074068
Angle 62,21165.2407096335,3929.19311216655
Angle 62,21183.273775511,3891.97106024237
Angle 62,21201.2866257782,3854.69273536009
Angle 62,21219.2791871724,3817.3583991243
Angle 62,21237.2513862902,3779.96831435304
Angle 62,21255.2031495899,3742.52274507849
Angle 62,21273.1344033928,3705.02195654762
Angle 62,21291.0450738852,3667.46621522276
Angle 62,21308.93508712,3629.85578878206
Angle 62,21326.8043690192,3592.19094611991
Angle 62,21344.6528453752,3554.47195734729
Angle 62,21362.4804418527,3516.69909379198
Angle 62,21380.2870839913,3478.87262799877
Angle 62,21398.0726972067,3440.99283372952
Angle 62,21415.8372067934,3403.05998596318
Angle 62,21433.5805379262,3365.07436089569
Angle 62,21451.3026156626,3327.03623593985
Angle 62,21469.0033649447,3288.94588972505
Angle 62,21486.6827106016,3250.80360209693
Angle 62,21504.3405773513,3212.60965411698
Angle 62,21521.976889803,3174.36432806199
Angle 62,21539.5915724591,3136.06790742351
Angle 62,21557.1845497179,3097.72067690709
Angle 62,21574.7557458756,3059.32292243156
Angle 62,21592.3050851285,3020.87493112809
Angle 62,21609.8324915753,2982.37699133928
Angle 62,21627.3378892201,2943.82939261807
Angle 62,21644.8212019738,2905.23242572656
Angle 62,21662.2823536573,2866.5863826348
Angle 62,21679.7212680037,2827.89155651939
Angle 62,21697.1378686607,2789.14824176209
Angle 62,21714.5320791931,2750.35673394817
Angle 62,21731.9038230855,2711.51732986487
Angle 62,21749.2530237449,2672.63032749957
Angle 62,21766.5796045032,2633.69602603795
Angle 62,21783.8834886195,2594.71472586204
Angle 62,21801.1645992836,2555.68672854818
Angle 62,21818.4228596179,2516.61233686479
Angle 62,21835.6581926804,2477.49185477013
Angle 62,21852.8705214677,2438.32558740995
Angle 62,21870.0597689173,2399.11384111493
Angle 62,21887.2258579108,2359.85692339812
Angle 62,21904.3687112767,2320.55514295223
Angle 62,21921.4882517931,2281.20880964681
Angle 62,21938.5844021908,2241.81823452529
Angle 62,21955.6570851561,2202.38372980196
Angle 62,21972.7062233338,2162.90560885881
Angle 62,21989.7317393303,2123.38418624222
Angle 62,22006.7335557164,2083.81977765962
Angle 62,22023.7115950308,2044.21269997595
Angle 62,22040.6657797825,2004.56327121006
Angle 62,22057.5960324547,1964.87181053091
Angle 62,22074.5022755073,1925.1386382538
Angle 62,22091.3844313807,1885.36407583631
Angle 62,22108.2424224983,1845.54844587421
Angle 62,22125.0761712703,1805.6920720973
Angle 62,22141.8856000968,1765.79527936496
Angle 62,22158.670631371,1725.85839366176
Angle 62,22175.4311874828,1685.88174209286
Angle 62,22192.1671908219,1645.86565287923
Angle 62,22208.8785637811,1605.81045535288
Angle 62,22225.5652287603,1565.71647995185
Angle 62,22242.2271081692,1525.5840582151
Angle 62,22258.8641244313,1485.41352277732
Angle 62,22275.4761999873,1445.20520736356
Angle 62,22292.0632572985,1404.95944678374
Angle 62,22308.6252188506,1364.67657692704
Angle 62,22325.1620071571,1324.35693475617
Angle 62,22341.6735447629,1284.00085830146
Angle 62,22358.1597542482,1243.60868665489
Angle 62,22374.6205582319,1203.18075996393
Angle 62,22391.0558793758,1162.71741942528
Angle 62,22407.4656403875,1122.21900727843
Angle 62,22423.8497640251,1081.68586679917
Angle 62,22440.2081731004,1041.11834229287
Angle 62,22456.540790483,1000.51677908769
Angle 62,22472.8475391038,959.881523527626
Angle 62,22489.1283419596,919.212922965417
Angle 62,22505.383122116,878.511325755339
Angle 62,22521.6118027125,837.777081245839
Angle 62,22537.8143069653,797.010539772035
Angle 62,22553.9905581722,756.212052648083
Angle 62,22570.1404797162,715.381972159402
Angle 62,22586.2639950696,674.520651554762
Angle 62,22602.361027798,633.628445038228
Angle 62,22618.4315015645,592.705707760971
Angle 62,22634.4753401339,551.752795812929
Angle 62,22650.4924673766,510.770066214338
Angle 62,22666.4828072732,469.757876907114
Angle 62,22682.4462839179,428.7165867461
Angle 62,22698.3828215237,387.646555490165
Angle 62,22714.292344426,346.548143793169
Angle 62,22730.174777087,305.421713194778
Angle 62,22746.0300440999,264.267626111147
Angle 62,22761.8580701937,223.086245825449
Angle 62,22777.6587802368,181.877936478275
Angle 62,22793.432099242,140.643063057877
Angle 62,22809.1779523704,99.3819913902838
Angle 62,22824.8962649361,58.0950881292646
Angle 62,22840.5869624105,16.782720746151
Angle 62,22846.9460340387,0
Angle 63,0,0
Angle 63,31.6903528438193,62.0978194144448
Angle 63,63.2928789024431,123.925540655237
Angle 63,94.8087116166332,185.48565355766
Angle 63,126.238963071785,246.780599943605
Angle 63,157.584724536767,307.812774837824
Angle 63,188.847066985664,368.584527645571
Angle 63,220.027041603067,429.098163293093
Angle 63,251.125680273541,489.355943332395
Angle 63,282.143996055868,549.36008701162
Angle 63,313.08298364263,609.112772312319
Angle 63,343.943619805678,668.616136954871
Angle 63,374.726863828013,727.872279373197
Angle 63,405.433657922576,786.883259659921
Angle 63,436.064927638418,845.65110048304
Angle 63,466.621582254718,904.177787975151
Angle 63,497.104515163081,962.465272596203
Angle 63,527.514604238537,1020.51546997075
Angle 63,557.852712199638,1078.33026170056
Angle 63,588.119686958048,1135.91149615357
Angle 63,618.316361957987,1193.26098922983
Angle 63,648.443556505888,1250.38052510539
Angle 63,678.502076090606,1307.27185695492
Angle 63,708.492712694498,1363.9367076536
Angle 63,738.416245095703,1420.37677045922
Angle 63,768.273439161904,1476.59370967502
Angle 63,798.065048135873,1532.58916129399
Angle 63,827.791812913068,1588.36473362519
Angle 63,857.454462311561,1643.92200790279
Angle 63,887.05371333453,1699.26253887832
Angle 63,916.590271425587,1754.38785539672
Angle 63,946.064830717159,1809.29946095669
Angle 63,975.478074272155,1863.99883425594
Angle 63,1004.83067431914,1918.48742972174
Angle 63,1034.12329248124,1972.76667802731
Angle 63,1063.35657999892,2026.83798659437
Angle 63,1092.53117794693,2080.70274008259
Angle 63,1121.64771744551,2134.36230086598
Angle 63,1150.70681986609,2187.81800949693
Angle 63,1179.70909703167,2241.07118515811
Angle 63,1208.65515141195,2294.12312610277
Angle 63,1237.54557631352,2346.97511008361
Angle 63,1266.38095606514,2399.62839477071
Angle 63,1295.16186619833,2452.08421815886
Angle 63,1323.88887362338,2504.34379896449
Angle 63,1352.56253680094,2556.40833701273
Angle 63,1381.18340590928,2608.27901361459
Angle 63,1409.75202300749,2659.95699193494
Angle 63,1438.26892219445,2711.44341735119
Angle 63,1466.73462976413,2762.73941780326
Angle 63,1495.14966435681,2813.84610413487
Angle 63,1523.51453710688,2864.76457042651
Angle 63,1551.82975178684,2915.49589432038
Angle 63,1580.09580494792,2966.04113733741
Angle 63,1608.31318605736,3016.4013451867
Angle 63,1636.48237763232,3066.57754806751
Angle 63,1664.60385537065,3116.57076096412
Angle 63,1692.67808827858,3166.38198393367
Angle 63,1720.70553879539,3216.01220238718
Angle 63,1748.68666291513,3265.46238736408
Angle 63,1776.62191030558,3314.73349580024
Angle 63,1804.51172442434,3363.82647078977
Angle 63,1832.35654263236,3412.74224184086
Angle 63,1860.15679630478,3461.48172512565
Angle 63,1887.91291093925,3510.04582372439
Angle 63,1915.6253062618,3558.43542786407
Angle 63,1943.29439633033,3606.65141515162
Angle 63,1970.92058963572,3654.69465080184
Angle 63,1998.50428920072,3702.56598786021
Angle 63,2026.0458926766,3750.26626742074
Angle 63,2053.54579243764,3797.79631883894
Angle 63,2081.00437567361,3845.15695994007
Angle 63,2108.42202448011,3892.34899722286
Angle 63,2135.79911594701,3939.37322605867
Angle 63,2163.13602224488,3986.23043088636
Angle 63,2190.43311070966,4032.92138540289
Angle 63,2217.69074392538,4079.4468527498
Angle 63,2244.90927980518,4125.8075856957
Angle 63,2272.08907167056,4172.00432681477
Angle 63,2299.23046832892,4218.03780866155
Angle 63,2326.33381414955,4263.90875394191
Angle 63,2353.39944913787,4309.61787568044
Angle 63,2380.42770900821,4355.16587738436
Angle 63,2407.41892525508,4400.5534532039
Angle 63,2434.37342522283,4445.7812880894
Angle 63,2461.29153217401,4490.85005794509
Angle 63,2488.17356535624,4535.76042977971
Angle 63,2515.0198400677,4580.51306185402
Angle 63,2541.83066772128,4625.10860382529
Angle 63,2568.60635590749,4669.5476968888
Angle 63,2595.34720845595,4713.83097391649
Angle 63,2622.0535254958,4757.95905959277
Angle 63,2648.72560351478,4801.93257054762
Angle 63,2675.36373541712,4845.75211548698
Angle 63,2701.96821058038,4889.41829532055
Angle 63,2728.53931491104,4932.93170328704
Angle 63,2755.07733089905,4976.2929250769
Angle 63,2781.58253767129,5019.50253895264
Angle 63,2808.05521104399,5062.56111586684
Angle 63,2834.49562357408,5105.4692195777
Angle 63,2860.90404460961,5148.2274067625
Angle 63,2887.28074033914,5190.83622712871
Angle 63,2913.62597384018,5233.29622352303
Angle 63,2939.94000512671,5275.60793203831
Angle 63,2966.22309119577,5317.77188211836
Angle 63,2992.4754860732,5359.78859666084
Angle 63,3018.69744085847,5401.65859211811
Angle 63,3044.88920376865,5443.38237859617
Angle 63,3071.05102018161,5484.96045995182
Angle 63,3097.18313267833,5526.39333388784
Angle 63,3123.2857810845,5567.68149204649
Angle 63,3149.35920251125,5608.82542010121
Angle 63,3175.40363139523,5649.82559784666
Angle 63,3201.41929953782,5690.68249928699
Angle 63,3227.40643614377,5731.39659272261
Angle 63,3253.36526785897,5771.96834083522
Angle 63,3279.29601880765,5812.39820077142
Angle 63,3305.19891062885,5852.68662422465
Angle 63,3331.07416251223,5892.83405751573
Angle 63,3356.92199123322,5932.84094167194
Angle 63,3382.74261118758,5972.70771250457
Angle 63,3408.5362344253,6012.43480068522
Angle 63,3434.30307068389,6052.02263182058
Angle 63,3460.04332742111,6091.47162652601
Angle 63,3485.75720984709,6130.78220049768
Angle 63,3511.44492095589,6169.95476458351
Angle 63,3537.10666155648,6208.98972485285
Angle 63,3562.74263030326,6247.8874826649
Angle 63,3588.3530237259,6286.64843473593
Angle 63,3613.93803625882,6325.27297320535
Angle 63,3639.49786027002,6363.76148570058
Angle 63,3665.03268608952,6402.11435540088
Angle 63,3690.54270203722,6440.33196109996
Angle 63,3716.02809445033,6478.41467726758
Angle 63,3741.48904771034,6516.36287411011
Angle 63,3766.92574426948,6554.17691762994
Angle 63,3792.33836467679,6591.85716968403
Angle 63,3817.72708760367,6629.40398804134
Angle 63,3843.09208986909,6666.81772643935
Angle 63,3868.43354646431,6704.09873463958
Angle 63,3893.7516305772,6741.24735848221
Angle 63,3919.04651361615,6778.26393993979
Angle 63,3944.31836523361,6815.14881716997
Angle 63,3969.5673533492,6851.90232456749
Angle 63,3994.79364417245,6888.52479281517
Angle 63,4019.9974022252,6925.01654893414
Angle 63,4045.17879036354,6961.37791633316
Angle 63,4070.33796979951,6997.60921485728
Angle 63,4095.47510012235,7033.71076083548
Angle 63,4120.59033931944,7069.68286712775
Angle 63,4145.68384379692,7105.52584317125
Angle 63,4170.75576839992,7141.23999502578
Angle 63,4195.80626643254,7176.82562541853
Angle 63,4220.83548967742,7212.28303378807
Angle 63,4245.84358841507,7247.61251632763
Angle 63,4270.83071144288,7282.81436602774
Angle 63,4295.79700609377,7317.88887271813
Angle 63,4320.74261825459,7352.83632310898
Angle 63,4345.66769238428,7387.65700083152
Angle 63,4370.57237153161,7422.351186478
Angle 63,4395.45679735276,7456.919157641
Angle 63,4420.32111012857,7491.36118895213
Angle 63,4445.16544878154,7525.67755212014
Angle 63,4469.98995089254,7559.86851596844
Angle 63,4494.79475271731,7593.93434647196
Angle 63,4519.57998920263,7627.87530679357
Angle 63,4544.34579400231,7661.6916573198
Angle 63,4569.09229949289,7695.38365569609
Angle 63,4593.81963678913,7728.9515568615
Angle 63,4618.52793575923,7762.3956130828
Angle 63,4643.21732503986,7795.71607398818
Angle 63,4667.88793205089,7828.91318660031
Angle 63,4692.53988301,7861.98719536897
Angle 63,4717.17330294697,7894.93834220319
Angle 63,4741.78831571781,7927.76686650285
Angle 63,4766.38504401867,7960.47300518984
Angle 63,4790.96360939953,7993.05699273879
Angle 63,4815.52413227767,8025.51906120724
Angle 63,4840.066731951,8057.85944026547
Angle 63,4864.59152661111,8090.07835722578
Angle 63,4889.0986333562,8122.17603707145
Angle 63,4913.58816820377,8154.15270248513
Angle 63,4938.06024610312,8186.00857387698
Angle 63,4962.51498094773,8217.74386941224
Angle 63,4986.95248558739,8249.35880503847
Angle 63,5011.37287184016,8280.8535945124
Angle 63,5035.77625050421,8312.22844942638
Angle 63,5060.1627313694,8343.48357923439
Angle 63,5084.53242322878,8374.61919127776
Angle 63,5108.8854338899,8405.63549081046
Angle 63,5133.22187018588,8436.53268102403
Angle 63,5157.54183798644,8467.31096307219
Angle 63,5181.84544220868,8497.97053609505
Angle 63,5206.13278682776,8528.51159724296
Angle 63,5230.40397488742,8558.93434170014
Angle 63,5254.65910851027,8589.23896270778
Angle 63,5278.89828890811,8619.425651587
Angle 63,5303.12161639188,8649.49459776137
Angle 63,5327.32919038168,8679.44598877914
Angle 63,5351.5211094165,8709.28001033517
Angle 63,5375.69747116386,8738.99684629255
Angle 63,5399.85837242938,8768.59667870391
Angle 63,5424.00390916607,8798.07968783244
Angle 63,5448.13417648367,8827.44605217259
Angle 63,5472.24926865769,8856.69594847055
Angle 63,5496.34927913846,8885.82955174434
Angle 63,5520.43430055995,8914.84703530375
Angle 63,5544.50442474854,8943.7485707699
Angle 63,5568.55974273164,8972.53432809459
Angle 63,5592.6003447462,9001.20447557934
Angle 63,5616.62632024709,9029.75917989424
Angle 63,5640.63775791536,9058.19860609646
Angle 63,5664.63474566643,9086.52291764859
Angle 63,5688.61737065811,9114.73227643666
Angle 63,5712.58571929856,9142.82684278795
Angle 63,5736.53987725411,9170.80677548856
Angle 63,5760.47992945699,9198.67223180077
Angle 63,5784.40596011295,9226.4233674801
Angle 63,5808.31805270877,9254.0603367922
Angle 63,5832.2162900197,9281.58329252949
Angle 63,5856.10075411674,9308.9923860276
Angle 63,5879.97152637389,9336.28776718157
Angle 63,5903.82868747526,9363.46958446182
Angle 63,5927.6723174221,9390.53798492997
Angle 63,5951.50249553974,9417.49311425438
Angle 63,5975.31930048441,9444.33511672558
Angle 63,5999.12281025002,9471.06413527134
Angle 63,6022.91310217481,9497.68031147175
Angle 63,6046.69025294789,9524.18378557391
Angle 63,6070.45433861579,9550.57469650658
Angle 63,6094.20543458881,9576.85318189452
Angle 63,6117.94361564737,9603.01937807277
Angle 63,6141.66895594821,9629.07342010059
Angle 63,6165.38152903058,9655.01544177538
Angle 63,6189.08140782227,9680.84557564632
Angle 63,6212.76866464566,9706.56395302787
Angle 63,6236.44337122358,9732.1707040131
Angle 63,6260.10559868516,9757.66595748682
Angle 63,6283.75541757162,9783.0498411386
Angle 63,6307.39289784194,9808.32248147557
Angle 63,6331.01810887846,9833.4840038351
Angle 63,6354.63111949244,9858.53453239729
Angle 63,6378.23199792953,9883.47419019731
Angle 63,6401.82081187517,9908.3030991376
Angle 63,6425.39762845989,9933.02137999993
Angle 63,6448.96251426462,9957.62915245725
Angle 63,6472.51553532585,9982.12653508545
Angle 63,6496.05675714078,10006.513645375
Angle 63,6519.58624467234,10030.7905997422
Angle 63,6543.10406235427,10054.9575135409
Angle 63,6566.61027409596,10079.0145010733
Angle 63,6590.10494328738,10102.9616756011
Angle 63,6613.58813280387,10126.7991493563
Angle 63,6637.05990501092,10150.5270335524
Angle 63,6660.52032176879,10174.1454383945
Angle 63,6683.9694444372,10197.65447309
Angle 63,6707.40733387989,10221.0542458591
Angle 63,6730.83405046912,10244.344863945
Angle 63,6754.24965409011,10267.5264336239
Angle 63,6777.65420414548,10290.5990602152
Angle 63,6801.04775955958,10313.5628480913
Angle 63,6824.43037878276,10336.4179006874
Angle 63,6847.80211979563,10359.164320511
Angle 63,6871.16304011323,10381.8022091519
Angle 63,6894.51319678915,10404.3316672909
Angle 63,6917.85264641966,10426.7527947099
Angle 63,6941.18144514768,10449.0656903005
Angle 63,6964.49964866676,10471.2704520736
Angle 63,6987.80731222507,10493.3671771679
Angle 63,7011.1044906292,10515.3559618592
Angle 63,7034.39123824805,10537.2369015689
Angle 63,7057.66760901659,10559.010090873
Angle 63,7080.93365643957,10580.6756235102
Angle 63,7104.18943359528,10602.233592391
Angle 63,7127.43499313911,10623.6840896056
Angle 63,7150.67038730722,10645.0272064323
Angle 63,7173.89566792004,10666.263033346
Angle 63,7197.11088638581,10687.3916600259
Angle 63,7220.31609370406,10708.4131753635
Angle 63,7243.51134046898,10729.3276674711
Angle 63,7266.69667687285,10750.135223689
Angle 63,7289.87215270938,10770.8359305934
Angle 63,7313.03781737697,10791.4298740042
Angle 63,7336.19371988199,10811.9171389927
Angle 63,7359.33990884201,10832.2978098885
Angle 63,7382.47643248896,10852.5719702877
Angle 63,7405.60333867226,10872.7397030594
Angle 63,7428.72067486196,10892.8010903537
Angle 63,7451.82848815173,10912.7562136084
Angle 63,7474.92682526197,10932.605153556
Angle 63,7498.01573254274,10952.3479902311
Angle 63,7521.09525597669,10971.9848029772
Angle 63,7544.16544118206,10991.5156704532
Angle 63,7567.22633341546,11010.9406706407
Angle 63,7590.27797757476,11030.2598808502
Angle 63,7613.32041820191,11049.4733777283
Angle 63,7636.35369948568,11068.5812372637
Angle 63,7659.3778652644,11087.583534794
Angle 63,7682.39295902868,11106.4803450121
Angle 63,7705.39902392409,11125.2717419725
Angle 63,7728.39610275376,11143.9577990976
Angle 63,7751.38423798101,11162.5385891837
Angle 63,7774.36347173194,11181.0141844078
Angle 63,7797.33384579793,11199.3846563329
Angle 63,7820.29540163817,11217.6500759144
Angle 63,7843.24818038215,11235.8105135063
Angle 63,7866.19222283209,11253.8660388665
Angle 63,7889.12756946538,11271.8167211634
Angle 63,7912.05426043691,11289.6626289807
Angle 63,7934.97233558153,11307.4038303243
Angle 63,7957.88183441628,11325.0403926269
Angle 63,7980.78279614273,11342.5723827541
Angle 63,8003.67525964927,11359.9998670102
Angle 63,8026.55926351332,11377.322911143
Angle 63,8049.43484600357,11394.5415803499
Angle 63,8072.30204508214,11411.6559392828
Angle 63,8095.16089840677,11428.6660520538
Angle 63,8118.01144333295,11445.5719822402
Angle 63,8140.853716916,11462.3737928898
Angle 63,8163.68775591318,11479.0715465262
Angle 63,8186.51359678573,11495.6653051538
Angle 63,8209.33127570091,11512.1551302628
Angle 63,8232.14082853397,11528.5410828344
Angle 63,8254.9422908702,11544.8232233457
Angle 63,8277.7356980068,11561.0016117745
Angle 63,8300.52108495485,11577.0763076044
Angle 63,8323.29848644123,11593.0473698293
Angle 63,8346.06793691047,11608.9148569587
Angle 63,8368.82947052662,11624.678827022
Angle 63,8391.58312117508,11640.3393375732
Angle 63,8414.32892246442,11655.8964456959
Angle 63,8437.06690772815,11671.3502080076
Angle 63,8459.7971100265,11686.7006806642
Angle 63,8482.51956214817,11701.9479193651
Angle 63,8505.23429661201,11717.0919793567
Angle 63,8527.94134566875,11732.1329154379
Angle 63,8550.64074130269,11747.0707819637
Angle 63,8573.33251523332,11761.9056328499
Angle 63,8596.01669891697,11776.6375215775
Angle 63,8618.69332354843,11791.2665011967
Angle 63,8641.36242006253,11805.7926243314
Angle 63,8664.0240191357,11820.2159431834
Angle 63,8686.67815118756,11834.5365095362
Angle 63,8709.32484638242,11848.7543747598
Angle 63,8731.96413463079,11862.869589814
Angle 63,8754.59604559088,11876.8822052532
Angle 63,8777.22060867009,11890.7922712299
Angle 63,8799.83785302643,11904.5998374991
Angle 63,8822.44780756998,11918.3049534218
Angle 63,8845.05050096428,11931.9076679694
Angle 63,8867.64596162775,11945.4080297272
Angle 63,8890.23421773507,11958.8060868985
Angle 63,8912.8152972185,11972.1018873084
Angle 63,8935.3892277693,11985.2954784075
Angle 63,8957.95603683896,11998.3869072757
Angle 63,8980.51575164058,12011.3762206261
Angle 63,9003.06839915012,12024.2634648085
Angle 63,9025.61400610771,12037.0486858129
Angle 63,9048.15259901885,12049.7319292738
Angle 63,9070.68420415571,12062.3132404732
Angle 63,9093.20884755829,12074.7926643442
Angle 63,9115.7265550357,12087.1702454752
Angle 63,9138.23735216726,12099.4460281127
Angle 63,9160.74126430376,12111.620056165
Angle 63,9183.23831656856,12123.6923732062
Angle 63,9205.72853385877,12135.6630224788
Angle 63,9228.21194084632,12147.5320468979
Angle 63,9250.68856197914,12159.299489054
Angle 63,9273.15842148223,12170.9653912169
Angle 63,9295.6215433587,12182.5297953386
Angle 63,9318.07795139091,12193.9927430571
Angle 63,9340.52766914146,12205.3542756992
Angle 63,9362.97071995426,12216.6144342841
Angle 63,9385.40712695553,12227.7732595266
Angle 63,9407.83691305484,12238.8307918405
Angle 63,9430.26010094607,12249.7870713415
Angle 63,9452.67671310843,12260.6421378504
Angle 63,9475.08677180737,12271.3960308967
Angle 63,9497.49029909561,12282.0487897213
Angle 63,9519.88731681399,12292.6004532798
Angle 63,9542.2778465925,12303.0510602457
Angle 63,9564.6619098511,12313.4006490134
Angle 63,9587.03952780067,12323.6492577011
Angle 63,9609.41072144389,12333.7969241542
Angle 63,9631.77551157614,12343.8436859482
Angle 63,9654.13391878631,12353.7895803913
Angle 63,9676.48596345769,12363.6346445283
Angle 63,9698.8316657688,12373.3789151425
Angle 63,9721.17104569424,12383.0224287597
Angle 63,9743.50412300545,12392.5652216502
Angle 63,9765.83091727158,12402.0073298324
Angle 63,9788.15144786022,12411.3487890754
Angle 63,9810.46573393824,12420.589634902
Angle 63,9832.77379447252,12429.7299025914
Angle 63,9855.07564823072,12438.7696271824
Angle 63,9877.37131378204,12447.7088434757
Angle 63,9899.66080949793,12456.5475860375
Angle 63,9921.94415355284,12465.2858892013
Angle 63,9944.22136392493,12473.9237870718
Angle 63,9966.4924583968,12482.4613135268
Angle 63,9988.75745455611,12490.8985022205
Angle 63,10011.0163697964,12499.2353865858
Angle 63,10033.2692213175,12507.4719998375
Angle 63,10055.5160261267,12515.6083749747
Angle 63,10077.7568010387,12523.6445447838
Angle 63,10099.9915626769,12531.5805418409
Angle 63,10122.2203274738,12539.4163985145
Angle 63,10144.4431116714,12547.1521469685
Angle 63,10166.6599313221,12554.7878191644
Angle 63,10188.8708022895,12562.3234468645
Angle 63,10211.0757402483,12569.7590616339
Angle 63,10233.2747606856,12577.0946948436
Angle 63,10255.4678789012,12584.3303776729
Angle 63,10277.6551100081,12591.4661411121
Angle 63,10299.8364689332,12598.5020159651
Angle 63,10322.0119704178,12605.4380328517
Angle 63,10344.1816290183,12612.2742222106
Angle 63,10366.3454591062,12619.0106143016
Angle 63,10388.5034748696,12625.6472392085
Angle 63,10410.6556903128,12632.1841268411
Angle 63,10432.8021192573,12638.6213069383
Angle 63,10454.9427753421,12644.9588090703
Angle 63,10477.0776720244,12651.1966626412
Angle 63,10499.2068225801,12657.3348968914
Angle 63,10521.330240104,12663.3735409001
Angle 63,10543.4479375106,12669.312623588
Angle 63,10565.5599275343,12675.1521737196
Angle 63,10587.6662227303,12680.8922199054
Angle 63,10609.7668354745,12686.5327906049
Angle 63,10631.8617779645,12692.0739141288
Angle 63,10653.9510622195,12697.515618641
Angle 63,10676.0347000814,12702.857932162
Angle 63,10698.1127032145,12708.1008825702
Angle 63,10720.1850831065,12713.2444976052
Angle 63,10742.2518510689,12718.2888048697
Angle 63,10764.3130182368,12723.2338318322
Angle 63,10786.3685955703,12728.0796058292
Angle 63,10808.418593854,12732.8261540676
Angle 63,10830.4630236979,12737.473503627
Angle 63,10852.5018955377,12742.0216814624
Angle 63,10874.5352196352,12746.4707144063
Angle 63,10896.5630060785,12750.8206291709
Angle 63,10918.5852647828,12755.0714523508
Angle 63,10940.6020054902,12759.2232104252
Angle 63,10962.6132377708,12763.2759297603
Angle 63,10984.6189710222,12767.2296366113
Angle 63,11006.6192144707,12771.0843571252
Angle 63,11028.6139771711,12774.8401173427
Angle 63,11050.6032680072,12778.4969432011
Angle 63,11072.5870956923,12782.0548605357
Angle 63,11094.5654687694,12785.513895083
Angle 63,11116.5383956115,12788.8740724825
Angle 63,11138.5058844221,12792.135418279
Angle 63,11160.4679432355,12795.2979579252
Angle 63,11182.4245799168,12798.3617167836
Angle 63,11204.3758021628,12801.326720129
Angle 63,11226.3216175019,12804.1929931507
Angle 63,11248.2620332944,12806.9605609549
Angle 63,11270.1970567333,12809.6294485666
Angle 63,11292.1266948438,12812.1996809324
Angle 63,11314.0509544845,12814.6712829222
Angle 63,11335.969842347,12817.0442793317
Angle 63,11357.8833649566,12819.3186948849
Angle 63,11379.7915286724,12821.4945542358
Angle 63,11401.6943396877,12823.571881971
Angle 63,11423.5918040304,12825.5507026119
Angle 63,11445.4839275628,12827.4310406167
Angle 63,11467.3707159825,12829.212920383
Angle 63,11489.2521748225,12830.8963662496
Angle 63,11511.1283094511,12832.481402499
Angle 63,11532.9991250727,12833.9680533596
Angle 63,11554.8646267278,12835.3563430076
Angle 63,11576.7248192932,12836.6462955696
Angle 63,11598.5797074826,12837.8379351246
Angle 63,11620.4292958465,12838.9312857062
Angle 63,11642.2735887726,12839.9263713048
Angle 63,11664.1125904864,12840.8232158697
Angle 63,11685.9463050507,12841.6218433116
Angle 63,11707.7747363666,12842.3222775043
Angle 63,11729.5978881734,12842.9245422872
Angle 63,11751.4157640488,12843.4286614676
Angle 63,11773.2283674095,12843.8346588224
Angle 63,11795.035701511,12844.1425581005
Angle 63,11816.8377694482,12844.3523830254
Angle 63,11838.6345741555,12844.4641572965
Angle 63,11860.4261184069,12844.4779045919
Angle 63,11882.2124048167,12844.3936485704
Angle 63,11903.9934358391,12844.2114128735
Angle 63,11925.7692137691,12843.9312211277
Angle 63,11947.5397407422,12843.5530969467
Angle 63,11969.305018735,12843.0770639332
Angle 63,11991.0650495651,12842.5031456816
Angle 63,12012.8198348917,12841.8313657795
Angle 63,12034.5693762156,12841.0617478103
Angle 63,12056.3136748794,12840.1943153551
Angle 63,12078.052732068,12839.229091995
Angle 63,12099.7865488084,12838.1661013131
Angle 63,12121.5151259703,12837.0053668964
Angle 63,12143.2384642662,12835.7469123385
Angle 63,12164.9565642516,12834.3907612411
Angle 63,12186.6694263251,12832.9369372166
Angle 63,12208.3770507288,12831.3854638896
Angle 63,12230.0794375486,12829.7363649
Angle 63,12251.7765867141,12827.9896639038
Angle 63,12273.4684979991,12826.1453845765
Angle 63,12295.1551710217,12824.2035506143
Angle 63,12316.8366052445,12822.1641857364
Angle 63,12338.5127999748,12820.0273136874
Angle 63,12360.1837543648,12817.792958239
Angle 63,12381.8494674121,12815.4611431925
Angle 63,12403.5099379593,12813.0318923803
Angle 63,12425.1651646949,12810.5052296687
Angle 63,12446.8151461528,12807.8811789593
Angle 63,12468.4598807133,12805.1597641915
Angle 63,12490.0993666024,12802.3410093446
Angle 63,12511.7336018929,12799.4249384396
Angle 63,12533.3625845039,12796.4115755414
Angle 63,12554.9863122013,12793.3009447609
Angle 63,12576.6047825982,12790.0930702571
Angle 63,12598.2179931545,12786.7879762391
Angle 63,12619.8259411776,12783.385686968
Angle 63,12641.4286238226,12779.8862267595
Angle 63,12663.0260380922,12776.2896199853
Angle 63,12684.6181808369,12772.5958910755
Angle 63,12706.2050487555,12768.8050645207
Angle 63,12727.786638395,12764.9171648739
Angle 63,12749.3629461511,12760.9322167526
Angle 63,12770.9339682678,12756.8502448409
Angle 63,12792.4997008381,12752.6712738915
Angle 63,12814.0601398043,12748.3953287277
Angle 63,12835.6152809575,12744.0224342456
Angle 63,12857.1651199384,12739.5526154159
Angle 63,12878.7096522372,12734.9858972861
Angle 63,12900.2488731939,12730.3223049827
Angle 63,12921.7827779984,12725.5618637129
Angle 63,12943.3113616907,12720.7045987668
Angle 63,12964.8346191608,12715.7505355195
Angle 63,12986.3525451495,12710.6996994328
Angle 63,13007.8651342479,12705.5521160579
Angle 63,13029.3723808981,12700.3078110367
Angle 63,13050.8742793928,12694.9668101042
Angle 63,13072.3708238759,12689.5291390906
Angle 63,13093.8620083427,12683.9948239231
Angle 63,13115.3478266397,12678.363890628
Angle 63,13136.828272465,12672.6363653328
Angle 63,13158.3033393683,12666.8122742681
Angle 63,13179.7730207513,12660.8916437699
Angle 63,13201.2373098675,12654.874500281
Angle 63,13222.6961998228,12648.7608703539
Angle 63,13244.1496835751,12642.550780652
Angle 63,13265.597753935,12636.2442579522
Angle 63,13287.0404035655,12629.8413291465
Angle 63,13308.4776249823,12623.3420212443
Angle 63,13329.9094105539,12616.7463613742
Angle 63,13351.335752502,12610.0543767864
Angle 63,13372.7566429013,12603.2660948542
Angle 63,13394.1720736796,12596.3815430764
Angle 63,13415.5820366182,12589.4007490789
Angle 63,13436.9865233519,12582.3237406174
Angle 63,13458.385525369,12575.1505455788
Angle 63,13479.7790340117,12567.8811919834
Angle 63,13501.1670404759,12560.5157079868
Angle 63,13522.5495358116,12553.0541218824
Angle 63,13543.9265109227,12545.4964621028
Angle 63,13565.2979565675,12537.8427572222
Angle 63,13586.6638633584,12530.093035958
Angle 63,13608.0242217622,12522.2473271735
Angle 63,13629.3790221005,12514.3056598793
Angle 63,13650.7282545491,12506.2680632355
Angle 63,13672.0719091388,12498.134566554
Angle 63,13693.409975755,12489.9051992998
Angle 63,13714.742444138,12481.579991094
Angle 63,13736.0693038833,12473.1589717149
Angle 63,13757.3905444411,12464.6421711006
Angle 63,13778.7061551169,12456.0296193509
Angle 63,13800.0161250715,12447.3213467291
Angle 63,13821.320443321,12438.5173836643
Angle 63,13842.6190987366,12429.6177607532
Angle 63,13863.9120800452,12420.6225087623
Angle 63,13885.1993758291,12411.5316586299
Angle 63,13906.4809745261,12402.345241468
Angle 63,13927.7568644299,12393.0632885644
Angle 63,13949.0270336896,12383.6858313848
Angle 63,13970.2914703101,12374.2129015748
Angle 63,13991.5501621522,12364.6445309618
Angle 63,14012.8030969324,12354.9807515572
Angle 63,14034.0502622231,12345.2215955585
Angle 63,14055.2916454528,12335.367095351
Angle 63,14076.5272339058,12325.4172835103
Angle 63,14097.7570147223,12315.372192804
Angle 63,14118.9809748989,12305.2318561937
Angle 63,14140.1991012878,12294.9963068376
Angle 63,14161.4113805977,12284.6655780918
Angle 63,14182.6177993931,12274.2397035129
Angle 63,14203.8183440947,12263.7187168598
Angle 63,14225.0130009795,12253.1026520959
Angle 63,14246.2017561804,12242.3915433911
Angle 63,14267.3845956867,12231.5854251239
Angle 63,14288.5615053435,12220.6843318833
Angle 63,14309.7324708525,12209.6882984711
Angle 63,14330.8974777713,12198.5973599039
Angle 63,14352.0565115136,12187.4115514152
Angle 63,14373.2095573494,12176.1309084575
Angle 63,14394.3566004047,12164.7554667041
Angle 63,14415.4976256617,12153.2852620517
Angle 63,14436.6326179586,12141.7203306222
Angle 63,14457.7615619897,12130.0607087647
Angle 63,14478.8844423053,12118.3064330579
Angle 63,14500.0012433118,12106.4575403119
Angle 63,14521.1119492713,12094.5140675704
Angle 63,14542.2165443022,12082.4760521132
Angle 63,14563.3150123783,12070.3435314578
Angle 63,14584.4073373297,12058.1165433615
Angle 63,14605.4935028419,12045.7951258242
Angle 63,14626.5734924564,12033.3793170897
Angle 63,14647.6472895702,12020.8691556486
Angle 63,14668.7148774359,12008.2646802397
Angle 63,14689.7762391616,11995.5659298528
Angle 63,14710.8313577111,11982.7729437304
Angle 63,14731.8802159031,11969.8857613703
Angle 63,14752.9227964121,11956.9044225273
Angle 63,14773.9590817676,11943.8289672156
Angle 63,14794.9890543542,11930.6594357111
Angle 63,14816.0126964116,11917.3958685534
Angle 63,14837.0299900344,11904.0383065479
Angle 63,14858.0409171722,11890.5867907684
Angle 63,14879.0454596291,11877.0413625589
Angle 63,14900.043599064,11863.402063536
Angle 63,14921.0353169905,11849.6689355909
Angle 63,14942.0205947762,11835.8420208921
Angle 63,14962.9994136433,11821.921361887
Angle 63,14983.9717546682,11807.9070013048
Angle 63,15004.9375987813,11793.798982158
Angle 63,15025.8969267667,11779.5973477454
Angle 63,15046.8497192627,11765.3021416538
Angle 63,15067.7959567609,11750.9134077605
Angle 63,15088.7356196066,11736.4311902356
Angle 63,15109.6686879984,11721.8555335442
Angle 63,15130.5951419882,11707.1864824487
Angle 63,15151.514961481,11692.4240820109
Angle 63,15172.4281262344,11677.5683775949
Angle 63,15193.3346158592,11662.6194148686
Angle 63,15214.2344098185,11647.5772398066
Angle 63,15235.1274874278,11632.4418986923
Angle 63,15256.0138278551,11617.2134381203
Angle 63,15276.8934101201,11601.8919049987
Angle 63,15297.7662130948,11586.4773465515
Angle 63,15318.6322155026,11570.9698103208
Angle 63,15339.4913959186,11555.3693441693
Angle 63,15360.343732769,11539.6759962827
Angle 63,15381.1892043315,11523.8898151721
Angle 63,15402.0277887345,11508.0108496762
Angle 63,15422.859463957,11492.0391489639
Angle 63,15443.6842078289,11475.9747625365
Angle 63,15464.5019980302,11459.8177402304
Angle 63,15485.3128120909,11443.5681322194
Angle 63,15506.1166273912,11427.2259890169
Angle 63,15526.9134211606,11410.7913614788
Angle 63,15547.7031704784,11394.2643008054
Angle 63,15568.4858522728,11377.6448585446
Angle 63,15589.2614433213,11360.9330865934
Angle 63,15610.0299202499,11344.1290372015
Angle 63,15630.7912595332,11327.2327629727
Angle 63,15651.5454374941,11310.2443168683
Angle 63,15672.2924303035,11293.1637522091
Angle 63,15693.03221398,11275.9911226779
Angle 63,15713.7647643899,11258.7264823225
Angle 63,15734.4900572466,11241.3698855576
Angle 63,15755.2080681106,11223.9213871679
Angle 63,15775.9187723891,11206.3810423103
Angle 63,15796.6221453357,11188.7489065167
Angle 63,15817.3181620503,11171.0250356965
Angle 63,15838.0067974788,11153.2094861393
Angle 63,15858.6880264126,11135.302314517
Angle 63,15879.3618234887,11117.3035778873
Angle 63,15900.0281631888,11099.2133336955
Angle 63,15920.6870198398,11081.0316397776
Angle 63,15941.338367613,11062.7585543629
Angle 63,15961.9821805237,11044.3941360764
Angle 63,15982.6184324315,11025.9384439417
Angle 63,16003.2470970394,11007.3915373839
Angle 63,16023.8681478937,10988.7534762316
Angle 63,16044.4815583839,10970.0243207203
Angle 63,16065.087301742,10951.2041314949
Angle 63,16085.6853510425,10932.2929696121
Angle 63,16106.275679202,10913.2908965437
Angle 63,16126.8582589788,10894.1979741788
Angle 63,16147.4330629728,10875.0142648271
Angle 63,16168.0000636249,10855.7398312212
Angle 63,16188.5592332167,10836.3747365197
Angle 63,16209.1105438705,10816.9190443096
Angle 63,16229.6539675486,10797.3728186099
Angle 63,16250.189476053,10777.7361238734
Angle 63,16270.7170410255,10758.0090249904
Angle 63,16291.2366339467,10738.191587291
Angle 63,16311.7482261361,10718.2838765482
Angle 63,16332.2517887517,10698.2859589807
Angle 63,16352.7472927894,10678.1979012558
Angle 63,16373.234709083,10658.0197704923
Angle 63,16393.7140083037,10637.7516342635
Angle 63,16414.1851609596,10617.3935605998
Angle 63,16434.6481373957,10596.945617992
Angle 63,16455.1029077931,10576.4078753941
Angle 63,16475.5494421688,10555.7804022261
Angle 63,16495.9877103756,10535.0632683774
Angle 63,16516.4176821015,10514.2565442093
Angle 63,16536.8393268692,10493.3603005581
Angle 63,16557.2526140359,10472.3746087385
Angle 63,16577.657512793,10451.2995405461
Angle 63,16598.0539921657,10430.1351682607
Angle 63,16618.4420210124,10408.8815646492
Angle 63,16638.8215680244,10387.5388029691
Angle 63,16659.1926017259,10366.106956971
Angle 63,16679.555090473,10344.5861009017
Angle 63,16699.9090024538,10322.976309508
Angle 63,16720.2543056878,10301.277658039
Angle 63,16740.5909680256,10279.4902222495
Angle 63,16760.9189571483,10257.6140784036
Angle 63,16781.2382405674,10235.6493032768
Angle 63,16801.5487856244,10213.5959741605
Angle 63,16821.8505594899,10191.4541688638
Angle 63,16842.143529164,10169.223965718
Angle 63,16862.4276614752,10146.9054435786
Angle 63,16882.7029230804,10124.4986818296
Angle 63,16902.9692804644,10102.0037603857
Angle 63,16923.2266999396,10079.4207596965
Angle 63,16943.4751476451,10056.749760749
Angle 63,16963.7145895472,10033.9908450714
Angle 63,16983.944991438,10011.144094736
Angle 63,17004.1663189357,9988.20959236275
Angle 63,17024.3785374841,9965.18742112238
Angle 63,17044.5816123518,9942.07766473987
Angle 63,17064.775508632,9918.88040749769
Angle 63,17084.9601912425,9895.59573423917
Angle 63,17105.1356249246,9872.22373037188
Angle 63,17125.3017742431,9848.76448187099
Angle 63,17145.4586035859,9825.21807528264
Angle 63,17165.6060771633,9801.58459772737
Angle 63,17185.7441590079,9777.86413690351
Angle 63,17205.8728129742,9754.05678109063
Angle 63,17225.9920027379,9730.16261915294
Angle 63,17246.1016917955,9706.1817405428
Angle 63,17266.2018434642,9682.11423530414
Angle 63,17286.2924208815,9657.96019407593
Angle 63,17306.3733870041,9633.71970809574
Angle 63,17326.4447046086,9609.39286920315
Angle 63,17346.5063362899,9584.97976984334
Angle 63,17366.5582444617,9560.4805030706
Angle 63,17386.6003913557,9535.89516255186
Angle 63,17406.6327390211,9511.22384257024
Angle 63,17426.6552493244,9486.46663802866
Angle 63,17446.6678839491,9461.62364445337
Angle 63,17466.6706043947,9436.69495799758
Angle 63,17486.6633719769,9411.68067544505
Angle 63,17506.6461478272,9386.58089421371
Angle 63,17526.6188928917,9361.39571235929
Angle 63,17546.5815679319,9336.12522857898
Angle 63,17566.5341335231,9310.76954221504
Angle 63,17586.4765500549,9285.32875325855
Angle 63,17606.4087777303,9259.80296235299
Angle 63,17626.3307765654,9234.19227079802
Angle 63,17646.2425063891,9208.49678055312
Angle 63,17666.1439268425,9182.71659424135
Angle 63,17686.0349973789,9156.85181515306
Angle 63,17705.9156772627,9130.90254724961
Angle 63,17725.7859255699,9104.86889516716
Angle 63,17745.6457011868,9078.75096422042
Angle 63,17765.4949628104,9052.5488604064
Angle 63,17785.3336689473,9026.26269040822
Angle 63,17805.161777914,8999.89256159891
Angle 63,17824.9792478358,8973.4385820452
Angle 63,17844.7860366472,8946.90086051134
Angle 63,17864.5821020906,8920.27950646297
Angle 63,17884.3674017168,8893.57463007089
Angle 63,17904.1418928842,8866.78634221496
Angle 63,17923.9055327581,8839.91475448797
Angle 63,17943.6582783112,8812.95997919946
Angle 63,17963.4000863223,8785.92212937967
Angle 63,17983.1309133766,8758.80131878339
Angle 63,18002.8507158648,8731.59766189384
Angle 63,18022.5594499833,8704.31127392665
Angle 63,18042.2570717333,8676.94227083373
Angle 63,18061.9435369209,8649.49076930722
Angle 63,18081.6188011564,8621.95688678342
Angle 63,18101.2828198542,8594.34074144675
Angle 63,18120.9355482322,8566.64245223372
Angle 63,18140.5769413117,8538.86213883686
Angle 63,18160.206953917,8510.99992170874
Angle 63,18179.8255406748,8483.05592206593
Angle 63,18199.4326560144,8455.030261893
Angle 63,18219.0282541669,8426.92306394651
Angle 63,18238.612289165,8398.73445175906
Angle 63,18258.1847148428,8370.46454964324
Angle 63,18277.7454848354,8342.11348269573
Angle 63,18297.2945525785,8313.68137680126
Angle 63,18316.8318713084,8285.16835863672
Angle 63,18336.3573940612,8256.57455567513
Angle 63,18355.871073673,8227.90009618978
Angle 63,18375.3728627794,8199.1451092582
Angle 63,18394.8627138152,8170.3097247663
Angle 63,18414.3405790139,8141.39407341238
Angle 63,18433.806410408,8112.39828671128
Angle 63,18453.2601598282,8083.32249699837
Angle 63,18472.7017789034,8054.16683743374
Angle 63,18492.1312190603,8024.9314420062
Angle 63,18511.5484315232,7995.61644553745
Angle 63,18530.9533673138,7966.22198368613
Angle 63,18550.3459772509,7936.74819295197
Angle 63,18569.7262119503,7907.19521067987
Angle 63,18589.0940218243,7877.56317506402
Angle 63,18608.4493570816,7847.85222515204
Angle 63,18627.7921677274,7818.06250084907
Angle 63,18647.1224035625,7788.19414292191
Angle 63,18666.440014184,7758.24729300316
Angle 63,18685.7449489841,7728.2220935953
Angle 63,18705.0371571508,7698.11868807489
Angle 63,18724.3165876672,7667.93722069664
Angle 63,18743.5831893114,7637.67783659759
Angle 63,18762.8369106566,7607.34068180121
Angle 63,18782.0777000706,7576.92590322155
Angle 63,18801.3055057158,7546.43364866738
Angle 63,18820.5202755492,7515.86406684631
Angle 63,18839.7219573218,7485.21730736894
Angle 63,18858.9104985792,7454.49352075299
Angle 63,18878.0858466609,7423.69285842742
Angle 63,18897.2479487001,7392.8154727366
Angle 63,18916.3967516244,7361.86151694438
Angle 63,18935.5322021547,7330.83114523827
Angle 63,18954.6542468059,7299.72451273352
Angle 63,18973.7628318864,7268.5417754773
Angle 63,18992.8579034982,7237.28309045277
Angle 63,19011.9394075367,7205.94861558318
Angle 63,19031.0072896908,7174.53850973605
Angle 63,19050.061495443,7143.05293272722
Angle 63,19069.101970069,7111.49204532494
Angle 63,19088.1286586379,7079.85600925403
Angle 63,19107.1415060122,7048.1449871999
Angle 63,19126.1404568479,7016.35914281267
Angle 63,19145.1254555943,6984.49864071124
Angle 63,19164.0964464941,6952.56364648734
Angle 63,19183.0533735835,6920.55432670962
Angle 63,19201.9961806922,6888.47084892768
Angle 63,19220.9248114437,6856.31338167613
Angle 63,19239.8392092547,6824.08209447862
Angle 63,19258.7393173361,6791.77715785184
Angle 63,19277.6250786922,6759.39874330957
Angle 63,19296.4964361217,6726.94702336669
Angle 63,19315.3533322169,6694.42217154311
Angle 63,19334.1957093646,6661.82436236784
Angle 63,19353.0235097458,6629.15377138288
Angle 63,19371.836675336,6596.41057514723
Angle 63,19390.6351479053,6563.59495124081
Angle 63,19409.4188690189,6530.70707826838
Angle 63,19428.1877800366,6497.7471358635
Angle 63,19446.9418221139,6464.71530469236
Angle 63,19465.6809362014,6431.61176645773
Angle 63,19484.4050630455,6398.43670390278
Angle 63,19503.1141431888,6365.19030081498
Angle 63,19521.8081169697,6331.87274202989
Angle 63,19540.4869245234,6298.48421343499
Angle 63,19559.1505057818,6265.0249019735
Angle 63,19577.7988004738,6231.49499564814
Angle 63,19596.4317481259,6197.89468352488
Angle 63,19615.0492880621,6164.2241557367
Angle 63,19633.6513594047,6130.48360348732
Angle 63,19652.2379010744,6096.67321905485
Angle 63,19670.8088517908,6062.79319579552
Angle 63,19689.3641500726,6028.84372814729
Angle 63,19707.9037342383,5994.8250116335
Angle 63,19726.4275424065,5960.73724286648
Angle 63,19744.9355124963,5926.58061955111
Angle 63,19763.4275822277,5892.35534048839
Angle 63,19781.9036891224,5858.06160557898
Angle 63,19800.3637705039,5823.69961582666
Angle 63,19818.8077634981,5789.26957334185
Angle 63,19837.2356050343,5754.77168134504
Angle 63,19855.6472318449,5720.20614417019
Angle 63,19874.0425804669,5685.57316726814
Angle 63,19892.4215872415,5650.87295720995
Angle 63,19910.7841883157,5616.10572169027
Angle 63,19929.1303196421,5581.27166953054
Angle 63,19947.45991698,5546.37101068237
Angle 63,19965.772915896,5511.40395623068
Angle 63,19984.0692517645,5476.37071839691
Angle 63,20002.3488597685,5441.27151054223
Angle 63,20020.6116749004,5406.1065471706
Angle 63,20038.8576319624,5370.87604393189
Angle 63,20057.0866655679,5335.58021762493
Angle 63,20075.2987101414,5300.21928620049
Angle 63,20093.4936999201,5264.79346876431
Angle 63,20111.6715689542,5229.30298557999
Angle 63,20129.832251108,5193.74805807189
Angle 63,20147.9756800605,5158.12890882799
Angle 63,20166.1017893066,5122.44576160269
Angle 63,20184.2105121577,5086.6988413196
Angle 63,20202.3017817426,5050.88837407421
Angle 63,20220.3755310089,5015.01458713665
Angle 63,20238.4316927234,4979.07770895424
Angle 63,20256.4701994732,4943.07796915412
Angle 63,20274.490983667,4907.01559854579
Angle 63,20292.4939775359,4870.89082912359
Angle 63,20310.4791131343,4834.70389406914
Angle 63,20328.4463223412,4798.45502775372
Angle 63,20346.3955368614,4762.14446574067
Angle 63,20364.3266882262,4725.77244478759
Angle 63,20382.2397077948,4689.33920284865
Angle 63,20400.1345267555,4652.84497907675
Angle 63,20418.0110761268,4616.29001382563
Angle 63,20435.8692867586,4579.67454865197
Angle 63,20453.7090893334,4542.99882631739
Angle 63,20471.5304143676,4506.26309079044
Angle 63,20489.3331922128,4469.46758724845
Angle 63,20507.117353057,4432.61256207942
Angle 63,20524.882826926,4395.69826288379
Angle 63,20542.6295436848,4358.72493847615
Angle 63,20560.3574330389,4321.69283888691
Angle 63,20578.0664245357,4284.6022153639
Angle 63,20595.756447566,4247.4533203739
Angle 63,20613.4274313651,4210.24640760409
Angle 63,20631.0793050149,4172.9817319635
Angle 63,20648.7119974449,4135.65954958429
Angle 63,20666.325437434,4098.28011782307
Angle 63,20683.9195536118,4060.84369526205
Angle 63,20701.4942744602,4023.35054171021
Angle 63,20719.0495283155,3985.80091820434
Angle 63,20736.5852433694,3948.19508701001
Angle 63,20754.1013476708,3910.53331162254
Angle 63,20771.5977691278,3872.81585676777
Angle 63,20789.0744355091,3835.04298840288
Angle 63,20806.5312744459,3797.21497371705
Angle 63,20823.9682134335,3759.3320811321
Angle 63,20841.3851798333,3721.39458030298
Angle 63,20858.7821008744,3683.40274211828
Angle 63,20876.1589036557,3645.35683870057
Angle 63,20893.5155151475,3607.25714340671
Angle 63,20910.8518621937,3569.10393082805
Angle 63,20928.1678715133,3530.89747679059
Angle 63,20945.4634697029,3492.638058355
Angle 63,20962.7385832382,3454.32595381658
Angle 63,20979.9931384764,3415.96144270516
Angle 63,20997.2270616581,3377.54480578486
Angle 63,21014.440278909,3339.07632505382
Angle 63,21031.6327162428,3300.55628374379
Angle 63,21048.8042995627,3261.98496631965
Angle 63,21065.9549546635,3223.36265847886
Angle 63,21083.0846072344,3184.68964715077
Angle 63,21100.1931828607,3145.9662204959
Angle 63,21117.280607026,3107.19266790504
Angle 63,21134.346805115,3068.36927999837
Angle 63,21151.3917024152,3029.49634862435
Angle 63,21168.4152241197,2990.57416685864
Angle 63,21185.4172953291,2951.60302900282
Angle 63,21202.3978410546,2912.58323058308
Angle 63,21219.3567862195,2873.51506834877
Angle 63,21236.2940556625,2834.39884027086
Angle 63,21253.2095741398,2795.2348455403
Angle 63,21270.1032663273,2756.02338456631
Angle 63,21286.975056824,2716.76475897445
Angle 63,21303.8248701537,2677.45927160476
Angle 63,21320.6526307681,2638.10722650962
Angle 63,21337.4582630492,2598.70892895163
Angle 63,21354.2416913122,2559.26468540134
Angle 63,21371.002839808,2519.7748035348
Angle 63,21387.7416327261,2480.23959223113
Angle 63,21404.457994197,2440.65936156989
Angle 63,21421.1518482955,2401.03442282834
Angle 63,21437.823119043,2361.36508847864
Angle 63,21454.4717304109,2321.65167218487
Angle 63,21471.0976063229,2281.89448879998
Angle 63,21487.7006706584,2242.09385436262
Angle 63,21504.280847255,2202.25008609382
Angle 63,21520.8380599119,2162.3635023936
Angle 63,21537.3722323926,2122.43442283743
Angle 63,21553.8832884281,2082.46316817254
Angle 63,21570.3711517198,2042.45006031421
Angle 63,21586.8357459426,2002.39542234183
Angle 63,21603.2769947484,1962.29957849488
Angle 63,21619.6948217687,1922.16285416881
Angle 63,21636.089150618,1881.98557591076
Angle 63,21652.4599048973,1841.76807141517
Angle 63,21668.8070081969,1801.51066951926
Angle 63,21685.1303841,1761.2137001984
Angle 63,21701.4299561856,1720.87749456132
Angle 63,21717.7056480324,1680.50238484522
Angle 63,21733.9573832217,1640.08870441073
Angle 63,21750.185085341,1599.63678773678
Angle 63,21766.3886779874,1559.14697041526
Angle 63,21782.5680847711,1518.61958914566
Angle 63,21798.7232293185,1478.05498172946
Angle 63,21814.8540352764,1437.45348706448
Angle 63,21830.960426315,1396.81544513904
Angle 63,21847.0423261316,1356.14119702601
Angle 63,21863.0996584542,1315.43108487674
Angle 63,21879.1323470453,1274.6854519148
Angle 63,21895.1403157054,1233.90464242966
Angle 63,21911.1234882764,1193.08900177015
Angle 63,21927.0817886459,1152.23887633784
Angle 63,21943.0151407507,1111.35461358029
Angle 63,21958.9234685802,1070.4365619841
Angle 63,21974.8066961809,1029.48507106789
Angle 63,21990.6647476594,988.500491375085
Angle 63,22006.497547187,947.483174466597
Angle 63,22022.3050190033,906.433472913348
Angle 63,22038.0870874198,865.351740288657
Angle 63,22053.8436768242,824.238331160485
Angle 63,22069.5747116844,783.09360108354
Angle 63,22085.2801165523,741.917906591232
Angle 63,22100.9598160676,700.711605187495
Angle 63,22116.6137349624,659.47505533846
Angle 63,22132.2417980648,618.208616463982
Angle 63,22147.8439303032,576.912648929034
Angle 63,22163.4200567104,535.587514034939
Angle 63,22178.9701024274,494.233574010478
Angle 63,22194.4939927082,452.851192002836
Angle 63,22209.9916529234,411.440732068412
Angle 63,22225.4630085648,370.002559163483
Angle 63,22240.9079852494,328.53703913472
Angle 63,22256.3265087236,287.044538709562
Angle 63,22271.7185048679,245.52542548644
Angle 63,22287.0838997007,203.980067924858
Angle 63,22302.4226193827,162.40883533533
Angle 63,22317.7345902217,120.812097869165
Angle 63,22333.0197386765,79.1902265081146
Angle 63,22348.2779913613,37.5435930538672
Angle 63,22362.0006474473,0
Angle 64,0,0
Angle 64,30.6000595304648,62.6414196078671
Angle 64,61.1153194588337,125.011245845689
Angle 64,91.5468795906005,187.111998929212
Angle 64,121.895818937989,248.946150307531
Angle 64,152.163196246428,310.516123902651
Angle 64,182.350050504254,371.824297309555
Angle 64,212.457401436305,432.87300295829
Angle 64,242.486249981984,493.664529239533
Angle 64,272.437578758423,554.201121594989
Angle 64,302.312352509264,614.484983573976
Angle 64,332.111518539627,674.518277857424
Angle 64,361.836007137756,734.303127250534
Angle 64,391.486731983846,793.841615645212
Angle 64,421.064590546515,853.135788953416
Angle 64,450.570464467368,912.187656012459
Angle 64,480.00521993409,970.999189463286
Angle 64,509.369708042476,1029.57232660269
Angle 64,538.66476514779,1087.90897021039
Angle 64,567.89121320584,1146.01098935191
Angle 64,597.04986010412,1203.88022015806
Angle 64,626.141499983376,1261.51846658181
Angle 64,655.166913549931,1318.92750113345
Angle 64,684.126868379075,1376.10906559471
Angle 64,713.022119209847,1433.06487171257
Angle 64,741.853408231484,1489.79660187347
Angle 64,770.621465361838,1546.3059097586
Angle 64,799.327008518015,1602.59442098081
Angle 64,827.970743879518,1658.66373370401
Angle 64,856.553366144117,1714.51541924525
Angle 64,885.07555877672,1770.1510226605
Angle 64,913.537994251447,1825.57206331426
Angle 64,941.941334287145,1880.78003543386
Angle 64,970.286230076563,1935.77640864871
Angle 64,998.573322509373,1990.56262851516
Angle 64,1026.80324238926,2045.14011702727
Angle 64,1054.97661064523,2099.51027311418
Angle 64,1083.09403853743,2153.67447312417
Angle 64,1111.15612785744,2207.6340712962
Angle 64,1139.16347112349,2261.39040021904
Angle 64,1167.1166517705,2314.94477127852
Angle 64,1195.01624433529,2368.29847509323
Angle 64,1222.86281463703,2421.45278193909
Angle 64,1250.65691995306,2474.40894216298
Angle 64,1278.39910919028,2527.16818658598
Angle 64,1306.08992305221,2579.73172689632
Angle 64,1333.72989420183,2632.10075603255
Angle 64,1361.31954742041,2684.27644855708
Angle 64,1388.85939976233,2736.25996102043
Angle 64,1416.34996070612,2788.0524323165
Angle 64,1443.7917323018,2839.65498402908
Angle 64,1471.18520931455,2891.06872076988
Angle 64,1498.53087936496,2942.29473050835
Angle 64,1525.82922306586,2993.33408489345
Angle 64,1553.0807141558,3044.18783956772
Angle 64,1580.28581962945,3094.8570344738
Angle 64,1607.44499986477,3145.34269415364
Angle 64,1634.55870874725,3195.64582804055
Angle 64,1661.62739379118,3245.76743074444
Angle 64,1688.65149625805,3295.70848233028
Angle 64,1715.63145127227,3345.46994859009
Angle 64,1742.56768793408,3395.05278130853
Angle 64,1769.46062942993,3444.45791852245
Angle 64,1796.31069314033,3493.68628477432
Angle 64,1823.11829074513,3542.73879135994
Angle 64,1849.88382832653,3591.61633657044
Angle 64,1876.60770646963,3640.31980592884
Angle 64,1903.29032036082,3688.85007242117
Angle 64,1929.93205988385,3737.20799672244
Angle 64,1956.53330971382,3785.39442741757
Angle 64,1983.09444940909,3833.41020121732
Angle 64,2009.61585350109,3881.25614316946
Angle 64,2036.09789158217,3928.93306686532
Angle 64,2062.54092839158,3976.44177464168
Angle 64,2088.94532389945,4023.78305777837
Angle 64,2115.31143338911,4070.95769669147
Angle 64,2141.63960753742,4117.96646112234
Angle 64,2167.93019249356,4164.81011032261
Angle 64,2194.18352995603,4211.48939323508
Angle 64,2220.39995724799,4258.00504867088
Angle 64,2246.57980739105,4304.3578054828
Angle 64,2272.7234091775,4350.54838273486
Angle 64,2298.83108724093,4396.57748986843
Angle 64,2324.90316212549,4442.44582686478
Angle 64,2350.93995035361,4488.15408440424
Angle 64,2376.94176449235,4533.70294402201
Angle 64,2402.90891321837,4579.0930782608
Angle 64,2428.84170138155,4624.32515082026
Angle 64,2454.74043006732,4669.39981670336
Angle 64,2480.60539665768,4714.31772235971
Angle 64,2506.43689489104,4759.07950582609
Angle 64,2532.2352149208,4803.68579686394
Angle 64,2558.00064337271,4848.13721709423
Angle 64,2583.73346340119,4892.4343801295
Angle 64,2609.43395474441,4936.57789170332
Angle 64,2635.10239377832,4980.56834979712
Angle 64,2660.73905356963,5024.40634476451
Angle 64,2686.34420392768,5068.0924594531
Angle 64,2711.91811145533,5111.62726932401
Angle 64,2737.46103959889,5155.01134256892
Angle 64,2762.97324869695,5198.24524022487
Angle 64,2788.45499602842,5241.32951628683
Angle 64,2813.90653585949,5284.26471781811
Angle 64,2839.3281194898,5327.05138505853
Angle 64,2864.71999529767,5369.69005153062
Angle 64,2890.08240878443,5412.18124414374
Angle 64,2915.415602618,5454.52548329616
Angle 64,2940.71981667555,5496.72328297526
Angle 64,2965.99528808537,5538.77515085581
Angle 64,2991.24225126804,5580.68158839639
Angle 64,3016.46093797668,5622.44309093396
Angle 64,3041.65157733657,5664.06014777674
Angle 64,3066.81439588397,5705.53324229526
Angle 64,3091.94961760424,5746.86285201174
Angle 64,3117.05746396925,5788.04944868791
Angle 64,3142.1381539741,5829.09349841105
Angle 64,3167.19190417319,5869.99546167854
Angle 64,3192.21892871557,5910.75579348086
Angle 64,3217.21943937972,5951.37494338308
Angle 64,3242.19364560765,5991.85335560476
Angle 64,3267.14175453841,6032.19146909858
Angle 64,3292.06397104098,6072.3897176274
Angle 64,3316.96049774657,6112.44852984001
Angle 64,3341.83153508035,6152.36832934549
Angle 64,3366.67728129264,6192.14953478624
Angle 64,3391.49793248949,6231.79255990976
Angle 64,3416.29368266276,6271.29781363906
Angle 64,3441.06472371966,6310.66570014194
Angle 64,3465.8112455118,6349.89661889896
Angle 64,3490.53343586365,6388.99096477026
Angle 64,3515.2314806006,6427.94912806119
Angle 64,3539.9055635765,6466.77149458684
Angle 64,3564.55586670068,6505.45844573537
Angle 64,3589.18256996455,6544.01035853034
Angle 64,3613.78585146777,6582.42760569188
Angle 64,3638.36588744389,6620.71055569688
Angle 64,3662.92285228561,6658.85957283809
Angle 64,3687.4569185696,6696.87501728224
Angle 64,3711.96825708093,6734.75724512718
Angle 64,3736.457036837,6772.50660845805
Angle 64,3760.92342511117,6810.12345540247
Angle 64,3785.36758745591,6847.60813018481
Angle 64,3809.78968772565,6884.96097317963
Angle 64,3834.18988809914,6922.18232096408
Angle 64,3858.56834910155,6959.27250636957
Angle 64,3882.92522962612,6996.23185853246
Angle 64,3907.26068695551,7033.06070294404
Angle 64,3931.57487678277,7069.75936149954
Angle 64,3955.86795323196,7106.32815254647
Angle 64,3980.14006887846,7142.76739093207
Angle 64,4004.39137476894,7179.07738805007
Angle 64,4028.62202044098,7215.25845188656
Angle 64,4052.83215394242,7251.31088706527
Angle 64,4077.02192185036,7287.23499489203
Angle 64,4101.19146928987,7323.03107339851
Angle 64,4125.3409399524,7358.69941738527
Angle 64,4149.47047611391,7394.24031846416
Angle 64,4173.58021865265,7429.65406509997
Angle 64,4197.67030706677,7464.94094265147
Angle 64,4221.74087949153,7500.10123341181
Angle 64,4245.79207271634,7535.13521664822
Angle 64,4269.82402220145,7570.04316864111
Angle 64,4293.83686209445,7604.82536272263
Angle 64,4317.83072524645,7639.48206931447
Angle 64,4341.80574322805,7674.01355596524
Angle 64,4365.76204634506,7708.42008738715
Angle 64,4389.69976365395,7742.70192549215
Angle 64,4413.6190229771,7776.85932942755
Angle 64,4437.51995091775,7810.89255561103
Angle 64,4461.40267287481,7844.80185776518
Angle 64,4485.2673130574,7878.58748695141
Angle 64,4509.11399449911,7912.24969160348
Angle 64,4532.94283907217,7945.78871756037
Angle 64,4556.75396750129,7979.20480809878
Angle 64,4580.54749937736,8012.49820396505
Angle 64,4604.32355317091,8045.66914340663
Angle 64,4628.08224624538,8078.71786220308
Angle 64,4651.82369487018,8111.64459369661
Angle 64,4675.54801423358,8144.44956882213
Angle 64,4699.25531845541,8177.1330161369
Angle 64,4722.94572059949,8209.69516184966
Angle 64,4746.61933268601,8242.13622984946
Angle 64,4770.27626570362,8274.45644173391
Angle 64,4793.9166296214,8306.65601683713
Angle 64,4817.54053340062,8338.73517225721
Angle 64,4841.14808500632,8370.69412288336
Angle 64,4864.73939141879,8402.53308142253
Angle 64,4888.31455864482,8434.25225842578
Angle 64,4911.87369172877,8465.85186231416
Angle 64,4935.41689476357,8497.3320994043
Angle 64,4958.94427090143,8528.69317393355
Angle 64,4982.45592236455,8559.93528808481
Angle 64,5005.95195045551,8591.05864201101
Angle 64,5029.43245556768,8622.06343385917
Angle 64,5052.89753719533,8652.94985979422
Angle 64,5076.34729394371,8683.71811402238
Angle 64,5099.7818235389,8714.36838881428
Angle 64,5123.20122283759,8744.90087452769
Angle 64,5146.60558783669,8775.31575963002
Angle 64,5169.99501368279,8805.61323072038
Angle 64,5193.36959468151,8835.79347255145
Angle 64,5216.72942430671,8865.85666805095
Angle 64,5240.07459520959,8895.80299834287
Angle 64,5263.40519922762,8925.63264276837
Angle 64,5286.7213273934,8955.34577890642
Angle 64,5310.02306994332,8984.9425825941
Angle 64,5333.31051632622,9014.42322794672
Angle 64,5356.58375521178,9043.7878873775
Angle 64,5379.84287449894,9073.03673161718
Angle 64,5403.08796132409,9102.16992973318
Angle 64,5426.31910206922,9131.18764914862
Angle 64,5449.53638236992,9160.09005566101
Angle 64,5472.73988712328,9188.87731346071
Angle 64,5495.92970049571,9217.54958514919
Angle 64,5519.10590593059,9246.10703175692
Angle 64,5542.26858615587,9274.54981276114
Angle 64,5565.41782319159,9302.87808610333
Angle 64,5588.5536983572,9331.09200820645
Angle 64,5611.67629227886,9359.19173399197
Angle 64,5634.78568489665,9387.17741689667
Angle 64,5657.88195547164,9415.04920888916
Angle 64,5680.96518259285,9442.80726048629
Angle 64,5704.0354441842,9470.45172076922
Angle 64,5727.0928175113,9497.98273739938
Angle 64,5750.13737918813,9525.40045663413
Angle 64,5773.1692051837,9552.70502334232
Angle 64,5796.18837082859,9579.89658101954
Angle 64,5819.19495082138,9606.97527180323
Angle 64,5842.18901923504,9633.94123648758
Angle 64,5865.1706495232,9660.79461453822
Angle 64,5888.13991452632,9687.53554410678
Angle 64,5911.09688647787,9714.16416204515
Angle 64,5934.04163701031,9740.68060391968
Angle 64,5956.9742371611,9767.0850040251
Angle 64,5979.89475737851,9793.37749539834
Angle 64,6002.80326752751,9819.55820983209
Angle 64,6025.69983689543,9845.62727788824
Angle 64,6048.58453419764,9871.58482891116
Angle 64,6071.45742758313,9897.43099104078
Angle 64,6094.31858464003,9923.16589122551
Angle 64,6117.16807240102,9948.78965523499
Angle 64,6140.00595734872,9974.30240767271
Angle 64,6162.83230542096,9999.70427198843
Angle 64,6185.64718201604,10024.9953704905
Angle 64,6208.4506519979,10050.1758243579
Angle 64,6231.24277970115,10075.2457536524
Angle 64,6254.0236289362,10100.2052773301
Angle 64,6276.79326299412,10125.0545132536
Angle 64,6299.55174465163,10149.7935782028
Angle 64,6322.29913617591,10174.422587887
Angle 64,6345.03549932934,10198.9416569559
Angle 64,6367.76089537429,10223.3508990106
Angle 64,6390.47538507771,10247.6504266147
Angle 64,6413.17902871579,10271.840351305
Angle 64,6435.87188607846,10295.9207836025
Angle 64,6458.55401647386,10319.8918330229
Angle 64,6481.22547873283,10343.7536080867
Angle 64,6503.88633121321,10367.5062163299
Angle 64,6526.5366318042,10391.1497643143
Angle 64,6549.17643793062,10414.6843576371
Angle 64,6571.80580655708,10438.1101009414
Angle 64,6594.42479419219,10461.4270979256
Angle 64,6617.03345689262,10484.6354513534
Angle 64,6639.63185026716,10507.7352630632
Angle 64,6662.22002948075,10530.726633978
Angle 64,6684.79804925838,10553.6096641142
Angle 64,6707.36596388904,10576.3844525912
Angle 64,6729.92382722953,10599.0510976406
Angle 64,6752.47169270832,10621.6096966152
Angle 64,6775.00961332925,10644.0603459979
Angle 64,6797.53764167526,10666.4031414106
Angle 64,6820.05582991207,10688.6381776226
Angle 64,6842.56422979179,10710.76554856
Angle 64,6865.06289265649,10732.7853473135
Angle 64,6887.55186944172,10754.6976661471
Angle 64,6910.03121068001,10776.5025965067
Angle 64,6932.50096650433,10798.2002290277
Angle 64,6954.96118665143,10819.7906535439
Angle 64,6977.41192046526,10841.273959095
Angle 64,6999.85321690027,10862.650233935
Angle 64,7022.28512452466,10883.9195655396
Angle 64,7044.70769152364,10905.0820406143
Angle 64,7067.12096570262,10926.1377451022
Angle 64,7089.52499449036,10947.0867641913
Angle 64,7111.91982494208,10967.929182322
Angle 64,7134.30550374256,10988.6650831951
Angle 64,7156.68207720915,11009.2945497784
Angle 64,7179.04959129481,11029.8176643146
Angle 64,7201.40809159103,11050.2345083282
Angle 64,7223.75762333079,11070.5451626323
Angle 64,7246.09823139145,11090.7497073366
Angle 64,7268.42996029759,11110.8482218532
Angle 64,7290.75285422386,11130.8407849043
Angle 64,7313.06695699774,11150.7274745288
Angle 64,7335.37231210229,11170.5083680888
Angle 64,7357.6689626789,11190.1835422764
Angle 64,7379.95695152994,11209.7530731206
Angle 64,7402.23632112142,11229.2170359931
Angle 64,7424.50711358565,11248.5755056157
Angle 64,7446.76937072376,11267.8285560658
Angle 64,7469.02313400829,11286.976260783
Angle 64,7491.26844458572,11306.0186925759
Angle 64,7513.50534327895,11324.9559236272
Angle 64,7535.73387058976,11343.7880255008
Angle 64,7557.95406670124,11362.5150691472
Angle 64,7580.1659714802,11381.13712491
Angle 64,7602.36962447954,11399.6542625312
Angle 64,7624.56506494058,11418.0665511578
Angle 64,7646.75233179537,11436.3740593468
Angle 64,7668.93146366899,11454.5768550717
Angle 64,7691.1024988818,11472.6750057274
Angle 64,7713.26547545167,11490.6685781368
Angle 64,7735.42043109617,11508.5576385552
Angle 64,7757.56740323473,11526.3422526768
Angle 64,7779.70642899083,11544.0224856396
Angle 64,7801.83754519407,11561.598402031
Angle 64,7823.9607883823,11579.0700658931
Angle 64,7846.07619480365,11596.4375407278
Angle 64,7868.18380041859,11613.7008895025
Angle 64,7890.28364090195,11630.8601746546
Angle 64,7912.3757516449,11647.9154580974
Angle 64,7934.46016775692,11664.8668012245
Angle 64,7956.53692406772,11681.7142649152
Angle 64,7978.60605512918,11698.4579095396
Angle 64,8000.66759521722,11715.0977949629
Angle 64,8022.72157833371,11731.6339805511
Angle 64,8044.76803820823,11748.0665251753
Angle 64,8066.80700829997,11764.3954872167
Angle 64,8088.83852179951,11780.620924571
Angle 64,8110.86261163056,11796.7428946537
Angle 64,8132.87931045173,11812.7614544044
Angle 64,8154.88865065828,11828.6766602912
Angle 64,8176.8906643838,11844.4885683157
Angle 64,8198.88538350191,11860.1972340172
Angle 64,8220.8728396279,11875.8027124774
Angle 64,8242.85306412041,11891.3050583248
Angle 64,8264.82608808303,11906.7043257388
Angle 64,8286.79194236589,11922.0005684546
Angle 64,8308.75065756727,11937.1938397669
Angle 64,8330.70226403512,11952.2841925347
Angle 64,8352.64679186863,11967.2716791854
Angle 64,8374.58427091974,11982.1563517187
Angle 64,8396.51473079464,11996.9382617112
Angle 64,8418.43820085523,12011.6174603203
Angle 64,8440.35471022062,12026.1939982882
Angle 64,8462.26428776854,12040.6679259461
Angle 64,8484.16696213677,12055.0392932184
Angle 64,8506.06276172455,12069.3081496263
Angle 64,8527.95171469394,12083.4745442918
Angle 64,8549.83384897122,12097.5385259422
Angle 64,8571.70919224824,12111.500142913
Angle 64,8593.57777198371,12125.3594431526
Angle 64,8615.43961540454,12139.1164742258
Angle 64,8637.29474950716,12152.7712833174
Angle 64,8659.14320105873,12166.3239172364
Angle 64,8680.98499659848,12179.7744224192
Angle 64,8702.82016243889,12193.1228449337
Angle 64,8724.64872466695,12206.3692304829
Angle 64,8746.47070914538,12219.5136244084
Angle 64,8768.28614151377,12232.5560716939
Angle 64,8790.09504718984,12245.4966169692
Angle 64,8811.89745137051,12258.3353045133
Angle 64,8833.69337903314,12271.0721782582
Angle 64,8855.48285493657,12283.7072817923
Angle 64,8877.26590362231,12296.2406583638
Angle 64,8899.04254941558,12308.6723508843
Angle 64,8920.81281642644,12321.0024019321
Angle 64,8942.57672855082,12333.2308537555
Angle 64,8964.33430947162,12345.3577482765
Angle 64,8986.08558265969,12357.3831270937
Angle 64,9007.83057137491,12369.307031486
Angle 64,9029.56929866717,12381.1295024155
Angle 64,9051.30178737737,12392.8505805311
Angle 64,9073.02806013841,12404.4703061718
Angle 64,9094.74813937616,12415.9887193693
Angle 64,9116.4620473104,12427.4058598522
Angle 64,9138.16980595577,12438.721767048
Angle 64,9159.87143712271,12449.9364800875
Angle 64,9181.56696241833,12461.0500378067
Angle 64,9203.25640324738,12472.062478751
Angle 64,9224.93978081307,12482.9738411774
Angle 64,9246.617116118,12493.7841630584
Angle 64,9268.28842996499,12504.4934820841
Angle 64,9289.95374295792,12515.1018356662
Angle 64,9311.61307550262,12525.6092609403
Angle 64,9333.26644780763,12536.0157947691
Angle 64,9354.91387988507,12546.3214737457
Angle 64,9376.5553915514,12556.526334196
Angle 64,9398.19100242824,12566.6304121821
Angle 64,9419.82073194313,12576.6337435047
Angle 64,9441.44459933029,12586.5363637068
Angle 64,9463.06262363142,12596.3383080756
Angle 64,9484.67482369636,12606.0396116463
Angle 64,9506.28121818393,12615.6403092042
Angle 64,9527.88182556255,12625.1404352881
Angle 64,9549.47666411103,12634.5400241928
Angle 64,9571.06575191922,12643.8391099717
Angle 64,9592.64910688873,12653.0377264403
Angle 64,9614.22674673358,12662.1359071781
Angle 64,9635.7986889809,12671.1336855322
Angle 64,9657.36495097159,12680.0310946194
Angle 64,9678.92554986094,12688.828167329
Angle 64,9700.48050261929,12697.524936326
Angle 64,9722.02982603265,12706.1214340531
Angle 64,9743.57353670335,12714.6176927341
Angle 64,9765.11165105059,12723.0137443761
Angle 64,9786.64418531112,12731.309620772
Angle 64,9808.17115553976,12739.5053535039
Angle 64,9829.69257761004,12747.6009739449
Angle 64,9851.20846721474,12755.5965132621
Angle 64,9872.71883986646,12763.4920024195
Angle 64,9894.22371089818,12771.2874721799
Angle 64,9915.72309546384,12778.9829531081
Angle 64,9937.21700853883,12786.5784755731
Angle 64,9958.70546492053,12794.074069751
Angle 64,9980.18847922889,12801.4697656272
Angle 64,10001.6660659069,12808.7655929992
Angle 64,10023.138239221,12815.9615814788
Angle 64,10044.6050132618,12823.0577604953
Angle 64,10066.0664019445,12830.054159297
Angle 64,10087.5224190091,12836.9508069548
Angle 64,10108.9730780214,12843.7477323638
Angle 64,10130.418392373,12850.4449642463
Angle 64,10151.858375282,12857.042531154
Angle 64,10173.2930397933,12863.5404614706
Angle 64,10194.7223987792,12869.9387834144
Angle 64,10216.14646494,12876.2375250402
Angle 64,10237.5652508039,12882.4367142424
Angle 64,10258.978768728,12888.5363787571
Angle 64,10280.3870308982,12894.5365461644
Angle 64,10301.7900493303,12900.4372438912
Angle 64,10323.1878358697,12906.2384992131
Angle 64,10344.5804021921,12911.9403392573
Angle 64,10365.9677598042,12917.5427910046
Angle 64,10387.3499200435,12923.045881292
Angle 64,10408.7268940792,12928.4496368149
Angle 64,10430.0986929121,12933.7540841298
Angle 64,10451.4653273756,12938.9592496562
Angle 64,10472.8268081355,12944.0651596792
Angle 64,10494.1831456906,12949.0718403521
Angle 64,10515.5343503731,12953.9793176981
Angle 64,10536.880432349,12958.7876176133
Angle 64,10558.221401618,12963.4967658685
Angle 64,10579.5572680147,12968.1067881119
Angle 64,10600.8880412079,12972.6177098713
Angle 64,10622.213730702,12977.0295565563
Angle 64,10643.5343458364,12981.3423534605
Angle 64,10664.8498957864,12985.5561257644
Angle 64,10686.1603895634,12989.6708985368
Angle 64,10707.4658360151,12993.6866967378
Angle 64,10728.7662438259,12997.6035452209
Angle 64,10750.0616215172,13001.4214687351
Angle 64,10771.3519774477,13005.1404919271
Angle 64,10792.6373198138,13008.7606393442
Angle 64,10813.9176566497,13012.2819354356
Angle 64,10835.1929958278,13015.7044045555
Angle 64,10856.4633450592,13019.0280709648
Angle 64,10877.7287118934,13022.2529588338
Angle 64,10898.9891037194,13025.3790922439
Angle 64,10920.2445277652,13028.4064951904
Angle 64,10941.4949910988,13031.3351915843
Angle 64,10962.7405006277,13034.1652052547
Angle 64,10983.9810630999,13036.8965599512
Angle 64,11005.2166851038,13039.5292793456
Angle 64,11026.4473730683,13042.0633870349
Angle 64,11047.6731332635,13044.4989065426
Angle 64,11068.8939718007,13046.8358613217
Angle 64,11090.1098946328,13049.0742747565
Angle 64,11111.3209075542,13051.2141701648
Angle 64,11132.5270162015,13053.2555708002
Angle 64,11153.7282260537,13055.1984998544
Angle 64,11174.924542432,13057.042980459
Angle 64,11196.1159705006,13058.7890356882
Angle 64,11217.3025152666,13060.4366885606
Angle 64,11238.4841815804,13061.9859620414
Angle 64,11259.6609741359,13063.4368790449
Angle 64,11280.8328974708,13064.7894624362
Angle 64,11301.9999559667,13066.0437350338
Angle 64,11323.1621538492,13067.1997196115
Angle 64,11344.3194951888,13068.2574389007
Angle 64,11365.4719839003,13069.2169155924
Angle 64,11386.6196237436,13070.0781723394
Angle 64,11407.7624183235,13070.8412317587
Angle 64,11428.9003710905,13071.5061164334
Angle 64,11450.0334853404,13072.0728489147
Angle 64,11471.161764215,13072.5414517244
Angle 64,11492.285210702,13072.9119473568
Angle 64,11513.4038276355,13073.1843582811
Angle 64,11534.5176176958,13073.3587069432
Angle 64,11555.6265834102,13073.4350157678
Angle 64,11576.7307271527,13073.4133071611
Angle 64,11597.8300511447,13073.2936035121
Angle 64,11618.9245574545,13073.0759271955
Angle 64,11640.0142479985,13072.7603005732
Angle 64,11661.0991245404,13072.346745997
Angle 64,11682.1791886921,13071.83528581
Angle 64,11703.2544419137,13071.2259423493
Angle 64,11724.3248855137,13070.518737948
Angle 64,11745.3905206492,13069.7136949372
Angle 64,11766.451348326,13068.8108356478
Angle 64,11787.5073693991,13067.8101824134
Angle 64,11808.5585845727,13066.7117575716
Angle 64,11829.6049944004,13065.5155834664
Angle 64,11850.6465992854,13064.2216824504
Angle 64,11871.6833994808,13062.8300768868
Angle 64,11892.7153950899,13061.3407891515
Angle 64,11913.742586066,13059.753841635
Angle 64,11934.7649722129,13058.0692567448
Angle 64,11955.7825531853,13056.2870569072
Angle 64,11976.7953284884,13054.4072645695
Angle 64,11997.8032974787,13052.4299022021
Angle 64,12018.8064593639,13050.3549923007
Angle 64,12039.804813203,13048.1825573878
Angle 64,12060.7983579069,13045.9126200155
Angle 64,12081.7870922381,13043.5452027671
Angle 64,12102.7710148112,13041.0803282593
Angle 64,12123.7501240932,13038.5180191444
Angle 64,12144.7244184033,13035.8582981119
Angle 64,12165.6938959134,13033.1011878911
Angle 64,12186.6585546481,13030.2467112528
Angle 64,12207.6183924852,13027.2948910116
Angle 64,12228.5734071554,13024.2457500276
Angle 64,12249.5235962432,13021.0993112088
Angle 64,12270.4689571861,13017.8555975129
Angle 64,12291.4094872758,13014.5146319495
Angle 64,12312.3451836576,13011.076437582
Angle 64,12333.2760433313,13007.5410375297
Angle 64,12354.2020631506,13003.90845497
Angle 64,12375.1232398239,13000.17871314
Angle 64,12396.0395699142,12996.351835339
Angle 64,12416.9510498393,12992.4278449303
Angle 64,12437.8576758722,12988.4067653432
Angle 64,12458.7594441409,12984.288620075
Angle 64,12479.6563506289,12980.0734326931
Angle 64,12500.5483911751,12975.7612268372
Angle 64,12521.4355614743,12971.352026221
Angle 64,12542.3178570772,12966.8458546343
Angle 64,12563.1952733905,12962.242735945
Angle 64,12584.0678056771,12957.5426941014
Angle 64,12604.9354490564,12952.7457531337
Angle 64,12625.7981985043,12947.8519371565
Angle 64,12646.6560488537,12942.8612703704
Angle 64,12667.508994794,12937.7737770644
Angle 64,12688.3570308721,12932.5894816175
Angle 64,12709.2001514919,12927.3084085009
Angle 64,12730.0383509148,12921.9305822803
Angle 64,12750.8716232597,12916.4560276171
Angle 64,12771.6999625032,12910.8847692713
Angle 64,12792.52336248,12905.216832103
Angle 64,12813.3418168826,12899.4522410742
Angle 64,12834.1553192617,12893.5910212515
Angle 64,12854.9638630266,12887.6331978073
Angle 64,12875.7674414447,12881.5787960224
Angle 64,12896.5660476423,12875.4278412877
Angle 64,12917.3596746046,12869.180359106
Angle 64,12938.1483151753,12862.8363750944
Angle 64,12958.9319620576,12856.3959149863
Angle 64,12979.7106078138,12849.8590046328
Angle 64,13000.4842448653,12843.2256700053
Angle 64,13021.2528654934,12836.4959371973
Angle 64,13042.0164618386,12829.6698324262
Angle 64,13062.7750259016,12822.7473820355
Angle 64,13083.5285495425,12815.7286124966
Angle 64,13104.2770244818,12808.6135504111
Angle 64,13125.0204423,12801.4022225123
Angle 64,13145.7587944377,12794.0946556678
Angle 64,13166.4920721962,12786.6908768806
Angle 64,13187.220266737,12779.1909132923
Angle 64,13207.9433690825,12771.5947921837
Angle 64,13228.6613701155,12763.9025409779
Angle 64,13249.3742605799,12756.1141872417
Angle 64,13270.0820310804,12748.2297586879
Angle 64,13290.7846720829,12740.2492831767
Angle 64,13311.4821739143,12732.1727887186
Angle 64,13332.1745267627,12724.0003034755
Angle 64,13352.8617206779,12715.7318557632
Angle 64,13373.5437455707,12707.3674740533
Angle 64,13394.2205912139,12698.9071869748
Angle 64,13414.8922472414,12690.3510233169
Angle 64,13435.5587031494,12681.69901203
Angle 64,13456.2199482953,12672.9511822285
Angle 64,13476.875971899,12664.1075631923
Angle 64,13497.5267630418,12655.168184369
Angle 64,13518.1723106674,12646.1330753758
Angle 64,13538.8126035815,12637.0022660014
Angle 64,13559.4476304519,12627.7757862084
Angle 64,13580.0773798087,12618.4536661347
Angle 64,13600.7018400443,12609.035936096
Angle 64,13621.3209994136,12599.5226265875
Angle 64,13641.9348460335,12589.9137682861
Angle 64,13662.5433678839,12580.209392052
Angle 64,13683.1465528069,12570.4095289313
Angle 64,13703.7443885071,12560.5142101575
Angle 64,13724.3368625521,12550.5234671538
Angle 64,13744.9239623716,12540.4373315349
Angle 64,13765.5056752585,12530.2558351092
Angle 64,13786.0819883681,12519.9790098807
Angle 64,13806.6528887185,12509.6068880509
Angle 64,13827.2183631906,12499.1395020212
Angle 64,13847.7783985282,12488.5768843945
Angle 64,13868.3329813378,12477.9190679774
Angle 64,13888.8820980887,12467.1660857823
Angle 64,13909.4257351131,12456.3179710293
Angle 64,13929.963878606,12445.3747571481
Angle 64,13950.4965146253,12434.3364777806
Angle 64,13971.0236290918,12423.2031667821
Angle 64,13991.5452077891,12411.9748582243
Angle 64,14012.0612363635,12400.6515863963
Angle 64,14032.5717003243,12389.2333858076
Angle 64,14053.0765850437,12377.7202911894
Angle 64,14073.5758757565,12366.1123374974
Angle 64,14094.0695575604,12354.409559913
Angle 64,14114.5576154158,12342.6119938461
Angle 64,14135.0400341459,12330.7196749369
Angle 64,14155.5167984365,12318.7326390579
Angle 64,14175.9878928361,12306.6509223158
Angle 64,14196.4533017559,12294.4745610542
Angle 64,14216.9130094695,12282.2035918551
Angle 64,14237.3670001131,12269.8380515412
Angle 64,14257.8152576855,12257.377977178
Angle 64,14278.2577660478,12244.8234060759
Angle 64,14298.6945089234,12232.1743757924
Angle 64,14319.1254698981,12219.4309241339
Angle 64,14339.5506324198,12206.5930891582
Angle 64,14359.9699797987,12193.6609091764
Angle 64,14380.383495207,12180.634422755
Angle 64,14400.791161679,12167.5136687182
Angle 64,14421.1929621107,12154.2986861498
Angle 64,14441.5888792602,12140.9895143958
Angle 64,14461.978895747,12127.5861930659
Angle 64,14482.3629940526,12114.0887620362
Angle 64,14502.7411565198,12100.4972614511
Angle 64,14523.113365353,12086.8117317255
Angle 64,14543.4796026178,12073.0322135471
Angle 64,14563.839850241,12059.1587478784
Angle 64,14584.1940900107,12045.1913759591
Angle 64,14604.5423035758,12031.1301393079
Angle 64,14624.8844724462,12016.9750797254
Angle 64,14645.2205779924,12002.7262392954
Angle 64,14665.5506014456,11988.383660388
Angle 64,14685.8745238974,11973.9473856613
Angle 64,14706.1923262998,11959.4174580636
Angle 64,14726.503989465,11944.7939208361
Angle 64,14746.8094940652,11930.0768175145
Angle 64,14767.1088206325,11915.2661919319
Angle 64,14787.4019495587,11900.3620882205
Angle 64,14807.6888610953,11885.3645508143
Angle 64,14827.969535353,11870.2736244511
Angle 64,14848.2439523021,11855.0893541751
Angle 64,14868.5120917715,11839.8117853386
Angle 64,14888.7739334495,11824.440963605
Angle 64,14909.0294568828,11808.9769349506
Angle 64,14929.2786414767,11793.4197456673
Angle 64,14949.5214664949,11777.7694423645
Angle 64,14969.7579110594,11762.0260719719
Angle 64,14989.9879541499,11746.1896817415
Angle 64,15010.2115746041,11730.26031925
Angle 64,15030.4287511171,11714.2380324013
Angle 64,15050.6394622416,11698.1228694288
Angle 64,15070.8436863873,11681.9148788978
Angle 64,15091.0414018208,11665.6141097079
Angle 64,15111.2325866656,11649.2206110953
Angle 64,15131.4172189015,11632.7344326352
Angle 64,15151.5952763649,11616.1556242444
Angle 64,15171.7667367479,11599.4842361837
Angle 64,15191.9315775987,11582.72031906
Angle 64,15212.089776321,11565.8639238292
Angle 64,15232.2413101739,11548.9151017985
Angle 64,15252.3861562714,11531.8739046286
Angle 64,15272.5242915827,11514.7403843367
Angle 64,15292.6556929314,11497.5145932984
Angle 64,15312.7803369954,11480.1965842507
Angle 64,15332.898200307,11462.7864102941
Angle 64,15353.0092592521,11445.2841248955
Angle 64,15373.1134900702,11427.6897818904
Angle 64,15393.2108688543,11410.0034354857
Angle 64,15413.3013715501,11392.2251402621
Angle 64,15433.3849739565,11374.3549511766
Angle 64,15453.4616517245,11356.3929235651
Angle 64,15473.5313803575,11338.3391131454
Angle 64,15493.594135211,11320.193576019
Angle 64,15513.6498914917,11301.9563686744
Angle 64,15533.6986242581,11283.6275479894
Angle 64,15553.7403084194,11265.2071712338
Angle 64,15573.7749187357,11246.6952960719
Angle 64,15593.8024298177,11228.0919805656
Angle 64,15613.8228161259,11209.3972831762
Angle 64,15633.8360519711,11190.6112627682
Angle 64,15653.8421115131,11171.733978611
Angle 64,15673.8409687614,11152.765490382
Angle 64,15693.8325975741,11133.7058581696
Angle 64,15713.816971658,11114.5551424753
Angle 64,15733.7940645681,11095.3134042168
Angle 64,15753.7638497074,11075.9807047309
Angle 64,15773.7263003265,11056.5571057759
Angle 64,15793.6813895231,11037.0426695345
Angle 64,15813.6290902421,11017.4374586166
Angle 64,15833.5693752749,10997.7415360622
Angle 64,15853.502217259,10977.954965344
Angle 64,15873.427588678,10958.0778103704
Angle 64,15893.3454618611,10938.1101354881
Angle 64,15913.2558089825,10918.0520054853
Angle 64,15933.1586020614,10897.9034855941
Angle 64,15953.0538129616,10877.664641494
Angle 64,15972.9414133909,10857.3355393139
Angle 64,15992.8213749011,10836.9162456359
Angle 64,16012.6936688871,10816.4068274976
Angle 64,16032.5582665873,10795.8073523953
Angle 64,16052.4151390824,10775.1178882868
Angle 64,16072.2642572956,10754.3385035943
Angle 64,16092.1055919923,10733.4692672078
Angle 64,16111.9391137791,10712.5102484873
Angle 64,16131.764793104,10691.4615172664
Angle 64,16151.5826002558,10670.3231438553
Angle 64,16171.3925053639,10649.0951990433
Angle 64,16191.1944783976,10627.7777541022
Angle 64,16210.9884891658,10606.3708807896
Angle 64,16230.7745073171,10584.8746513513
Angle 64,16250.5525023385,10563.2891385247
Angle 64,16270.3224435559,10541.6144155421
Angle 64,16290.0843001331,10519.8505561334
Angle 64,16309.8380410718,10497.9976345295
Angle 64,16329.583635211,10476.0557254652
Angle 64,16349.3210512266,10454.0249041823
Angle 64,16369.0502576309,10431.9052464332
Angle 64,16388.7712227726,10409.6968284834
Angle 64,16408.483914836,10387.3997271153
Angle 64,16428.1883018407,10365.0140196308
Angle 64,16447.8843516412,10342.5397838549
Angle 64,16467.5720319267,10319.977098139
Angle 64,16487.2513102203,10297.3260413636
Angle 64,16506.9221538787,10274.5866929421
Angle 64,16526.5845300923,10251.7591328237
Angle 64,16546.2384058839,10228.8434414968
Angle 64,16565.8837481091,10205.8396999925
Angle 64,16585.5205234553,10182.7479898873
Angle 64,16605.1486984416,10159.5683933071
Angle 64,16624.7682394183,10136.30099293
Angle 64,16644.3791125664,10112.9458719899
Angle 64,16663.9812838976,10089.5031142799
Angle 64,16683.574719253,10065.9728041555
Angle 64,16703.1593843036,10042.3550265378
Angle 64,16722.7352445495,10018.6498669175
Angle 64,16742.3022653192,9994.85741135775
Angle 64,16761.8604117696,9970.97774649771
Angle 64,16781.4096488856,9947.01095955611
Angle 64,16800.9499414792,9922.95713833458
Angle 64,16820.4812541896,9898.81637122114
Angle 64,16840.0035514823,9874.58874719367
Angle 64,16859.5167976492,9850.27435582343
Angle 64,16879.0209568078,9825.8732872785
Angle 64,16898.5159929008,9801.38563232735
Angle 64,16918.0018696956,9776.81148234233
Angle 64,16937.4785507845,9752.15092930325
Angle 64,16956.9459995833,9727.40406580088
Angle 64,16976.4041793315,9702.57098504059
Angle 64,16995.853053092,9677.65178084586
Angle 64,17015.29258375,9652.64654766193
Angle 64,17034.7227340132,9627.55538055935
Angle 64,17054.1434664112,9602.37837523767
Angle 64,17073.5547432949,9577.11562802903
Angle 64,17092.9565268363,9551.76723590182
Angle 64,17112.348779028,9526.33329646432
Angle 64,17131.7314616827,9500.8139079684
Angle 64,17151.1045364328,9475.20916931322
Angle 64,17170.4679647303,9449.51918004888
Angle 64,17189.8217078456,9423.74404038015
Angle 64,17209.165726868,9397.88385117023
Angle 64,17228.4999827047,9371.93871394445
Angle 64,17247.8244360806,9345.90873089401
Angle 64,17267.1390475378,9319.79400487978
Angle 64,17286.4437774351,9293.59463943606
Angle 64,17305.7385859478,9267.31073877433
Angle 64,17325.0234330673,9240.94240778712
Angle 64,17344.2982786003,9214.48975205175
Angle 64,17363.563082169,9187.95287783419
Angle 64,17382.81780321,9161.3318920929
Angle 64,17402.0624009746,9134.62690248264
Angle 64,17421.2968345278,9107.83801735838
Angle 64,17440.5210627482,9080.96534577911
Angle 64,17459.7350443276,9054.00899751178
Angle 64,17478.9387377706,9026.96908303515
Angle 64,17498.1321013941,8999.8457135437
Angle 64,17517.315093327,8972.63900095155
Angle 64,17536.4876715096,8945.34905789642
Angle 64,17555.6497936936,8917.97599774347
Angle 64,17574.8014174415,8890.51993458937
Angle 64,17593.9425001261,8862.98098326615
Angle 64,17613.0729989303,8835.35925934523
Angle 64,17632.1928708467,8807.65487914138
Angle 64,17651.3020726772,8779.86795971671
Angle 64,17670.4005610326,8751.99861888464
Angle 64,17689.4882923321,8724.04697521397
Angle 64,17708.5652228035,8696.01314803281
Angle 64,17727.631308482,8667.8972574327
Angle 64,17746.6865052105,8639.69942427255
Angle 64,17765.730768639,8611.41977018278
Angle 64,17784.7640542243,8583.05841756928
Angle 64,17803.7863172296,8554.61548961755
Angle 64,17822.7975127243,8526.09111029671
Angle 64,17841.7975955833,8497.48540436361
Angle 64,17860.7865204871,8468.79849736692
Angle 64,17879.7642419214,8440.03051565119
Angle 64,17898.7307141765,8411.18158636101
Angle 64,17917.6858913473,8382.25183744503
Angle 64,17936.6297273325,8353.24139766018
Angle 64,17955.5621758351,8324.15039657571
Angle 64,17974.4831903614,8294.97896457737
Angle 64,17993.3927242209,8265.72723287149
Angle 64,18012.290730526,8236.3953334892
Angle 64,18031.1771621919,8206.98339929053
Angle 64,18050.0519719361,8177.49156396854
Angle 64,18068.9151122781,8147.91996205354
Angle 64,18087.7665355392,8118.26872891721
Angle 64,18106.6061938424,8088.5380007768
Angle 64,18125.4340391118,8058.72791469926
Angle 64,18144.2500230728,8028.83860860546
Angle 64,18163.0540972512,7998.87022127437
Angle 64,18181.8462129736,7968.82289234723
Angle 64,18200.6263213668,7938.69676233171
Angle 64,18219.3943733577,7908.4919726062
Angle 64,18238.1503196732,7878.20866542389
Angle 64,18256.8941108394,7847.84698391705
Angle 64,18275.6256971824,7817.40707210119
Angle 64,18294.345028827,7786.88907487929
Angle 64,18313.0520556973,7756.29313804598
Angle 64,18331.7467275163,7725.61940829176
Angle 64,18350.4289938054,7694.86803320721
Angle 64,18369.0988038847,7664.03916128718
Angle 64,18387.7561068727,7633.13294193502
Angle 64,18406.4008516857,7602.14952546676
Angle 64,18425.0329870384,7571.08906311535
Angle 64,18443.6524614431,7539.95170703484
Angle 64,18462.2592232101,7508.7376103046
Angle 64,18480.8532204472,7477.44692693353
Angle 64,18499.4344010596,7446.07981186423
Angle 64,18518.00271275,7414.63642097723
Angle 64,18536.5581030186,7383.11691109519
Angle 64,18555.1005191625,7351.52143998705
Angle 64,18573.6299082761,7319.85016637228
Angle 64,18592.1462172508,7288.10324992503
Angle 64,18610.6493927752,7256.28085127831
Angle 64,18629.1393813346,7224.38313202818
Angle 64,18647.6161292114,7192.41025473791
Angle 64,18666.0795824848,7160.36238294217
Angle 64,18684.529687031,7128.23968115116
Angle 64,18702.9663885228,7096.04231485478
Angle 64,18721.3896324303,7063.77045052677
Angle 64,18739.7993640201,7031.42425562885
Angle 64,18758.1955283557,6999.00389861486
Angle 64,18776.5780702979,6966.50954893485
Angle 64,18794.9469345041,6933.94137703924
Angle 64,18813.3020654288,6901.2995543829
Angle 64,18831.6434073239,6868.58425342922
Angle 64,18849.9709042381,6835.79564765424
Angle 64,18868.2845000175,6802.93391155069
Angle 64,18886.5841383058,6769.99922063206
Angle 64,18904.8697625438,6736.99175143664
Angle 64,18923.1413159703,6703.91168153157
Angle 64,18941.3987416216,6670.75918951685
Angle 64,18959.641982332,6637.53445502938
Angle 64,18977.870980734,6604.23765874689
Angle 64,18996.0856792582,6570.86898239199
Angle 64,19014.2860201337,6537.4286087361
Angle 64,19032.4719453882,6503.91672160338
Angle 64,19050.6433968485,6470.3335058747
Angle 64,19068.8003161402,6436.67914749156
Angle 64,19086.9426446886,6402.95383345993
Angle 64,19105.0703237182,6369.15775185418
Angle 64,19123.1832942539,6335.29109182093
Angle 64,19141.2814971203,6301.35404358287
Angle 64,19159.3648729428,6267.34679844261
Angle 64,19177.4333621475,6233.26954878644
Angle 64,19195.4869049617,6199.12248808816
Angle 64,19213.5254414142,6164.90581091277
Angle 64,19231.5489113355,6130.61971292026
Angle 64,19249.5572543585,6096.26439086928
Angle 64,19267.5504099187,6061.84004262086
Angle 64,19285.5283172547,6027.34686714203
Angle 64,19303.4909154085,5992.78506450947
Angle 64,19321.4381432261,5958.15483591312
Angle 64,19339.3699393577,5923.45638365979
Angle 64,19357.2862422585,5888.68991117664
Angle 64,19375.1869901892,5853.85562301477
Angle 64,19393.0721212161,5818.95372485269
Angle 64,19410.9415732121,5783.98442349979
Angle 64,19428.7952838569,5748.94792689977
Angle 64,19446.6331906378,5713.84444413404
Angle 64,19464.4552308502,5678.6741854251
Angle 64,19482.2613415981,5643.43736213988
Angle 64,19500.051459795,5608.13418679303
Angle 64,19517.8255221642,5572.76487305021
Angle 64,19535.5834652396,5537.32963573131
Angle 64,19553.3252253664,5501.82869081364
Angle 64,19571.0507387018,5466.26225543513
Angle 64,19588.7599412158,5430.63054789741
Angle 64,19606.4527686915,5394.93378766892
Angle 64,19624.1291567266,5359.17219538795
Angle 64,19641.7890407334,5323.34599286564
Angle 64,19659.43235594,5287.45540308897
Angle 64,19677.0590373913,5251.50065022365
Angle 64,19694.6690199491,5215.48195961703
Angle 64,19712.2622382939,5179.39955780091
Angle 64,19729.8386269252,5143.25367249436
Angle 64,19747.3981201622,5107.04453260645
Angle 64,19764.9406521453,5070.77236823895
Angle 64,19782.4661568367,5034.437410689
Angle 64,19799.9745680215,4998.0398924517
Angle 64,19817.4658193083,4961.58004722269
Angle 64,19834.9398441308,4925.05810990064
Angle 64,19852.3965757483,4888.47431658969
Angle 64,19869.8359472472,4851.8289046019
Angle 64,19887.2578915415,4815.12211245957
Angle 64,19904.6623413745,4778.35417989757
Angle 64,19922.0492293195,4741.52534786553
Angle 64,19939.4184877812,4704.63585853011
Angle 64,19956.7700489966,4667.68595527705
Angle 64,19974.1038450363,4630.67588271333
Angle 64,19991.4198078058,4593.60588666912
Angle 64,20008.7178690467,4556.47621419979
Angle 64,20025.9979603378,4519.28711358775
Angle 64,20043.2600130966,4482.03883434438
Angle 64,20060.5039585803,4444.73162721171
Angle 64,20077.7297278876,4407.36574416421
Angle 64,20094.9372519595,4369.94143841038
Angle 64,20112.1264615811,4332.45896439439
Angle 64,20129.2972873828,4294.91857779756
Angle 64,20146.4496598418,4257.32053553981
Angle 64,20163.5835092836,4219.6650957811
Angle 64,20180.6987658832,4181.95251792266
Angle 64,20197.795359667,4144.1830626083
Angle 64,20214.8732205141,4106.35699172557
Angle 64,20231.9322781579,4068.47456840684
Angle 64,20248.9724621875,4030.53605703036
Angle 64,20265.9937020498,3992.54172322118
Angle 64,20282.9959270506,3954.49183385208
Angle 64,20299.9790663565,3916.38665704431
Angle 64,20316.9430489967,3878.22646216836
Angle 64,20333.8878038643,3840.01151984462
Angle 64,20350.8132597188,3801.7421019439
Angle 64,20367.7193451868,3763.41848158795
Angle 64,20384.6059887649,3725.04093314986
Angle 64,20401.4731188207,3686.60973225442
Angle 64,20418.3206635951,3648.12515577827
Angle 64,20435.1485512041,3609.58748185017
Angle 64,20451.9567096404,3570.99698985097
Angle 64,20468.7450667758,3532.35396041368
Angle 64,20485.5135503629,3493.6586754233
Angle 64,20502.2620880372,3454.91141801666
Angle 64,20518.9906073189,3416.11247258214
Angle 64,20535.6990356152,3377.26212475928
Angle 64,20552.3873002223,3338.36066143832
Angle 64,20569.0553283275,3299.40837075967
Angle 64,20585.7030470114,3260.4055421132
Angle 64,20602.3303832496,3221.35246613755
Angle 64,20618.9372639159,3182.24943471925
Angle 64,20635.5236157833,3143.09674099181
Angle 64,20652.0893655273,3103.89467933464
Angle 64,20668.6344397275,3064.64354537195
Angle 64,20685.1587648703,3025.34363597148
Angle 64,20701.6622673508,2985.99524924318
Angle 64,20718.1448734759,2946.59868453778
Angle 64,20734.6065094658,2907.1542424452
Angle 64,20751.0471014572,2867.66222479293
Angle 64,20767.4665755053,2828.12293464427
Angle 64,20783.8648575864,2788.53667629645
Angle 64,20800.2418736007,2748.9037552787
Angle 64,20816.5975493742,2709.22447835009
Angle 64,20832.9318106619,2669.49915349745
Angle 64,20849.2445831503,2629.72808993296
Angle 64,20865.5357924597,2589.91159809181
Angle 64,20881.8053641472,2550.04998962965
Angle 64,20898.0532237092,2510.14357741995
Angle 64,20914.2792965844,2470.19267555123
Angle 64,20930.4835081563,2430.19759932423
Angle 64,20946.6657837559,2390.15866524889
Angle 64,20962.826048665,2350.07619104125
Angle 64,20978.9642281186,2309.95049562025
Angle 64,20995.0802473077,2269.78189910434
Angle 64,21011.1740313829,2229.57072280807
Angle 64,21027.2455054565,2189.31728923846
Angle 64,21043.2945946059,2149.02192209132
Angle 64,21059.3212238769,2108.68494624741
Angle 64,21075.3253182858,2068.30668776848
Angle 64,21091.3068028236,2027.8874738932
Angle 64,21107.2656024583,1987.42763303293
Angle 64,21123.2016421382,1946.92749476741
Angle 64,21139.1148467952,1906.38738984028
Angle 64,21155.0051413479,1865.80765015451
Angle 64,21170.8724507049,1825.18860876765
Angle 64,21186.7166997679,1784.530599887
Angle 64,21202.537813435,1743.83395886464
Angle 64,21218.335716604,1703.09902219225
Angle 64,21234.1103341758,1662.32612749597
Angle 64,21249.8615910579,1621.5156135309
Angle 64,21265.5894121675,1580.66782017567
Angle 64,21281.2937224349,1539.78308842676
Angle 64,21296.9744468073,1498.86176039271
Angle 64,21312.631510252,1457.9041792882
Angle 64,21328.2648377601,1416.91068942797
Angle 64,21343.8743543498,1375.88163622065
Angle 64,21359.45998507,1334.81736616243
Angle 64,21375.0216550042,1293.71822683053
Angle 64,21390.5592892738,1252.58456687662
Angle 64,21406.0728130419,1211.41673602007
Angle 64,21421.5621515169,1170.21508504103
Angle 64,21437.0272299563,1128.97996577337
Angle 64,21452.4679736704,1087.71173109756
Angle 64,21467.8843080259,1046.41073493326
Angle 64,21483.27615845,1005.07733223193
Angle 64,21498.643450434,963.711878969136
Angle 64,21513.9861095373,922.314732136863
Angle 64,21529.304061391,880.886249735561
Angle 64,21544.597231702,839.426790766115
Angle 64,21559.8655462571,797.936715221646
Angle 64,21575.1089309266,756.416384079167
Angle 64,21590.3273116683,714.866159291096
Angle 64,21605.5206145319,673.286403776621
Angle 64,21620.6887656626,631.677481412911
Angle 64,21635.8316913052,590.039757026193
Angle 64,21650.9493178084,548.373596382667
Angle 64,21666.041571629,506.679366179282
Angle 64,21681.1083793353,464.957434034359
Angle 64,21696.1496676123,423.208168478065
Angle 64,21711.1653632649,381.431938942746
Angle 64,21726.1553932229,339.629115753098
Angle 64,21741.1196845444,297.800070116199
Angle 64,21756.0581644208,255.945174111389
Angle 64,21770.9707601808,214.064800679999
Angle 64,21785.8573992944,172.159323614935
Angle 64,21800.7180093776,130.229117550103
Angle 64,21815.5525181964,88.274557949699
Angle 64,21830.3608536715,46.2960210973369
Angle 64,21845.1429438824,4.29388408503434
Angle 64,21846.6505949946,0
Angle 65,0,0
Angle 65,29.5004451425478,63.1659087663063
Angle 65,58.919143112396,126.058781717807
Angle 65,88.2571591785631,188.681168561225
Angle 65,117.515538402878,251.035569502862
Angle 65,146.695306153313,313.124436510944
Angle 65,175.797468600915,374.950174537604
Angle 65,204.823013200968,436.515142702084
Angle 65,233.772909158985,497.821655436604
Angle 65,262.648107882111,558.871983596344
Angle 65,291.449543416479,619.668355534866
Angle 65,320.178132871053,680.212958146295
Angle 65,348.834776828452,740.50793787547
Angle 65,377.420359743241,800.555401697268
Angle 65,405.935750328156,860.357418066227
Angle 65,434.381801928683,919.916017837543
Angle 65,462.75935288644,979.233195160495
Angle 65,491.069226891739,1038.31090834528
Angle 65,519.312233325736,1097.1510807042
Angle 65,547.489167592528,1155.75560136815
Angle 65,575.600811441554,1214.12632607926
Angle 65,603.647933280648,1272.26507796047
Angle 65,631.631288480056,1330.17364826297
Angle 65,659.551619667749,1387.85379709216
Angle 65,687.409657016312,1445.30725411294
Angle 65,715.206118521722,1502.53571923497
Angle 65,742.941710274265,1559.5408632787
Angle 65,770.61712672188,1616.32432862266
Angle 65,798.233050926174,1672.88772983279
Angle 65,825.790154811356,1729.23265427436
Angle 65,853.289099406326,1785.36066270696
Angle 65,880.730535080149,1841.27328986335
Angle 65,908.115101771123,1896.97204501244
Angle 65,935.44342920966,1952.4584125071
Angle 65,962.716137135177,2007.73385231724
Angle 65,989.933835507187,2062.79980054862
Angle 65,1017.09712471079,2117.65766994785
Angle 65,1044.20659575674,2172.30885039404
Angle 65,1071.2628304762,2226.75470937757
Angle 65,1098.26640171051,2280.99659246623
Angle 65,1125.21787349592,2335.03582375934
Angle 65,1152.11780124363,2388.87370633006
Angle 65,1178.96673191511,2442.51152265634
Angle 65,1205.76520419307,2495.95053504084
Angle 65,1232.51374864793,2549.19198602015
Angle 65,1259.21288790018,2602.23709876363
Angle 65,1285.86313677865,2655.08707746227
Angle 65,1312.46500247477,2707.74310770773
Angle 65,1339.01898469301,2760.20635686198
Angle 65,1365.52557579765,2812.47797441774
Angle 65,1391.9852609558,2864.55909235008
Angle 65,1418.39851827708,2916.45082545932
Angle 65,1444.76581894977,2968.15427170563
Angle 65,1471.08762737371,3019.67051253545
Angle 65,1497.36440128996,3071.00061320006
Angle 65,1523.59659190743,3122.14562306645
Angle 65,1549.78464402633,3173.10657592077
Angle 65,1575.92899615885,3223.88449026458
Angle 65,1602.0300806469,3274.48036960404
Angle 65,1628.08832377706,3324.89520273232
Angle 65,1654.10414589289,3375.12996400535
Angle 65,1680.07796150462,3425.18561361116
Angle 65,1706.01017939624,3475.06309783298
Angle 65,1731.90120273016,3524.76334930618
Angle 65,1757.7514291495,3574.28728726941
Angle 65,1783.56125087797,3623.6358178099
Angle 65,1809.3310548175,3672.80983410321
Angle 65,1835.0612226437,3721.81021664754
Angle 65,1860.75213089914,3770.63783349275
Angle 65,1886.40415108451,3819.29354046422
Angle 65,1912.0176497478,3867.77818138175
Angle 65,1937.59298857144,3916.0925882735
Angle 65,1963.13052445758,3964.2375815853
Angle 65,1988.63060961144,4012.21397038524
Angle 65,2014.09359162286,4060.02255256388
Angle 65,2039.51981354603,4107.66411502995
Angle 65,2064.90961397759,4155.13943390193
Angle 65,2090.26332713288,4202.44927469536
Angle 65,2115.58128292074,4249.59439250624
Angle 65,2140.86380701653,4296.57553219035
Angle 65,2166.11122093374,4343.39342853885
Angle 65,2191.32384209395,4390.0488064501
Angle 65,2216.50198389545,4436.54238109787
Angle 65,2241.64595578028,4482.87485809594
Angle 65,2266.75606329995,4529.0469336593
Angle 65,2291.83260817977,4575.05929476199
Angle 65,2316.87588838185,4620.91261929159
Angle 65,2341.88619816677,4666.6075762006
Angle 65,2366.86382815402,4712.14482565459
Angle 65,2391.80906538116,4757.5250191774
Angle 65,2416.72219336182,4802.74879979332
Angle 65,2441.60349214246,4847.8168021664
Angle 65,2466.45323835806,4892.72965273687
Angle 65,2491.2717052866,4937.48796985491
Angle 65,2516.05916290252,4982.09236391165
Angle 65,2540.81587792909,5026.54343746755
Angle 65,2565.54211388971,5070.84178537825
Angle 65,2590.2381311582,5114.9879949179
Angle 65,2614.90418700817,5158.98264590008
Angle 65,2639.54053566129,5202.82631079625
Angle 65,2664.14742833476,5246.519554852
Angle 65,2688.72511328771,5290.06293620092
Angle 65,2713.27383586683,5333.45700597631
Angle 65,2737.79383855103,5376.70230842071
Angle 65,2762.28536099525,5419.79938099333
Angle 65,2786.7486400735,5462.74875447533
Angle 65,2811.18390992098,5505.55095307325
Angle 65,2835.59140197548,5548.20649452028
Angle 65,2859.97134501791,5590.71589017571
Angle 65,2884.32396521219,5633.07964512252
Angle 65,2908.64948614423,5675.298258263
Angle 65,2932.94812886032,5717.37222241274
Angle 65,2957.22011190475,5759.30202439272
Angle 65,2981.46565135669,5801.08814511977
Angle 65,3005.68496086646,5842.73105969528
Angle 65,3029.87825169108,5884.23123749238
Angle 65,3054.04573272918,5925.58914224135
Angle 65,3078.18761055532,5966.80523211361
Angle 65,3102.30408945356,6007.87995980409
Angle 65,3126.39537145057,6048.81377261213
Angle 65,3150.46165634802,6089.6071125209
Angle 65,3174.50314175449,6130.26041627536
Angle 65,3198.52002311669,6170.77411545887
Angle 65,3222.51249375023,6211.14863656839
Angle 65,3246.48074486977,6251.38440108831
Angle 65,3270.42496561868,6291.48182556301
Angle 65,3294.34534309814,6331.4413216681
Angle 65,3318.24206239574,6371.26329628041
Angle 65,3342.11530661359,6410.94815154675
Angle 65,3365.96525689592,6450.49628495144
Angle 65,3389.79209245621,6489.90808938267
Angle 65,3413.59599060381,6529.18395319775
Angle 65,3437.37712677021,6568.32426028708
Angle 65,3461.13567453469,6607.32939013721
Angle 65,3484.87180564967,6646.19971789265
Angle 65,3508.58569006556,6684.9356144167
Angle 65,3532.2774959552,6723.5374463512
Angle 65,3555.94738973789,6762.00557617527
Angle 65,3579.59553610298,6800.34036226307
Angle 65,3603.22209803312,6838.54215894053
Angle 65,3626.82723682705,6876.61131654118
Angle 65,3650.41111212207,6914.54818146099
Angle 65,3673.97388191611,6952.35309621231
Angle 65,3697.5157025894,6990.02639947689
Angle 65,3721.03672892581,7027.56842615807
Angle 65,3744.53711413387,7064.97950743202
Angle 65,3768.01700986739,7102.25997079818
Angle 65,3791.47656624573,7139.41014012888
Angle 65,3814.9159318738,7176.43033571808
Angle 65,3838.33525386171,7213.32087432939
Angle 65,3861.73467784403,7250.08206924325
Angle 65,3885.11434799889,7286.71423030333
Angle 65,3908.47440706656,7323.21766396225
Angle 65,3931.81499636797,7359.59267332648
Angle 65,3955.13625582272,7395.83955820052
Angle 65,3978.43832396694,7431.95861513045
Angle 65,4001.72133797078,7467.95013744669
Angle 65,4024.98543365569,7503.8144153061
Angle 65,4048.2307455114,7539.55173573346
Angle 65,4071.45740671258,7575.16238266222
Angle 65,4094.66554913531,7610.64663697462
Angle 65,4117.85530337329,7646.00477654123
Angle 65,4141.0267987537,7681.23707625982
Angle 65,4164.18016335297,7716.34380809359
Angle 65,4187.31552401213,7751.32524110888
Angle 65,4210.43300635205,7786.18164151225
Angle 65,4233.53273478843,7820.91327268695
Angle 65,4256.61483254646,7855.52039522889
Angle 65,4279.67942167537,7890.00326698203
Angle 65,4302.72662306271,7924.3621430732
Angle 65,4325.75655644841,7958.5972759464
Angle 65,4348.7693404386,7992.70891539659
Angle 65,4371.7650925193,8026.69730860295
Angle 65,4394.7439290698,8060.56270016163
Angle 65,4417.70596537593,8094.30533211802
Angle 65,4440.65131564304,8127.9254439985
Angle 65,4463.58009300889,8161.42327284176
Angle 65,4486.49240955625,8194.7990532296
Angle 65,4509.38837632536,8228.05301731728
Angle 65,4532.26810332622,8261.18539486345
Angle 65,4555.13169955061,8294.19641325959
Angle 65,4577.97927298409,8327.08629755905
Angle 65,4600.81093061765,8359.85527050559
Angle 65,4623.62677845929,8392.50355256163
Angle 65,4646.42692154543,8425.03136193591
Angle 65,4669.21146395209,8457.43891461092
Angle 65,4691.98050880597,8489.72642436977
Angle 65,4714.73415829535,8521.89410282279
Angle 65,4737.4725136808,8553.94215943369
Angle 65,4760.1956753058,8585.87080154529
Angle 65,4782.90374260713,8617.68023440501
Angle 65,4805.59681412517,8649.37066118986
Angle 65,4828.274987514,8680.94228303113
Angle 65,4850.93835955144,8712.39529903872
Angle 65,4873.58702614883,8743.72990632512
Angle 65,4896.22108236079,8774.94630002906
Angle 65,4918.84062239473,8806.04467333877
Angle 65,4941.4457396203,8837.025217515
Angle 65,4964.0365265787,8867.88812191363
Angle 65,4986.61307499183,8898.63357400798
Angle 65,5009.1754757713,8929.26175941087
Angle 65,5031.7238190274,8959.77286189626
Angle 65,5054.25819407779,8990.1670634207
Angle 65,5076.77868945626,9020.44454414438
Angle 65,5099.2853929212,9050.60548245195
Angle 65,5121.77839146403,9080.65005497305
Angle 65,5144.25777131755,9110.57843660251
Angle 65,5166.72361796404,9140.39080052034
Angle 65,5189.17601614345,9170.08731821133
Angle 65,5211.61504986125,9199.66815948454
Angle 65,5234.04080239636,9229.13349249238
Angle 65,5256.45335630889,9258.48348374951
Angle 65,5278.85279344772,9287.71829815145
Angle 65,5301.23919495814,9316.83809899296
Angle 65,5323.61264128917,9345.84304798611
Angle 65,5345.97321220099,9374.73330527821
Angle 65,5368.32098677211,9403.50902946941
Angle 65,5390.65604340654,9432.17037763008
Angle 65,5412.97845984081,9460.71750531801
Angle 65,5435.28831315094,9489.15056659528
Angle 65,5457.58567975925,9517.46971404501
Angle 65,5479.87063544115,9545.67509878783
Angle 65,5502.14325533183,9573.76687049814
Angle 65,5524.40361393277,9601.74517742012
Angle 65,5546.65178511832,9629.61016638362
Angle 65,5568.88784214201,9657.36198281977
Angle 65,5591.11185764298,9685.00077077635
Angle 65,5613.32390365212,9712.52667293308
Angle 65,5635.52405159828,9739.93983061659
Angle 65,5657.71237231431,9767.24038381527
Angle 65,5679.88893604311,9794.42847119385
Angle 65,5702.05381244347,9821.5042301079
Angle 65,5724.20707059597,9848.46779661806
Angle 65,5746.34877900869,9875.31930550408
Angle 65,5768.47900562296,9902.05889027875
Angle 65,5790.59781781888,9928.68668320157
Angle 65,5812.70528242097,9955.20281529232
Angle 65,5834.80146570352,9981.60741634439
Angle 65,5856.88643339609,10007.900614938
Angle 65,5878.96025068877,10034.0825384531
Angle 65,5901.02298223745,10060.1533130825
Angle 65,5923.07469216903,10086.1130638442
Angle 65,5945.11544408651,10111.9619145943
Angle 65,5967.14530107408,10137.6999880391
Angle 65,5989.16432570208,10163.3274057473
Angle 65,6011.17258003195,10188.8442881624
Angle 65,6033.17012562109,10214.2507546141
Angle 65,6055.15702352766,10239.5469233307
Angle 65,6077.13333431529,10264.7329114501
Angle 65,6099.09911805783,10289.8088350317
Angle 65,6121.05443434391,10314.7748090675
Angle 65,6142.99934228152,10339.6309474934
Angle 65,6164.93390050252,10364.3773632004
Angle 65,6186.85816716709,10389.0141680451
Angle 65,6208.7721999681,10413.541472861
Angle 65,6230.67605613546,10437.9593874687
Angle 65,6252.56979244042,10462.2680206868
Angle 65,6274.45346519976,10486.4674803419
Angle 65,6296.32713027998,10510.5578732795
Angle 65,6318.19084310142,10534.5393053733
Angle 65,6340.04465864233,10558.411881536
Angle 65,6361.8886314429,10582.1757057287
Angle 65,6383.7228156092,10605.830880971
Angle 65,6405.54726481711,10629.3775093504
Angle 65,6427.36203231622,10652.8156920321
Angle 65,6449.16717093358,10676.1455292682
Angle 65,6470.96273307755,10699.3671204073
Angle 65,6492.74877074148,10722.4805639035
Angle 65,6514.52533550739,10745.4859573256
Angle 65,6536.29247854964,10768.3833973661
Angle 65,6558.05025063846,10791.17297985
Angle 65,6579.79870214356,10813.8547997438
Angle 65,6601.53788303756,10836.4289511638
Angle 65,6623.26784289952,10858.8955273853
Angle 65,6644.98863091828,10881.2546208505
Angle 65,6666.7002958959,10903.5063231771
Angle 65,6688.40288625092,10925.6507251668
Angle 65,6710.09645002172,10947.687916813
Angle 65,6731.78103486971,10969.6179873096
Angle 65,6753.45668808256,10991.4410250582
Angle 65,6775.12345657738,11013.1571176768
Angle 65,6796.78138690382,11034.766352007
Angle 65,6818.43052524718,11056.2688141222
Angle 65,6840.07091743146,11077.6645893349
Angle 65,6861.70260892236,11098.9537622044
Angle 65,6883.32564483028,11120.1364165444
Angle 65,6904.94006991324,11141.2126354302
Angle 65,6926.54592857979,11162.1825012061
Angle 65,6948.14326489188,11183.0460954928
Angle 65,6969.73212256769,11203.803499194
Angle 65,6991.31254498444,11224.4547925042
Angle 65,7012.88457518113,11245.0000549152
Angle 65,7034.44825586127,11265.439365223
Angle 65,7056.00362939561,11285.7728015351
Angle 65,7077.55073782478,11306.0004412766
Angle 65,7099.08962286189,11326.1223611976
Angle 65,7120.62032589519,11346.138637379
Angle 65,7142.14288799056,11366.04934524
Angle 65,7163.65734989412,11385.8545595436
Angle 65,7185.16375203468,11405.5543544037
Angle 65,7206.66213452621,11425.1488032913
Angle 65,7228.15253717033,11444.6379790404
Angle 65,7249.63499945865,11464.0219538547
Angle 65,7271.10956057521,11483.3007993133
Angle 65,7292.5762593988,11502.474586377
Angle 65,7314.03513450529,11521.5433853945
Angle 65,7335.48622416992,11540.5072661077
Angle 65,7356.92956636957,11559.3662976583
Angle 65,7378.36519878499,11578.1205485931
Angle 65,7399.79315880301,11596.7700868701
Angle 65,7421.21348351873,11615.3149798639
Angle 65,7442.62620973766,11633.7552943715
Angle 65,7464.03137397787,11652.0910966179
Angle 65,7485.42901247204,11670.3224522616
Angle 65,7506.81916116961,11688.4494263999
Angle 65,7528.20185573876,11706.4720835744
Angle 65,7549.57713156848,11724.3904877766
Angle 65,7570.94502377052,11742.2047024529
Angle 65,7592.30556718143,11759.9147905097
Angle 65,7613.65879636443,11777.5208143191
Angle 65,7635.0047456114,11795.0228357237
Angle 65,7656.34344894473,11812.4209160415
Angle 65,7677.67494011924,11829.7151160715
Angle 65,7698.99925262398,11846.905496098
Angle 65,7720.31641968409,11863.9921158963
Angle 65,7741.62647426263,11880.9750347368
Angle 65,7762.92944906229,11897.8543113904
Angle 65,7784.22537652721,11914.6300041332
Angle 65,7805.5142888447,11931.3021707509
Angle 65,7826.79621794695,11947.870868544
Angle 65,7848.07119551273,11964.3361543321
Angle 65,7869.33925296903,11980.6980844586
Angle 65,7890.60042149277,11996.9567147953
Angle 65,7911.85473201237,12013.112100747
Angle 65,7933.1022152094,12029.1642972558
Angle 65,7954.34290152012,12045.1133588056
Angle 65,7975.57682113711,12060.9593394266
Angle 65,7996.80400401074,12076.7022926995
Angle 65,8018.02447985077,12092.34227176
Angle 65,8039.2382781278,12107.8793293029
Angle 65,8060.44542807478,12123.3135175864
Angle 65,8081.64595868849,12138.6448884364
Angle 65,8102.83989873094,12153.8734932503
Angle 65,8124.02727673086,12168.9993830018
Angle 65,8145.20812098507,12184.0226082441
Angle 65,8166.38245955986,12198.9432191148
Angle 65,8187.55032029241,12213.7612653393
Angle 65,8208.7117307921,12228.4767962351
Angle 65,8229.86671844187,12243.0898607157
Angle 65,8251.01531039953,12257.6005072943
Angle 65,8272.15753359905,12272.008784088
Angle 65,8293.29341475188,12286.3147388214
Angle 65,8314.42298034816,12300.5184188304
Angle 65,8335.54625665801,12314.6198710662
Angle 65,8356.66326973277,12328.6191420988
Angle 65,8377.77404540616,12342.5162781208
Angle 65,8398.87860929555,12356.3113249512
Angle 65,8419.97698680308,12370.0043280388
Angle 65,8441.06920311685,12383.5953324661
Angle 65,8462.1552832121,12397.0843829526
Angle 65,8483.23525185229,12410.4715238588
Angle 65,8504.30913359024,12423.7567991891
Angle 65,8525.37695276925,12436.9402525958
Angle 65,8546.43873352417,12450.0219273825
Angle 65,8567.49449978247,12463.0018665075
Angle 65,8588.54427526531,12475.8801125871
Angle 65,8609.58808348854,12488.6567078992
Angle 65,8630.62594776382,12501.3316943864
Angle 65,8651.65789119951,12513.9051136597
Angle 65,8672.68393670178,12526.3770070016
Angle 65,8693.70410697552,12538.7474153694
Angle 65,8714.71842452533,12551.0163793986
Angle 65,8735.7269116565,12563.1839394058
Angle 65,8756.72959047592,12575.2501353926
Angle 65,8777.72648289302,12587.215007048
Angle 65,8798.71761062069,12599.0785937521
Angle 65,8819.70299517618,12610.8409345791
Angle 65,8840.68265788197,12622.5020683003
Angle 65,8861.65661986669,12634.0620333877
Angle 65,8882.62490206591,12645.5208680163
Angle 65,8903.58752522308,12656.878610068
Angle 65,8924.54450989028,12668.1352971339
Angle 65,8945.49587642911,12679.2909665179
Angle 65,8966.44164501145,12690.3456552395
Angle 65,8987.38183562032,12701.2994000366
Angle 65,9008.31646805059,12712.1522373688
Angle 65,9029.24556190985,12722.9042034201
Angle 65,9050.16913661907,12733.5553341019
Angle 65,9071.08721141345,12744.105665056
Angle 65,9091.99980534309,12754.5552316574
Angle 65,9112.90693727376,12764.9040690172
Angle 65,9133.80862588759,12775.1522119853
Angle 65,9154.70488968382,12785.2996951537
Angle 65,9175.59574697943,12795.3465528588
Angle 65,9196.48121590989,12805.2928191845
Angle 65,9217.36131442982,12815.1385279648
Angle 65,9238.2360603136,12824.8837127869
Angle 65,9259.10547115612,12834.5284069936
Angle 65,9279.96956437332,12844.0726436862
Angle 65,9300.82835720292,12853.5164557275
Angle 65,9321.68186670496,12862.8598757438
Angle 65,9342.53010976248,12872.1029361283
Angle 65,9363.37310308208,12881.2456690436
Angle 65,9384.21086319452,12890.2881064241
Angle 65,9405.04340645535,12899.2302799791
Angle 65,9425.8707490454,12908.072221195
Angle 65,9446.69290697144,12916.8139613382
Angle 65,9467.50989606667,12925.4555314578
Angle 65,9488.3217319913,12933.9969623878
Angle 65,9509.12843023306,12942.4382847502
Angle 65,9529.93000610778,12950.7795289573
Angle 65,9550.72647475987,12959.0207252141
Angle 65,9571.51785116283,12967.1619035214
Angle 65,9592.3041501198,12975.2030936779
Angle 65,9613.08538626401,12983.1443252826
Angle 65,9633.86157405928,12990.9856277381
Angle 65,9654.63272780053,12998.7270302521
Angle 65,9675.39886161422,13006.3685618406
Angle 65,9696.15998945882,13013.9102513304
Angle 65,9716.91612512528,13021.3521273609
Angle 65,9737.66728223748,13028.6942183876
Angle 65,9758.41347425265,13035.9365526836
Angle 65,9779.15471446185,13043.0791583426
Angle 65,9799.89101599035,13050.1220632812
Angle 65,9820.62239179808,13057.0652952416
Angle 65,9841.34885468004,13063.9088817934
Angle 65,9862.0704172667,13070.6528503366
Angle 65,9882.78709202444,13077.2972281038
Angle 65,9903.49889125586,13083.8420421626
Angle 65,9924.20582710027,13090.287319418
Angle 65,9944.907911534,13096.6330866147
Angle 65,9965.60515637082,13102.8793703398
Angle 65,9986.29757326227,13109.0261970248
Angle 65,10006.9851736981,13115.0735929481
Angle 65,10027.6679690064,13121.0215842372
Angle 65,10048.3459703544,13126.8701968717
Angle 65,10069.0191887484,13132.6194566845
Angle 65,10089.6876350342,13138.2693893654
Angle 65,10110.3513198976,13143.8200204625
Angle 65,10131.0102538646,13149.2713753847
Angle 65,10151.6644473018,13154.6234794045
Angle 65,10172.3139104164,13159.8763576598
Angle 65,10192.9586532573,13165.0300351564
Angle 65,10213.5986857145,13170.0845367701
Angle 65,10234.2340175199,13175.0398872493
Angle 65,10254.8646582476,13179.8961112173
Angle 65,10275.490617314,13184.6532331742
Angle 65,10296.1119039784,13189.3112774994
Angle 65,10316.7285273429,13193.870268454
Angle 65,10337.3404963529,13198.3302301828
Angle 65,10357.9478197975,13202.6911867169
Angle 65,10378.5505063097,13206.9531619754
Angle 65,10399.1485643662,13211.1161797684
Angle 65,10419.7420022887,13215.1802637986
Angle 65,10440.3308282431,13219.1454376638
Angle 65,10460.9150502404,13223.0117248592
Angle 65,10481.4946761368,13226.7791487795
Angle 65,10502.0697136339,13230.4477327212
Angle 65,10522.6401702789,13234.0174998849
Angle 65,10543.2060534652,13237.4884733771
Angle 65,10563.7673704322,13240.8606762131
Angle 65,10584.3241282657,13244.1341313186
Angle 65,10604.8763338985,13247.3088615323
Angle 65,10625.4239941098,13250.384889608
Angle 65,10645.9671155266,13253.3622382165
Angle 65,10666.5057046227,13256.2409299483
Angle 65,10687.03976772,13259.0209873154
Angle 65,10707.5693109878,13261.7024327537
Angle 65,10728.094340444,13264.285288625
Angle 65,10748.6148619545,13266.7695772195
Angle 65,10769.1308812337,13269.1553207576
Angle 65,10789.642403845,13271.4425413923
Angle 65,10810.1494352005,13273.6312612113
Angle 65,10830.6519805618,13275.7215022392
Angle 65,10851.1500450396,13277.7132864395
Angle 65,10871.6436335945,13279.6066357172
Angle 65,10892.1327510367,13281.4015719205
Angle 65,10912.6174020268,13283.098116843
Angle 65,10933.0975910752,13284.6962922262
Angle 65,10953.5733225432,13286.1961197612
Angle 65,10974.0446006426,13287.5976210914
Angle 65,10994.511429436,13288.9008178138
Angle 65,11014.9738128372,13290.1057314821
Angle 65,11035.4317546113,13291.2123836082
Angle 65,11055.8852583749,13292.2207956645
Angle 65,11076.3343275962,13293.1309890861
Angle 65,11096.7789655954,13293.9429852729
Angle 65,11117.2191755448,13294.6568055915
Angle 65,11137.654960469,13295.2724713778
Angle 65,11158.086323245,13295.7900039388
Angle 65,11178.5132666026,13296.2094245545
Angle 65,11198.9357931245,13296.5307544806
Angle 65,11219.3539052463,13296.7540149502
Angle 65,11239.7676052571,13296.8792271758
Angle 65,11260.1768952993,13296.9064123518
Angle 65,11280.5817773692,13296.8355916564
Angle 65,11300.9822533168,13296.6667862537
Angle 65,11321.3783248461,13296.4000172956
Angle 65,11341.7699935153,13296.0353059245
Angle 65,11362.1572607374,13295.5726732746
Angle 65,11382.5401277797,13295.0121404747
Angle 65,11402.9185957643,13294.3537286496
Angle 65,11423.2926656685,13293.597458923
Angle 65,11443.6623383247,13292.7433524189
Angle 65,11464.0276144207,13291.7914302638
Angle 65,11484.3884944999,13290.7417135892
Angle 65,11504.7449789614,13289.5942235331
Angle 65,11525.0970680603,13288.3489812426
Angle 65,11545.4447619079,13287.0060078754
Angle 65,11565.7880604717,13285.5653246025
Angle 65,11586.1269635759,13284.0269526097
Angle 65,11606.4614709013,13282.3909131001
Angle 65,11626.7915819856,13280.6572272959
Angle 65,11647.1172962235,13278.8259164404
Angle 65,11667.4386128672,13276.8970018004
Angle 65,11687.7555310261,13274.8705046679
Angle 65,11708.0680496674,13272.7464463622
Angle 65,11728.3761676161,13270.5248482323
Angle 65,11748.6798835552,13268.2057316584
Angle 65,11768.9791960259,13265.7891180543
Angle 65,11789.2741034277,13263.2750288694
Angle 65,11809.5646040189,13260.6634855907
Angle 65,11829.8506959162,13257.9545097447
Angle 65,11850.1323770956,13255.1481228997
Angle 65,11870.4096453919,13252.2443466677
Angle 65,11890.6824984996,13249.2432027062
Angle 65,11910.9509339722,13246.1447127207
Angle 65,11931.2149492232,13242.9488984663
Angle 65,11951.4745415259,13239.65578175
Angle 65,11971.7297080136,13236.2653844324
Angle 65,11991.9804456797,13232.7777284301
Angle 65,12012.2267513782,13229.1928357174
Angle 65,12032.4686218235,13225.5107283286
Angle 65,12052.7060535909,13221.7314283597
Angle 65,12072.9390431164,13217.8549579706
Angle 65,12093.1675866974,13213.881339387
Angle 65,12113.3916804923,13209.8105949025
Angle 65,12133.6113205213,13205.6427468806
Angle 65,12153.8265026658,13201.3778177567
Angle 65,12174.0372226694,13197.0158300397
Angle 65,12194.2434761374,13192.5568063148
Angle 65,12214.4452585376,13188.0007692448
Angle 65,12234.6425651997,13183.3477415722
Angle 65,12254.8353913162,13178.5977461216
Angle 65,12275.0237319422,13173.7508058011
Angle 65,12295.2075819956,13168.8069436048
Angle 65,12315.3869362574,13163.7661826143
Angle 65,12335.5617893717,13158.6285460011
Angle 65,12355.7321358458,13153.3940570285
Angle 65,12375.8979700509,13148.0627390533
Angle 65,12396.0592862215,13142.634615528
Angle 65,12416.2160784561,13137.1097100027
Angle 65,12436.3683407171,13131.4880461271
Angle 65,12456.5160668311,13125.7696476526
Angle 65,12476.6592504892,13119.9545384339
Angle 65,12496.7978852466,13114.0427424313
Angle 65,12516.9319645233,13108.0342837127
Angle 65,12537.0614816041,13101.9291864552
Angle 65,12557.1864296389,13095.7274749473
Angle 65,12577.3068016422,13089.4291735909
Angle 65,12597.4225904941,13083.0343069033
Angle 65,12617.53378894,13076.5428995189
Angle 65,12637.6403895909,13069.9549761913
Angle 65,12657.7423849231,13063.2705617953
Angle 65,12677.8397672792,13056.4896813288
Angle 65,12697.9325288673,13049.6123599149
Angle 65,12718.0206617618,13042.6386228035
Angle 65,12738.1041579033,13035.5684953737
Angle 65,12758.1830090988,13028.4020031353
Angle 65,12778.2572070215,13021.1391717311
Angle 65,12798.3267432115,13013.7800269386
Angle 65,12818.3916090756,13006.3245946723
Angle 65,12838.4517958872,12998.7729009853
Angle 65,12858.5072947869,12991.1249720711
Angle 65,12878.5580967823,12983.3808342662
Angle 65,12898.6041927483,12975.5405140515
Angle 65,12918.6455734271,12967.6040380543
Angle 65,12938.6822294282,12959.5714330505
Angle 65,12958.7141512288,12951.4427259663
Angle 65,12978.7413291737,12943.2179438804
Angle 65,12998.7637534754,12934.8971140255
Angle 65,13018.7814142143,12926.4802637908
Angle 65,13038.7943013389,12917.9674207236
Angle 65,13058.8024046654,12909.3586125312
Angle 65,13078.8057138785,12900.6538670833
Angle 65,13098.8042185309,12891.8532124134
Angle 65,13118.7979080437,12882.9566767208
Angle 65,13138.7867717064,12873.9642883732
Angle 65,13158.7707986771,12864.8760759079
Angle 65,13178.7499779822,12855.6920680339
Angle 65,13198.724298517,12846.4122936344
Angle 65,13218.6937490453,12837.0367817679
Angle 65,13238.6583181998,12827.565561671
Angle 65,13258.617994482,12817.9986627597
Angle 65,13278.5727662624,12808.3361146316
Angle 65,13298.5226217802,12798.5779470681
Angle 65,13318.467549144,12788.7241900361
Angle 65,13338.4075363312,12778.7748736897
Angle 65,13358.3425711884,12768.730028373
Angle 65,13378.2726414313,12758.5896846211
Angle 65,13398.1977346449,12748.3538731627
Angle 65,13418.1178382835,12738.0226249219
Angle 65,13438.0329396705,12727.5959710202
Angle 65,13457.9430259987,12717.0739427783
Angle 65,13477.8480843303,12706.4565717184
Angle 65,13497.7481015968,12695.7438895659
Angle 65,13517.6430645991,12684.9359282515
Angle 65,13537.5329600076,12674.0327199133
Angle 65,13557.4177743619,12663.0342968985
Angle 65,13577.2974940712,12651.9406917657
Angle 65,13597.1721054142,12640.7519372867
Angle 65,13617.0415945388,12629.4680664487
Angle 65,13636.9059474625,12618.0891124561
Angle 65,13656.7651500723,12606.6151087325
Angle 65,13676.6191881244,12595.046088923
Angle 65,13696.4680472446,12583.3820868959
Angle 65,13716.311712928,12571.6231367448
Angle 65,13736.1501705391,12559.7692727907
Angle 65,13755.9834053118,12547.820529584
Angle 65,13775.8114023493,12535.7769419067
Angle 65,13795.634146624,12523.638544774
Angle 65,13815.4516229777,12511.4053734367
Angle 65,13835.2638161212,12499.0774633832
Angle 65,13855.0707106347,12486.6548503414
Angle 65,13874.8722909675,12474.1375702811
Angle 65,13894.6685414378,12461.5256594156
Angle 65,13914.4594462329,12448.819154204
Angle 65,13934.2449894092,12436.0180913534
Angle 65,13954.0251548919,12423.1225078206
Angle 65,13973.7999264748,12410.1324408148
Angle 65,13993.5692878209,12397.0479277989
Angle 65,14013.3332224614,12383.8690064923
Angle 65,14033.0917137966,12370.5957148726
Angle 65,14052.8447450948,12357.2280911778
Angle 65,14072.5922994932,12343.7661739083
Angle 65,14092.334359997,12330.2100018294
Angle 65,14112.0709094798,12316.5596139729
Angle 65,14131.8019306833,12302.8150496398
Angle 65,14151.5274062173,12288.9763484017
Angle 65,14171.2473185594,12275.0435501038
Angle 65,14190.9616500552,12261.0166948663
Angle 65,14210.6703829179,12246.8958230871
Angle 65,14230.3734992282,12232.6809754436
Angle 65,14250.0709809344,12218.372192895
Angle 65,14269.762809852,12203.9695166847
Angle 65,14289.448967664,12189.472988342
Angle 65,14309.12943592,12174.8826496847
Angle 65,14328.8041960369,12160.1985428212
Angle 65,14348.4732292983,12145.4207101525
Angle 65,14368.1365168542,12130.5491943749
Angle 65,14387.7940397215,12115.5840384816
Angle 65,14407.4457787829,12100.5252857654
Angle 65,14427.0917147878,12085.3729798208
Angle 65,14446.7318283512,12070.1271645461
Angle 65,14466.3660999541,12054.787884146
Angle 65,14485.9945099432,12039.3551831333
Angle 65,14505.6170385305,12023.829106332
Angle 65,14525.2336657935,12008.2096988786
Angle 65,14544.8443716748,11992.4970062252
Angle 65,14564.4491359816,11976.6910741416
Angle 65,14584.0479383864,11960.791948717
Angle 65,14603.6407584258,11944.7996763634
Angle 65,14623.2275755009,11928.714303817
Angle 65,14642.8083688769,11912.5358781408
Angle 65,14662.383117683,11896.2644467273
Angle 65,14681.951800912,11879.9000573004
Angle 65,14701.5143974204,11863.4427579179
Angle 65,14721.0708859278,11846.8925969741
Angle 65,14740.6212450169,11830.2496232017
Angle 65,14760.1654531332,11813.5138856747
Angle 65,14779.703488585,11796.6854338106
Angle 65,14799.2353295427,11779.7643173725
Angle 65,14818.7609540391,11762.7505864722
Angle 65,14838.2803399686,11745.644291572
Angle 65,14857.7934650876,11728.4454834875
Angle 65,14877.3003070135,11711.1542133899
Angle 65,14896.8008432251,11693.7705328084
Angle 65,14916.2950510621,11676.2944936331
Angle 65,14935.7829077247,11658.7261481167
Angle 65,14955.2643902735,11641.065548878
Angle 65,14974.7394756292,11623.3127489033
Angle 65,14994.2081405724,11605.46780155
Angle 65,15013.6703617431,11587.5307605483
Angle 65,15033.1261156407,11569.5016800041
Angle 65,15052.5753786236,11551.3806144016
Angle 65,15072.0181269088,11533.1676186056
Angle 65,15091.4543365718,11514.8627478645
Angle 65,15110.8839835461,11496.4660578123
Angle 65,15130.3070436233,11477.9776044718
Angle 65,15149.7234924523,11459.3974442568
Angle 65,15169.1333055392,11440.7256339748
Angle 65,15188.5364582472,11421.9622308298
Angle 65,15207.932925796,11403.1072924248
Angle 65,15227.3226832618,11384.1608767643
Angle 65,15246.7057055764,11365.1230422575
Angle 65,15266.0819675277,11345.9938477203
Angle 65,15285.4514437587,11326.7733523784
Angle 65,15304.8141087674,11307.46161587
Angle 65,15324.1699369068,11288.0586982484
Angle 65,15343.5189023838,11268.5646599847
Angle 65,15362.8609792599,11248.9795619708
Angle 65,15382.1961414497,11229.3034655218
Angle 65,15401.5243627217,11209.5364323789
Angle 65,15420.8456166971,11189.6785247123
Angle 65,15440.1598768498,11169.7298051239
Angle 65,15459.4671165062,11149.6903366501
Angle 65,15478.7673088445,11129.5601827646
Angle 65,15498.0604268945,11109.3394073812
Angle 65,15517.3464435375,11089.0280748568
Angle 65,15536.6253315055,11068.6262499941
Angle 65,15555.897063381,11048.1339980446
Angle 65,15575.1616115969,11027.5513847113
Angle 65,15594.4189484357,11006.8784761518
Angle 65,15613.6690460295,10986.1153389809
Angle 65,15632.9118763594,10965.2620402742
Angle 65,15652.1474112551,10944.31864757
Angle 65,15671.3756223949,10923.2852288733
Angle 65,15690.5964813047,10902.1618526579
Angle 65,15709.8099593582,10880.9485878702
Angle 65,15729.0160277761,10859.6455039313
Angle 65,15748.2146576261,10838.2526707408
Angle 65,15767.4058198221,10816.7701586793
Angle 65,15786.5894851242,10795.1980386117
Angle 65,15805.7656241378,10773.5363818901
Angle 65,15824.9342073139,10751.7852603569
Angle 65,15844.095204948,10729.9447463479
Angle 65,15863.2485871803,10708.0149126954
Angle 65,15882.3943239948,10685.9958327314
Angle 65,15901.5323852193,10663.8875802904
Angle 65,15920.6627405246,10641.6902297126
Angle 65,15939.7853594244,10619.4038558476
Angle 65,15958.900211275,10597.0285340568
Angle 65,15978.0072652744,10574.5643402168
Angle 65,15997.1064904623,10552.0113507231
Angle 65,16016.1978557195,10529.3696424924
Angle 65,16035.2813297677,10506.6392929665
Angle 65,16054.3568811688,10483.8203801155
Angle 65,16073.4244783246,10460.9129824405
Angle 65,16092.4840894764,10437.9171789775
Angle 65,16111.5356827046,10414.8330493002
Angle 65,16130.5792259283,10391.6606735236
Angle 65,16149.6146869048,10368.4001323071
Angle 65,16168.6420332291,10345.0515068579
Angle 65,16187.6612323336,10321.6148789343
Angle 65,16206.6722514877,10298.0903308491
Angle 65,16225.6750577974,10274.4779454729
Angle 65,16244.6696182047,10250.7778062373
Angle 65,16263.6558994871,10226.9899971388
Angle 65,16282.6338682575,10203.1146027415
Angle 65,16301.6034909637,10179.1517081811
Angle 65,16320.5647338876,10155.101399168
Angle 65,16339.5175631452,10130.9637619909
Angle 65,16358.4619446859,10106.7388835201
Angle 65,16377.3978442923,10082.4268512113
Angle 65,16396.3252275794,10058.0277531085
Angle 65,16415.2440599946,10033.5416778481
Angle 65,16434.1543068169,10008.9687146621
Angle 65,16453.0559331568,9984.30895338159
Angle 65,16471.9489039555,9959.56248444052
Angle 65,16490.8331839846,9934.72939887904
Angle 65,16509.7087378459,9909.80978834713
Angle 65,16528.5755299707,9884.80374510826
Angle 65,16547.4335246193,9859.71136204286
Angle 65,16566.2826858808,9834.53273265203
Angle 65,16585.1229776726,9809.26795106111
Angle 65,16603.9543637399,9783.91711202335
Angle 65,16622.7768076551,9758.48031092351
Angle 65,16641.5902728178,9732.9576437816
Angle 65,16660.3947224539,9707.34920725648
Angle 65,16679.1901196156,9681.65509864962
Angle 65,16697.9764271805,9655.87541590875
Angle 65,16716.7536078516,9630.01025763161
Angle 65,16735.5216241564,9604.05972306969
Angle 65,16754.2804384472,9578.02391213195
Angle 65,16773.0300128997,9551.90292538858
Angle 65,16791.7703095135,9525.6968640748
Angle 65,16810.5012901109,9499.40583009461
Angle 65,16829.222916337,9473.02992602461
Angle 65,16847.9351496591,9446.56925511781
Angle 65,16866.6379513662,9420.02392130744
Angle 65,16885.3312825687,9393.39402921081
Angle 65,16904.0151041979,9366.67968413312
Angle 65,16922.6893770054,9339.88099207138
Angle 65,16941.3540615633,9312.99805971822
Angle 65,16960.0091182629,9286.03099446582
Angle 65,16978.654507315,9258.97990440979
Angle 65,16997.2901887492,9231.84489835309
Angle 65,17015.9161224135,9204.62608580994
Angle 65,17034.5322679737,9177.32357700977
Angle 65,17053.1385849135,9149.93748290115
Angle 65,17071.7350325336,9122.46791515577
Angle 65,17090.3215699515,9094.91498617239
Angle 65,17108.8981561011,9067.27880908082
Angle 65,17127.4647497322,9039.55949774592
Angle 65,17146.0213094103,9011.75716677161
Angle 65,17164.567793516,8983.87193150487
Angle 65,17183.1041602448,8955.90390803977
Angle 65,17201.6303676064,8927.85321322149
Angle 65,17220.1463734246,8899.7199646504
Angle 65,17238.6521353371,8871.5042806861
Angle 65,17257.1476107943,8843.20628045146
Angle 65,17275.6327570601,8814.82608383674
Angle 65,17294.1075312104,8786.36381150364
Angle 65,17312.5718901336,8757.81958488942
Angle 65,17331.0257905295,8729.19352621099
Angle 65,17349.4691889098,8700.48575846902
Angle 65,17367.9020415968,8671.69640545208
Angle 65,17386.3243047236,8642.82559174078
Angle 65,17404.7359342339,8613.87344271186
Angle 65,17423.1368858811,8584.84008454241
Angle 65,17441.5271152283,8555.72564421395
Angle 65,17459.9065776481,8526.53024951666
Angle 65,17478.2752283219,8497.25402905353
Angle 65,17496.6330222399,8467.89711224454
Angle 65,17514.9799142005,8438.45962933083
Angle 65,17533.3158588101,8408.94171137892
Angle 65,17551.6408104829,8379.3434902849
Angle 65,17569.9547234404,8349.66509877866
Angle 65,17588.2575517114,8319.90667042806
Angle 65,17606.5492491312,8290.06833964318
Angle 65,17624.8297693417,8260.15024168057
Angle 65,17643.099065791,8230.15251264743
Angle 65,17661.3570917331,8200.07528950587
Angle 65,17679.6038002278,8169.91871007717
Angle 65,17697.8391441401,8139.68291304601
Angle 65,17716.0630761401,8109.36803796472
Angle 65,17734.2755487028,8078.97422525753
Angle 65,17752.4765141078,8048.50161622486
Angle 65,17770.6659244391,8017.95035304755
Angle 65,17788.8437315848,7987.32057879114
Angle 65,17807.0098872367,7956.61243741013
Angle 65,17825.1643428904,7925.82607375228
Angle 65,17843.3070498451,7894.96163356284
Angle 65,17861.4379592028,7864.01926348886
Angle 65,17879.5570218689,7832.99911108348
Angle 65,17897.6641885515,7801.90132481014
Angle 65,17915.7594097612,7770.72605404695
Angle 65,17933.8426358112,7739.47344909091
Angle 65,17951.9138168169,7708.1436611622
Angle 65,17969.9729026958,7676.73684240847
Angle 65,17988.0198431674,7645.25314590913
Angle 65,18006.054587753,7613.6927256796
Angle 65,18024.0770857754,7582.05573667563
Angle 65,18042.0872863592,7550.34233479751
Angle 65,18060.08513843,7518.55267689443
Angle 65,18078.0705907151,7486.68692076867
Angle 65,18096.0435917426,7454.74522517991
Angle 65,18114.004089842,7422.7277498495
Angle 65,18131.9520331434,7390.6346554647
Angle 65,18149.8873695783,7358.46610368294
Angle 65,18167.8100468785,7326.2222571361
Angle 65,18185.7200125769,7293.90327943471
Angle 65,18203.6172140071,7261.50933517224
Angle 65,18221.5015983033,7229.04058992928
Angle 65,18239.3731124003,7196.49721027784
Angle 65,18257.2317030336,7163.87936378552
Angle 65,18275.0773167394,7131.18721901971
Angle 65,18292.9098998543,7098.42094555187
Angle 65,18310.7293985157,7065.58071396165
Angle 65,18328.5357586617,7032.66669584114
Angle 65,18346.3289260309,6999.67906379899
Angle 65,18364.1088461627,6966.61799146464
Angle 65,18381.8754643974,6933.48365349244
Angle 65,18399.628725876,6900.27622556582
Angle 65,18417.3685755405,6866.9958844014
Angle 65,18435.094958134,6833.64280775316
Angle 65,18452.8078182007,6800.21717441651
Angle 65,18470.5071000858,6766.71916423239
Angle 65,18488.1927479362,6733.14895809139
Angle 65,18505.8647057003,6699.50673793781
Angle 65,18523.5229171279,6665.79268677368
Angle 65,18541.1673257709,6632.00698866284
Angle 65,18558.7978749832,6598.14982873497
Angle 65,18576.4145079206,6564.22139318955
Angle 65,18594.0171675418,6530.22186929991
Angle 65,18611.6057966077,6496.15144541715
Angle 65,18629.1803376824,6462.01031097413
Angle 65,18646.740733133,6427.7986564894
Angle 65,18664.2869251299,6393.5166735711
Angle 65,18681.8188556473,6359.16455492087
Angle 65,18699.3364664632,6324.74249433771
Angle 65,18716.8396991601,6290.25068672183
Angle 65,18734.3284951249,6255.68932807852
Angle 65,18751.8027955495,6221.0586155219
Angle 65,18769.2625414309,6186.35874727873
Angle 65,18786.707673572,6151.58992269217
Angle 65,18804.1381325816,6116.75234222552
Angle 65,18821.5538588748,6081.84620746589
Angle 65,18838.9547926739,6046.87172112792
Angle 65,18856.3408740081,6011.82908705743
Angle 65,18873.7120427144,5976.71851023501
Angle 65,18891.0682384382,5941.54019677966
Angle 65,18908.4094006333,5906.29435395233
Angle 65,18925.7354685629,5870.98119015946
Angle 65,18943.0463812996,5835.60091495649
Angle 65,18960.3420777264,5800.15373905132
Angle 65,18977.6224965371,5764.63987430779
Angle 65,18994.8875762368,5729.05953374904
Angle 65,19012.1372551423,5693.41293156089
Angle 65,19029.3714713833,5657.70028309522
Angle 65,19046.5901629024,5621.92180487321
Angle 65,19063.7932674561,5586.07771458867
Angle 65,19080.9807226152,5550.16823111121
Angle 65,19098.1524657657,5514.19357448947
Angle 65,19115.3084341096,5478.15396595426
Angle 65,19132.4485646652,5442.04962792166
Angle 65,19149.5727942682,5405.8807839961
Angle 65,19166.6810595723,5369.64765897339
Angle 65,19183.7732970501,5333.3504788437
Angle 65,19200.8494429937,5296.98947079451
Angle 65,19217.9094335157,5260.56486321349
Angle 65,19234.95320455,5224.07688569138
Angle 65,19251.9806918524,5187.52576902478
Angle 65,19268.9918310021,5150.91174521891
Angle 65,19285.9865574018,5114.23504749033
Angle 65,19302.9648062793,5077.4959102696
Angle 65,19319.9265126881,5040.69456920389
Angle 65,19336.8716115083,5003.83126115954
Angle 65,19353.800037448,4966.90622422461
Angle 65,19370.7117250437,4929.91969771126
Angle 65,19387.606608662,4892.87192215823
Angle 65,19404.4846224999,4855.76313933317
Angle 65,19421.3457005867,4818.5935922349
Angle 65,19438.1897767844,4781.36352509573
Angle 65,19455.0167847892,4744.07318338353
Angle 65,19471.8266581326,4706.72281380397
Angle 65,19488.6193301824,4669.3126643025
Angle 65,19505.3947341441,4631.8429840664
Angle 65,19522.152803062,4594.31402352669
Angle 65,19538.8934698205,4556.72603436006
Angle 65,19555.6166671451,4519.07926949063
Angle 65,19572.3223276043,4481.37398309175
Angle 65,19589.0103836101,4443.61043058766
Angle 65,19605.6807674199,4405.78886865512
Angle 65,19622.333411138,4367.90955522497
Angle 65,19638.9682467162,4329.97274948363
Angle 65,19655.5852059561,4291.97871187447
Angle 65,19672.1842205099,4253.92770409921
Angle 65,19688.7652218822,4215.81998911917
Angle 65,19705.3281414314,4177.65583115646
Angle 65,19721.8729103711,4139.43549569513
Angle 65,19738.3994597719,4101.15924948225
Angle 65,19754.9077205627,4062.8273605288
Angle 65,19771.3976235323,4024.44009811068
Angle 65,19787.8690993313,3985.99773276946
Angle 65,19804.3220784734,3947.50053631316
Angle 65,19820.7564913371,3908.9487818169
Angle 65,19837.1722681679,3870.34274362349
Angle 65,19853.5693390792,3831.68269734393
Angle 65,19869.9476340547,3792.96891985784
Angle 65,19886.30708295,3754.20168931378
Angle 65,19902.6476154942,3715.38128512952
Angle 65,19918.9691612921,3676.50798799217
Angle 65,19935.2716498257,3637.5820798583
Angle 65,19951.5550104562,3598.60384395387
Angle 65,19967.8191724261,3559.57356477419
Angle 65,19984.0640648609,3520.49152808369
Angle 65,20000.2896167712,3481.35802091564
Angle 65,20016.4957570547,3442.17333157177
Angle 65,20032.6824144982,3402.93774962182
Angle 65,20048.8495177796,3363.65156590293
Angle 65,20064.9969954701,3324.31507251902
Angle 65,20081.1247760361,3284.92856284002
Angle 65,20097.2327878417,3245.49233150097
Angle 65,20113.3209591506,3206.00667440112
Angle 65,20129.3892181284,3166.47188870285
Angle 65,20145.4374928446,3126.88827283047
Angle 65,20161.4657112753,3087.25612646903
Angle 65,20177.4738013052,3047.57575056289
Angle 65,20193.4616907298,3007.84744731427
Angle 65,20209.4293072581,2968.07152018167
Angle 65,20225.3765785147,2928.24827387821
Angle 65,20241.3034320423,2888.37801436979
Angle 65,20257.2097953041,2848.46104887322
Angle 65,20273.0955956863,2808.4976858542
Angle 65,20288.9607605008,2768.48823502518
Angle 65,20304.8052169872,2728.43300734316
Angle 65,20320.6288923158,2688.33231500729
Angle 65,20336.43171359,2648.18647145646
Angle 65,20352.2136078493,2607.99579136669
Angle 65,20367.974502071,2567.76059064841
Angle 65,20383.7143231741,2527.4811864437
Angle 65,20399.4329980211,2487.15789712332
Angle 65,20415.130453421,2446.79104228367
Angle 65,20430.8066161322,2406.38094274363
Angle 65,20446.4614128652,2365.92792054123
Angle 65,20462.0947702854,2325.43229893027
Angle 65,20477.7066150159,2284.89440237676
Angle 65,20493.2968736405,2244.31455655526
Angle 65,20508.8654727068,2203.69308834509
Angle 65,20524.4123387285,2163.03032582642
Angle 65,20539.9373981893,2122.32659827623
Angle 65,20555.4405775449,2081.5822361641
Angle 65,20570.9218032269,2040.79757114796
Angle 65,20586.3810016453,1999.97293606964
Angle 65,20601.8180991921,1959.10866495028
Angle 65,20617.2330222438,1918.20509298569
Angle 65,20632.6256971651,1877.26255654145
Angle 65,20647.9960503118,1836.28139314805
Angle 65,20663.3440080341,1795.26194149568
Angle 65,20678.6694966798,1754.20454142909
Angle 65,20693.9724425977,1713.10953394219
Angle 65,20709.2527721408,1671.97726117253
Angle 65,20724.5104116696,1630.80806639569
Angle 65,20739.7452875554,1589.60229401947
Angle 65,20754.9573261842,1548.36028957802
Angle 65,20770.1464539592,1507.0823997257
Angle 65,20785.3125973052,1465.76897223098
Angle 65,20800.4556826714,1424.42035597002
Angle 65,20815.5756365353,1383.03690092021
Angle 65,20830.6723854061,1341.61895815357
Angle 65,20845.7458558281,1300.16687982994
Angle 65,20860.7959743847,1258.68101919011
Angle 65,20875.8226677014,1217.16173054871
Angle 65,20890.8258624503,1175.60936928706
Angle 65,20905.8054853529,1134.02429184579
Angle 65,20920.7614631845,1092.40685571734
Angle 65,20935.6937227772,1050.75741943833
Angle 65,20950.6021910247,1009.07634258178
Angle 65,20965.4867948849,967.363985749152
Angle 65,20980.3474613846,925.620710562259
Angle 65,20995.1841176229,883.846879655054
Angle 65,21009.9966907753,842.042856665225
Angle 65,21024.7851080973,800.209006225668
Angle 65,21039.5492969287,758.3456939558
Angle 65,21054.289184697,716.453286452724
Angle 65,21069.0046989221,674.53215128224
Angle 65,21083.6957672195,632.58265696971
Angle 65,21098.362317305,590.605172990771
Angle 65,21113.0042769982,548.600069761886
Angle 65,21127.6215742271,506.567718630762
Angle 65,21142.2141370315,464.508491866595
Angle 65,21156.7818935679,422.422762650181
Angle 65,21171.3247721128,380.310905063858
Angle 65,21185.8427010677,338.173294081312
Angle 65,21200.3356089625,296.010305557216
Angle 65,21214.8034244604,253.822316216723
Angle 65,21229.2460763617,211.609703644806
Angle 65,21243.6634936078,169.372846275446
Angle 65,21258.0556052864,127.112123380661
Angle 65,21272.4223406346,84.8279150593911
Angle 65,21286.7636290441,42.5206022262253
Angle 65,21301.0794000651,0.190566599975689
Angle 65,21301.1436994485,0
Density Correction,0,0
Density Correction,29.5004451425478,63.1659087663063
Density Correction,58.919143112396,126.058781717807
Density Correction,88.2571591785631,188.681168561225
Density Correction,117.515538402878,251.035569502862
Density Correction,146.695306153313,313.124436510944
Density Correction,175.797468600915,374.950174537604
Density Correction,204.823013200968,436.515142702084
Density Correction,233.772909158985,497.821655436604
Density Correction,262.648107882111,558.871983596344
Density Correction,291.449543416479,619.668355534866
Density Correction,320.178132871053,680.212958146295
Density Correction,348.834776828452,740.50793787547
Density Correction,377.420359743241,800.555401697268
Density Correction,405.935750328156,860.357418066227
Density Correction,434.381801928683,919.916017837543
Density Correction,462.75935288644,979.233195160495
Density Correction,491.069226891739,1038.31090834528
Density Correction,519.312233325736,1097.1510807042
Density Correction,547.489167592528,1155.75560136815
Density Correction,575.600811441554,1214.12632607926
Density Correction,603.647933280648,1272.26507796047
Density Correction,631.631288480056,1330.17364826297
Density Correction,659.551619667749,1387.85379709216
Density Correction,687.409657016312,1445.30725411294
Density Correction,715.206118521722,1502.53571923497
Density Correction,742.941710274265,1559.5408632787
Density Correction,770.61712672188,1616.32432862266
Density Correction,798.233050926174,1672.88772983279
Density Correction,825.790154811356,1729.23265427436
Density Correction,853.289099406326,1785.36066270696
Density Correction,880.730535080149,1841.27328986335
Density Correction,908.115101771123,1896.97204501244
Density Correction,935.44342920966,1952.4584125071
Density Correction,962.716137135177,2007.73385231724
Density Correction,989.933835507187,2062.79980054862
Density Correction,1017.09712471079,2117.65766994785
Density Correction,1044.20659575674,2172.30885039404
Density Correction,1071.2628304762,2226.75470937757
Density Correction,1098.26640171051,2280.99659246623
Density Correction,1125.21787349592,2335.03582375934
Density Correction,1152.11780124363,2388.87370633006
Density Correction,1178.96673191511,2442.51152265634
Density Correction,1205.76520419307,2495.95053504084
Density Correction,1232.51374864793,2549.19198602015
Density Correction,1259.21288790018,2602.23709876363
Density Correction,1285.86313677865,2655.08707746227
Density Correction,1312.46500247477,2707.74310770773
Density Correction,1339.01898469301,2760.20635686198
Density Correction,1365.52557579765,2812.47797441774
Density Correction,1391.9852609558,2864.55909235008
Density Correction,1418.39851827708,2916.45082545932
Density Correction,1444.76581894977,2968.15427170563
Density Correction,1471.08762737371,3019.67051253545
Density Correction,1497.36440128996,3071.00061320006
Density Correction,1523.59659190743,3122.14562306645
Density Correction,1549.78464402633,3173.10657592077
Density Correction,1575.92899615885,3223.88449026458
Density Correction,1602.0300806469,3274.48036960404
Density Correction,1628.08832377706,3324.89520273232
Density Correction,1654.10414589289,3375.12996400535
Density Correction,1680.07796150462,3425.18561361116
Density Correction,1706.01017939624,3475.06309783298
Density Correction,1731.90120273016,3524.76334930618
Density Correction,1757.7514291495,3574.28728726941
Density Correction,1783.56125087797,3623.6358178099
Density Correction,1809.3310548175,3672.80983410321
Density Correction,1835.0612226437,3721.81021664754
Density Correction,1860.75213089914,3770.63783349275
Density Correction,1886.40415108451,3819.29354046422
Density Correction,1912.0176497478,3867.77818138175
Density Correction,1937.59298857144,3916.0925882735
Density Correction,1963.13052445758,3964.2375815853
Density Correction,1988.63060961144,4012.21397038524
Density Correction,2014.09359162286,4060.02255256388
Density Correction,2039.51981354603,4107.66411502995
Density Correction,2064.90961397759,4155.13943390193
Density Correction,2090.26332713288,4202.44927469536
Density Correction,2115.58128292074,4249.59439250624
Density Correction,2140.86380701653,4296.57553219035
Density Correction,2166.11122093374,4343.39342853885
Density Correction,2191.32384209395,4390.0488064501
Density Correction,2216.50198389545,4436.54238109787
Density Correction,2241.64595578028,4482.87485809594
Density Correction,2266.75606329995,4529.0469336593
Density Correction,2291.83260817977,4575.05929476199
Density Correction,2316.87588838185,4620.91261929159
Density Correction,2341.88619816677,4666.6075762006
Density Correction,2366.86382815402,4712.14482565459
Density Correction,2391.80906538116,4757.5250191774
Density Correction,2416.72219336182,4802.74879979332
Density Correction,2441.60349214246,4847.8168021664
Density Correction,2466.45323835806,4892.72965273687
Density Correction,2491.2717052866,4937.48796985491
Density Correction,2516.05916290252,4982.09236391165
Density Correction,2540.81587792909,5026.54343746755
Density Correction,2565.54211388971,5070.84178537825
Density Correction,2590.2381311582,5114.9879949179
Density Correction,2614.90418700817,5158.98264590008
Density Correction,2639.54053566129,5202.82631079625
Density Correction,2664.14742833476,5246.519554852
Density Correction,2688.72511328771,5290.06293620092
Density Correction,2713.27383586683,5333.45700597631
Density Correction,2737.79383855103,5376.70230842071
Density Correction,2762.28536099525,5419.79938099333
Density Correction,2786.7486400735,5462.74875447533
Density Correction,2811.18390992098,5505.55095307325
Density Correction,2835.59140197548,5548.20649452028
Density Correction,2859.97134501791,5590.71589017571
Density Correction,2884.32396521219,5633.07964512252
Density Correction,2908.64948614423,5675.298258263
Density Correction,2932.94812886032,5717.37222241274
Density Correction,2957.22011190475,5759.30202439272
Density Correction,2981.46565135669,5801.08814511977
Density Correction,3005.68496086646,5842.73105969528
Density Correction,3029.87825169108,5884.23123749238
Density Correction,3054.04573272918,5925.58914224135
Density Correction,3078.18761055532,5966.80523211361
Density Correction,3102.30408945356,6007.87995980409
Density Correction,3126.39537145057,6048.81377261213
Density Correction,3150.46165634802,6089.6071125209
Density Correction,3174.50314175449,6130.26041627536
Density Correction,3198.52002311669,6170.77411545887
Density Correction,3222.51249375023,6211.14863656839
Density Correction,3246.48074486977,6251.38440108831
Density Correction,3270.42496561868,6291.48182556301
Density Correction,3294.34534309814,6331.4413216681
Density Correction,3318.24206239574,6371.26329628041
Density Correction,3342.11530661359,6410.94815154675
Density Correction,3365.96525689592,6450.49628495144
Density Correction,3389.79209245621,6489.90808938267
Density Correction,3413.59599060381,6529.18395319775
Density Correction,3437.37712677021,6568.32426028708
Density Correction,3461.13567453469,6607.32939013721
Density Correction,3484.87180564967,6646.19971789265
Density Correction,3508.58569006556,6684.9356144167
Density Correction,3532.2774959552,6723.5374463512
Density Correction,3555.94738973789,6762.00557617527
Density Correction,3579.59553610298,6800.34036226307
Density Correction,3603.22209803312,6838.54215894053
Density Correction,3626.82723682705,6876.61131654118
Density Correction,3650.41111212207,6914.54818146099
Density Correction,3673.97388191611,6952.35309621231
Density Correction,3697.5157025894,6990.02639947689
Density Correction,3721.03672892581,7027.56842615807
Density Correction,3744.53711413387,7064.97950743202
Density Correction,3768.01700986739,7102.25997079818
Density Correction,3791.47656624573,7139.41014012888
Density Correction,3814.9159318738,7176.43033571808
Density Correction,3838.33525386171,7213.32087432939
Density Correction,3861.73467784403,7250.08206924325
Density Correction,3885.11434799889,7286.71423030333
Density Correction,3908.47440706656,7323.21766396225
Density Correction,3931.81499636797,7359.59267332648
Density Correction,3955.13625582272,7395.83955820052
Density Correction,3978.43832396694,7431.95861513045
Density Correction,4001.72133797078,7467.95013744669
Density Correction,4024.98543365569,7503.8144153061
Density Correction,4048.2307455114,7539.55173573346
Density Correction,4071.45740671258,7575.16238266222
Density Correction,4094.66554913531,7610.64663697462
Density Correction,4117.85530337329,7646.00477654123
Density Correction,4141.0267987537,7681.23707625982
Density Correction,4164.18016335297,7716.34380809359
Density Correction,4187.31552401213,7751.32524110888
Density Correction,4210.43300635205,7786.18164151225
Density Correction,4233.53273478843,7820.91327268695
Density Correction,4256.61483254646,7855.52039522889
Density Correction,4279.67942167537,7890.00326698203
Density Correction,4302.72662306271,7924.3621430732
Density Correction,4325.75655644841,7958.5972759464
Density Correction,4348.7693404386,7992.70891539659
Density Correction,4371.7650925193,8026.69730860295
Density Correction,4394.7439290698,8060.56270016163
Density Correction,4417.70596537593,8094.30533211802
Density Correction,4440.65131564304,8127.9254439985
Density Correction,4463.58009300889,8161.42327284176
Density Correction,4486.49240955625,8194.7990532296
Density Correction,4509.38837632536,8228.05301731728
Density Correction,4532.26810332622,8261.18539486345
Density Correction,4555.13169955061,8294.19641325959
Density Correction,4577.97927298409,8327.08629755905
Density Correction,4600.81093061765,8359.85527050559
Density Correction,4623.62677845929,8392.50355256163
Density Correction,4646.42692154543,8425.03136193591
Density Correction,4669.21146395209,8457.43891461092
Density Correction,4691.98050880597,8489.72642436977
Density Correction,4714.73415829535,8521.89410282279
Density Correction,4737.4725136808,8553.94215943369
Density Correction,4760.1956753058,8585.87080154529
Density Correction,4782.90374260713,8617.68023440501
Density Correction,4805.59681412517,8649.37066118986
Density Correction,4828.274987514,8680.94228303113
Density Correction,4850.93835955144,8712.39529903872
Density Correction,4873.58702614883,8743.72990632512
Density Correction,4896.22108236079,8774.94630002906
Density Correction,4918.84062239473,8806.04467333877
Density Correction,4941.4457396203,8837.025217515
Density Correction,4964.0365265787,8867.88812191363
Density Correction,4986.61307499183,8898.63357400798
Density Correction,5009.1754757713,8929.26175941087
Density Correction,5031.7238190274,8959.77286189626
Density Correction,5054.25819407779,8990.1670634207
Density Correction,5076.77868945626,9020.44454414438
Density Correction,5099.2853929212,9050.60548245195
Density Correction,5121.77839146403,9080.65005497305
Density Correction,5144.25777131755,9110.57843660251
Density Correction,5166.72361796404,9140.39080052034
Density Correction,5189.17601614345,9170.08731821133
Density Correction,5211.61504986125,9199.66815948454
Density Correction,5234.04080239636,9229.13349249238
Density Correction,5256.45335630889,9258.48348374951
Density Correction,5278.85279344772,9287.71829815145
Density Correction,5301.23919495814,9316.83809899296
Density Correction,5323.61264128917,9345.84304798611
Density Correction,5345.97321220099,9374.73330527821
Density Correction,5368.32098677211,9403.50902946941
Density Correction,5390.65604340654,9432.17037763008
Density Correction,5412.97845984081,9460.71750531801
Density Correction,5435.28831315094,9489.15056659528
Density Correction,5457.58567975925,9517.46971404501
Density Correction,5479.87063544115,9545.67509878783
Density Correction,5502.14325533183,9573.76687049814
Density Correction,5524.40361393277,9601.74517742012
Density Correction,5546.65178511832,9629.61016638362
Density Correction,5568.88784214201,9657.36198281977
Density Correction,5591.11185764298,9685.00077077635
Density Correction,5613.32390365212,9712.52667293308
Density Correction,5635.52405159828,9739.93983061659
Density Correction,5657.71237231431,9767.24038381527
Density Correction,5679.88893604311,9794.42847119385
Density Correction,5702.05381244347,9821.5042301079
Density Correction,5724.20707059597,9848.46779661806
Density Correction,5746.34877900869,9875.31930550408
Density Correction,5768.47900562296,9902.05889027875
Density Correction,5790.59781781888,9928.68668320157
Density Correction,5812.70528242097,9955.20281529232
Density Correction,5834.80146570352,9981.60741634439
Density Correction,5856.88643339609,10007.900614938
Density Correction,5878.96025068877,10034.0825384531
Density Correction,5901.02298223745,10060.1533130825
Density Correction,5923.07469216903,10086.1130638442
Density Correction,5945.11544408651,10111.9619145943
Density Correction,5967.14530107408,10137.6999880391
Density Correction,5989.16432570208,10163.3274057473
Density Correction,6011.17258003195,10188.8442881624
Density Correction,6033.17012562109,10214.2507546141
Density Correction,6055.15702352766,10239.5469233307
Density Correction,6077.13333431529,10264.7329114501
Density Correction,6099.09911805783,10289.8088350317
Density Correction,6121.05443434391,10314.7748090675
Density Correction,6142.99934228152,10339.6309474934
Density Correction,6164.93390050252,10364.3773632004
Density Correction,6186.85816716709,10389.0141680451
Density Correction,6208.7721999681,10413.541472861
Density Correction,6230.67605613546,10437.9593874687
Density Correction,6252.56979244042,10462.2680206868
Density Correction,6274.45346519976,10486.4674803419
Density Correction,6296.32713027998,10510.5578732795
Density Correction,6318.19084310142,10534.5393053733
Density Correction,6340.04465864233,10558.411881536
Density Correction,6361.8886314429,10582.1757057287
Density Correction,6383.7228156092,10605.830880971
Density Correction,6405.54726481711,10629.3775093504
Density Correction,6427.36203231622,10652.8156920321
Density Correction,6449.16717093358,10676.1455292682
Density Correction,6470.96273307755,10699.3671204073
Density Correction,6492.74877074148,10722.4805639035
Density Correction,6514.52533550739,10745.4859573256
Density Correction,6536.29247854964,10768.3833973661
Density Correction,6558.05025063846,10791.17297985
Density Correction,6579.79870214356,10813.8547997438
Density Correction,6601.53788303756,10836.4289511638
Density Correction,6623.26784289952,10858.8955273853
Density Correction,6644.98863091828,10881.2546208505
Density Correction,6666.7002958959,10903.5063231771
Density Correction,6688.40288625092,10925.6507251668
Density Correction,6710.09645002172,10947.687916813
Density Correction,6731.78103486971,10969.6179873096
Density Correction,6753.45668808256,10991.4410250582
Density Correction,6775.12345657738,11013.1571176768
Density Correction,6796.78138690382,11034.766352007
Density Correction,6818.43052524718,11056.2688141222
Density Correction,6840.07091743146,11077.6645893349
Density Correction,6861.70260892236,11098.9537622044
Density Correction,6883.32564483028,11120.1364165444
Density Correction,6904.94006991324,11141.2126354302
Density Correction,6926.54592857979,11162.1825012061
Density Correction,6948.14326489188,11183.0460954928
Density Correction,6969.73212256769,11203.803499194
Density Correction,6991.31254498444,11224.4547925042
Density Correction,7012.88457518113,11245.0000549152
Density Correction,7034.44825586127,11265.439365223
Density Correction,7056.00362939561,11285.7728015351
Density Correction,7077.55073782478,11306.0004412766
Density Correction,7099.08962286189,11326.1223611976
Density Correction,7120.62032589519,11346.138637379
Density Correction,7142.14288799056,11366.04934524
Density Correction,7163.65734989412,11385.8545595436
Density Correction,7185.16375203468,11405.5543544037
Density Correction,7206.66213452621,11425.1488032913
Density Correction,7228.15253717033,11444.6379790404
Density Correction,7249.63499945865,11464.0219538547
Density Correction,7271.10956057521,11483.3007993133
Density Correction,7292.5762593988,11502.474586377
Density Correction,7314.03513450529,11521.5433853945
Density Correction,7335.48622416992,11540.5072661077
Density Correction,7356.92956636957,11559.3662976583
Density Correction,7378.36519878499,11578.1205485931
Density Correction,7399.79315880301,11596.7700868701
Density Correction,7421.21348351873,11615.3149798639
Density Correction,7442.62620973766,11633.7552943715
Density Correction,7464.03137397787,11652.0910966179
Density Correction,7485.42901247204,11670.3224522616
Density Correction,7506.81916116961,11688.4494263999
Density Correction,7528.20185573876,11706.4720835744
Density Correction,7549.57713156848,11724.3904877766
Density Correction,7570.94502377052,11742.2047024529
Density Correction,7592.30556718143,11759.9147905097
Density Correction,7613.65879636443,11777.5208143191
Density Correction,7635.0047456114,11795.0228357237
Density Correction,7656.34344894473,11812.4209160415
Density Correction,7677.67494011924,11829.7151160715
Density Correction,7698.99925262398,11846.905496098
Density Correction,7720.31641968409,11863.9921158963
Density Correction,7741.62647426263,11880.9750347368
Density Correction,7762.92944906229,11897.8543113904
Density Correction,7784.22537652721,11914.6300041332
Density Correction,7805.5142888447,11931.3021707509
Density Correction,7826.79621794695,11947.870868544
Density Correction,7848.07119551273,11964.3361543321
Density Correction,7869.33925296903,11980.6980844586
Density Correction,7890.60042149277,11996.9567147953
Density Correction,7911.85473201237,12013.112100747
Density Correction,7933.1022152094,12029.1642972558
Density Correction,7954.34290152012,12045.1133588056
Density Correction,7975.57682113711,12060.9593394266
Density Correction,7996.80400401074,12076.7022926995
Density Correction,8018.02447985077,12092.34227176
Density Correction,8039.2382781278,12107.8793293029
Density Correction,8060.44542807478,12123.3135175864
Density Correction,8081.64595868849,12138.6448884364
Density Correction,8102.83989873094,12153.8734932503
Density Correction,8124.02727673086,12168.9993830018
Density Correction,8145.20812098507,12184.0226082441
Density Correction,8166.38245955986,12198.9432191148
Density Correction,8187.55032029241,12213.7612653393
Density Correction,8208.7117307921,12228.4767962351
Density Correction,8229.86671844187,12243.0898607157
Density Correction,8251.01531039953,12257.6005072943
Density Correction,8272.15753359905,12272.008784088
Density Correction,8293.29341475188,12286.3147388214
Density Correction,8314.42298034816,12300.5184188304
Density Correction,8335.54625665801,12314.6198710662
Density Correction,8356.66326973277,12328.6191420988
Density Correction,8377.77404540616,12342.5162781208
Density Correction,8398.87860929555,12356.3113249512
Density Correction,8419.97698680308,12370.0043280388
Density Correction,8441.06920311685,12383.5953324661
Density Correction,8462.1552832121,12397.0843829526
Density Correction,8483.23525185229,12410.4715238588
Density Correction,8504.30913359024,12423.7567991891
Density Correction,8525.37695276925,12436.9402525958
Density Correction,8546.43873352417,12450.0219273825
Density Correction,8567.49449978247,12463.0018665075
Density Correction,8588.54427526531,12475.8801125871
Density Correction,8609.58808348854,12488.6567078992
Density Correction,8630.62594776382,12501.3316943864
Density Correction,8651.65789119951,12513.9051136597
Density Correction,8672.68393670178,12526.3770070016
Density Correction,8693.70410697552,12538.7474153694
Density Correction,8714.71842452533,12551.0163793986
Density Correction,8735.7269116565,12563.1839394058
Density Correction,8756.72959047592,12575.2501353926
Density Correction,8777.72648289302,12587.215007048
Density Correction,8798.71761062069,12599.0785937521
Density Correction,8819.70299517618,12610.8409345791
Density Correction,8840.68265788197,12622.5020683003
Density Correction,8861.65661986669,12634.0620333877
Density Correction,8882.62490206591,12645.5208680163
Density Correction,8903.58752522308,12656.878610068
Density Correction,8924.54450989028,12668.1352971339
Density Correction,8945.49587642911,12679.2909665179
Density Correction,8966.44164501145,12690.3456552395
Density Correction,8987.38183562032,12701.2994000366
Density Correction,9008.31646805059,12712.1522373688
Density Correction,9029.24556190985,12722.9042034201
Density Correction,9050.16913661907,12733.5553341019
Density Correction,9071.08721141345,12744.105665056
Density Correction,9091.99980534309,12754.5552316574
Density Correction,9112.90693727376,12764.9040690172
Density Correction,9133.80862588759,12775.1522119853
Density Correction,9154.70488968382,12785.2996951537
Density Correction,9175.59574697943,12795.3465528588
Density Correction,9196.48121590989,12805.2928191845
Density Correction,9217.36131442982,12815.1385279648
Density Correction,9238.2360603136,12824.8837127869
Density Correction,9259.10547115612,12834.5284069936
Density Correction,9279.96956437332,12844.0726436862
Density Correction,9300.82835720292,12853.5164557275
Density Correction,9321.68186670496,12862.8598757438
Density Correction,9342.53010976248,12872.1029361283
Density Correction,9363.37310308208,12881.2456690436
Density Correction,9384.21086319452,12890.2881064241
Density Correction,9405.04340645535,12899.2302799791
Density Correction,9425.8707490454,12908.072221195
Density Correction,9446.69290697144,12916.8139613382
Density Correction,9467.50989606667,12925.4555314578
Density Correction,9488.3217319913,12933.9969623878
Density Correction,9509.12843023306,12942.4382847502
Density Correction,9529.93000610778,12950.7795289573
Density Correction,9550.72647475987,12959.0207252141
Density Correction,9571.51785116283,12967.1619035214
Density Correction,9592.3041501198,12975.2030936779
Density Correction,9613.08538626401,12983.1443252826
Density Correction,9633.86157405928,12990.9856277381
Density Correction,9654.63272780053,12998.7270302521
Density Correction,9675.39886161422,13006.3685618406
Density Correction,9696.15998945882,13013.9102513304
Density Correction,9716.91612512528,13021.3521273609
Density Correction,9737.66728223748,13028.6942183876
Density Correction,9758.41347425265,13035.9365526836
Density Correction,9779.15471446185,13043.0791583426
Density Correction,9799.89101599035,13050.1220632812
Density Correction,9820.62239179808,13057.0652952416
Density Correction,9841.34885468004,13063.9088817934
Density Correction,9862.0704172667,13070.6528503366
Density Correction,9882.78709202444,13077.2972281038
Density Correction,9903.49889125586,13083.8420421626
Density Correction,9924.20582710027,13090.287319418
Density Correction,9944.907911534,13096.6330866147
Density Correction,9965.60515637082,13102.8793703398
Density Correction,9986.29757326227,13109.0261970248
Density Correction,10006.9851736981,13115.0735929481
Density Correction,10027.6679690064,13121.0215842372
Density Correction,10048.3459703544,13126.8701968717
Density Correction,10069.0191887484,13132.6194566845
Density Correction,10089.6876350342,13138.2693893654
Density Correction,10110.3513198976,13143.8200204625
Density Correction,10131.0102538646,13149.2713753847
Density Correction,10151.6644473018,13154.6234794045
Density Correction,10172.3139104164,13159.8763576598
Density Correction,10192.9586532573,13165.0300351564
Density Correction,10213.5986857145,13170.0845367701
Density Correction,10234.2340175199,13175.0398872493
Density Correction,10254.8646582476,13179.8961112173
Density Correction,10275.490617314,13184.6532331742
Density Correction,10296.1119039784,13189.3112774994
Density Correction,10316.7285273429,13193.870268454
Density Correction,10337.3404963529,13198.3302301828
Density Correction,10357.9478197975,13202.6911867169
Density Correction,10378.5505063097,13206.9531619754
Density Correction,10399.1485643662,13211.1161797684
Density Correction,10419.7420022887,13215.1802637986
Density Correction,10440.3308282431,13219.1454376638
Density Correction,10460.9150502404,13223.0117248592
Density Correction,10481.4946761368,13226.7791487795
Density Correction,10502.0697136339,13230.4477327212
Density Correction,10522.6401702789,13234.0174998849
Density Correction,10543.2060534652,13237.4884733771
Density Correction,10563.7673704322,13240.8606762131
Density Correction,10584.3241282657,13244.1341313186
Density Correction,10604.8763338985,13247.3088615323
Density Correction,10625.4239941098,13250.384889608
Density Correction,10645.9671155266,13253.3622382165
Density Correction,10666.5057046227,13256.2409299483
Density Correction,10687.03976772,13259.0209873154
Density Correction,10707.5693109878,13261.7024327537
Density Correction,10728.094340444,13264.285288625
Density Correction,10748.6148619545,13266.7695772195
Density Correction,10769.1308812337,13269.1553207576
Density Correction,10789.642403845,13271.4425413923
Density Correction,10810.1494352005,13273.6312612113
Density Correction,10830.6519805618,13275.7215022392
Density Correction,10851.1500450396,13277.7132864395
Density Correction,10871.6436335945,13279.6066357172
Density Correction,10892.1327510367,13281.4015719205
Density Correction,10912.6174020268,13283.098116843
Density Correction,10933.0975910752,13284.6962922262
Density Correction,10953.5733225432,13286.1961197612
Density Correction,10974.0446006426,13287.5976210914
Density Correction,10994.511429436,13288.9008178138
Density Correction,11014.9738128372,13290.1057314821
Density Correction,11035.4317546113,13291.2123836082
Density Correction,11055.8852583749,13292.2207956645
Density Correction,11076.3343275962,13293.1309890861
Density Correction,11096.7789655954,13293.9429852729
Density Correction,11117.2191755448,13294.6568055915
Density Correction,11137.654960469,13295.2724713778
Density Correction,11158.086323245,13295.7900039388
Density Correction,11178.5132666026,13296.2094245545
Density Correction,11198.9357931245,13296.5307544806
Density Correction,11219.3539052463,13296.7540149502
Density Correction,11239.7676052571,13296.8792271758
Density Correction,11260.1768952993,13296.9064123518
Density Correction,11280.5817773692,13296.8355916564
Density Correction,11300.9822533168,13296.6667862537
Density Correction,11321.3783248461,13296.4000172956
Density Correction,11341.7699935153,13296.0353059245
Density Correction,11362.1572607374,13295.5726732746
Density Correction,11382.5401277797,13295.0121404747
Density Correction,11402.9185957643,13294.3537286496
Density Correction,11423.2926656685,13293.597458923
Density Correction,11443.6623383247,13292.7433524189
Density Correction,11464.0276144207,13291.7914302638
Density Correction,11484.3884944999,13290.7417135892
Density Correction,11504.7449789614,13289.5942235331
Density Correction,11525.0970680603,13288.3489812426
Density Correction,11545.4447619079,13287.0060078754
Density Correction,11565.7880604717,13285.5653246025
Density Correction,11586.1269635759,13284.0269526097
Density Correction,11606.4614709013,13282.3909131001
Density Correction,11626.7915819856,13280.6572272959
Density Correction,11647.1172962235,13278.8259164404
Density Correction,11667.4386128672,13276.8970018004
Density Correction,11687.7555310261,13274.8705046679
Density Correction,11708.0680496674,13272.7464463622
Density Correction,11728.3761676161,13270.5248482323
Density Correction,11748.6798835552,13268.2057316584
Density Correction,11768.9791960259,13265.7891180543
Density Correction,11789.2741034277,13263.2750288694
Density Correction,11809.5646040189,13260.6634855907
Density Correction,11829.8506959162,13257.9545097447
Density Correction,11850.1323770956,13255.1481228997
Density Correction,11870.4096453919,13252.2443466677
Density Correction,11890.6824984996,13249.2432027062
Density Correction,11910.9509339722,13246.1447127207
Density Correction,11931.2149492232,13242.9488984663
Density Correction,11951.4745415259,13239.65578175
Density Correction,11971.7297080136,13236.2653844324
Density Correction,11991.9804456797,13232.7777284301
Density Correction,12012.2267513782,13229.1928357174
Density Correction,12032.4686218235,13225.5107283286
Density Correction,12052.7060535909,13221.7314283597
Density Correction,12072.9390431164,13217.8549579706
Density Correction,12093.1675866974,13213.881339387
Density Correction,12113.3916804923,13209.8105949025
Density Correction,12133.6113205213,13205.6427468806
Density Correction,12153.8265026658,13201.3778177567
Density Correction,12174.0372226694,13197.0158300397
Density Correction,12194.2434761374,13192.5568063148
Density Correction,12214.4452585376,13188.0007692448
Density Correction,12234.6425651997,13183.3477415722
Density Correction,12254.8353913162,13178.5977461216
Density Correction,12275.0237319422,13173.7508058011
Density Correction,12295.2075819956,13168.8069436048
Density Correction,12315.3869362574,13163.7661826143
Density Correction,12335.5617893717,13158.6285460011
Density Correction,12355.7321358458,13153.3940570285
Density Correction,12375.8979700509,13148.0627390533
Density Correction,12396.0592862215,13142.634615528
Density Correction,12416.2160784561,13137.1097100027
Density Correction,12436.3683407171,13131.4880461271
Density Correction,12456.5160668311,13125.7696476526
Density Correction,12476.6592504892,13119.9545384339
Density Correction,12496.7978852466,13114.0427424313
Density Correction,12516.9319645233,13108.0342837127
Density Correction,12537.0614816041,13101.9291864552
Density Correction,12557.1864296389,13095.7274749473
Density Correction,12577.3068016422,13089.4291735909
Density Correction,12597.4225904941,13083.0343069033
Density Correction,12617.53378894,13076.5428995189
Density Correction,12637.6403895909,13069.9549761913
Density Correction,12657.7423849231,13063.2705617953
Density Correction,12677.8397672792,13056.4896813288
Density Correction,12697.9325288673,13049.6123599149
Density Correction,12718.0206617618,13042.6386228035
Density Correction,12738.1041579033,13035.5684953737
Density Correction,12758.1830090988,13028.4020031353
Density Correction,12778.2572070215,13021.1391717311
Density Correction,12798.3267432115,13013.7800269386
Density Correction,12818.3916090756,13006.3245946723
Density Correction,12838.4517958872,12998.7729009853
Density Correction,12858.5072947869,12991.1249720711
Density Correction,12878.5580967823,12983.3808342662
Density Correction,12898.6041927483,12975.5405140515
Density Correction,12918.6455734271,12967.6040380543
Density Correction,12938.6822294282,12959.5714330505
Density Correction,12958.7141512288,12951.4427259663
Density Correction,12978.7413291737,12943.2179438804
Density Correction,12998.7637534754,12934.8971140255
Density Correction,13018.7814142143,12926.4802637908
Density Correction,13038.7943013389,12917.9674207236
Density Correction,13058.8024046654,12909.3586125312
Density Correction,13078.8057138785,12900.6538670833
Density Correction,13098.8042185309,12891.8532124134
Density Correction,13118.7979080437,12882.9566767208
Density Correction,13138.7867717064,12873.9642883732
Density Correction,13158.7707986771,12864.8760759079
Density Correction,13178.7499779822,12855.6920680339
Density Correction,13198.724298517,12846.4122936344
Density Correction,13218.6937490453,12837.0367817679
Density Correction,13238.6583181998,12827.565561671
Density Correction,13258.617994482,12817.9986627597
Density Correction,13278.5727662624,12808.3361146316
Density Correction,13298.5226217802,12798.5779470681
Density Correction,13318.467549144,12788.7241900361
Density Correction,13338.4075363312,12778.7748736897
Density Correction,13358.3425711884,12768.730028373
Density Correction,13378.2726414313,12758.5896846211
Density Correction,13398.1977346449,12748.3538731627
Density Correction,13418.1178382835,12738.0226249219
Density Correction,13438.0329396705,12727.5959710202
Density Correction,13457.9430259987,12717.0739427783
Density Correction,13477.8480843303,12706.4565717184
Density Correction,13497.7481015968,12695.7438895659
Density Correction,13517.6430645991,12684.9359282515
Density Correction,13537.5329600076,12674.0327199133
Density Correction,13557.4177743619,12663.0342968985
Density Correction,13577.2974940712,12651.9406917657
Density Correction,13597.1721054142,12640.7519372867
Density Correction,13617.0415945388,12629.4680664487
Density Correction,13636.9059474625,12618.0891124561
Density Correction,13656.7651500723,12606.6151087325
Density Correction,13676.6191881244,12595.046088923
Density Correction,13696.4680472446,12583.3820868959
Density Correction,13716.311712928,12571.6231367448
Density Correction,13736.1501705391,12559.7692727907
Density Correction,13755.9834053118,12547.820529584
Density Correction,13775.8114023493,12535.7769419067
Density Correction,13795.634146624,12523.638544774
Density Correction,13815.4516229777,12511.4053734367
Density Correction,13835.2638161212,12499.0774633832
Density Correction,13855.0707106347,12486.6548503414
Density Correction,13874.8722909675,12474.1375702811
Density Correction,13894.6685414378,12461.5256594156
Density Correction,13914.4594462329,12448.819154204
Density Correction,13934.2449894092,12436.0180913534
Density Correction,13954.0251548919,12423.1225078206
Density Correction,13973.7999264748,12410.1324408148
Density Correction,13993.5692878209,12397.0479277989
Density Correction,14013.3332224614,12383.8690064923
Density Correction,14033.0917137966,12370.5957148726
Density Correction,14052.8447450948,12357.2280911778
Density Correction,14072.5922994932,12343.7661739083
Density Correction,14092.334359997,12330.2100018294
Density Correction,14112.0709094798,12316.5596139729
Density Correction,14131.8019306833,12302.8150496398
Density Correction,14151.5274062173,12288.9763484017
Density Correction,14171.2473185594,12275.0435501038
Density Correction,14190.9616500552,12261.0166948663
Density Correction,14210.6703829179,12246.8958230871
Density Correction,14230.3734992282,12232.6809754436
Density Correction,14250.0709809344,12218.372192895
Density Correction,14269.762809852,12203.9695166847
Density Correction,14289.448967664,12189.472988342
Density Correction,14309.12943592,12174.8826496847
Density Correction,14328.8041960369,12160.1985428212
Density Correction,14348.4732292983,12145.4207101525
Density Correction,14368.1365168542,12130.5491943749
Density Correction,14387.7940397215,12115.5840384816
Density Correction,14407.4457787829,12100.5252857654
Density Correction,14427.0917147878,12085.3729798208
Density Correction,14446.7318283512,12070.1271645461
Density Correction,14466.3660999541,12054.787884146
Density Correction,14485.9945099432,12039.3551831333
Density Correction,14505.6170385305,12023.829106332
Density Correction,14525.2336657935,12008.2096988786
Density Correction,14544.8443716748,11992.4970062252
Density Correction,14564.4491359816,11976.6910741416
Density Correction,14584.0479383864,11960.791948717
Density Correction,14603.6407584258,11944.7996763634
Density Correction,14623.2275755009,11928.714303817
Density Correction,14642.8083688769,11912.5358781408
Density Correction,14662.383117683,11896.2644467273
Density Correction,14681.951800912,11879.9000573004
Density Correction,14701.5143974204,11863.4427579179
Density Correction,14721.0708859278,11846.8925969741
Density Correction,14740.6212450169,11830.2496232017
Density Correction,14760.1654531332,11813.5138856747
Density Correction,14779.703488585,11796.6854338106
Density Correction,14799.2353295427,11779.7643173725
Density Correction,14818.7609540391,11762.7505864722
Density Correction,14838.2803399686,11745.644291572
Density Correction,14857.7934650876,11728.4454834875
Density Correction,14877.3003070135,11711.1542133899
Density Correction,14896.8008432251,11693.7705328084
Density Correction,14916.2950510621,11676.2944936331
Density Correction,14935.7829077247,11658.7261481167
Density Correction,14955.2643902735,11641.065548878
Density Correction,14974.7394756292,11623.3127489033
Density Correction,14994.2081405724,11605.46780155
Density Correction,15013.6703617431,11587.5307605483
Density Correction,15033.1261156407,11569.5016800041
Density Correction,15052.5753786236,11551.3806144016
Density Correction,15072.0181269088,11533.1676186056
Density Correction,15091.4543365718,11514.8627478645
Density Correction,15110.8839835461,11496.4660578123
Density Correction,15130.3070436233,11477.9776044718
Density Correction,15149.7234924523,11459.3974442568
Density Correction,15169.1333055392,11440.7256339748
Density Correction,15188.5364582472,11421.9622308298
Density Correction,15207.932925796,11403.1072924248
Density Correction,15227.3226832618,11384.1608767643
Density Correction,15246.7057055764,11365.1230422575
Density Correction,15266.0819675277,11345.9938477203
Density Correction,15285.4514437587,11326.7733523784
Density Correction,15304.8141087674,11307.46161587
Density Correction,15324.1699369068,11288.0586982484
Density Correction,15343.5189023838,11268.5646599847
Density Correction,15362.8609792599,11248.9795619708
Density Correction,15382.1961414497,11229.3034655218
Density Correction,15401.5243627217,11209.5364323789
Density Correction,15420.8456166971,11189.6785247123
Density Correction,15440.1598768498,11169.7298051239
Density Correction,15459.4671165062,11149.6903366501
Density Correction,15478.7673088445,11129.5601827646
Density Correction,15498.0604268945,11109.3394073812
Density Correction,15517.3464435375,11089.0280748568
Density Correction,15536.6253315055,11068.6262499941
Density Correction,15555.897063381,11048.1339980446
Density Correction,15575.1616115969,11027.5513847113
Density Correction,15594.4189484357,11006.8784761518
Density Correction,15613.6690460295,10986.1153389809
Density Correction,15632.9118763594,10965.2620402742
Density Correction,15652.1474112551,10944.31864757
Density Correction,15671.3756223949,10923.2852288733
Density Correction,15690.5964813047,10902.1618526579
Density Correction,15709.8099593582,10880.9485878702
Density Correction,15729.0160277761,10859.6455039313
Density Correction,15748.2146576261,10838.2526707408
Density Correction,15767.4058198221,10816.7701586793
Density Correction,15786.5894851242,10795.1980386117
Density Correction,15805.7656241378,10773.5363818901
Density Correction,15824.9342073139,10751.7852603569
Density Correction,15844.095204948,10729.9447463479
Density Correction,15863.2485871803,10708.0149126954
Density Correction,15882.3943239948,10685.9958327314
Density Correction,15901.5323852193,10663.8875802904
Density Correction,15920.6627405246,10641.6902297126
Density Correction,15939.7853594244,10619.4038558476
Density Correction,15958.900211275,10597.0285340568
Density Correction,15978.0072652744,10574.5643402168
Density Correction,15997.1064904623,10552.0113507231
Density Correction,16016.1978557195,10529.3696424924
Density Correction,16035.2813297677,10506.6392929665
Density Correction,16054.3568811688,10483.8203801155
Density Correction,16073.4244783246,10460.9129824405
Density Correction,16092.4840894764,10437.9171789775
Density Correction,16111.5356827046,10414.8330493002
Density Correction,16130.5792259283,10391.6606735236
Density Correction,16149.6146869048,10368.4001323071
Density Correction,16168.6420332291,10345.0515068579
Density Correction,16187.6612323336,10321.6148789343
Density Correction,16206.6722514877,10298.0903308491
Density Correction,16225.6750577974,10274.4779454729
Density Correction,16244.6696182047,10250.7778062373
Density Correction,16263.6558994871,10226.9899971388
Density Correction,16282.6338682575,10203.1146027415
Density Correction,16301.6034909637,10179.1517081811
Density Correction,16320.5647338876,10155.101399168
Density Correction,16339.5175631452,10130.9637619909
Density Correction,16358.4619446859,10106.7388835201
Density Correction,16377.3978442923,10082.4268512113
Density Correction,16396.3252275794,10058.0277531085
Density Correction,16415.2440599946,10033.5416778481
Density Correction,16434.1543068169,10008.9687146621
Density Correction,16453.0559331568,9984.30895338159
Density Correction,16471.9489039555,9959.56248444052
Density Correction,16490.8331839846,9934.72939887904
Density Correction,16509.7087378459,9909.80978834713
Density Correction,16528.5755299707,9884.80374510826
Density Correction,16547.4335246193,9859.71136204286
Density Correction,16566.2826858808,9834.53273265203
Density Correction,16585.1229776726,9809.26795106111
Density Correction,16603.9543637399,9783.91711202335
Density Correction,16622.7768076551,9758.48031092351
Density Correction,16641.5902728178,9732.9576437816
Density Correction,16660.3947224539,9707.34920725648
Density Correction,16679.1901196156,9681.65509864962
Density Correction,16697.9764271805,9655.87541590875
Density Correction,16716.7536078516,9630.01025763161
Density Correction,16735.5216241564,9604.05972306969
Density Correction,16754.2804384472,9578.02391213195
Density Correction,16773.0300128997,9551.90292538858
Density Correction,16791.7703095135,9525.6968640748
Density Correction,16810.5012901109,9499.40583009461
Density Correction,16829.222916337,9473.02992602461
Density Correction,16847.9351496591,9446.56925511781
Density Correction,16866.6379513662,9420.02392130744
Density Correction,16885.3312825687,9393.39402921081
Density Correction,16904.0151041979,9366.67968413312
Density Correction,16922.6893770054,9339.88099207138
Density Correction,16941.3540615633,9312.99805971822
Density Correction,16960.0091182629,9286.03099446582
Density Correction,16978.654507315,9258.97990440979
Density Correction,16997.2901887492,9231.84489835309
Density Correction,17015.9161224135,9204.62608580994
Density Correction,17034.5322679737,9177.32357700977
Density Correction,17053.1385849135,9149.93748290115
Density Correction,17071.7350325336,9122.46791515577
Density Correction,17090.3215699515,9094.91498617239
Density Correction,17108.8981561011,9067.27880908082
Density Correction,17127.4647497322,9039.55949774592
Density Correction,17146.0213094103,9011.75716677161
Density Correction,17164.567793516,8983.87193150487
Density Correction,17183.1041602448,8955.90390803977
Density Correction,17201.6303676064,8927.85321322149
Density Correction,17220.1463734246,8899.7199646504
Density Correction,17238.6521353371,8871.5042806861
Density Correction,17257.1476107943,8843.20628045146
Density Correction,17275.6327570601,8814.82608383674
Density Correction,17294.1075312104,8786.36381150364
Density Correction,17312.5718901336,8757.81958488942
Density Correction,17331.0257905295,8729.19352621099
Density Correction,17349.4691889098,8700.48575846902
Density Correction,17367.9020415968,8671.69640545208
Density Correction,17386.3243047236,8642.82559174078
Density Correction,17404.7359342339,8613.87344271186
Density Correction,17423.1368858811,8584.84008454241
Density Correction,17441.5271152283,8555.72564421395
Density Correction,17459.9065776481,8526.53024951666
Density Correction,17478.2752283219,8497.25402905353
Density Correction,17496.6330222399,8467.89711224454
Density Correction,17514.9799142005,8438.45962933083
Density Correction,17533.3158588101,8408.94171137892
Density Correction,17551.6408104829,8379.3434902849
Density Correction,17569.9547234404,8349.66509877866
Density Correction,17588.2575517114,8319.90667042806
Density Correction,17606.5492491312,8290.06833964318
Density Correction,17624.8297693417,8260.15024168057
Density Correction,17643.099065791,8230.15251264743
Density Correction,17661.3570917331,8200.07528950587
Density Correction,17679.6038002278,8169.91871007717
Density Correction,17697.8391441401,8139.68291304601
Density Correction,17716.0630761401,8109.36803796472
Density Correction,17734.2755487028,8078.97422525753
Density Correction,17752.4765141078,8048.50161622486
Density Correction,17770.6659244391,8017.95035304755
Density Correction,17788.8437315848,7987.32057879114
Density Correction,17807.0098872367,7956.61243741013
Density Correction,17825.1643428904,7925.82607375228
Density Correction,17843.3070498451,7894.96163356284
Density Correction,17861.4379592028,7864.01926348886
Density Correction,17879.5570218689,7832.99911108348
Density Correction,17897.6641885515,7801.90132481014
Density Correction,17915.7594097612,7770.72605404695
Density Correction,17933.8426358112,7739.47344909091
Density Correction,17951.9138168169,7708.1436611622
Density Correction,17969.9729026958,7676.73684240847
Density Correction,17988.0198431674,7645.25314590913
Density Correction,18006.054587753,7613.6927256796
Density Correction,18024.0770857754,7582.05573667563
Density Correction,18042.0872863592,7550.34233479751
Density Correction,18060.08513843,7518.55267689443
Density Correction,18078.0705907151,7486.68692076867
Density Correction,18096.0435917426,7454.74522517991
Density Correction,18114.004089842,7422.7277498495
Density Correction,18131.9520331434,7390.6346554647
Density Correction,18149.8873695783,7358.46610368294
Density Correction,18167.8100468785,7326.2222571361
Density Correction,18185.7200125769,7293.90327943471
Density Correction,18203.6172140071,7261.50933517224
Density Correction,18221.5015983033,7229.04058992928
Density Correction,18239.3731124003,7196.49721027784
Density Correction,18257.2317030336,7163.87936378552
Density Correction,18275.0773167394,7131.18721901971
Density Correction,18292.9098998543,7098.42094555187
Density Correction,18310.7293985157,7065.58071396165
Density Correction,18328.5357586617,7032.66669584114
Density Correction,18346.3289260309,6999.67906379899
Density Correction,18364.1088461627,6966.61799146464
Density Correction,18381.8754643974,6933.48365349244
Density Correction,18399.628725876,6900.27622556582
Density Correction,18417.3685755405,6866.9958844014
Density Correction,18435.094958134,6833.64280775316
Density Correction,18452.8078182007,6800.21717441651
Density Correction,18470.5071000858,6766.71916423239
Density Correction,18488.1927479362,6733.14895809139
Density Correction,18505.8647057003,6699.50673793781
Density Correction,18523.5229171279,6665.79268677368
Density Correction,18541.1673257709,6632.00698866284
Density Correction,18558.7978749832,6598.14982873497
Density Correction,18576.4145079206,6564.22139318955
Density Correction,18594.0171675418,6530.22186929991
Density Correction,18611.6057966077,6496.15144541715
Density Correction,18629.1803376824,6462.01031097413
Density Correction,18646.740733133,6427.7986564894
Density Correction,18664.2869251299,6393.5166735711
Density Correction,18681.8188556473,6359.16455492087
Density Correction,18699.3364664632,6324.74249433771
Density Correction,18716.8396991601,6290.25068672183
Density Correction,18734.3284951249,6255.68932807852
Density Correction,18751.8027955495,6221.0586155219
Density Correction,18769.2625414309,6186.35874727873
Density Correction,18786.707673572,6151.58992269217
Density Correction,18804.1381325816,6116.75234222552
Density Correction,18821.5538588748,6081.84620746589
Density Correction,18838.9547926739,6046.87172112792
Density Correction,18856.3408740081,6011.82908705743
Density Correction,18873.7120427144,5976.71851023501
Density Correction,18891.0682384382,5941.54019677966
Density Correction,18908.4094006333,5906.29435395233
Density Correction,18925.7354685629,5870.98119015946
Density Correction,18943.0463812996,5835.60091495649
Density Correction,18960.3420777264,5800.15373905132
Density Correction,18977.6224965371,5764.63987430779
Density Correction,18994.8875762368,5729.05953374904
Density Correction,19012.1372551423,5693.41293156089
Density Correction,19029.3714713833,5657.70028309522
Density Correction,19046.5901629024,5621.92180487321
Density Correction,19063.7932674561,5586.07771458867
Density Correction,19080.9807226152,5550.16823111121
Density Correction,19098.1524657657,5514.19357448947
Density Correction,19115.3084341096,5478.15396595426
Density Correction,19132.4485646652,5442.04962792166
Density Correction,19149.5727942682,5405.8807839961
Density Correction,19166.6810595723,5369.64765897339
Density Correction,19183.7732970501,5333.3504788437
Density Correction,19200.8494429937,5296.98947079451
Density Correction,19217.9094335157,5260.56486321349
Density Correction,19234.95320455,5224.07688569138
Density Correction,19251.9806918524,5187.52576902478
Density Correction,19268.9918310021,5150.91174521891
Density Correction,19285.9865574018,5114.23504749033
Density Correction,19302.9648062793,5077.4959102696
Density Correction,19319.9265126881,5040.69456920389
Density Correction,19336.8716115083,5003.83126115954
Density Correction,19353.800037448,4966.90622422461
Density Correction,19370.7117250437,4929.91969771126
Density Correction,19387.606608662,4892.87192215823
Density Correction,19404.4846224999,4855.76313933317
Density Correction,19421.3457005867,4818.5935922349
Density Correction,19438.1897767844,4781.36352509573
Density Correction,19455.0167847892,4744.07318338353
Density Correction,19471.8266581326,4706.72281380397
Density Correction,19488.6193301824,4669.3126643025
Density Correction,19505.3947341441,4631.8429840664
Density Correction,19522.152803062,4594.31402352669
Density Correction,19538.8934698205,4556.72603436006
Density Correction,19555.6166671451,4519.07926949063
Density Correction,19572.3223276043,4481.37398309175
Density Correction,19589.0103836101,4443.61043058766
Density Correction,19605.6807674199,4405.78886865512
Density Correction,19622.333411138,4367.90955522497
Density Correction,19638.9682467162,4329.97274948363
Density Correction,19655.5852059561,4291.97871187447
Density Correction,19672.1842205099,4253.92770409921
Density Correction,19688.7652218822,4215.81998911917
Density Correction,19705.3281414314,4177.65583115646
Density Correction,19721.8729103711,4139.43549569513
Density Correction,19738.3994597719,4101.15924948225
Density Correction,19754.9077205627,4062.8273605288
Density Correction,19771.3976235323,4024.44009811068
Density Correction,19787.8690993313,3985.99773276946
Density Correction,19804.3220784734,3947.50053631316
Density Correction,19820.7564913371,3908.9487818169
Density Correction,19837.1722681679,3870.34274362349
Density Correction,19853.5693390792,3831.68269734393
Density Correction,19869.9476340547,3792.96891985784
Density Correction,19886.30708295,3754.20168931378
Density Correction,19902.6476154942,3715.38128512952
Density Correction,19918.9691612921,3676.50798799217
Density Correction,19935.2716498257,3637.5820798583
Density Correction,19951.5550104562,3598.60384395387
Density Correction,19967.8191724261,3559.57356477419
Density Correction,19984.0640648609,3520.49152808369
Density Correction,20000.2896167712,3481.35802091564
Density Correction,20016.4957570547,3442.17333157177
Density Correction,20032.6824144982,3402.93774962182
Density Correction,20048.8495177796,3363.65156590293
Density Correction,20064.9969954701,3324.31507251902
Density Correction,20081.1247760361,3284.92856284002
Density Correction,20097.2327878417,3245.49233150097
Density Correction,20113.3209591506,3206.00667440112
Density Correction,20129.3892181284,3166.47188870285
Density Correction,20145.4374928446,3126.88827283047
Density Correction,20161.4657112753,3087.25612646903
Density Correction,20177.4738013052,3047.57575056289
Density Correction,20193.4616907298,3007.84744731427
Density Correction,20209.4293072581,2968.07152018167
Density Correction,20225.3765785147,2928.24827387821
Density Correction,20241.3034320423,2888.37801436979
Density Correction,20257.2097953041,2848.46104887322
Density Correction,20273.0955956863,2808.4976858542
Density Correction,20288.9607605008,2768.48823502518
Density Correction,20304.8052169872,2728.43300734316
Density Correction,20320.6288923158,2688.33231500729
Density Correction,20336.43171359,2648.18647145646
Density Correction,20352.2136078493,2607.99579136669
Density Correction,20367.974502071,2567.76059064841
Density Correction,20383.7143231741,2527.4811864437
Density Correction,20399.4329980211,2487.15789712332
Density Correction,20415.130453421,2446.79104228367
Density Correction,20430.8066161322,2406.38094274363
Density Correction,20446.4614128652,2365.92792054123
Density Correction,20462.0947702854,2325.43229893027
Density Correction,20477.7066150159,2284.89440237676
Density Correction,20493.2968736405,2244.31455655526
Density Correction,20508.8654727068,2203.69308834509
Density Correction,20524.4123387285,2163.03032582642
Density Correction,20539.9373981893,2122.32659827623
Density Correction,20555.4405775449,2081.5822361641
Density Correction,20570.9218032269,2040.79757114796
Density Correction,20586.3810016453,1999.97293606964
Density Correction,20601.8180991921,1959.10866495028
Density Correction,20617.2330222438,1918.20509298569
Density Correction,20632.6256971651,1877.26255654145
Density Correction,20647.9960503118,1836.28139314805
Density Correction,20663.3440080341,1795.26194149568
Density Correction,20678.6694966798,1754.20454142909
Density Correction,20693.9724425977,1713.10953394219
Density Correction,20709.2527721408,1671.97726117253
Density Correction,20724.5104116696,1630.80806639569
Density Correction,20739.7452875554,1589.60229401947
Density Correction,20754.9573261842,1548.36028957802
Density Correction,20770.1464539592,1507.0823997257
Density Correction,20785.3125973052,1465.76897223098
Density Correction,20800.4556826714,1424.42035597002
Density Correction,20815.5756365353,1383.03690092021
Density Correction,20830.6723854061,1341.61895815357
Density Correction,20845.7458558281,1300.16687982994
Density Correction,20860.7959743847,1258.68101919011
Density Correction,20875.8226677014,1217.16173054871
Density Correction,20890.8258624503,1175.60936928706
Density Correction,20905.8054853529,1134.02429184579
Density Correction,20920.7614631845,1092.40685571734
Density Correction,20935.6937227772,1050.75741943833
Density Correction,20950.6021910247,1009.07634258178
Density Correction,20965.4867948849,967.363985749152
Density Correction,20980.3474613846,925.620710562259
Density Correction,20995.1841176229,883.846879655054
Density Correction,21009.9966907753,842.042856665225
Density Correction,21024.7851080973,800.209006225668
Density Correction,21039.5492969287,758.3456939558
Density Correction,21054.289184697,716.453286452724
Density Correction,21069.0046989221,674.53215128224
Density Correction,21083.6957672195,632.58265696971
Density Correction,21098.362317305,590.605172990771
Density Correction,21113.0042769982,548.600069761886
Density Correction,21127.6215742271,506.567718630762
Density Correction,21142.2141370315,464.508491866595
Density Correction,21156.7818935679,422.422762650181
Density Correction,21171.3247721128,380.310905063858
Density Correction,21185.8427010677,338.173294081312
Density Correction,21200.3356089625,296.010305557216
Density Correction,21214.8034244604,253.822316216723
Density Correction,21229.2460763617,211.609703644806
Density Correction,21243.6634936078,169.372846275446
Density Correction,21258.0556052864,127.112123380661
Density Correction,21272.4223406346,84.8279150593911
Density Correction,21286.7636290441,42.5206022262253
Density Correction,21301.0794000651,0.190566599975689
Density Correction,21301.1436994485,0
